# Blender v3.1.2 OBJ File: '2a11bfd4-f3df-4ef2-9d0b-6536b0c6510a.blend'
# www.blender.org
mtllib 4.mtl
o Sideboard_/_Side_Cabinet_/_Console_raw_model.014
v 2.700194 0.867802 -0.696647
v 2.481769 0.220174 -0.573377
v 2.700194 0.220174 -0.696647
v 2.694231 0.231022 -0.693279
v 2.700195 0.219090 -0.696645
v 2.481771 0.219090 -0.573375
v 2.305042 0.119293 -0.052275
v 2.128132 0.119293 -0.365741
v 2.128133 1.097779 -0.365741
v 2.291622 0.119296 -0.044702
v 2.115864 1.097779 -0.356130
v 2.115864 0.119293 -0.356130
v 2.491185 0.856954 -0.570627
v 2.485221 0.913364 -0.567261
v 2.485221 0.174613 -0.567261
v 2.657789 0.818986 -0.696895
v 2.503475 0.268991 -0.609807
v 2.503475 0.818986 -0.609807
v 2.791611 0.856954 -0.740176
v 2.785647 0.913364 -0.736810
v 2.791611 0.231022 -0.740176
v 2.958215 0.818986 -0.866444
v 2.803902 0.268991 -0.779356
v 2.803902 0.818986 -0.779356
v 2.487734 0.231022 -0.576741
v 2.481771 0.868838 -0.573375
v 2.481770 0.867802 -0.573377
v 2.292912 1.149883 -0.134101
v 3.173847 1.149883 -0.631267
v 3.050787 1.149883 -0.849319
v 3.050787 1.124931 -0.849319
v 3.173847 1.124931 -0.631267
v 2.292912 1.124931 -0.134101
v 2.169852 1.124931 -0.352153
v 2.169852 1.149883 -0.352153
v 2.184794 0.913364 -0.397712
v 2.184794 0.174613 -0.397712
v 2.190758 0.231022 -0.401078
v 2.203049 0.268991 -0.440257
v 2.357362 0.818986 -0.527346
v 2.357362 0.268991 -0.527346
v 2.190758 0.856954 -0.401078
v 2.203049 0.818986 -0.440257
v 2.697681 0.856954 -0.687166
v 2.487734 0.856954 -0.576741
v 2.694231 0.856954 -0.693279
v 2.697681 0.231022 -0.687166
v 2.703645 0.174613 -0.690531
v 2.703645 0.913364 -0.690532
v 3.237628 0.119292 -0.578591
v 3.060719 1.097779 -0.892058
v 3.060719 0.119292 -0.892058
v 3.251045 0.119296 -0.586163
v 3.075288 0.119292 -0.897593
v 3.075288 1.097779 -0.897593
v 2.788161 0.231022 -0.746290
v 2.782197 0.219090 -0.742924
v 2.782197 0.868838 -0.742924
v 3.000620 0.867802 -0.866196
v 2.782196 0.220174 -0.742926
v 3.000620 0.220174 -0.866196
v 2.491185 0.231022 -0.570627
v 2.438044 0.174613 -0.574223
v 2.470845 0.865632 -0.592735
v 2.470845 0.222344 -0.592735
v 2.788161 0.856954 -0.746290
v 2.782196 0.867802 -0.742926
v 2.187308 0.231022 -0.407192
v 2.181344 0.219090 -0.403826
v 2.181344 0.868838 -0.403826
v 2.399767 0.867802 -0.527098
v 2.181343 0.220174 -0.403828
v 2.399767 0.220174 -0.527098
v 2.187308 0.856954 -0.407192
v 2.181343 0.867802 -0.403828
v 2.958215 0.268991 -0.866444
v 2.318973 0.080809 -0.096402
v 2.312724 0.085963 -0.111726
v 2.318654 0.085963 -0.096402
v 2.252326 0.080809 -0.096492
v 2.258574 0.085963 -0.081167
v 2.252644 0.085963 -0.096491
v 2.163383 0.085963 -0.371529
v 2.157453 0.085961 -0.386853
v 2.157453 0.085963 -0.386853
v 2.114128 0.091055 -0.344576
v 2.126543 0.095784 -0.339173
v 2.115462 0.095784 -0.346792
v 2.785647 0.174613 -0.736810
v 2.738470 0.174613 -0.743772
v 2.771271 0.865632 -0.762284
v 2.771271 0.222344 -0.762284
v 3.050155 0.080809 -0.855827
v 3.063508 0.085963 -0.853119
v 3.050198 0.085963 -0.856183
v 3.033689 0.085963 -0.930161
v 3.026262 0.091055 -0.920212
v 3.034636 0.091057 -0.928484
v 2.689269 0.865632 -0.716005
v 2.689269 0.174613 -0.716005
v 2.689269 0.222344 -0.716005
v 2.657789 0.268991 -0.696895
v 3.192603 0.024440 -0.634506
v 3.190127 0.024440 -0.626961
v 3.188184 0.025595 -0.627841
v 3.230730 0.085963 -0.581022
v 3.238158 0.091055 -0.590969
v 3.229784 0.091055 -0.582698
v 3.226095 0.091057 -0.645024
v 3.213681 0.095780 -0.650430
v 3.224762 0.095784 -0.642809
v 3.183998 0.091057 -0.603440
v 3.194929 0.095784 -0.593246
v 3.186118 0.095784 -0.604637
v 2.106650 0.095780 -0.358182
v 2.141662 0.000000 -0.377942
v 2.139105 0.023737 -0.386072
v 2.144259 0.023737 -0.379408
v 3.050396 0.091057 -0.857858
v 3.063103 0.091057 -0.854932
v 3.062404 0.095783 -0.858068
v 3.046045 0.091055 -0.931377
v 3.036272 0.095784 -0.925585
v 3.046745 0.095784 -0.928240
v 2.299363 0.119293 -0.062336
v 2.299363 1.097779 -0.062336
v 3.231950 1.097779 -0.588652
v 3.237700 1.097779 -0.578463
v 2.305114 1.097779 -0.052147
v 2.305114 0.119293 -0.052147
v 3.237700 0.119292 -0.578463
v 3.231950 0.119292 -0.588652
v 2.253273 0.091055 -0.111114
v 2.256725 0.095784 -0.096486
v 2.255930 0.095784 -0.109910
v 2.309377 0.095780 -0.109838
v 2.298753 0.099855 -0.118216
v 2.306492 0.099855 -0.108210
v 2.154105 0.095784 -0.384964
v 2.145295 0.095784 -0.396356
v 2.151221 0.099855 -0.383337
v 2.109493 0.085961 -0.408580
v 2.102066 0.091055 -0.398632
v 2.110440 0.091058 -0.406902
v 3.077027 0.067978 -0.905825
v 3.070260 0.071535 -0.919215
v 3.079525 0.071535 -0.907236
v 3.052749 0.000023 -0.877742
v 3.059155 0.023737 -0.872628
v 3.052330 0.023737 -0.874199
v 2.299405 0.000000 -0.096428
v 2.299530 0.023737 -0.104281
v 2.302572 0.023737 -0.096424
v 2.273289 0.000000 -0.108258
v 2.268262 0.023737 -0.104324
v 2.270445 0.023737 -0.110978
v 3.197485 -0.000000 -0.629840
v 3.192458 0.023737 -0.625904
v 3.194640 0.023737 -0.632559
v 3.223979 -0.000000 -0.611625
v 3.223603 0.000023 -0.618009
v 3.227232 0.023737 -0.610152
v 3.176839 0.085963 -0.618073
v 3.178334 0.091055 -0.618070
v 3.200911 0.085963 -0.658064
v 3.188960 0.085963 -0.655034
v 3.189906 0.091055 -0.653358
v 2.119094 0.000000 -0.365205
v 2.121652 0.023737 -0.357075
v 2.119092 0.000023 -0.365204
v 2.132203 0.000023 -0.386985
v 2.125798 0.023737 -0.392100
v 2.132622 0.023737 -0.390529
v 3.068708 -0.000000 -0.886752
v 3.071496 0.023737 -0.893132
v 3.071961 0.023737 -0.885279
v 3.045870 -0.000000 -0.908578
v 3.039369 0.023737 -0.907686
v 3.043866 0.023737 -0.912128
v 2.998108 0.856954 -0.856715
v 2.994658 0.856954 -0.862828
v 3.004071 0.174613 -0.860081
v 2.994657 0.231022 -0.862828
v 2.403219 0.174613 -0.520982
v 2.393805 0.231022 -0.523730
v 2.397255 0.856954 -0.517617
v 2.393805 0.856954 -0.523730
v 2.264765 0.085963 -0.133452
v 2.257337 0.091055 -0.123505
v 2.265711 0.091055 -0.131776
v 2.268405 0.024440 -0.112926
v 2.265931 0.024440 -0.105379
v 2.263988 0.025597 -0.106260
v 2.306534 0.085963 -0.059441
v 2.313961 0.091058 -0.069389
v 2.305588 0.091055 -0.061117
v 2.298009 0.000000 -0.084635
v 2.299783 0.000000 -0.090044
v 2.303036 0.023737 -0.088570
v 2.119847 0.119262 -0.354076
v 2.127671 0.119262 -0.348699
v 2.130412 0.119262 -0.371558
v 2.098002 0.091055 -0.386241
v 2.098869 0.091058 -0.371616
v 2.100659 0.095784 -0.385037
v 2.329374 1.097779 -0.066010
v 2.167211 1.097779 -0.353349
v 2.292572 1.124931 -0.131221
v 2.329374 1.124931 -0.066010
v 3.176488 1.124931 -0.630071
v 2.281673 1.149883 -0.039090
v 3.260993 1.149883 -0.591780
v 2.292572 1.149883 -0.131221
v 2.082715 1.149883 -0.391627
v 3.051128 1.097779 -0.852198
v 3.213291 1.097779 -0.564859
v 3.213291 1.124931 -0.564859
v 3.176488 1.149883 -0.630071
v 3.062034 1.149883 -0.944317
v 3.074995 0.119262 -0.893126
v 3.071325 0.119262 -0.902608
v 3.054595 0.119262 -0.893118
v 3.086950 0.091057 -0.878488
v 3.083499 0.095784 -0.893115
v 3.084295 0.095780 -0.879690
v 2.302401 0.119262 -0.105901
v 2.296180 0.119262 -0.113942
v 2.285666 0.119262 -0.096475
v 2.281471 0.091058 -0.061151
v 2.294178 0.091058 -0.058225
v 2.293479 0.095783 -0.061361
v 3.233572 0.095784 -0.631418
v 3.228946 0.041694 -0.618002
v 3.225514 0.041690 -0.626870
v 3.225297 0.045359 -0.626748
v 2.151263 0.085963 -0.334568
v 2.158690 0.091058 -0.344516
v 2.150317 0.091055 -0.336244
v 2.134101 0.000000 -0.354888
v 2.141086 0.023737 -0.352600
v 2.134959 0.023737 -0.351047
v 2.151988 1.074999 -0.379203
v 2.585857 0.940483 -0.624063
v 2.585857 1.074999 -0.624063
v 2.161999 0.967602 -0.405005
v 2.558594 1.047878 -0.628829
v 2.558594 0.967602 -0.628829
v 3.036863 0.940483 -0.878593
v 2.602993 1.074999 -0.633734
v 2.602993 0.940483 -0.633734
v 3.009600 1.047878 -0.883360
v 2.613004 0.967602 -0.659536
v 2.613004 1.047878 -0.659536
v 2.151988 0.940483 -0.379203
v 2.161999 1.047878 -0.405005
v 3.207137 0.119262 -0.595154
v 3.215373 0.119262 -0.593255
v 3.209854 0.119262 -0.617988
v 3.239564 0.095784 -0.604565
v 3.241355 0.091057 -0.617985
v 3.238770 0.095784 -0.617988
v 3.036863 1.074999 -0.878594
v 3.009600 0.967602 -0.883360
v 3.213568 -0.000000 -0.601341
v 3.220553 0.023737 -0.599055
v 3.214426 0.023737 -0.597501
v 3.214944 0.045359 -0.595179
v 3.221955 0.049489 -0.596571
v 3.215025 0.049484 -0.594814
v 2.124130 0.062028 -0.399573
v 2.114471 0.065395 -0.399759
v 2.123574 0.065395 -0.402068
v 2.151706 0.058085 -0.371544
v 2.147873 0.058085 -0.381447
v 2.149313 0.062028 -0.382260
v 3.237628 1.097779 -0.578591
v 3.251046 1.097779 -0.586164
v 3.027239 0.080807 -0.877727
v 3.037553 0.085961 -0.864876
v 3.037553 0.085963 -0.864876
v 3.037650 0.045359 -0.909329
v 3.034910 0.049489 -0.902062
v 3.037379 0.049484 -0.909587
v 2.305042 1.097779 -0.052275
v 2.291623 1.097779 -0.044702
v 3.051128 1.149883 -0.852198
v 2.167211 1.149883 -0.353349
v 2.307564 0.058090 -0.086518
v 2.306977 0.058086 -0.096417
v 2.310788 0.065395 -0.096412
v 2.273731 0.045359 -0.117566
v 2.268454 0.049484 -0.112880
v 2.273540 0.049489 -0.117905
v 3.071499 0.045359 -0.876980
v 3.073928 0.045359 -0.884387
v 3.074238 0.049489 -0.884247
v 3.059673 0.045359 -0.870306
v 3.066684 0.049484 -0.871698
v 3.059754 0.049484 -0.869940
v 2.118474 0.062028 -0.351797
v 2.127045 0.065392 -0.343416
v 2.117414 0.065395 -0.350035
v 2.113454 0.045359 -0.387748
v 2.110715 0.049484 -0.380481
v 2.113183 0.049489 -0.388008
v 3.060102 0.119262 -0.868382
v 3.067496 0.119262 -0.870258
v 3.022199 0.091057 -0.907821
v 3.025650 0.095784 -0.893194
v 3.024855 0.095784 -0.906618
v 3.191496 0.119262 -0.635563
v 3.188864 0.119262 -0.627532
v 3.209849 0.119262 -0.618064
v 3.181533 0.091055 -0.645085
v 3.180125 0.095780 -0.631491
v 3.183856 0.095784 -0.642866
v 3.073509 0.062028 -0.903840
v 3.066478 0.062028 -0.912931
v 3.067539 0.065395 -0.914693
v 3.049476 0.045359 -0.916003
v 3.042655 0.045359 -0.914274
v 3.042464 0.049489 -0.914612
v 2.283117 0.041694 -0.075051
v 2.290748 0.045359 -0.073598
v 2.283152 0.045359 -0.075347
v 2.275936 0.045359 -0.080308
v 2.275781 0.049484 -0.080050
v 3.217253 0.067974 -0.584831
v 3.227165 0.067978 -0.587339
v 3.229092 0.071535 -0.583925
v 3.198846 0.058085 -0.599755
v 3.206784 0.062028 -0.592172
v 3.197941 0.062028 -0.598252
v 3.197927 0.045359 -0.639147
v 3.192650 0.049489 -0.634461
v 3.197736 0.049484 -0.639484
v 3.220153 0.053824 -0.635152
v 3.212343 0.045359 -0.639127
v 3.212495 0.053820 -0.640415
v 2.117456 0.119262 -0.394470
v 2.112031 0.119262 -0.389108
v 2.130370 0.119262 -0.371613
v 2.133748 0.099855 -0.400036
v 2.124649 0.103034 -0.397249
v 2.133185 0.103033 -0.395283
v 2.303998 0.119262 -0.078912
v 2.306633 0.119262 -0.086941
v 2.318025 0.091058 -0.081780
v 2.314574 0.095784 -0.096407
v 2.315368 0.095784 -0.082983
v 2.149542 0.058085 -0.353260
v 2.152292 0.058085 -0.361646
v 2.154095 0.062028 -0.360830
v 2.153461 0.062028 -0.371542
v 3.254772 1.097779 -0.588269
v 3.060611 1.097779 -0.932304
v 2.093733 1.097779 -0.386634
v 2.287894 1.097779 -0.042600
v 2.100338 0.119293 -0.383641
v 2.114714 0.119293 -0.358168
v 2.114714 1.097779 -0.358168
v 2.136121 0.119293 -0.403836
v 2.100338 1.097779 -0.383642
v 2.136152 0.058085 -0.345703
v 2.143875 0.058090 -0.347659
v 2.144984 0.062028 -0.345694
v 2.120665 0.045359 -0.355435
v 2.127728 0.053824 -0.349185
v 2.120071 0.053820 -0.354450
v 3.071595 0.085963 -0.921433
v 3.058951 0.085963 -0.930126
v 3.058753 0.091055 -0.928452
v 3.079968 0.114307 -0.893120
v 3.073808 0.117577 -0.904009
v 3.078021 0.117577 -0.893123
v 3.033955 0.065392 -0.881517
v 3.042670 0.062028 -0.873379
v 3.040461 0.067974 -0.869707
v 3.060822 0.062028 -0.865156
v 3.070480 0.065392 -0.864971
v 3.061379 0.065395 -0.862661
v 2.266813 0.045359 -0.096473
v 2.270198 0.045359 -0.087727
v 2.269951 0.049484 -0.087587
v 2.268725 0.045359 -0.112621
v 2.300255 0.062028 -0.070567
v 2.308238 0.065395 -0.074860
v 2.301556 0.065395 -0.068261
v 2.309366 0.062028 -0.085703
v 2.311477 0.065392 -0.084746
v 2.259559 0.114307 -0.108266
v 2.262203 0.117577 -0.096479
v 2.261558 0.117576 -0.107361
v 2.277120 0.091055 -0.134670
v 2.267346 0.095780 -0.128879
v 2.277820 0.095784 -0.131533
v 3.059761 0.119292 -0.925104
v 3.023975 0.119291 -0.904913
v 3.023978 1.097779 -0.904910
v 3.074137 1.097779 -0.899631
v 3.074137 0.119292 -0.899631
v 2.098868 0.091055 -0.371617
v 2.111215 0.058085 -0.389888
v 2.109842 0.053824 -0.380876
v 2.108463 0.058090 -0.381502
v 2.156368 0.095783 -0.346736
v 2.143300 0.119262 -0.348678
v 2.148727 0.119262 -0.354037
v 3.235240 0.114305 -0.617993
v 3.230676 0.114305 -0.629784
v 3.229079 0.117577 -0.628882
v 3.230688 0.099855 -0.629790
v 3.179427 0.071537 -0.618069
v 3.184894 0.071536 -0.603946
v 3.183233 0.075901 -0.603008
v 3.195240 0.062028 -0.643907
v 3.189105 0.062028 -0.637848
v 3.187257 0.065395 -0.639615
v 3.215039 0.024440 -0.594750
v 3.223185 0.025597 -0.594390
v 3.215551 0.025597 -0.592454
v 3.221764 0.045359 -0.596909
v 3.226770 0.045359 -0.601853
v 3.227041 0.049489 -0.601595
v 3.064288 0.045359 -0.909293
v 3.057072 0.045359 -0.914254
v 3.057112 0.049489 -0.914592
v 3.065859 -0.000000 -0.899523
v 3.063301 0.023737 -0.907653
v 3.068456 0.023737 -0.900988
v 2.259964 0.110418 -0.096482
v 2.264579 0.110418 -0.084556
v 2.264819 0.114305 -0.084691
v 2.282282 0.114305 -0.068001
v 2.291996 0.117577 -0.068005
v 2.282540 0.117576 -0.070182
v 3.088813 0.080809 -0.877644
v 3.087898 0.080807 -0.893109
v 3.087580 0.085963 -0.893110
v 3.070824 0.091057 -0.920151
v 3.058410 0.095784 -0.925555
v 3.069491 0.095784 -0.917936
v 3.189965 0.107066 -0.606808
v 3.197347 0.107066 -0.597264
v 3.196599 0.110416 -0.596022
v 3.218374 0.091057 -0.579805
v 3.228148 0.095783 -0.585597
v 3.217675 0.095783 -0.582941
v 3.271438 1.124899 -0.597675
v 3.063059 1.124899 -0.952975
v 3.064422 1.124899 -0.964491
v 2.074774 1.124899 -0.395224
v 3.063698 1.141038 -0.958373
v 2.069822 1.141038 -0.397467
v 2.071833 1.142161 -0.396556
v 2.275294 1.141957 -0.035489
v 3.034947 0.041690 -0.902046
v 3.035472 0.041690 -0.893181
v 3.035738 0.045359 -0.893180
v 3.037332 0.024440 -0.909633
v 3.042431 0.024440 -0.914672
v 3.220919 0.105242 -0.636424
v 3.212692 0.105242 -0.642081
v 3.213059 0.107066 -0.645175
v 3.191072 0.104855 -0.635969
v 3.187783 0.105242 -0.628023
v 3.184944 0.107066 -0.629309
v 2.301899 0.091058 -0.123443
v 2.289485 0.095784 -0.128847
v 2.300566 0.095784 -0.121229
v 2.303146 0.058090 -0.106321
v 2.296649 0.058090 -0.114721
v 2.297553 0.062028 -0.116223
v 3.043799 0.104855 -0.875253
v 3.051804 0.104855 -0.869750
v 3.051361 0.107066 -0.866007
v 3.031758 0.114305 -0.914960
v 3.028482 0.114305 -0.904974
v 3.030483 0.117576 -0.904068
v 2.105477 0.107066 -0.382854
v 2.106143 0.107066 -0.371606
v 2.104693 0.110416 -0.371609
v 2.127011 0.114305 -0.343128
v 2.136725 0.117576 -0.343131
v 2.127269 0.117576 -0.345309
v 3.061448 0.114307 -0.862352
v 3.069411 0.117577 -0.866866
v 3.060921 0.117576 -0.864712
v 3.072877 0.095783 -0.860724
v 3.070652 0.099855 -0.864666
v 3.222767 0.119262 -0.595132
v 3.228193 0.119262 -0.600493
v 3.209866 0.119262 -0.617991
v 3.230265 0.119262 -0.618000
v 3.226598 0.119262 -0.627482
v 2.722070 0.174613 -0.734516
v 2.689269 0.913364 -0.716005
v 2.722070 0.913364 -0.734516
v 3.022496 0.174613 -0.904065
v 2.989695 0.913364 -0.885554
v 3.022496 0.913364 -0.904065
v 2.989695 0.865632 -0.885554
v 2.989695 0.174613 -0.885554
v 2.989695 0.222343 -0.885554
v 2.388843 0.865632 -0.546456
v 2.388843 0.174613 -0.546456
v 2.388843 0.222344 -0.546456
v 2.270314 0.107066 -0.123620
v 2.263873 0.107066 -0.117257
v 2.262571 0.110418 -0.118503
v 2.305530 0.107066 -0.107667
v 2.298148 0.107066 -0.117211
v 2.298895 0.110416 -0.118453
v 3.228681 0.045359 -0.618003
v 3.228983 0.049489 -0.618002
v 3.243169 0.080809 -0.617982
v 3.237180 0.080809 -0.633454
v 3.242851 0.085963 -0.617983
v 3.036225 0.119262 -0.910690
v 3.033593 0.119262 -0.902659
v 3.054554 0.119262 -0.893191
v 3.049047 0.119262 -0.917925
v 3.041652 0.119262 -0.916052
v 2.140910 0.119262 -0.389070
v 2.133087 0.119262 -0.394450
v 2.130383 0.119262 -0.371610
v 2.150799 0.119262 -0.371546
v 2.147129 0.119262 -0.381027
v 2.130405 0.119262 -0.371589
v 3.061982 0.067975 -0.859956
v 3.071894 0.067978 -0.862466
v 3.073822 0.071537 -0.859050
v 3.082887 0.091055 -0.866096
v 2.279437 1.143916 -0.037828
v 2.277190 1.124899 -0.036560
v 2.271227 1.124899 -0.033194
v 2.137617 0.913364 -0.404674
v 2.170418 0.865632 -0.423186
v 2.137617 0.174613 -0.404674
v 2.738470 0.913364 -0.743772
v 3.271336 1.134541 -0.597618
v 2.150492 0.119291 -0.378367
v 2.150497 1.097779 -0.378363
v 2.122969 0.067978 -0.404775
v 2.113059 0.067978 -0.402262
v 2.111131 0.071536 -0.405678
v 2.147399 0.085963 -0.399851
v 2.421643 0.174613 -0.564967
v 2.388843 0.913364 -0.546456
v 2.421643 0.913364 -0.564967
v 2.438044 0.913364 -0.574223
v 2.151994 0.174613 -0.379201
v 2.170418 0.222344 -0.423185
v 2.271893 0.000000 -0.096465
v 2.274365 0.000000 -0.090078
v 2.271768 0.023737 -0.088613
v 2.282624 0.032788 -0.070889
v 2.291506 0.034600 -0.070197
v 2.282780 0.034600 -0.072206
v 3.204747 0.045359 -0.640876
v 3.204665 0.049484 -0.641241
v 3.211669 -0.000000 -0.633437
v 3.205265 0.023737 -0.638555
v 3.212090 0.023737 -0.636983
v 2.149481 0.041690 -0.371547
v 2.146772 0.053820 -0.380826
v 2.149516 0.049484 -0.371547
v 2.139083 0.000000 -0.356150
v 2.145583 0.023737 -0.357043
v 2.291177 0.119262 -0.071676
v 2.298571 0.119262 -0.073551
v 2.264666 0.119262 -0.105953
v 2.265228 0.119262 -0.096474
v 2.285632 0.119262 -0.096418
v 2.794478 0.172446 -0.641048
v 2.736974 0.172446 -0.742941
v 2.736974 0.915533 -0.742941
v 2.781060 0.172446 -0.633475
v 2.781060 0.915533 -0.633475
v 2.723555 0.172446 -0.735368
v 2.794478 0.915533 -0.641048
v 2.723555 0.915533 -0.735368
v 3.038351 0.119291 -0.879440
v 3.207075 0.104855 -0.594623
v 3.216405 0.107065 -0.588632
v 3.206632 0.107066 -0.590880
v 3.225181 0.107066 -0.590855
v 3.232924 0.110416 -0.595973
v 3.226098 0.110418 -0.589229
v 3.186402 0.032788 -0.628649
v 3.186481 0.030849 -0.618060
v 3.188205 0.034601 -0.618058
v 3.198078 0.032788 -0.598478
v 3.206819 0.032789 -0.592470
v 3.198685 0.034601 -0.599487
v 2.266296 0.045359 -0.105214
v 2.266512 0.049484 -0.096473
v 2.251736 0.085961 -0.111809
v 2.302968 0.067976 -0.065761
v 2.312979 0.071535 -0.070328
v 2.304896 0.071535 -0.062343
v 2.281230 0.080807 -0.059120
v 2.294583 0.085963 -0.056410
v 2.281273 0.085963 -0.059475
v 3.183454 0.110418 -0.629984
v 3.184160 0.110418 -0.618062
v 3.184451 0.114305 -0.618063
v 3.188776 0.110416 -0.606137
v 3.196749 0.114305 -0.596271
v 3.189015 0.114307 -0.606272
v 2.170418 0.174613 -0.423185
v 2.305275 0.041694 -0.087556
v 2.304486 0.045359 -0.096421
v 2.305003 0.045359 -0.087679
v 2.300086 0.032789 -0.070866
v 2.306641 0.030849 -0.076385
v 2.306149 0.032789 -0.076855
v 3.042526 0.030850 -0.873138
v 3.051548 0.032789 -0.867597
v 3.042808 0.032789 -0.873607
v 3.031131 0.032789 -0.903774
v 3.031757 0.032788 -0.893185
v 3.032934 0.034600 -0.893184
v 3.048014 0.107066 -0.922552
v 3.038322 0.110416 -0.921952
v 3.047622 0.110418 -0.924311
v 3.065648 0.105242 -0.911551
v 3.057345 0.104855 -0.916559
v 3.057788 0.107066 -0.920302
v 2.307425 0.107066 -0.075636
v 2.312040 0.110416 -0.084492
v 2.308728 0.110418 -0.074391
v 2.282435 0.107066 -0.069299
v 2.292209 0.107066 -0.067049
v 2.292602 0.110418 -0.065290
v 3.038355 1.097779 -0.879437
v 3.059761 1.097779 -0.925104
v 2.145714 0.107066 -0.344401
v 2.152154 0.107066 -0.350763
v 2.153457 0.110416 -0.349518
v 2.154614 0.107066 -0.371540
v 2.151448 0.110416 -0.383465
v 2.156063 0.110416 -0.371538
v 3.066493 0.045359 -0.872036
v 3.071818 0.024440 -0.876675
v 3.076235 0.025595 -0.883342
v 3.073517 0.025597 -0.875052
v 2.302943 0.025597 -0.106207
v 2.296521 0.025597 -0.114510
v 2.297235 0.027123 -0.115694
v 2.295500 0.041690 -0.112813
v 2.288147 0.045359 -0.117546
v 2.288187 0.049484 -0.117883
v 3.027962 0.075900 -0.878135
v 3.037843 0.075901 -0.865359
v 3.035326 0.071537 -0.927260
v 3.027245 0.071535 -0.919273
v 3.025424 0.075900 -0.921013
v 3.076636 0.105242 -0.883160
v 3.078810 0.107066 -0.893122
v 3.079475 0.107066 -0.881874
v 3.069910 0.107066 -0.865981
v 3.077652 0.110416 -0.871099
v 3.070827 0.110416 -0.864356
v 2.397255 0.231022 -0.517617
v 2.403219 0.913364 -0.520982
v 2.998108 0.231022 -0.856715
v 3.004071 0.913364 -0.860081
v 2.977192 0.840654 -0.867605
v 2.793100 0.840654 -0.763710
v 2.985942 0.851444 -0.869425
v 2.981645 0.241977 -0.868298
v 2.668774 0.831420 -0.697392
v 2.492673 0.840654 -0.594161
v 2.676765 0.840654 -0.698056
v 2.668774 0.256556 -0.697392
v 2.358800 0.818986 -0.524799
v 2.199267 0.827325 -0.433570
v 2.368348 0.831420 -0.527843
v 2.365041 0.260653 -0.527127
v 2.108602 0.107066 -0.392384
v 2.103988 0.110416 -0.383529
v 2.107300 0.110418 -0.393630
v 2.133592 0.107066 -0.398721
v 2.123818 0.107066 -0.400972
v 2.123426 0.110418 -0.402731
v 3.037256 0.067975 -0.923840
v 3.058297 -0.000000 -0.876468
v 3.063278 -0.000000 -0.877732
v 3.065282 0.023737 -0.874182
v 3.056398 0.000023 -0.908567
v 3.050850 -0.000000 -0.909841
v 3.049994 0.023737 -0.913682
v 3.205469 0.085961 -0.581056
v 3.205667 0.091057 -0.582731
v 3.205811 0.071535 -0.583956
v 3.218079 0.071535 -0.581131
v 3.218627 0.075901 -0.578675
v 3.203285 0.107066 -0.647425
v 3.202893 0.110416 -0.649184
v 3.204317 0.119262 -0.642799
v 3.196924 0.119262 -0.640923
v 3.237175 0.071535 -0.591909
v 3.243179 0.075900 -0.602928
v 3.238995 0.075900 -0.590169
v 2.310550 0.107066 -0.085166
v 2.309885 0.107066 -0.096414
v 2.311334 0.110416 -0.096411
v 2.306719 0.110418 -0.108338
v 2.110752 0.041694 -0.380464
v 2.111277 0.041694 -0.371599
v 2.111542 0.045359 -0.371600
v 2.112991 0.023737 -0.379450
v 2.116622 0.000000 -0.371592
v 2.113456 0.023737 -0.371597
v 3.201611 0.071535 -0.654924
v 3.189317 0.075900 -0.654402
v 3.201063 0.075901 -0.657381
v 3.225533 0.071537 -0.644089
v 3.213879 0.071535 -0.652100
v 3.214148 0.075900 -0.654368
v 2.387564 0.857599 -0.535825
v 2.387313 0.229578 -0.537552
v 2.388097 0.230865 -0.534098
v 2.977192 0.247323 -0.867604
v 2.797798 0.256556 -0.770208
v 2.969201 0.256556 -0.866941
v 3.192921 0.045359 -0.634202
v 3.189383 0.038715 -0.627297
v 3.191009 0.045359 -0.618053
v 3.190219 0.041694 -0.626919
v 2.146631 0.110416 -0.342776
v 2.127164 0.107066 -0.344425
v 2.136938 0.107065 -0.342177
v 2.137331 0.110416 -0.340417
v 3.206121 -0.000000 -0.634714
v 3.218549 -0.000000 -0.602605
v 2.278241 0.067976 -0.129646
v 2.268330 0.067978 -0.127135
v 2.266402 0.071536 -0.130552
v 2.289828 0.091058 -0.131743
v 2.137786 0.067974 -0.338377
v 2.147696 0.067976 -0.340888
v 2.149626 0.071536 -0.337469
v 2.125960 0.080807 -0.334247
v 2.139312 0.085961 -0.331537
v 2.126001 0.085961 -0.334602
v 2.081884 1.114951 -0.392003
v 2.079544 1.116948 -0.393063
v 3.062443 1.116948 -0.947775
v 2.280038 1.116783 -0.038167
v 2.189352 0.845999 -0.421158
v 2.189352 0.241977 -0.421158
v 2.182708 0.856954 -0.415343
v 2.385090 0.851444 -0.530327
v 2.489778 0.845999 -0.590707
v 2.489778 0.241977 -0.590707
v 2.486592 0.851444 -0.587611
v 2.685516 0.851444 -0.699876
v 2.800119 0.827325 -0.772669
v 2.797798 0.831420 -0.770208
v 2.965894 0.827325 -0.866226
v 2.368348 0.256556 -0.527843
v 2.196945 0.256556 -0.431110
v 2.201786 0.264804 -0.435775
v 2.144512 0.000000 -0.365171
v 2.144135 0.000000 -0.371554
v 2.147301 0.023737 -0.371550
v 2.123284 0.000000 -0.359787
v 2.128554 0.000000 -0.356165
v 2.132876 0.045359 -0.392673
v 2.125198 0.049484 -0.394787
v 2.132915 0.049489 -0.393011
v 2.124054 0.030849 -0.399913
v 2.115595 0.030851 -0.397768
v 2.124202 0.032789 -0.399250
v 2.259037 0.075899 -0.081428
v 2.268919 0.075899 -0.068652
v 2.268918 0.075902 -0.068651
v 2.268464 0.080809 -0.067897
v 2.294354 0.000000 -0.081023
v 2.300854 0.023737 -0.081916
v 2.296357 0.023737 -0.077473
v 2.283825 0.000023 -0.081034
v 2.290230 0.023737 -0.075920
v 2.283405 0.023737 -0.077491
v 3.234081 0.107066 -0.617995
v 3.230915 0.110416 -0.629918
v 3.235530 0.110416 -0.617993
v 3.231621 0.107066 -0.597216
v 2.272553 0.114305 -0.074690
v 2.261921 0.095780 -0.083055
v 2.269399 0.091055 -0.069449
v 2.270733 0.095784 -0.071665
v 2.302380 0.075899 -0.124242
v 2.289952 0.075900 -0.132788
v 2.302835 0.080807 -0.124997
v 2.318092 0.075902 -0.096403
v 2.312262 0.075900 -0.111466
v 2.312984 0.080807 -0.111874
v 2.160034 0.085961 -0.343232
v 2.164291 0.085961 -0.356211
v 2.162754 0.091055 -0.356906
v 2.151119 0.062028 -0.351753
v 2.156208 0.065395 -0.359873
v 2.152966 0.065395 -0.349987
v 2.121849 0.091058 -0.409795
v 2.112075 0.095780 -0.404006
v 2.122549 0.095784 -0.406660
v 2.134681 0.075900 -0.407915
v 2.121597 0.075900 -0.410927
v 2.134797 0.080807 -0.408901
v 3.039239 0.107066 -0.920327
v 3.032799 0.107066 -0.913965
v 3.028184 0.110416 -0.905110
v 3.031496 0.110418 -0.915210
v 2.097045 0.075899 -0.386673
v 2.097936 0.075899 -0.371618
v 2.097935 0.075900 -0.371617
v 2.103766 0.075899 -0.356555
v 2.113193 0.080808 -0.343023
v 2.103043 0.080809 -0.356147
v 3.265088 0.128249 -0.594088
v 3.062938 0.127666 -0.951948
v 3.265344 0.130687 -0.594233
v 3.251045 0.151840 -0.586163
v 2.281926 0.000000 -0.113132
v 2.276945 0.000000 -0.111870
v 2.274941 0.023737 -0.115420
v 2.285684 0.000000 -0.096431
v 3.023064 0.091057 -0.893198
v 3.030847 0.095784 -0.879764
v 3.041471 0.099855 -0.871385
v 3.051768 0.103034 -0.869445
v 3.043659 0.103034 -0.875020
v 2.133149 0.104854 -0.394978
v 2.151448 0.110418 -0.383465
v 2.143474 0.114307 -0.393330
v 2.151208 0.114307 -0.383329
v 3.081904 0.071535 -0.867035
v 3.087907 0.075899 -0.878054
v 3.083724 0.075901 -0.865296
v 3.085827 0.071535 -0.878997
v 3.084992 0.071536 -0.893114
v 3.087017 0.075899 -0.893110
v 2.100338 0.151840 -0.383641
v 3.059761 0.151840 -0.925104
v 2.075715 0.133708 -0.394796
v 2.075186 0.129149 -0.395036
v 2.277323 0.130688 -0.036632
v 3.063006 0.132226 -0.952524
v 2.291622 0.151840 -0.044702
v 2.282637 0.119296 -0.039631
v 2.272309 0.025597 -0.120085
v 2.265465 0.027122 -0.115736
v 2.271435 0.027122 -0.121634
v 2.280551 0.045359 -0.119296
v 3.192527 0.067975 -0.648714
v 3.182515 0.071535 -0.644147
v 3.190598 0.071535 -0.652131
v 3.180189 0.085961 -0.646369
v 3.175932 0.085961 -0.633391
v 3.175933 0.085963 -0.633390
v 2.388097 0.857113 -0.534098
v 3.073739 0.030850 -0.903970
v 3.066341 0.032789 -0.912703
v 3.072325 0.034601 -0.903172
v 3.078017 0.032789 -0.882535
v 3.077937 0.030849 -0.893122
v 3.076214 0.034601 -0.893125
v 2.126655 0.000000 -0.388259
v 2.121675 0.000000 -0.386996
v 2.119670 0.023737 -0.390547
v 2.130400 0.000000 -0.371536
v 3.198561 -0.000000 -0.611659
v 3.202751 -0.000000 -0.606242
v 3.201118 0.023737 -0.603530
v 3.209849 -0.000000 -0.618066
v 2.109308 0.110418 -0.359683
v 2.117282 0.114307 -0.349817
v 2.109548 0.114307 -0.359818
v 2.117275 0.099855 -0.349804
v 2.109536 0.099855 -0.359811
v 2.499693 0.260653 -0.603119
v 2.665467 0.260653 -0.696677
v 2.802638 0.264804 -0.774874
v 2.681219 0.241977 -0.698748
v 2.486592 0.236532 -0.587611
v 2.150492 0.172446 -0.378367
v 2.136116 0.172446 -0.403840
v 3.023975 0.172446 -0.904913
v 3.192660 0.080809 -0.589477
v 3.192824 0.085963 -0.589750
v 3.194159 0.071535 -0.591967
v 3.205543 0.075900 -0.581687
v 3.193114 0.075901 -0.590232
v 2.258319 0.071535 -0.122565
v 2.256499 0.075902 -0.124305
v 2.259819 0.065395 -0.108148
v 2.262567 0.062028 -0.096478
v 2.260510 0.065395 -0.096481
v 2.127353 0.032789 -0.346016
v 2.136703 0.030851 -0.343234
v 2.136554 0.032789 -0.343897
v 2.127846 0.041694 -0.350178
v 2.135477 0.045359 -0.348725
v 2.127881 0.045359 -0.350474
v 2.144815 0.032789 -0.345992
v 2.149822 0.034600 -0.352992
v 2.144071 0.034601 -0.347312
v 2.151263 0.028915 -0.351614
v 2.154261 0.028917 -0.360754
v 2.154383 0.030849 -0.360698
v 3.057403 0.058090 -0.917047
v 3.057908 0.065392 -0.921312
v 3.058608 0.071537 -0.927228
v 3.046341 0.071535 -0.930050
v 3.045793 0.075899 -0.932507
v 3.040441 -0.000000 -0.899557
v 3.040818 -0.000000 -0.893174
v 3.040816 0.000023 -0.893173
v 3.054602 -0.000000 -0.893170
v 3.036872 0.913364 -0.878592
v 3.036872 0.174613 -0.878592
v 2.436019 0.913364 -0.539494
v 2.436019 0.174613 -0.539494
v 2.736446 0.913364 -0.709043
v 2.736446 0.174613 -0.709043
v 2.262286 0.030849 -0.096478
v 2.267899 0.034601 -0.086429
v 2.262833 0.032789 -0.096478
v 2.267221 0.027123 -0.086047
v 2.273600 0.030849 -0.076430
v 2.266582 0.028917 -0.085686
v 2.279089 0.107066 -0.125845
v 2.269397 0.110416 -0.125245
v 2.278697 0.110416 -0.127604
v 2.272728 0.119262 -0.119342
v 2.267302 0.119262 -0.113981
v 2.285641 0.119262 -0.096486
v 2.136121 1.097779 -0.403836
v 3.022487 0.940483 -0.904067
v 3.022487 1.074999 -0.904067
v 3.214024 0.091057 -0.653323
v 3.226576 0.075899 -0.645824
v 2.161889 0.091055 -0.371531
v 2.149152 0.104855 -0.353632
v 2.152441 0.105242 -0.361578
v 2.155280 0.107066 -0.360293
v 3.041328 0.110418 -0.871148
v 3.051207 0.114307 -0.864710
v 3.041478 0.114305 -0.871398
v 3.044044 0.119262 -0.875659
v 3.051866 0.119262 -0.870279
v 2.687991 0.857599 -0.705374
v 2.688523 0.230865 -0.703647
v 2.689630 0.856954 -0.701432
v 2.615888 0.936144 -0.607425
v 2.587136 0.936144 -0.658372
v 2.587136 1.077168 -0.658372
v 2.601724 0.936144 -0.599431
v 2.601724 1.077168 -0.599431
v 2.572972 0.936144 -0.650378
v 2.572972 1.077168 -0.650378
v 2.615888 1.077168 -0.607425
v 2.164874 0.915533 -0.352888
v 2.136121 0.915533 -0.403835
v 3.023987 0.915533 -0.904914
v 2.164874 0.936144 -0.352888
v 3.052740 0.936144 -0.853967
v 2.136121 0.936144 -0.403835
v 3.052740 0.915533 -0.853967
v 3.023987 0.936144 -0.904914
v 3.038351 0.172446 -0.879440
v 2.452420 0.913364 -0.548750
v 2.452420 0.174613 -0.548750
v 2.470845 0.174613 -0.592735
v 2.752846 0.174613 -0.718299
v 2.771271 0.174613 -0.762284
v 2.688524 0.865632 -0.715584
v 2.471590 0.913364 -0.593155
v 2.688524 0.913364 -0.715584
v 2.772017 0.174613 -0.762704
v 2.988950 0.222343 -0.885133
v 2.988950 0.174613 -0.885133
v 2.388097 0.865632 -0.546035
v 2.171164 0.913364 -0.423606
v 2.388097 0.913364 -0.546035
v 2.772017 0.222344 -0.762704
v 2.471590 0.174613 -0.593155
v 2.688523 0.222344 -0.715584
v 2.688523 0.174613 -0.715584
v 2.471590 0.222344 -0.593155
v 2.471590 0.865632 -0.593155
v 2.171164 0.865632 -0.423606
v 2.772017 0.913364 -0.762704
v 2.988950 0.865632 -0.885133
v 2.772017 0.865632 -0.762704
v 3.023321 0.071536 -0.907313
v 3.022131 0.075901 -0.893199
v 3.021240 0.075900 -0.908255
v 2.137612 1.074999 -0.404676
v 2.111662 0.032788 -0.361011
v 2.119218 0.034600 -0.353032
v 2.112628 0.034601 -0.361556
v 2.106935 0.032789 -0.382194
v 2.107015 0.030851 -0.371606
v 2.107562 0.032789 -0.371605
v 2.571481 0.940483 -0.649537
v 2.588617 1.074999 -0.659208
v 2.171164 0.174613 -0.423606
v 2.388097 0.222344 -0.546035
v 2.388097 0.174613 -0.546035
v 2.988950 0.913364 -0.885133
v 2.171164 0.222344 -0.423606
v 2.136116 1.077168 -0.403840
v 2.136116 1.130324 -0.403840
v 3.023975 1.130324 -0.904913
v 2.150492 1.130324 -0.378367
v 2.150492 1.077168 -0.378367
v 3.038351 1.077168 -0.879440
v 3.038351 1.130324 -0.879440
v 3.023975 1.077168 -0.904913
v 2.124671 0.025597 -0.397147
v 2.117038 0.025597 -0.395211
v 2.116163 0.027123 -0.396762
v 2.115941 0.032789 -0.397155
v 2.110934 0.034600 -0.390155
v 2.116686 0.034601 -0.395836
v 2.289682 0.071535 -0.130519
v 2.276868 0.075899 -0.135800
v 2.301336 0.071535 -0.122507
v 2.470845 0.913364 -0.592735
v 2.771271 0.913364 -0.762284
v 2.752846 0.913364 -0.718299
v 2.170418 0.913364 -0.423186
v 2.151994 0.913364 -0.379201
v 2.571481 1.074999 -0.649537
v 2.588617 0.940483 -0.659208
v 3.190708 0.049484 -0.618054
v 3.194146 0.049489 -0.609167
v 3.190707 0.049489 -0.618053
v 3.199994 0.041690 -0.601662
v 3.207347 0.045359 -0.596928
v 3.200131 0.045359 -0.601890
v 2.137612 0.940483 -0.404676
v 2.311639 0.095783 -0.071609
v 2.300985 0.107066 -0.069274
v 3.078303 0.095780 -0.906546
v 3.080678 0.099857 -0.881329
v 3.079983 0.099855 -0.893120
v 3.075741 0.103034 -0.893126
v 2.126345 0.071537 -0.337500
v 2.138611 0.071535 -0.334677
v 2.139160 0.075902 -0.332219
v 2.127550 0.058085 -0.347683
v 2.127317 0.062028 -0.345718
v 2.988166 0.229578 -0.876650
v 2.988949 0.857113 -0.873197
v 2.988206 0.859477 -0.878313
v 2.114301 0.099855 -0.400062
v 2.115043 0.107066 -0.398747
v 3.231485 0.034600 -0.617998
v 3.227597 0.034600 -0.628045
v 3.226182 0.036156 -0.627247
v 3.212944 0.030849 -0.644199
v 3.203521 0.030849 -0.646368
v 3.212870 0.032788 -0.643587
v 3.242288 0.075900 -0.617983
v 3.234797 0.071536 -0.632109
v 3.236458 0.075900 -0.633047
v 3.231173 0.058085 -0.617999
v 3.230467 0.065395 -0.629665
v 3.234985 0.065395 -0.617993
v 3.028889 0.110418 -0.893189
v 3.033504 0.110418 -0.881263
v 3.033744 0.114307 -0.881399
v 3.033732 0.099855 -0.881391
v 3.039123 0.045359 -0.884434
v 3.044724 0.041694 -0.876790
v 3.052042 0.041694 -0.871758
v 3.052077 0.045359 -0.872055
v 3.063594 0.080807 -0.852733
v 3.075660 0.080808 -0.855792
v 3.074513 0.091055 -0.857825
v 3.080564 0.095783 -0.868317
v 3.201316 0.091057 -0.656249
v 3.191543 0.095784 -0.650458
v 3.202015 0.095784 -0.653114
v 3.194510 0.107066 -0.645200
v 3.193592 0.110418 -0.646827
v 2.149094 0.032789 -0.382136
v 2.142427 0.030849 -0.391590
v 2.142145 0.032789 -0.391122
v 2.133403 0.032789 -0.397131
v 2.124521 0.034601 -0.397822
v 2.133019 0.036156 -0.393883
v 2.285628 0.000000 -0.096485
v 3.186767 0.110416 -0.640083
v 3.187029 0.114307 -0.639833
v 3.185754 0.117576 -0.628941
v 3.188778 0.117577 -0.638161
v 2.278771 0.099855 -0.127268
v 2.289019 0.099857 -0.124906
v 2.288863 0.107066 -0.123594
v 2.589363 0.940483 -0.659628
v 3.009068 0.958923 -0.896494
v 3.021741 0.940483 -0.903646
v 2.589363 1.074999 -0.659628
v 3.009068 1.056557 -0.896494
v 2.602036 1.056557 -0.666781
v 2.138358 0.940483 -0.405097
v 2.558063 0.958923 -0.641964
v 2.570735 0.940483 -0.649116
v 2.602036 0.958923 -0.666781
v 3.021741 1.074999 -0.903646
v 3.224060 0.027123 -0.592840
v 3.230030 0.027122 -0.598738
v 3.230731 0.028916 -0.598068
v 3.232927 0.027123 -0.607571
v 3.233089 0.028916 -0.617997
v 3.233728 0.028916 -0.607209
v 2.269572 0.099855 -0.124935
v 2.262819 0.099855 -0.118265
v 2.266631 0.103033 -0.114622
v 2.259543 0.099855 -0.108274
v 2.264483 0.103033 -0.096476
v 2.263902 0.103034 -0.106299
v 2.781033 0.230377 -0.757883
v 2.779684 0.858399 -0.758991
v 2.781033 0.857599 -0.757883
v 2.178832 0.229578 -0.419893
v 2.181383 0.857113 -0.417437
v 2.181383 0.230865 -0.417437
v 2.281616 0.071537 -0.062373
v 2.293882 0.071535 -0.059550
v 2.294431 0.075899 -0.057094
v 2.274650 0.058090 -0.078172
v 2.282821 0.058090 -0.072554
v 2.282315 0.065395 -0.068287
v 2.147109 0.075902 -0.399369
v 2.143342 0.065395 -0.393112
v 3.037187 0.023737 -0.901031
v 3.035858 0.032788 -0.882591
v 3.036824 0.034601 -0.883137
v 3.196090 -0.000000 -0.618047
v 3.195964 0.023737 -0.610193
v 3.192923 0.023737 -0.618051
v 3.191129 0.032788 -0.607464
v 2.304813 0.058086 -0.078133
v 2.306390 0.062028 -0.076626
v 2.305093 0.034600 -0.077865
v 2.299342 0.034601 -0.072185
v 3.196750 0.114307 -0.596271
v 3.206736 0.117576 -0.591762
v 3.197754 0.117577 -0.597939
v 3.216798 0.110418 -0.586871
v 2.988949 0.230864 -0.873197
v 2.298990 0.025597 -0.072809
v 2.305833 0.027122 -0.077157
v 2.299864 0.027122 -0.071260
v 2.309012 0.030849 -0.096415
v 2.304366 0.032788 -0.107010
v 2.308466 0.032789 -0.096416
v 2.130357 0.000000 -0.371611
v 2.130360 0.000000 -0.371545
v 2.151031 0.958923 -0.412249
v 2.138358 1.074999 -0.405097
v 2.558063 1.056557 -0.641964
v 2.151031 1.056557 -0.412249
v 2.570735 1.074999 -0.649116
v 2.109638 0.062028 -0.391395
v 2.104550 0.065392 -0.383274
v 2.107790 0.065395 -0.393161
v 3.051128 1.139034 -0.852198
v 2.167211 1.139034 -0.353349
v 3.024157 0.071535 -0.893196
v 3.034589 0.053819 -0.893182
v 3.037078 0.058090 -0.883280
v 3.033245 0.058090 -0.893184
v 2.282801 0.105242 -0.072394
v 2.265769 0.107066 -0.085227
v 2.273151 0.107066 -0.075683
v 2.272403 0.110418 -0.074440
v 2.153195 0.114307 -0.349769
v 2.154470 0.117576 -0.360660
v 2.151446 0.117576 -0.351439
v 3.048398 0.032788 -0.920832
v 3.040137 0.032788 -0.918737
v 3.048716 0.034600 -0.919404
v 3.073641 0.028915 -0.903915
v 3.066159 0.027122 -0.912401
v 3.066561 0.028916 -0.913069
v 3.074169 0.119292 -0.896962
v 3.261568 1.115183 -0.592105
v 3.062277 1.116044 -0.946370
v 3.262628 1.116783 -0.592703
v 3.063438 1.142161 -0.956179
v 3.265381 1.143297 -0.594256
v 3.209855 -0.000000 -0.617987
v 3.209811 -0.000000 -0.618028
v 3.060750 0.032789 -0.865478
v 3.068267 0.034601 -0.868892
v 3.060432 0.034600 -0.866905
v 3.052030 0.024440 -0.871659
v 3.060280 0.025597 -0.867581
v 3.051779 0.025597 -0.869538
v 2.084421 0.119296 -0.390853
v 3.061815 0.119296 -0.942456
v 2.104693 0.110418 -0.371609
v 2.109958 0.119262 -0.371601
v 2.113628 0.119262 -0.362120
v 2.265029 0.065392 -0.084809
v 2.263196 0.067978 -0.083775
v 2.271535 0.067976 -0.072998
v 2.399768 0.868886 -0.527096
v 2.399768 0.219090 -0.527096
v 3.030692 0.028915 -0.903974
v 3.031210 0.030849 -0.893187
v 3.030569 0.030849 -0.904029
v 3.040882 0.034601 -0.917416
v 2.275753 0.024440 -0.080005
v 2.282854 0.025597 -0.072831
v 2.274777 0.025597 -0.078384
v 2.291973 0.030849 -0.068107
v 2.291825 0.032789 -0.068770
v 3.067072 0.107066 -0.913919
v 3.067821 0.110418 -0.915161
v 3.080259 0.110416 -0.893120
v 3.197858 0.028916 -0.598114
v 3.206762 0.028916 -0.591991
v 3.206747 0.030850 -0.591857
v 3.224283 0.032789 -0.592446
v 3.229289 0.034600 -0.599445
v 3.223538 0.034601 -0.593766
v 3.178335 0.091057 -0.618071
v 3.187016 0.099855 -0.639846
v 3.183741 0.099857 -0.629854
v 3.188098 0.103034 -0.627879
v 2.111435 0.025597 -0.389677
v 2.110662 0.024440 -0.380506
v 2.109297 0.025595 -0.371602
v 2.108716 0.025597 -0.381387
v 2.289055 0.110418 -0.125218
v 2.288357 0.119262 -0.119321
v 2.280121 0.119262 -0.121219
v 3.054547 -0.000000 -0.893139
v 3.054578 -0.000000 -0.893193
v 2.314799 0.075900 -0.068589
v 2.316901 0.071535 -0.082289
v 2.316067 0.071536 -0.096405
v 2.297416 0.032788 -0.115995
v 2.288674 0.032789 -0.122005
v 2.296809 0.034601 -0.114986
v 2.303400 0.034601 -0.106465
v 2.277285 1.143297 -0.036613
v 2.074025 1.143027 -0.395563
v 2.271330 1.134541 -0.033253
v 3.195408 0.032789 -0.643609
v 3.190402 0.034601 -0.636609
v 3.196153 0.034601 -0.642289
v 3.189660 0.027122 -0.637318
v 3.186763 0.027123 -0.628484
v 3.188960 0.028916 -0.637987
v 2.126200 0.091058 -0.336278
v 2.138908 0.091055 -0.333351
v 2.138208 0.095783 -0.336488
v 2.127009 0.099857 -0.343114
v 2.136108 0.103034 -0.345899
v 2.127572 0.103034 -0.347864
v 3.244084 0.080808 -0.602517
v 3.242221 0.091055 -0.603361
v 2.151371 0.030849 -0.351511
v 2.150878 0.032789 -0.351981
v 2.135572 0.024440 -0.348297
v 2.143719 0.025597 -0.347936
v 2.136085 0.025597 -0.346000
v 3.228561 0.032789 -0.628590
v 3.221612 0.032788 -0.637576
v 3.221005 0.034600 -0.636568
v 3.221130 -0.000000 -0.624396
v 3.218572 0.023737 -0.632526
v 3.223727 0.023737 -0.625862
v 3.060576 0.150136 -0.931985
v 3.254766 0.149135 -0.588263
v 3.060755 0.146928 -0.933513
v 2.093493 0.148482 -0.386742
v 2.107548 0.099855 -0.393392
v 2.111360 0.103034 -0.389749
v 2.104970 0.099855 -0.371608
v 2.104274 0.099857 -0.383399
v 2.281069 0.023737 -0.116974
v 2.288732 0.028915 -0.122483
v 2.279569 0.027122 -0.123696
v 2.279357 0.028915 -0.124642
v 3.203669 0.032788 -0.645705
v 3.203987 0.034600 -0.644277
v 2.153741 0.030851 -0.371542
v 2.153622 0.028915 -0.371542
v 2.149543 0.030851 -0.382390
v 3.073737 0.058085 -0.874841
v 3.075109 0.053819 -0.883852
v 3.076489 0.058090 -0.883227
v 3.071770 0.049489 -0.876722
v 2.282637 0.122551 -0.039631
v 2.282637 0.138823 -0.039631
v 2.278327 0.135340 -0.037198
v 3.229726 0.107066 -0.629247
v 3.222343 0.107066 -0.638792
v 3.213251 0.110416 -0.646799
v 3.223092 0.110416 -0.640034
v 2.126972 0.110416 -0.342802
v 2.110498 0.107066 -0.360354
v 2.117880 0.107066 -0.350810
v 2.117132 0.110418 -0.349567
v 3.061134 0.107064 -0.863758
v 3.061526 0.110416 -0.861998
v 3.069358 0.030850 -0.866960
v 3.075566 0.030849 -0.873093
v 3.075075 0.032788 -0.873562
v 3.074017 0.034601 -0.874573
v 3.076808 0.034600 -0.883082
v 3.075037 0.036156 -0.883884
v 3.189003 0.099855 -0.606265
v 3.196742 0.099855 -0.596258
v 3.198928 0.103032 -0.599890
v 3.206476 0.099857 -0.589568
v 3.215574 0.103034 -0.592353
v 3.207039 0.103033 -0.594318
v 2.259259 0.110416 -0.108402
v 2.260748 0.107066 -0.107727
v 2.261413 0.107066 -0.096480
v 2.127280 0.030849 -0.345402
v 2.111213 0.030849 -0.360758
v 2.118329 0.030849 -0.351557
v 2.118611 0.032788 -0.352025
v 2.292571 1.139034 -0.131222
v 2.260243 0.099857 -0.096481
v 2.272546 0.099855 -0.074678
v 2.264807 0.099855 -0.084684
v 3.176488 1.139034 -0.630071
v 2.118459 0.045359 -0.392693
v 2.125280 0.045359 -0.394422
v 2.700195 0.868886 -0.696645
v 3.000621 0.868886 -0.866194
v 3.000621 0.219090 -0.866194
v 2.437506 0.913364 -0.540340
v 2.423130 0.913364 -0.565813
v 2.423130 0.174616 -0.565813
v 2.450925 0.913364 -0.547913
v 2.450925 0.174616 -0.547913
v 2.436548 0.913364 -0.573386
v 2.436548 0.174616 -0.573386
v 2.437506 0.174616 -0.540340
v 3.081649 0.085963 -0.908434
v 3.080421 0.091057 -0.907741
v 3.071305 0.075899 -0.920950
v 3.189311 0.053820 -0.627331
v 3.186763 0.062028 -0.618059
v 3.186129 0.062028 -0.628771
v 3.190492 0.045359 -0.626795
v 2.125184 0.024440 -0.394850
v 2.132923 0.024440 -0.393069
v 2.159785 1.048540 -0.407869
v 2.159785 0.966942 -0.407869
v 2.158438 1.049341 -0.408967
v 3.008050 0.966139 -0.888455
v 3.008094 1.050421 -0.890109
v 3.008094 0.965059 -0.890109
v 2.557045 1.049341 -0.633925
v 2.557089 0.965059 -0.635580
v 2.557289 0.966942 -0.632205
v 2.611992 1.048046 -0.661061
v 2.608004 0.965059 -0.664314
v 2.609443 1.049341 -0.663497
v 2.064211 1.124899 -0.400010
v 2.180181 0.857599 -0.418784
v 2.480607 0.230377 -0.588334
v 2.477815 0.859477 -0.590267
v 2.480607 0.857599 -0.588334
v 2.086615 1.105246 -0.389860
v 3.061530 1.105246 -0.940066
v 3.061107 1.103460 -0.936487
v 3.258103 1.104417 -0.590149
v 3.049394 0.049489 -0.916369
v 3.039969 0.062028 -0.919034
v 3.033834 0.062028 -0.912975
v 3.031986 0.065395 -0.914741
v 2.159303 0.095784 -0.371534
v 2.155785 0.099857 -0.371539
v 2.156485 0.099855 -0.359747
v 3.070911 0.038719 -0.902374
v 3.064845 0.038719 -0.910217
v 3.064425 0.041690 -0.909520
v 3.073410 0.045359 -0.893129
v 3.070273 0.049484 -0.902014
v 3.073711 0.049484 -0.893129
v 2.690652 0.222344 -0.713554
v 2.271212 0.032788 -0.122029
v 2.266206 0.034601 -0.115029
v 2.271957 0.034601 -0.120709
v 2.279325 0.030851 -0.124787
v 2.279473 0.032789 -0.124123
v 3.207017 0.058085 -0.594138
v 3.207307 0.049489 -0.596591
v 2.557089 1.050421 -0.635580
v 2.610790 0.966942 -0.662399
v 3.215618 0.058090 -0.592155
v 3.223341 0.058085 -0.594115
v 3.224451 0.062028 -0.592148
v 3.230585 0.062028 -0.598208
v 3.235673 0.065392 -0.606328
v 3.232433 0.065395 -0.596441
v 2.157000 1.050421 -0.409783
v 2.157000 0.965059 -0.409783
v 2.782236 0.857113 -0.756535
v 2.783560 0.231022 -0.754442
v 2.782236 0.230865 -0.756535
v 2.109051 0.058085 -0.371603
v 2.112884 0.058085 -0.361700
v 2.109756 0.065395 -0.359935
v 2.159528 0.075900 -0.343716
v 2.163712 0.075902 -0.356473
v 2.164617 0.080807 -0.356063
v 2.162821 0.075902 -0.371529
v 2.157713 0.080807 -0.387001
v 2.163702 0.080808 -0.371529
v 3.038497 0.099855 -0.921643
v 3.028470 0.099857 -0.904981
v 3.033408 0.103033 -0.893183
v 3.032827 0.103033 -0.903006
v 3.070642 0.114305 -0.864683
v 3.077391 0.114307 -0.871349
v 3.075643 0.117576 -0.873020
v 3.080665 0.114305 -0.881335
v 3.009814 0.958923 -0.896915
v 3.009814 1.056557 -0.896915
v 2.311754 0.099857 -0.084621
v 2.311059 0.099855 -0.096412
v 2.306816 0.103033 -0.096418
v 2.689630 0.231022 -0.701432
v 3.051241 0.065395 -0.864995
v 2.279402 0.062028 -0.124446
v 2.269744 0.065392 -0.124631
v 2.278845 0.065395 -0.126941
v 2.280239 0.053824 -0.120691
v 3.065105 0.119262 -0.910650
v 3.057282 0.119262 -0.916030
v 3.057941 0.114305 -0.921600
v 3.067670 0.114305 -0.914912
v 3.184017 0.065392 -0.629728
v 3.184706 0.065395 -0.618062
v 2.114691 0.071537 -0.345512
v 2.126076 0.075902 -0.335233
v 2.113648 0.075899 -0.343778
v 3.044267 0.053824 -0.876030
v 3.051745 0.058090 -0.869263
v 3.051513 0.062028 -0.867298
v 3.044860 0.045359 -0.877017
v 3.051924 0.053824 -0.870766
v 3.044705 0.049489 -0.876757
v 3.260031 0.119296 -0.591234
v 2.304839 0.024440 -0.096420
v 2.301392 0.024440 -0.105331
v 2.307310 0.025595 -0.086634
v 2.306732 0.025597 -0.096418
v 2.308732 0.027123 -0.085990
v 2.282280 0.099855 -0.067985
v 2.291256 0.103555 -0.071320
v 2.282843 0.103033 -0.072737
v 2.281814 0.095784 -0.064046
v 2.146629 0.091055 -0.398571
v 2.134556 0.091055 -0.406871
v 3.067914 0.025597 -0.869517
v 3.074759 0.027122 -0.873865
v 3.068789 0.027122 -0.867967
v 3.059768 0.024440 -0.869877
v 2.252316 0.075900 -0.111548
v 3.032661 0.058085 -0.903082
v 3.031492 0.062028 -0.893186
v 3.030858 0.062028 -0.903898
v 3.035411 0.058085 -0.911468
v 2.142877 0.107066 -0.392338
v 2.133785 0.110416 -0.400345
v 2.143624 0.110416 -0.393580
v 2.133746 0.114305 -0.400018
v 2.124032 0.117577 -0.400015
v 2.133488 0.117576 -0.397839
v 2.108739 0.034601 -0.371603
v 2.108144 0.034600 -0.381645
v 2.109877 0.032788 -0.391167
v 2.147573 0.049484 -0.355141
v 2.150914 0.053824 -0.362271
v 2.148335 0.053820 -0.354412
v 2.150005 0.041690 -0.362682
v 2.149732 0.045359 -0.362806
v 3.033107 0.104855 -0.902879
v 3.030338 0.107066 -0.893188
v 3.029673 0.107066 -0.904436
v 3.029180 0.114305 -0.893189
v 3.220844 0.058085 -0.636300
v 3.213178 0.065395 -0.646188
v 3.222810 0.065395 -0.639566
v 3.228780 0.062028 -0.628713
v 3.256712 0.144524 -0.589362
v 3.060908 0.145518 -0.934800
v 3.185609 0.107066 -0.618061
v 3.184436 0.099855 -0.618062
v 3.192482 0.103033 -0.608228
v 3.188679 0.103033 -0.618056
v 2.318983 0.075899 -0.081346
v 3.225923 0.099855 -0.589539
v 3.232675 0.099855 -0.596210
v 3.228863 0.103034 -0.599853
v 3.074169 1.097779 -0.896962
v 2.152734 1.074999 -0.379624
v 2.585112 1.074999 -0.623643
v 2.603739 1.074999 -0.634155
v 3.036117 1.074999 -0.878173
v 2.585112 0.940483 -0.623643
v 2.786393 0.913364 -0.737231
v 3.003326 0.174613 -0.859660
v 2.786393 0.174613 -0.737231
v 2.185540 0.913364 -0.398133
v 2.402473 0.913364 -0.520562
v 2.485966 0.913364 -0.567682
v 2.702899 0.913364 -0.690111
v 2.402473 0.174613 -0.520562
v 2.702899 0.174613 -0.690111
v 2.485966 0.174613 -0.567682
v 3.036117 0.940483 -0.878173
v 2.603739 0.940483 -0.634155
v 3.003326 0.913364 -0.859660
v 2.185540 0.174613 -0.398133
v 2.152734 0.940483 -0.379624
v 2.301902 0.110416 -0.067649
v 2.306716 0.117577 -0.076313
v 3.229508 0.049484 -0.609120
v 3.231758 0.058085 -0.608101
v 2.288194 0.024440 -0.117944
v 2.279942 0.025597 -0.122020
v 2.288445 0.025597 -0.120063
v 2.084421 0.142078 -0.390853
v 2.282637 0.142078 -0.039631
v 2.089987 0.144295 -0.388331
v 3.061096 0.144295 -0.936388
v 2.301100 0.045359 -0.105167
v 2.295518 0.049484 -0.112844
v 2.305565 0.038715 -0.096420
v 2.301319 0.041690 -0.105290
v 3.068330 -0.000000 -0.893136
v 3.213212 0.114305 -0.646473
v 3.202971 0.114305 -0.648831
v 3.203499 0.117576 -0.646470
v 3.222941 0.114307 -0.639784
v 3.212955 0.117576 -0.644292
v 2.265148 0.032788 -0.116040
v 2.266023 0.041690 -0.105338
v 2.297568 0.045359 -0.075327
v 2.302574 0.045359 -0.080272
v 2.302844 0.049484 -0.080014
v 2.297759 0.049484 -0.074990
v 2.290829 0.049484 -0.073233
v 3.212390 0.024440 -0.639525
v 3.204650 0.024440 -0.641307
v 3.204139 0.025597 -0.643601
v 3.196505 0.025597 -0.641666
v 3.195630 0.027123 -0.643215
v 2.179577 0.229578 -0.420314
v 2.387351 0.230865 -0.533677
v 2.386568 0.229578 -0.537131
v 2.781778 0.857599 -0.758304
v 2.987460 0.859477 -0.877892
v 2.987672 0.857599 -0.874503
v 2.180926 0.230377 -0.419206
v 2.116982 0.119293 -0.356761
v 2.481352 0.857599 -0.588755
v 2.686994 0.858399 -0.706680
v 2.687245 0.857599 -0.704953
v 3.067678 0.099855 -0.914924
v 3.057944 0.099855 -0.921616
v 3.057381 0.103033 -0.916864
v 3.047696 0.099855 -0.923976
v 3.041181 0.103034 -0.916886
v 3.048845 0.103033 -0.918830
v 2.114042 0.038719 -0.362354
v 2.120527 0.041694 -0.355209
v 2.114709 0.041694 -0.362731
v 2.114927 0.045359 -0.362854
v 2.150259 0.107066 -0.382793
v 2.143481 0.099857 -0.393341
v 2.103048 0.071535 -0.397692
v 2.101228 0.075900 -0.399431
v 2.157708 0.071535 -0.345455
v 2.163712 0.075899 -0.356473
v 2.107561 0.114305 -0.393379
v 2.106287 0.117576 -0.382488
v 2.109311 0.117577 -0.391707
v 2.123505 0.114307 -0.402376
v 2.160795 0.071535 -0.371533
v 2.155329 0.071535 -0.385655
v 2.155330 0.071537 -0.385656
v 2.156991 0.075900 -0.386593
v 2.147564 0.080808 -0.400124
v 3.073348 0.104855 -0.875213
v 2.558808 0.958923 -0.642384
v 2.150285 0.958923 -0.411829
v 2.150285 1.056557 -0.411829
v 2.601290 0.958923 -0.666360
v 2.601290 1.056557 -0.666360
v 3.035383 0.024440 -0.893181
v 3.037280 0.025597 -0.883394
v 3.033491 0.025597 -0.893183
v 3.044678 0.024440 -0.876714
v 3.043701 0.025597 -0.875092
v 2.303953 0.095780 -0.064014
v 2.148681 0.095783 -0.339143
v 2.272154 0.058086 -0.120359
v 2.264910 0.062028 -0.116268
v 2.271044 0.062028 -0.122327
v 2.263062 0.065395 -0.118034
v 3.233293 0.117576 -0.617996
v 3.232661 0.114305 -0.596222
v 3.233937 0.117576 -0.607114
v 3.230912 0.117577 -0.597894
v 2.306479 0.114305 -0.108203
v 2.297741 0.117577 -0.116535
v 2.304883 0.117576 -0.107302
v 2.101454 0.095784 -0.371613
v 2.109309 0.110416 -0.359683
v 3.073641 0.028916 -0.903915
v 3.077656 0.027123 -0.882698
v 3.077818 0.028915 -0.893124
v 3.078457 0.028916 -0.882336
v 3.180695 0.075900 -0.645886
v 3.045641 0.085961 -0.933191
v 3.034046 0.075901 -0.929529
v 2.276715 0.085961 -0.136483
v 2.277416 0.071535 -0.133343
v 2.265121 0.075902 -0.132822
v 2.121444 0.085961 -0.411610
v 2.122145 0.071535 -0.408470
v 2.109850 0.075900 -0.407949
v 2.150907 0.075900 -0.335199
v 3.075459 0.085961 -0.856149
v 2.306178 0.075900 -0.060072
v 3.218779 0.085963 -0.577992
v 3.230373 0.075899 -0.581654
v 3.224682 0.117577 -0.591739
v 2.283276 1.106211 -0.039995
v 2.284562 1.104417 -0.040720
v 2.142297 0.045359 -0.350454
v 2.142488 0.049484 -0.350117
v 2.135559 0.049489 -0.348359
v 3.042076 0.107066 -0.872390
v 3.033680 0.104855 -0.893183
v 3.037435 0.104854 -0.883482
v 3.037435 0.104855 -0.883482
v 3.229199 0.045359 -0.609260
v 3.230346 0.032789 -0.598436
v 3.234746 0.107066 -0.606747
v 3.235254 0.099855 -0.617993
v 3.235950 0.099857 -0.606202
v 2.140229 0.041690 -0.387940
v 2.140247 0.049489 -0.387970
v 2.145829 0.045359 -0.380294
v 3.074455 0.107066 -0.904374
v 3.078301 0.095784 -0.906545
v 3.075417 0.099855 -0.904917
v 3.228273 0.027122 -0.628427
v 3.221832 0.028915 -0.637942
v 3.228912 0.028915 -0.628788
v 3.229010 0.030849 -0.628843
v 3.233208 0.030850 -0.617996
v 2.149321 0.025597 -0.353470
v 2.152039 0.025595 -0.361761
v 2.153460 0.027122 -0.361118
v 2.146119 0.024440 -0.380457
v 2.141250 0.025597 -0.389637
v 2.147672 0.025597 -0.381334
v 2.276923 0.023737 -0.081948
v 2.263184 0.027122 -0.096478
v 2.292912 1.139034 -0.134101
v 3.173847 1.139034 -0.631267
v 3.188070 0.107066 -0.638838
v 3.049380 0.024440 -0.916432
v 3.041234 0.025597 -0.916793
v 3.048868 0.025597 -0.918728
v 3.070317 0.024440 -0.902039
v 3.064471 0.024440 -0.909597
v 2.273882 0.032788 -0.076898
v 2.274489 0.034600 -0.077907
v 2.309093 0.032788 -0.085827
v 2.307883 0.034601 -0.086375
v 3.196349 0.058090 -0.641942
v 2.115832 0.119293 -0.358799
v 3.041479 0.114307 -0.871398
v 3.051465 0.117576 -0.866889
v 2.160530 1.048540 -0.408289
v 2.556344 1.050421 -0.635159
v 2.556544 1.048540 -0.631784
v 2.153208 0.099855 -0.349755
v 2.152126 0.103033 -0.361722
v 2.149397 0.103033 -0.353398
v 2.146456 0.099855 -0.343085
v 2.157745 1.050421 -0.410204
v 2.160530 0.966942 -0.408289
v 2.556299 0.966139 -0.633504
v 2.157745 0.965059 -0.410204
v 3.031744 0.099855 -0.914973
v 3.035556 0.103034 -0.911330
v 2.278555 0.000000 -0.084660
v 2.306269 0.065392 -0.108084
v 2.262206 0.032788 -0.107067
v 2.263415 0.034600 -0.106519
v 2.266706 0.025597 -0.114551
v 2.558808 1.056557 -0.642384
v 3.194104 0.024440 -0.609143
v 3.199949 0.024440 -0.601587
v 3.207050 0.025595 -0.594413
v 3.198972 0.025597 -0.599965
v 3.034152 0.119262 -0.893183
v 3.037823 0.119262 -0.883701
v 3.033689 0.028915 -0.913114
v 3.033582 0.030850 -0.913216
v 3.035221 0.045359 -0.901922
v 2.104531 0.091058 -0.356986
v 2.097055 0.080807 -0.371619
v 2.113084 0.025597 -0.361814
v 2.118392 0.028915 -0.351659
v 2.111311 0.028915 -0.360813
v 2.481810 0.857113 -0.586986
v 2.483133 0.231022 -0.584893
v 2.481810 0.230865 -0.586986
v 2.302812 0.041694 -0.080045
v 3.216169 0.030849 -0.589688
v 3.216021 0.032788 -0.590351
v 3.189423 0.119262 -0.618056
v 3.193094 0.119262 -0.608574
v 3.260031 0.138823 -0.591234
v 3.260031 0.122551 -0.591234
v 3.057107 0.041690 -0.914552
v 3.057600 0.032788 -0.918712
v 3.235693 0.091055 -0.632615
v 3.235693 0.091057 -0.632614
v 2.137252 0.114305 -0.340770
v 2.146447 0.114305 -0.343102
v 3.074561 0.053824 -0.893128
v 3.072069 0.058085 -0.903028
v 3.078291 0.062028 -0.882410
v 3.077657 0.062028 -0.893124
v 3.079714 0.065395 -0.893120
v 2.153825 0.117577 -0.371542
v 2.156470 0.114305 -0.359753
v 2.268897 0.119262 -0.086993
v 2.275118 0.119262 -0.078950
v 2.273558 0.117576 -0.076357
v 3.188951 0.104855 -0.618057
v 3.192230 0.105243 -0.608086
v 2.291729 0.027122 -0.069198
v 3.222949 0.099855 -0.639798
v 3.213215 0.099855 -0.646489
v 3.212652 0.103033 -0.641738
v 3.202967 0.099855 -0.648849
v 3.196452 0.103033 -0.641759
v 3.204238 0.103556 -0.643154
v 2.288748 0.030851 -0.122617
v 2.297637 0.028917 -0.116362
v 2.397404 0.868887 -0.536511
v 2.402005 0.219090 -0.528358
v 2.402005 0.868887 -0.528358
v 2.697830 0.868887 -0.706060
v 2.702431 0.219090 -0.697907
v 2.702431 0.868887 -0.697907
v 2.998257 0.868887 -0.875609
v 3.002858 0.219090 -0.867456
v 3.002858 0.868887 -0.867456
v 3.188763 0.025595 -0.618057
v 3.192551 0.025597 -0.608267
v 3.187381 0.027122 -0.618059
v 3.066665 0.117577 -0.913243
v 3.057684 0.117576 -0.919419
v 2.264580 0.110416 -0.084556
v 3.216939 -0.000000 -0.629813
v 3.209879 -0.000000 -0.618027
v 2.292523 0.114307 -0.065644
v 2.301718 0.114305 -0.067975
v 2.300486 0.117577 -0.070158
v 3.195009 0.117577 -0.644316
v 3.193777 0.114305 -0.646499
v 2.269581 0.114305 -0.124919
v 2.264581 0.117576 -0.116581
v 2.270813 0.117577 -0.122735
v 2.262833 0.114307 -0.118252
v 2.319888 0.080809 -0.080936
v 2.133439 0.062028 -0.397430
v 2.144492 0.067974 -0.395021
v 2.134412 0.071536 -0.405646
v 2.146065 0.071535 -0.397634
v 3.040360 0.027122 -0.918341
v 3.039866 0.028915 -0.919216
v 3.047700 0.114305 -0.923958
v 3.038506 0.114305 -0.921626
v 3.039738 0.117577 -0.919443
v 3.033508 0.117577 -0.913288
v 2.298745 0.114305 -0.118203
v 2.289017 0.114307 -0.124891
v 2.279303 0.117577 -0.124888
v 2.288759 0.117576 -0.122712
v 3.027500 0.085963 -0.877875
v 3.028727 0.091057 -0.878567
v 3.073019 1.097779 -0.899000
v 2.104287 0.114305 -0.383393
v 2.104984 0.114307 -0.371608
v 2.106932 0.117577 -0.371605
v 2.697830 0.219090 -0.706060
v 2.397404 0.219090 -0.536511
v 2.998257 0.219090 -0.875609
v 3.176512 0.075899 -0.633128
v 3.078666 0.117576 -0.882240
v 3.072922 0.119262 -0.875620
v 3.075557 0.119262 -0.883650
v 3.061815 0.138823 -0.942456
v 3.261692 0.138326 -0.592172
v 3.062284 0.138089 -0.946422
v 2.084421 0.138823 -0.390853
v 3.221936 0.117577 -0.638117
v 3.220377 0.119262 -0.635525
v 3.212554 0.119262 -0.640903
v 3.224629 0.030849 -0.591833
v 3.043415 0.034600 -0.874614
v 3.051933 0.036156 -0.870845
v 3.182771 0.085963 -0.602748
v 3.077404 0.099855 -0.871337
v 3.076350 0.107066 -0.872343
v 3.058877 0.075900 -0.929495
v 3.058993 0.080807 -0.930483
v 2.140276 0.024440 -0.388016
v 2.133174 0.025595 -0.395188
v 3.186402 0.032789 -0.628647
v 3.189383 0.036156 -0.627297
v 3.189345 0.032789 -0.637619
v 3.219559 0.045359 -0.634166
v 3.229563 0.024440 -0.609095
v 3.230927 0.025595 -0.617999
v 3.231507 0.025597 -0.608215
v 2.259802 0.091058 -0.081859
v 2.259037 0.075900 -0.081428
v 2.259037 0.075902 -0.081428
v 2.119506 0.025595 -0.353512
v 2.118793 0.027122 -0.352326
v 2.127834 0.024440 -0.350077
v 2.127583 0.025597 -0.347958
v 2.107296 0.062028 -0.371605
v 3.069011 0.032788 -0.867573
v 3.233850 0.030849 -0.607153
v 3.232079 0.034600 -0.607955
v 3.229761 0.036156 -0.618001
v 3.230308 0.036156 -0.608757
v 2.253207 0.075899 -0.096491
v 3.073019 0.119292 -0.899000
v 2.291898 0.062028 -0.068447
v 2.293058 0.067976 -0.063247
v 3.081909 0.080807 -0.908581
v 3.212640 0.025595 -0.641643
v 3.227139 0.025597 -0.627787
v 3.220717 0.025595 -0.636090
v 3.221430 0.027122 -0.637274
v 3.263229 1.143916 -0.593042
v 3.062855 1.143616 -0.951257
v 3.034858 0.024440 -0.902086
v 3.032914 0.025595 -0.902967
v 2.311740 0.114307 -0.084627
v 2.311043 0.114307 -0.096412
v 2.309097 0.117576 -0.096415
v 2.309741 0.117576 -0.085533
v 3.060347 0.058085 -0.867284
v 3.068071 0.058090 -0.869240
v 3.069180 0.062028 -0.867274
v 3.075314 0.062028 -0.873334
v 2.281347 0.075902 -0.060106
v 2.273746 0.062028 -0.076670
v 2.292571 1.144458 -0.131222
v 3.176488 1.144458 -0.630071
v 2.144593 0.027122 -0.346387
v 3.212673 0.058085 -0.641918
v 3.204072 0.058090 -0.643901
v 3.203597 0.062028 -0.646027
v 3.051205 0.099857 -0.864695
v 2.479534 0.868887 -0.572113
v 2.474933 0.219090 -0.580265
v 2.474933 0.868887 -0.580265
v 2.775360 0.219090 -0.749814
v 2.779961 0.868887 -0.741662
v 2.779961 0.219090 -0.741662
v 2.176652 0.860794 -0.421648
v 2.387542 0.862299 -0.541667
v 2.386607 0.859477 -0.538793
v 2.689906 0.222344 -0.713134
v 2.475616 0.225677 -0.591373
v 2.687362 0.227182 -0.709874
v 2.479534 0.219090 -0.572113
v 3.193594 0.091055 -0.591031
v 2.776043 0.225677 -0.760922
v 2.987460 0.228499 -0.877892
v 2.988395 0.225677 -0.880766
v 2.775360 0.868887 -0.749814
v 2.179108 0.868887 -0.402564
v 2.174507 0.219090 -0.410715
v 2.174507 0.868887 -0.410715
v 2.179108 0.219090 -0.402564
v 3.060304 0.103033 -0.867479
v 2.118287 0.117576 -0.351484
v 3.075644 0.110418 -0.905045
v 3.194177 0.041694 -0.609185
v 3.194394 0.045359 -0.609307
v 3.192095 0.034601 -0.608010
v 2.123500 0.099855 -0.402395
v 2.116985 0.103033 -0.395306
v 2.114126 0.110418 -0.400372
v 3.216723 0.099855 -0.587207
v 3.223238 0.103034 -0.594296
v 2.303012 0.103034 -0.106246
v 3.190911 0.062028 -0.607342
v 3.196881 0.065395 -0.596489
v 3.189224 0.065395 -0.606390
v 2.478560 0.228499 -0.590687
v 2.778986 0.228499 -0.760237
v 2.474230 0.863933 -0.591207
v 2.687969 0.862299 -0.711217
v 2.477079 0.860794 -0.591198
v 2.774656 0.863933 -0.760756
v 2.988395 0.862299 -0.880766
v 2.776043 0.862299 -0.760922
v 2.172548 0.865632 -0.421156
v 2.287148 0.146632 -0.042177
v 2.287902 0.149135 -0.042603
v 2.115832 1.097779 -0.358799
v 2.116982 1.097779 -0.356762
v 2.308479 0.099855 -0.074628
v 2.301727 0.099855 -0.067959
v 3.242288 0.075901 -0.617984
v 3.236236 0.110416 -0.606072
v 3.231593 0.103034 -0.608175
v 3.057553 0.027122 -0.918318
v 3.048283 0.028916 -0.921350
v 3.057673 0.030849 -0.919326
v 3.057119 0.024440 -0.914652
v 3.057370 0.025597 -0.916770
v 3.038238 0.038719 -0.883935
v 3.063059 1.118233 -0.952975
v 2.076455 1.118063 -0.394462
v 3.263973 1.117834 -0.593462
v 2.274874 0.104855 -0.078546
v 2.264009 0.034600 -0.096476
v 2.304592 0.025597 -0.078343
v 2.096140 0.080807 -0.387084
v 2.097055 0.080808 -0.371619
v 2.096139 0.080808 -0.387084
v 2.100437 0.080807 -0.400189
v 3.035281 0.105242 -0.911592
v 2.251411 0.080807 -0.111957
v 2.255708 0.080807 -0.125062
v 3.225587 0.024440 -0.626911
v 3.226767 0.023737 -0.618005
v 3.088813 0.080807 -0.877644
v 3.084516 0.080809 -0.864539
v 2.288710 0.062028 -0.122303
v 3.073675 0.041694 -0.893128
v 3.070243 0.041694 -0.901997
v 3.070026 0.045359 -0.901874
v 3.010964 1.056557 -0.894877
v 3.009031 0.962244 -0.892968
v 3.009031 1.053236 -0.892968
v 3.260681 1.110987 -0.591604
v 2.155772 0.114305 -0.371539
v 3.193768 0.099855 -0.646516
v 3.032110 0.027122 -0.893185
v 3.035507 0.028916 -0.882394
v 2.141452 0.105242 -0.389971
v 2.296933 0.000000 -0.102815
v 2.154614 0.107066 -0.371541
v 2.151545 0.103033 -0.371545
v 2.136626 0.062028 -0.343574
v 2.146285 0.065395 -0.343388
v 2.137183 0.065395 -0.341079
v 3.199070 0.104855 -0.600126
v 2.114311 0.114307 -0.400045
v 3.235936 0.114305 -0.606208
v 3.216093 0.062028 -0.590029
v 3.225751 0.065392 -0.589844
v 3.216650 0.065395 -0.587534
v 2.114637 0.024440 -0.362690
v 2.107914 0.027122 -0.371603
v 2.153822 0.032788 -0.360954
v 2.147303 0.045359 -0.355399
v 3.177402 0.075899 -0.618072
v 3.182510 0.080807 -0.602601
v 3.176521 0.080807 -0.618073
v 3.176512 0.075900 -0.633128
v 3.010218 0.958923 -0.894456
v 2.605818 0.962244 -0.665410
v 3.009143 0.960617 -0.893642
v 2.151459 0.025595 -0.371545
v 2.152843 0.027122 -0.371543
v 2.147765 0.023737 -0.363697
v 2.312262 0.075899 -0.111466
v 2.295547 0.024440 -0.112889
v 2.292743 0.000000 -0.108232
v 2.287893 0.023737 -0.115402
v 2.294376 0.023737 -0.110945
v 2.605818 1.053236 -0.665410
v 3.010218 1.056557 -0.894456
v 3.007680 1.051736 -0.891212
v 2.558138 0.960617 -0.639113
v 2.156270 0.963744 -0.410708
v 2.556675 0.963744 -0.636682
v 2.282670 0.027122 -0.071283
v 3.187380 0.027123 -0.618058
v 3.191418 0.027122 -0.607628
v 3.190778 0.028916 -0.607267
v 3.038833 0.024440 -0.884270
v 3.043290 -0.000000 -0.886786
v 3.045847 0.023737 -0.878657
v 3.040693 0.023737 -0.885320
v 2.167211 1.144458 -0.353349
v 2.603186 1.056557 -0.664743
v 2.608750 0.965059 -0.664735
v 3.007680 0.963744 -0.891212
v 3.073763 0.024440 -0.893129
v 3.077038 0.027122 -0.893124
v 3.051128 1.144458 -0.852198
v 2.772655 0.222344 -0.759834
v 2.775297 0.862299 -0.760501
v 2.776759 0.227182 -0.760327
v 2.472229 0.222344 -0.590284
v 2.474871 0.862299 -0.590952
v 2.476333 0.227182 -0.590777
v 2.169852 1.144458 -0.352153
v 2.292912 1.144458 -0.134101
v 2.091776 1.102955 -0.387522
v 3.047480 -0.000000 -0.881369
v 3.047479 0.000023 -0.881367
v 2.134214 0.095780 -0.403976
v 3.078579 0.030850 -0.882280
v 2.264566 0.025597 -0.096476
v 2.266458 0.024440 -0.096473
v 2.268355 0.025597 -0.086687
v 3.065734 0.034600 -0.911695
v 3.027962 0.075899 -0.878136
v 3.035131 0.034600 -0.911737
v 3.048801 0.058090 -0.919028
v 3.048326 0.062028 -0.921154
v 3.047770 0.065395 -0.923649
v 2.259660 0.095784 -0.121284
v 3.062054 0.122776 -0.944486
v 3.062494 0.124061 -0.948196
v 3.263174 0.124246 -0.593008
v 2.080783 0.123284 -0.392500
v 2.999876 0.868886 -0.865773
v 2.778342 0.868887 -0.751497
v 2.995275 0.868887 -0.873926
v 3.028585 0.095784 -0.917992
v 2.999875 0.220174 -0.865775
v 2.778342 0.220174 -0.751497
v 2.995275 0.220174 -0.873926
v 2.699449 0.868886 -0.696224
v 2.477915 0.868887 -0.581948
v 2.694848 0.868887 -0.704377
v 2.399022 0.220174 -0.526677
v 2.177489 0.220174 -0.412398
v 2.394422 0.220174 -0.534828
v 2.782943 0.219090 -0.743345
v 2.995275 0.219090 -0.873926
v 2.778342 0.219090 -0.751497
v 2.182090 0.219090 -0.404247
v 2.394422 0.219090 -0.534828
v 2.177489 0.219090 -0.412398
v 2.399023 0.868886 -0.526675
v 2.177489 0.868887 -0.412398
v 2.394422 0.868887 -0.534828
v 2.699448 0.220174 -0.696226
v 2.477915 0.220174 -0.581948
v 2.694848 0.220174 -0.704377
v 2.482516 0.219090 -0.573796
v 2.694848 0.219090 -0.704377
v 2.477915 0.219090 -0.581948
v 2.782941 0.867802 -0.743347
v 2.995275 0.867802 -0.873926
v 2.778342 0.867802 -0.751497
v 2.482515 0.867802 -0.573798
v 2.694848 0.867802 -0.704377
v 2.477915 0.867802 -0.581948
v 2.182089 0.867802 -0.404249
v 2.394422 0.867802 -0.534828
v 2.177489 0.867802 -0.412398
v 3.075404 0.114307 -0.904910
v 3.201141 -0.000000 -0.633451
v 3.199137 0.023737 -0.637001
v 2.133358 0.027123 -0.396737
v 2.133476 0.030849 -0.397745
v 2.156226 0.091055 -0.386161
v 3.033861 0.103556 -0.893183
v 3.033292 0.103555 -0.902796
v 2.110193 0.027123 -0.390864
v 2.118018 0.000000 -0.383385
v 2.116245 0.000000 -0.377976
v 2.130343 0.000000 -0.371589
v 3.002111 0.867802 -0.867038
v 2.997511 0.220174 -0.875188
v 2.997511 0.867802 -0.875188
v 2.701684 0.867802 -0.697489
v 2.697085 0.220174 -0.705639
v 2.697085 0.867802 -0.705639
v 2.401258 0.867802 -0.527939
v 2.396658 0.220174 -0.536090
v 2.396658 0.867802 -0.536090
v 2.480278 0.220174 -0.572536
v 2.475679 0.867802 -0.580686
v 2.475679 0.220174 -0.580686
v 2.780705 0.220174 -0.742085
v 2.776105 0.867802 -0.750235
v 2.776105 0.220174 -0.750235
v 2.179852 0.220174 -0.402986
v 2.175253 0.867802 -0.411136
v 2.175253 0.220174 -0.411136
v 3.235835 0.095783 -0.593190
v 2.104389 0.095784 -0.396411
v 3.038876 0.049484 -0.884295
v 3.038181 0.053819 -0.883902
v 2.266715 0.062028 -0.085761
v 3.218865 0.080807 -0.577607
v 3.205426 0.080809 -0.580700
v 2.118235 0.024440 -0.393091
v 2.113136 0.024440 -0.388051
v 2.115174 0.023737 -0.386104
v 2.290843 0.024440 -0.073170
v 2.291356 0.025595 -0.070874
v 2.076575 0.126291 -0.394406
v 2.279494 0.124246 -0.037857
v 3.028746 0.065392 -0.904855
v 2.147992 0.105242 -0.381514
v 2.142876 0.107065 -0.392337
v 2.151851 0.105242 -0.371544
v 3.221894 0.030850 -0.638044
v 2.118268 0.049489 -0.393031
v 2.290026 0.085963 -0.133418
v 2.302670 0.085961 -0.124726
v 2.148806 0.027123 -0.381973
v 2.142365 0.028915 -0.391488
v 2.149446 0.028917 -0.382334
v 2.304717 0.028917 -0.107208
v 2.171802 0.222344 -0.420735
v 2.174445 0.862299 -0.421403
v 2.174445 0.225677 -0.421403
v 2.113016 0.103034 -0.361775
v 2.109212 0.103034 -0.371603
v 2.277580 0.128249 -0.036777
v 2.279494 0.137129 -0.037857
v 2.133712 0.065395 -0.399733
v 2.124605 0.058085 -0.397445
v 2.116882 0.058090 -0.395488
v 2.115773 0.062028 -0.397454
v 3.264342 0.135340 -0.593667
v 3.263174 0.137129 -0.593008
v 3.062677 0.136300 -0.949744
v 2.150562 0.027122 -0.352284
v 2.147622 0.024440 -0.355094
v 3.062545 1.143916 -0.948636
v 3.062545 1.146628 -0.948636
v 2.078753 1.146628 -0.393422
v 2.078753 1.143916 -0.393422
v 2.279437 1.146628 -0.037828
v 2.169852 1.139034 -0.352153
v 3.050787 1.139034 -0.849319
v 2.137473 0.000000 -0.383359
v 2.130406 0.000000 -0.371589
v 3.222205 -0.000000 -0.606215
v 2.265037 0.104229 -0.096475
v 2.268741 0.104230 -0.086905
v 2.268510 0.104855 -0.086774
v 2.177388 0.228499 -0.420717
v 2.177388 0.859477 -0.420718
v 2.064393 1.134541 -0.399927
v 3.064282 1.136397 -0.963313
v 2.294430 0.075900 -0.057094
v 3.041079 0.058085 -0.917067
v 2.109485 0.104855 -0.371602
v 2.112764 0.105242 -0.361633
v 3.064882 0.053824 -0.910279
v 3.065573 0.058085 -0.911427
v 3.002111 0.220174 -0.867038
v 2.401258 0.220174 -0.527939
v 2.701684 0.220174 -0.697489
v 2.480278 0.867802 -0.572536
v 2.780705 0.867802 -0.742085
v 2.179852 0.867802 -0.402986
v 2.273506 0.024440 -0.117964
v 2.302891 0.024440 -0.079969
v 3.058876 0.075899 -0.929495
v 3.265475 1.124899 -0.594310
v 2.266933 0.032788 -0.085884
v 2.266486 0.058086 -0.114761
v 2.263736 0.058086 -0.106373
v 2.261933 0.062028 -0.107191
v 3.206477 0.114305 -0.589582
v 3.206439 0.110416 -0.589256
v 3.080965 0.110416 -0.881199
v 2.156769 0.110416 -0.359618
v 2.142471 0.117576 -0.391662
v 2.111025 0.045359 -0.380341
v 3.183753 0.114305 -0.629848
v 3.183455 0.110416 -0.629983
v 2.282243 0.110418 -0.067675
v 3.216719 0.114305 -0.587225
v 3.216192 0.117577 -0.589586
v 2.278775 0.114305 -0.127250
v 2.270941 0.028917 -0.122508
v 2.080783 0.138089 -0.392500
v 2.280976 0.138326 -0.038694
v 3.256521 1.103224 -0.589256
v 3.254772 1.102734 -0.588269
v 2.260255 0.114307 -0.096481
v 2.258314 0.080808 -0.081020
v 2.252326 0.080807 -0.096492
v 3.057980 0.110418 -0.921927
v 3.036960 0.105242 -0.883214
v 3.038888 0.071535 -0.867094
v 3.050272 0.075901 -0.856813
v 3.037843 0.075900 -0.865359
v 3.029623 0.071535 -0.879073
v 2.268486 0.041694 -0.112848
v 2.141538 0.034600 -0.390114
v 2.271513 0.000023 -0.102850
v 2.687778 0.859477 -0.708763
v 2.688714 0.225677 -0.711637
v 2.687778 0.228499 -0.708763
v 3.061668 -0.000000 -0.904940
v 2.115542 0.117577 -0.397862
v 2.145215 0.117577 -0.345285
v 2.275798 0.041694 -0.080082
v 3.035631 0.025597 -0.911258
v 3.057443 0.034600 -0.917395
v 3.057215 0.036156 -0.915463
v 2.308466 0.114305 -0.074641
v 3.225913 0.114307 -0.589556
v 3.190682 0.058085 -0.636341
v 2.991078 0.222343 -0.883104
v 2.988534 0.227182 -0.879844
v 2.989999 0.863933 -0.882287
v 3.008294 1.048540 -0.886735
v 3.008294 0.966942 -0.886735
v 3.056818 0.023737 -0.912110
v 2.152831 0.067978 -0.384245
v 2.307288 0.034601 -0.096417
v 2.094205 0.151840 -0.386420
v 2.288161 0.151840 -0.042749
v 3.227739 0.036156 -0.600926
v 3.048228 0.117576 -0.921597
v 3.173847 1.144458 -0.631267
v 3.042483 0.117577 -0.873066
v 2.690652 0.865632 -0.713554
v 2.390225 0.222344 -0.544005
v 2.390225 0.865632 -0.544005
v 3.207301 0.024440 -0.596531
v 3.208021 -0.000000 -0.602619
v 3.207601 0.023737 -0.599073
v 3.192683 0.041694 -0.634430
v 3.038324 0.091055 -0.866157
v 2.482555 0.230865 -0.587407
v 2.688884 0.231022 -0.701011
v 2.687778 0.230865 -0.703227
v 2.482555 0.857113 -0.587407
v 2.387351 0.857113 -0.533678
v 2.180926 0.857599 -0.419205
v 2.386818 0.857599 -0.535404
v 2.114680 0.049484 -0.362714
v 3.179428 0.071535 -0.618069
v 3.178593 0.071535 -0.632185
v 2.782982 0.230865 -0.756956
v 2.989311 0.231022 -0.870560
v 2.988204 0.230864 -0.872777
v 2.687245 0.230377 -0.704953
v 2.481352 0.230377 -0.588755
v 2.987672 0.230376 -0.874502
v 2.781778 0.230377 -0.758304
v 2.784305 0.856954 -0.754863
v 2.183453 0.856954 -0.415764
v 2.999875 0.867802 -0.865776
v 2.999876 0.219090 -0.865773
v 2.182088 0.220174 -0.404249
v 2.399022 0.867802 -0.526677
v 2.699448 0.867802 -0.696226
v 2.399023 0.219090 -0.526675
v 2.782941 0.220174 -0.743347
v 2.182090 0.868838 -0.404247
v 2.699449 0.219090 -0.696224
v 2.482515 0.220174 -0.573798
v 2.782943 0.868838 -0.743345
v 2.482516 0.868838 -0.573796
v 3.050787 1.144458 -0.849319
v 2.277190 1.118233 -0.036560
v 3.066718 0.024440 -0.871637
v 3.066934 -0.000000 -0.881342
v 3.069779 0.023737 -0.878624
v 3.081945 0.067978 -0.893118
v 3.241356 0.091055 -0.617985
v 3.064845 0.036156 -0.910218
v 3.047166 0.067974 -0.926351
v 2.302789 0.104855 -0.106120
v 2.306262 0.104230 -0.096418
v 2.306931 0.103556 -0.086805
v 3.203041 0.065395 -0.648522
v 2.299146 0.058090 -0.072533
v 3.061452 0.099855 -0.862334
v 3.067681 0.103555 -0.869931
v 2.280043 0.103555 -0.121572
v 2.272607 0.104230 -0.119557
v 2.280070 0.104229 -0.121449
v 2.288395 0.103556 -0.119649
v 2.140685 0.053820 -0.388697
v 2.133207 0.058085 -0.395463
v 2.141376 0.058085 -0.389846
v 2.135985 0.103555 -0.346447
v 2.143486 0.103555 -0.348349
v 2.135957 0.104230 -0.346571
v 2.127632 0.103555 -0.348371
v 2.064211 1.132968 -0.400010
v 2.271227 1.131231 -0.033194
v 2.292527 0.099855 -0.065625
v 2.299043 0.103034 -0.072715
v 3.191234 0.103555 -0.635815
v 2.307397 0.103033 -0.086595
v 2.304668 0.103034 -0.078271
v 2.257526 0.067978 -0.109187
v 2.255233 0.071535 -0.096488
v 2.254397 0.071535 -0.110605
v 2.261060 0.067974 -0.119947
v 3.076322 0.103034 -0.883302
v 3.073185 0.103555 -0.875368
v 2.106496 0.028915 -0.382392
v 2.107134 0.028917 -0.371605
v 2.106373 0.030849 -0.382448
v 2.109493 0.028917 -0.391533
v 3.082695 0.067975 -0.880415
v 3.079165 0.067975 -0.869653
v 3.206511 0.065392 -0.589870
v 3.195729 0.067978 -0.594577
v 2.102259 0.067974 -0.384312
v 2.099962 0.071535 -0.371615
v 2.099125 0.071536 -0.385731
v 2.105789 0.067974 -0.395074
v 3.227030 0.080808 -0.646579
v 3.214222 0.085963 -0.654999
v 3.226866 0.085963 -0.646306
v 3.075903 0.058090 -0.893126
v 2.113357 0.085963 -0.343295
v 3.071759 0.080807 -0.921706
v 2.160100 0.095780 -0.358110
v 3.258256 0.142966 -0.590233
v 3.061815 0.142078 -0.942456
v 2.308100 0.067976 -0.109117
v 2.310601 0.071537 -0.110529
v 2.316066 0.071535 -0.096406
v 2.288983 0.065395 -0.124606
v 2.319562 0.085963 -0.081084
v 2.315305 0.085961 -0.068105
v 2.099960 0.071537 -0.371615
v 2.105427 0.071535 -0.357492
v 3.058753 0.091057 -0.928450
v 3.186398 0.117577 -0.618060
v 3.190612 0.117577 -0.607173
v 3.061828 1.107868 -0.942582
v 2.084307 1.107868 -0.390905
v 2.083615 1.109388 -0.391219
v 2.282394 1.108463 -0.039496
v 2.268628 0.085963 -0.068169
v 3.240262 0.071535 -0.617986
v 3.241098 0.071536 -0.603869
v 2.266416 0.117577 -0.085592
v 2.279792 0.034600 -0.122696
v 2.288291 0.036156 -0.118756
v 3.071868 0.025597 -0.902914
v 3.032341 0.034601 -0.903227
v 3.215703 0.034601 -0.591779
v 3.207204 0.036156 -0.595719
v 3.034073 0.032788 -0.912747
v 3.212906 0.062028 -0.643883
v 2.990333 0.865632 -0.882684
v 2.279876 0.058090 -0.122319
v 2.778240 0.859477 -0.759817
v 3.221987 0.024440 -0.596513
v 3.227087 0.024440 -0.601550
v 3.228788 0.025597 -0.599925
v 3.225050 0.023737 -0.603497
v 2.153195 0.032789 -0.371542
v 2.148129 0.034601 -0.381591
v 2.152017 0.034601 -0.371544
v 3.007549 0.966942 -0.886314
v 2.612737 0.967435 -0.661481
v 3.008855 0.967602 -0.882939
v 2.176652 0.227182 -0.421648
v 2.388400 0.224043 -0.542768
v 2.172547 0.222344 -0.421156
v 3.007304 1.049341 -0.888034
v 2.612737 1.048046 -0.661481
v 2.610189 1.049341 -0.663918
v 3.008072 1.048046 -0.884594
v 2.152613 0.034600 -0.361501
v 2.150841 0.036156 -0.362304
v 2.556544 0.966942 -0.631784
v 2.557849 0.967602 -0.628409
v 2.610189 0.966139 -0.663918
v 2.602440 1.056557 -0.664322
v 2.606529 0.963744 -0.664817
v 2.602440 0.958923 -0.664322
v 2.388288 0.225677 -0.542088
v 2.387681 0.860794 -0.540745
v 2.388288 0.862299 -0.542088
v 2.688714 0.862299 -0.711637
v 2.557421 0.963744 -0.637102
v 2.558026 1.053236 -0.638438
v 2.559958 0.958923 -0.640347
v 2.289372 0.000000 -0.079761
v 3.060865 0.028915 -0.864960
v 3.060898 0.030849 -0.864815
v 3.051476 0.030849 -0.866984
v 3.062141 1.114951 -0.945224
v 3.061981 1.112374 -0.943872
v 2.386607 0.228499 -0.538793
v 2.117272 0.103556 -0.394797
v 2.111605 0.104855 -0.389515
v 2.117336 0.104230 -0.394684
v 2.124772 0.103556 -0.396699
v 2.266876 0.104855 -0.114389
v 2.272429 0.104855 -0.119873
v 3.196738 0.103555 -0.641252
v 3.191325 0.104230 -0.635727
v 3.196803 0.104230 -0.641138
v 3.204266 0.104230 -0.643031
v 2.074774 1.118233 -0.395224
v 3.041532 0.104229 -0.916265
v 3.035801 0.104855 -0.911096
v 3.041353 0.104855 -0.916581
v 3.048995 0.104230 -0.918158
v 2.273662 0.028915 -0.076532
v 2.282567 0.028917 -0.070409
v 3.226836 0.103556 -0.627616
v 3.220475 0.104229 -0.635687
v 3.226753 0.104229 -0.627570
v 3.230558 0.103556 -0.617999
v 2.387353 0.228499 -0.539213
v 3.222952 0.103556 -0.594804
v 3.228618 0.104855 -0.600087
v 3.222888 0.104230 -0.594918
v 3.215424 0.104229 -0.593025
v 2.153432 0.960617 -0.410712
v 3.062808 0.071535 -0.856258
v 3.050540 0.071535 -0.859083
v 3.031330 0.028916 -0.893186
v 3.035410 0.030849 -0.882338
v 2.308893 0.028915 -0.096415
v 2.309531 0.028915 -0.085628
v 3.203554 0.028916 -0.646223
v 3.195062 0.030850 -0.644222
v 3.086085 0.091055 -0.893111
v 2.264764 0.028915 -0.116406
v 2.261644 0.030851 -0.107321
v 2.264657 0.030851 -0.116509
v 2.280462 1.147248 -0.038406
v 2.080145 1.147039 -0.392790
v 3.261418 1.148390 -0.592020
v 3.042989 0.027122 -0.873908
v 3.195711 -0.000000 -0.624431
v 2.127509 0.034600 -0.347333
v 2.265115 0.053820 -0.105749
v 2.265663 0.053820 -0.096474
v 2.264322 0.058086 -0.096476
v 2.154068 0.962244 -0.410458
v 2.154068 1.053236 -0.410458
v 2.275019 0.104229 -0.078786
v 2.282879 0.104855 -0.073043
v 2.306827 0.104230 -0.086852
v 2.307122 0.105242 -0.096418
v 2.307711 0.105242 -0.086452
v 2.304169 0.104230 -0.078748
v 2.119696 0.103556 -0.353827
v 2.127645 0.104230 -0.348485
v 2.119603 0.104854 -0.353673
v 2.113470 0.104230 -0.362031
v 3.212616 0.104854 -0.641432
v 3.220619 0.104854 -0.635929
v 3.226985 0.104855 -0.627700
v 3.212714 0.034600 -0.642268
v 3.204454 0.036156 -0.642186
v 3.212486 0.036156 -0.640336
v 2.991078 0.865632 -0.883105
v 2.988534 0.860794 -0.879844
v 2.291941 0.028915 -0.068252
v 2.300357 0.028917 -0.070386
v 2.997362 0.856954 -0.856294
v 2.788906 0.856954 -0.746710
v 2.993912 0.856954 -0.862408
v 2.488480 0.856954 -0.577161
v 2.696936 0.856954 -0.686745
v 2.491930 0.856954 -0.571048
v 2.993912 0.231022 -0.862408
v 2.792356 0.231022 -0.740597
v 2.997362 0.231022 -0.856294
v 2.693485 0.231022 -0.692859
v 2.491930 0.231022 -0.571048
v 2.696936 0.231022 -0.686745
v 2.188053 0.856954 -0.407612
v 2.396509 0.856954 -0.517196
v 2.191504 0.856954 -0.401499
v 2.792356 0.856954 -0.740597
v 2.488480 0.231022 -0.577161
v 2.606529 1.051736 -0.664817
v 2.788906 0.231022 -0.746710
v 2.393059 0.231022 -0.523310
v 2.191504 0.231022 -0.401499
v 2.396509 0.231022 -0.517196
v 2.693485 0.856954 -0.692859
v 2.393059 0.856954 -0.523310
v 2.188053 0.231022 -0.407612
v 2.296279 0.104229 -0.114107
v 2.288420 0.104855 -0.119851
v 2.296425 0.104855 -0.114348
v 3.230739 0.104855 -0.617999
v 3.231023 0.104229 -0.608434
v 3.066666 0.117576 -0.913244
v 3.031127 0.117577 -0.893187
v 2.287473 0.000000 -0.111855
v 2.285667 0.000000 -0.096475
v 2.116265 0.067974 -0.348126
v 3.042214 -0.000000 -0.904967
v 3.029165 0.099855 -0.893189
v 3.037211 0.103033 -0.883355
v 3.065204 0.104229 -0.910814
v 3.071713 0.104854 -0.902827
v 2.304883 0.117577 -0.107301
v 2.269255 0.053820 -0.087194
v 2.275342 0.053824 -0.079323
v 2.269254 0.053824 -0.087194
v 3.265475 1.118233 -0.594310
v 3.186601 0.028915 -0.618059
v 3.185840 0.030849 -0.628902
v 3.051595 0.027122 -0.867991
v 2.272256 0.103033 -0.120179
v 2.279920 0.103033 -0.122122
v 2.261767 0.028915 -0.107265
v 2.137256 0.099855 -0.340752
v 2.147369 0.103556 -0.381163
v 2.141008 0.104229 -0.389233
v 2.147518 0.104855 -0.381246
v 2.150990 0.104229 -0.371545
v 3.029435 0.065395 -0.893188
v 3.032122 0.067978 -0.880483
v 2.109293 0.080809 -0.408936
v 3.024633 0.080808 -0.921769
v 3.033489 0.080808 -0.930516
v 3.081187 0.075901 -0.908173
v 3.087017 0.075901 -0.893111
v 3.239787 0.080808 -0.589413
v 3.230931 0.080809 -0.580665
v 2.160320 0.080808 -0.342959
v 2.151464 0.080807 -0.334212
v 2.315591 0.080807 -0.067832
v 2.306735 0.080807 -0.059085
v 3.075103 0.075901 -0.856779
v 3.063356 0.075899 -0.853801
v 2.264564 0.080809 -0.133809
v 3.179904 0.080809 -0.646642
v 3.188760 0.080807 -0.655390
v 3.075857 0.103555 -0.883514
v 3.075287 0.103555 -0.893126
v 3.075752 0.104229 -0.883561
v 2.120482 0.024440 -0.355132
v 2.128134 0.023737 -0.352618
v 3.189132 0.103555 -0.618056
v 3.192854 0.103555 -0.608438
v 3.192937 0.104229 -0.608485
v 2.302640 0.103556 -0.106036
v 2.689906 0.865632 -0.713134
v 2.298692 0.104229 -0.073336
v 2.298870 0.104855 -0.073021
v 2.291305 0.104855 -0.071102
v 2.143421 0.104230 -0.348463
v 2.143599 0.104855 -0.348148
v 3.073095 0.104230 -0.875455
v 3.067616 0.104230 -0.870045
v 3.060181 0.103556 -0.868029
v 3.075468 0.104854 -0.893126
v 3.070970 0.053824 -0.902407
v 2.258278 0.067978 -0.096484
v 2.260698 0.071535 -0.082365
v 2.269963 0.071535 -0.070387
v 3.071482 0.104229 -0.902697
v 2.124298 0.027122 -0.398823
v 2.659226 0.268991 -0.694348
v 2.504913 0.268991 -0.607259
v 2.504913 0.818986 -0.607259
v 2.145086 0.028917 -0.345513
v 3.188378 0.104854 -0.627753
v 3.232662 0.032788 -0.617996
v 3.233289 0.032788 -0.607407
v 3.060153 0.104230 -0.868152
v 3.067795 0.104855 -0.869728
v 3.060230 0.104855 -0.867811
v 3.051840 0.104230 -0.870066
v 3.048967 0.103556 -0.918280
v 3.057308 0.104230 -0.916243
v 2.264471 0.104230 -0.106041
v 2.264755 0.104855 -0.096475
v 2.263587 0.105242 -0.106441
v 2.267038 0.103555 -0.114233
v 2.267129 0.104230 -0.114146
v 2.272543 0.103556 -0.119670
v 2.282916 0.104229 -0.073358
v 3.215452 0.103555 -0.592902
v 3.207098 0.103556 -0.594826
v 3.045554 0.080809 -0.933576
v 2.124722 0.104855 -0.396918
v 2.133124 0.103555 -0.394776
v 2.136034 0.104855 -0.346229
v 2.127530 0.105242 -0.347521
v 2.119603 0.104855 -0.353673
v 2.281248 1.148390 -0.038850
v 3.204190 0.104855 -0.643372
v 3.212579 0.104230 -0.641116
v 3.021250 0.080808 -0.893200
v 3.021568 0.085963 -0.893200
v 3.020335 0.080809 -0.908666
v 2.151272 0.104855 -0.371546
v 2.151556 0.104230 -0.361979
v 2.109096 0.103555 -0.381215
v 2.108911 0.104854 -0.381299
v 3.036054 0.104230 -0.910854
v 2.148990 0.103555 -0.353787
v 3.020662 0.085963 -0.908517
v 3.024919 0.085963 -0.921496
v 2.111767 0.103555 -0.389359
v 2.304261 0.103555 -0.078660
v 2.298756 0.103555 -0.073223
v 2.276629 0.080807 -0.136869
v 2.290068 0.080809 -0.133774
v 2.139398 0.080808 -0.331151
v 2.255993 0.085961 -0.124789
v 2.109766 0.104230 -0.371601
v 2.100436 0.080809 -0.400188
v 2.096465 0.085961 -0.386936
v 2.100722 0.085963 -0.399915
v 2.121358 0.080809 -0.411996
v 3.200825 0.080807 -0.658449
v 3.214264 0.080807 -0.655356
v 2.294669 0.080809 -0.056025
v 3.199163 0.103555 -0.600281
v 2.380793 0.845999 -0.529199
v 2.385089 0.236532 -0.530327
v 2.149612 0.117576 -0.382429
v 2.149612 0.117577 -0.382428
v 3.228456 0.103555 -0.600241
v 3.231023 0.104230 -0.608434
v 3.088487 0.085963 -0.877792
v 3.084231 0.085961 -0.864813
v 2.959653 0.818986 -0.863897
v 2.805339 0.818986 -0.776808
v 2.965894 0.260652 -0.866226
v 2.111146 0.117578 -0.360720
v 2.111145 0.117577 -0.360719
v 2.201786 0.823173 -0.435775
v 3.243758 0.085961 -0.602665
v 3.239501 0.085963 -0.589686
v 2.497372 0.831420 -0.600659
v 2.665468 0.827325 -0.696676
v 3.231128 0.103555 -0.608387
v 2.311496 0.091058 -0.111034
v 2.317160 0.091058 -0.096403
v 3.034389 0.027122 -0.912445
v 3.020335 0.080808 -0.908666
v 2.104530 0.091055 -0.356986
v 3.197796 0.030849 -0.598010
v 2.136235 0.034600 -0.345324
v 2.127738 0.036156 -0.349265
v 2.119219 0.034601 -0.353034
v 2.109766 0.104229 -0.371601
v 2.113387 0.103556 -0.361984
v 3.254507 0.151840 -0.588117
v 3.060552 0.151840 -0.931788
v 3.048494 0.027122 -0.920405
v 2.136459 0.027122 -0.344324
v 2.136670 0.028917 -0.343378
v 2.127399 0.027123 -0.346409
v 2.306534 0.028915 -0.076487
v 3.189930 0.038719 -0.618054
v 2.147541 0.041690 -0.355171
v 2.142465 0.041694 -0.350158
v 2.280258 0.038715 -0.120605
v 2.273047 0.038715 -0.118777
v 2.280479 0.041694 -0.119616
v 2.288290 0.038719 -0.118754
v 2.297792 0.024440 -0.074931
v 2.093734 1.102734 -0.386635
v 3.060611 1.102734 -0.932304
v 3.188563 0.103555 -0.627669
v 3.189233 0.104230 -0.618056
v 2.793100 0.247324 -0.763710
v 2.790205 0.845999 -0.760256
v 3.044303 0.038715 -0.876091
v 3.051933 0.038715 -0.870845
v 3.044304 0.038719 -0.876092
v 3.038237 0.038715 -0.883934
v 2.380793 0.241977 -0.529199
v 2.376339 0.247324 -0.528506
v 2.376339 0.840654 -0.528506
v 3.207111 0.104230 -0.594939
v 3.043892 0.103556 -0.875408
v 3.051840 0.104229 -0.870066
v 3.043945 0.104229 -0.875495
v 3.037584 0.103556 -0.883565
v 3.033102 0.105242 -0.893184
v 3.034694 0.107066 -0.881935
v 2.120108 0.038715 -0.354510
v 3.057321 0.103556 -0.916357
v 3.065256 0.103556 -0.910901
v 2.192247 0.247324 -0.424612
v 2.787018 0.236532 -0.757160
v 2.990057 0.231022 -0.870981
v 2.787018 0.851444 -0.757160
v 2.676765 0.247324 -0.698055
v 3.226239 0.053820 -0.627279
v 3.226241 0.053824 -0.627280
v 3.229830 0.053820 -0.618001
v 3.193452 0.053820 -0.608775
v 2.308114 0.027122 -0.096416
v 2.107296 0.027123 -0.382030
v 2.305313 0.049489 -0.087538
v 2.305635 0.053820 -0.096419
v 2.154814 1.053236 -0.410879
v 2.559212 1.056557 -0.639926
v 2.556675 1.051736 -0.636682
v 3.212486 0.038715 -0.640336
v 3.204454 0.038715 -0.642186
v 3.212378 0.041694 -0.639424
v 3.220116 0.038719 -0.635090
v 2.659226 0.818986 -0.694348
v 2.557421 1.051736 -0.637102
v 2.110392 0.053820 -0.371601
v 2.113984 0.053820 -0.362321
v 2.157749 0.067978 -0.371536
v 2.161633 0.071537 -0.357415
v 2.155517 0.065395 -0.371539
v 3.062212 1.147762 -0.945823
v 2.081333 1.147762 -0.392253
v 2.150096 0.024440 -0.362641
v 2.142738 0.000000 -0.359762
v 3.050739 0.095780 -0.860752
v 3.039656 0.095780 -0.868372
v 3.193595 0.091057 -0.591031
v 3.206010 0.095780 -0.585625
v 2.959652 0.268991 -0.863897
v 2.140649 0.036156 -0.388636
v 2.146715 0.036156 -0.380793
v 2.285955 0.144524 -0.041504
v 3.197754 0.117578 -0.597941
v 3.199313 0.119262 -0.600531
v 2.282942 0.119262 -0.073572
v 2.135906 0.119262 -0.346803
v 3.190181 0.049489 -0.626935
v 2.109396 0.119262 -0.381079
v 2.124850 0.119262 -0.396346
v 3.230828 0.119262 -0.608523
v 2.151361 0.119262 -0.362068
v 2.306072 0.119262 -0.096419
v 3.177469 0.091055 -0.632694
v 3.180921 0.095784 -0.618067
v 2.299764 0.067978 -0.119898
v 2.111188 0.024440 -0.371600
v 2.116497 0.023737 -0.363740
v 3.219742 0.024440 -0.634471
v 2.066514 1.138123 -0.398966
v 2.272231 1.137451 -0.033761
v 2.287894 1.102734 -0.042600
v 3.260031 0.142078 -0.591234
v 2.254140 0.091058 -0.096489
v 3.035341 0.117577 -0.882300
v 2.274734 0.103034 -0.078312
v 3.065490 0.103033 -0.911289
v 2.291059 0.053820 -0.072204
v 3.026453 0.067975 -0.905894
v 3.029984 0.067974 -0.916655
v 2.282020 0.067974 -0.065791
v 2.288456 0.103034 -0.120156
v 2.296565 0.103033 -0.114582
v 2.280455 0.024440 -0.119724
v 3.175606 0.080809 -0.633539
v 2.151435 1.056557 -0.409791
v 2.152687 0.960617 -0.410292
v 2.268727 0.023737 -0.096470
v 3.037389 0.080808 -0.864604
v 2.103011 0.067974 -0.371611
v 2.134755 0.085961 -0.408545
v 2.068035 1.139682 -0.398277
v 3.220761 0.103033 -0.636162
v 2.266356 0.105242 -0.114885
v 3.215501 0.104855 -0.592684
v 3.227208 0.103034 -0.627826
v 3.230558 0.103555 -0.617999
v 2.279994 0.104855 -0.121791
v 3.231319 0.105243 -0.617999
v 3.231313 0.104855 -0.608302
v 2.291461 0.105242 -0.070400
v 2.119463 0.103034 -0.353439
v 2.296723 0.105242 -0.114844
v 2.303264 0.105242 -0.106388
v 3.196625 0.104855 -0.641454
v 3.188518 0.058085 -0.618056
v 3.072188 0.105242 -0.903095
v 3.067072 0.107064 -0.913918
v 3.076047 0.105242 -0.893125
v 2.304423 0.104855 -0.078505
v 2.124566 0.105242 -0.397620
v 2.117157 0.104855 -0.395000
v 3.223066 0.104855 -0.594601
v 2.268034 0.105244 -0.086505
v 3.048918 0.104855 -0.918499
v 2.281767 1.113187 -0.039143
v 3.227461 0.105243 -0.627969
v 3.184160 0.110416 -0.618062
v 3.051168 0.110418 -0.864383
v 3.232296 0.067975 -0.630698
v 3.225531 0.071535 -0.644088
v 2.106144 0.107065 -0.371607
v 2.108316 0.105242 -0.381568
v 2.310242 0.067978 -0.072943
v 3.058203 0.067975 -0.923813
v 3.213475 0.067978 -0.648688
v 3.187393 0.067978 -0.605356
v 2.264177 0.105242 -0.096476
v 3.075196 0.065395 -0.904792
v 2.313018 0.067976 -0.096409
v 3.074490 0.038715 -0.893128
v 3.075037 0.038715 -0.883884
v 3.197703 0.024440 -0.639543
v 3.260273 1.108463 -0.591374
v 3.061918 1.109388 -0.943335
v 2.265733 0.036156 -0.096473
v 2.269312 0.036156 -0.087227
v 2.269312 0.038715 -0.087227
v 2.275378 0.038715 -0.079384
v 2.303544 0.036156 -0.079345
v 2.306112 0.038715 -0.087177
v 2.303543 0.038719 -0.079346
v 2.298252 0.036156 -0.074117
v 3.223601 -0.000000 -0.618009
v 3.220116 0.036156 -0.635091
v 2.265733 0.038715 -0.096473
v 2.265187 0.036156 -0.105717
v 2.985942 0.236532 -0.869425
v 2.990057 0.856954 -0.870981
v 2.135769 0.038715 -0.347415
v 2.135549 0.041694 -0.348403
v 2.127738 0.038715 -0.349265
v 2.291040 0.036156 -0.072288
v 2.298251 0.038719 -0.074118
v 2.291040 0.038715 -0.072288
v 2.283009 0.036156 -0.074138
v 3.049183 0.038715 -0.917313
v 3.041972 0.038715 -0.915484
v 3.049403 0.041694 -0.916325
v 3.057215 0.038715 -0.915463
v 2.483134 0.856954 -0.584893
v 2.685516 0.236532 -0.699876
v 2.140649 0.038715 -0.388636
v 2.133019 0.038715 -0.393883
v 2.146715 0.038715 -0.380793
v 2.996020 0.867802 -0.874347
v 2.996020 0.868887 -0.874347
v 2.305367 0.024440 -0.087514
v 2.695594 0.867802 -0.704798
v 2.695594 0.868887 -0.704798
v 3.051465 0.117577 -0.866891
v 2.477170 0.220174 -0.581527
v 2.477170 0.219090 -0.581527
v 2.151660 0.103555 -0.361932
v 2.151092 0.103556 -0.371546
v 2.777596 0.220174 -0.751076
v 2.777596 0.219090 -0.751076
v 2.176744 0.220174 -0.411977
v 2.176744 0.219090 -0.411977
v 3.010964 0.958923 -0.894877
v 2.395167 0.867802 -0.535249
v 2.395167 0.868887 -0.535249
v 3.061815 0.122551 -0.942456
v 2.084421 0.122551 -0.390853
v 3.269089 1.139971 -0.596349
v 2.996020 0.220174 -0.874347
v 2.996020 0.219090 -0.874347
v 2.097373 0.085961 -0.371618
v 2.103303 0.085963 -0.356294
v 2.097373 0.085963 -0.371618
v 3.069282 0.028916 -0.867093
v 3.195138 0.028916 -0.644089
v 3.188853 0.030849 -0.638090
v 3.224553 0.028916 -0.591966
v 3.230837 0.030849 -0.597966
v 3.216136 0.028915 -0.589833
v 2.115671 0.028915 -0.397634
v 2.109386 0.030851 -0.391635
v 2.124087 0.028917 -0.399769
v 3.039791 0.030849 -0.919350
v 2.270866 0.030849 -0.122642
v 2.300433 0.030849 -0.070252
v 2.145162 0.030849 -0.345378
v 2.695594 0.220174 -0.704798
v 2.695594 0.219090 -0.704798
v 2.297698 0.030849 -0.116464
v 2.304814 0.030849 -0.107263
v 2.395167 0.220174 -0.535248
v 2.395167 0.219090 -0.535248
v 3.236919 0.085963 -0.633307
v 2.687991 0.230377 -0.705374
v 3.059965 0.036156 -0.868997
v 3.067176 0.038715 -0.870825
v 3.059965 0.038719 -0.868998
v 3.230308 0.038715 -0.608757
v 3.227739 0.038719 -0.600927
v 3.222447 0.036156 -0.595699
v 2.142522 0.024440 -0.350057
v 2.687033 0.228499 -0.708343
v 2.472229 0.865632 -0.590285
v 2.171802 0.865632 -0.420735
v 3.197243 0.038715 -0.640357
v 3.064845 0.038715 -0.910218
v 3.222447 0.038715 -0.595699
v 3.221932 0.041690 -0.596610
v 3.215236 0.038715 -0.593870
v 3.197243 0.036156 -0.640357
v 3.191951 0.038715 -0.635130
v 2.282551 0.030849 -0.070275
v 2.142981 0.038715 -0.349244
v 2.273047 0.036156 -0.118777
v 2.267756 0.038719 -0.113548
v 2.280258 0.036156 -0.120605
v 3.072468 0.038719 -0.876054
v 3.066661 0.041694 -0.871738
v 3.041972 0.036156 -0.915484
v 3.036680 0.038715 -0.910256
v 3.049183 0.036156 -0.917313
v 2.117776 0.036156 -0.393904
v 2.112484 0.038715 -0.388674
v 2.117777 0.038719 -0.393903
v 2.124988 0.036156 -0.395731
v 2.267754 0.036156 -0.113549
v 2.265187 0.038715 -0.105717
v 3.072468 0.036156 -0.876053
v 3.067176 0.036156 -0.870825
v 2.295920 0.038715 -0.113509
v 2.301986 0.038715 -0.105666
v 3.215236 0.036156 -0.593870
v 2.124988 0.038715 -0.395731
v 3.034111 0.038715 -0.902424
v 3.037411 0.041690 -0.909557
v 3.074200 0.041694 -0.884264
v 2.109916 0.038719 -0.380843
v 2.113215 0.041690 -0.387976
v 2.777596 0.868887 -0.751076
v 2.777596 0.867802 -0.751076
v 3.054591 -0.000000 -0.893184
v 2.477170 0.868887 -0.581527
v 2.477170 0.867802 -0.581527
v 2.295920 0.036156 -0.113509
v 2.176744 0.868887 -0.411977
v 2.176744 0.867802 -0.411977
v 2.109916 0.036156 -0.380844
v 2.110463 0.038719 -0.371601
v 2.112484 0.036156 -0.388674
v 3.191951 0.036156 -0.635130
v 2.987421 0.229578 -0.876230
v 3.230380 0.053820 -0.608725
v 3.034111 0.036156 -0.902424
v 3.034659 0.038719 -0.893181
v 3.036680 0.036156 -0.910256
v 2.477815 0.228499 -0.590267
v 2.778240 0.228499 -0.759817
v 3.191888 0.053820 -0.635189
v 3.197198 0.053824 -0.640437
v 2.772655 0.865632 -0.759834
v 3.226182 0.038715 -0.627247
v 3.229761 0.038719 -0.618000
v 3.207204 0.038715 -0.595719
v 3.207313 0.041694 -0.596631
v 3.199574 0.038715 -0.600964
v 3.229472 0.041690 -0.609137
v 3.229471 0.041694 -0.609137
v 3.227009 0.041690 -0.601625
v 3.227803 0.053820 -0.600866
v 3.230381 0.053824 -0.608725
v 3.229010 0.058090 -0.599713
v 3.222491 0.053820 -0.595620
v 2.150365 0.053824 -0.371547
v 2.261414 0.107066 -0.096479
v 2.304787 0.049484 -0.096420
v 2.302043 0.053820 -0.105699
v 2.124969 0.053820 -0.395816
v 2.133029 0.053820 -0.393960
v 2.298295 0.053820 -0.074040
v 2.303608 0.053824 -0.079284
v 3.034658 0.036156 -0.893182
v 3.038237 0.036156 -0.883934
v 3.044303 0.036156 -0.876091
v 2.135788 0.053820 -0.347331
v 2.143024 0.053820 -0.349166
v 3.036617 0.053819 -0.910316
v 3.041927 0.053824 -0.915564
v 3.029181 0.114307 -0.893189
v 2.288300 0.053820 -0.118833
v 2.295518 0.049489 -0.112844
v 3.067220 0.053820 -0.870747
v 3.059984 0.053824 -0.868911
v 2.275378 0.036156 -0.079384
v 2.283008 0.038719 -0.074139
v 3.049165 0.053819 -0.917398
v 3.199975 0.049489 -0.601631
v 3.207195 0.053820 -0.595641
v 2.117733 0.053820 -0.393981
v 2.112419 0.053824 -0.388736
v 3.199574 0.036156 -0.600964
v 3.193508 0.036156 -0.608807
v 2.273004 0.053820 -0.118854
v 2.267692 0.053820 -0.113608
v 3.072532 0.053824 -0.875992
v 2.150294 0.038715 -0.371547
v 2.150841 0.038715 -0.362304
v 3.232309 0.027122 -0.617997
v 3.204435 0.053824 -0.642272
v 3.067670 0.114307 -0.914910
v 3.070911 0.036156 -0.902374
v 3.074490 0.036156 -0.893128
v 2.557849 1.047878 -0.628409
v 2.162745 1.047878 -0.405426
v 2.148273 0.036156 -0.354472
v 3.184452 0.114307 -0.618062
v 3.060654 0.027122 -0.865905
v 2.295957 0.053824 -0.113571
v 2.114041 0.036156 -0.362354
v 2.110462 0.036156 -0.371600
v 3.212824 0.027122 -0.643191
v 3.212927 0.028915 -0.644064
v 3.221431 0.027123 -0.637275
v 3.189929 0.036156 -0.618055
v 2.358800 0.268991 -0.524799
v 2.204486 0.268991 -0.437710
v 2.805339 0.268991 -0.776808
v 2.282999 0.053820 -0.074060
v 3.054570 -0.000000 -0.893117
v 3.223092 0.110418 -0.640034
v 3.230915 0.110418 -0.629918
v 2.268284 0.103032 -0.086646
v 3.057980 0.110416 -0.921926
v 2.298896 0.110418 -0.118453
v 2.389480 0.865632 -0.543585
v 2.311335 0.110418 -0.096412
v 2.150041 0.049484 -0.362666
v 3.033505 0.110416 -0.881264
v 3.215925 0.027122 -0.590778
v 3.206867 0.027122 -0.592864
v 3.213251 0.110418 -0.646800
v 2.259558 0.114305 -0.108266
v 2.557813 1.048046 -0.630484
v 2.104984 0.114305 -0.371608
v 2.103987 0.110418 -0.383529
v 2.259258 0.110418 -0.108402
v 2.773400 0.222344 -0.760254
v 2.990332 0.222343 -0.882684
v 2.107928 0.067976 -0.358903
v 3.075459 0.028916 -0.873195
v 2.492673 0.247324 -0.594161
v 2.497372 0.256556 -0.600659
v 2.557068 1.048046 -0.630063
v 2.141294 0.103034 -0.389709
v 2.147741 0.103034 -0.381373
v 2.389480 0.222344 -0.543584
v 3.263229 1.146628 -0.593042
v 2.301986 0.036156 -0.105666
v 2.305565 0.036156 -0.096420
v 2.306112 0.036156 -0.087177
v 2.204486 0.818986 -0.437710
v 2.192247 0.840654 -0.424612
v 2.127295 0.028915 -0.345537
v 2.134008 0.067978 -0.402234
v 2.472974 0.222344 -0.590705
v 3.182474 0.067978 -0.618065
v 2.162821 0.075900 -0.371530
v 3.215255 0.053820 -0.593785
v 2.077737 0.136300 -0.393880
v 2.152181 0.958923 -0.410211
v 2.559212 0.958923 -0.639926
v 3.237180 0.080807 -0.633454
v 2.312984 0.080808 -0.111874
v 2.142981 0.036156 -0.349244
v 2.135769 0.036156 -0.347415
v 2.989742 0.856954 -0.871538
v 3.066623 0.030850 -0.913171
v 2.113647 0.075902 -0.343777
v 3.226576 0.075901 -0.645824
v 2.114041 0.038715 -0.362354
v 2.389204 0.231022 -0.531883
v 2.275342 0.053820 -0.079323
v 3.237966 0.067975 -0.605288
v 3.214147 0.075901 -0.654369
v 2.783560 0.856954 -0.754442
v 2.319888 0.080807 -0.080936
v 3.060864 1.102955 -0.934439
v 3.081186 0.075899 -0.908173
v 2.298613 0.065395 -0.117985
v 2.151000 0.065395 -0.383212
v 3.062827 0.126290 -0.951009
v 3.073002 0.027122 -0.903554
v 3.075657 0.025597 -0.893126
v 3.038667 0.065395 -0.921341
v 2.154968 0.067974 -0.348073
v 3.037211 0.103034 -0.883355
v 3.193939 0.065392 -0.646212
v 2.269312 0.036155 -0.087226
v 2.274064 0.027122 -0.077199
v 2.152440 0.105242 -0.361579
v 2.092625 0.146928 -0.387136
v 3.007348 0.965059 -0.889689
v 3.223961 0.067978 -0.641478
v 3.032124 0.067975 -0.880484
v 2.289279 0.067974 -0.127103
v 3.193508 0.038715 -0.608807
v 2.120108 0.036156 -0.354510
v 2.280976 0.123048 -0.038694
v 2.154106 0.095780 -0.384965
v 3.237213 0.067974 -0.617990
v 2.265985 0.049489 -0.105355
v 2.264483 0.103034 -0.096476
v 2.268287 0.103034 -0.086648
v 2.268658 0.103555 -0.086857
v 2.286144 1.103224 -0.041613
v 2.559958 1.056557 -0.640347
v 2.603186 0.958923 -0.664743
v 2.388458 0.231022 -0.531462
v 2.182129 0.230865 -0.417858
v 2.183453 0.231022 -0.415764
v 3.190656 0.024440 -0.618054
v 3.199575 0.038719 -0.600965
v 3.033861 0.103555 -0.893183
v 3.264342 0.126033 -0.593667
v 3.007348 1.050421 -0.889689
v 2.608750 1.050421 -0.664735
v 2.309654 0.030849 -0.085571
v 3.070911 0.038715 -0.902374
v 3.189929 0.038715 -0.618055
v 2.687033 0.859477 -0.708343
v 2.264936 0.103555 -0.096475
v 2.147741 0.103034 -0.381372
v 2.151092 0.103555 -0.371546
v 2.151435 0.958923 -0.409791
v 2.288300 0.053824 -0.118835
v 2.148273 0.038715 -0.354472
v 2.288182 0.041690 -0.117844
v 2.472974 0.865632 -0.590705
v 2.152181 1.056557 -0.410211
v 3.071937 0.103034 -0.902953
v 3.035963 0.103555 -0.910941
v 3.041467 0.103556 -0.916379
v 3.048845 0.103034 -0.918830
v 2.182708 0.231022 -0.415343
v 2.186166 0.236532 -0.418062
v 2.688884 0.856954 -0.701011
v 2.157713 0.080809 -0.387001
v 2.773400 0.865632 -0.760254
v 2.065291 1.136397 -0.399519
v 3.080404 0.065395 -0.881453
v 2.387353 0.859477 -0.539213
v 2.988206 0.228499 -0.878313
v 2.389204 0.856954 -0.531883
v 2.150294 0.036156 -0.371547
v 2.778986 0.859477 -0.760237
v 2.108631 0.103034 -0.381426
v 3.220527 0.103556 -0.635775
v 2.478560 0.859477 -0.590687
v 2.988997 0.856954 -0.871118
v 3.176839 0.085961 -0.618073
v 2.556344 0.965059 -0.635159
v 2.386568 0.858399 -0.537131
v 2.178134 0.859477 -0.421138
v 2.130350 0.000000 -0.371558
v 2.285654 0.000000 -0.096484
v 3.189131 0.103555 -0.618056
v 3.063104 0.091055 -0.854931
v 2.274967 0.103555 -0.078700
v 2.282903 0.103555 -0.073244
v 3.219695 0.041694 -0.634393
v 2.302835 0.080809 -0.124997
v 2.130412 0.000000 -0.371574
v 2.268155 0.058086 -0.086573
v 2.107925 0.067978 -0.358902
v 2.114692 0.071535 -0.345514
v 2.264367 0.103556 -0.106088
v 3.065490 0.103034 -0.911289
v 3.057321 0.103555 -0.916357
v 3.008050 1.049341 -0.888455
v 2.269313 0.038719 -0.087227
v 2.269980 0.041694 -0.087604
v 2.106662 0.062028 -0.382318
v 2.288628 0.027122 -0.121610
v 2.119696 0.103555 -0.353827
v 2.113387 0.103555 -0.361984
v 2.969201 0.831420 -0.866941
v 3.031492 0.027123 -0.903611
v 3.039658 0.095784 -0.868372
v 3.066341 0.032788 -0.912703
v 2.162745 0.967602 -0.405426
v 3.225544 0.049489 -0.626887
v 2.273562 0.041690 -0.117864
v 2.125207 0.041690 -0.394744
v 2.132911 0.041694 -0.392970
v 2.155524 0.963744 -0.410287
v 2.262568 0.027122 -0.106903
v 3.042487 0.041694 -0.914571
v 3.197758 0.041690 -0.639444
v 2.297736 0.041694 -0.075031
v 2.118292 0.041694 -0.392990
v 3.215016 0.041694 -0.594858
v 3.071738 0.041690 -0.876752
v 3.198260 0.027122 -0.598781
v 3.204674 0.041694 -0.641198
v 2.285654 0.119262 -0.096483
v 2.303012 0.103034 -0.106245
v 2.296331 0.103555 -0.114193
v 3.203765 0.027122 -0.645278
v 2.285616 0.119262 -0.096461
v 2.109665 0.103555 -0.371601
v 2.108631 0.103033 -0.381426
v 2.388401 0.863933 -0.542767
v 2.266548 0.041694 -0.096472
v 2.290820 0.041690 -0.073276
v 3.071565 0.103555 -0.902743
v 3.241099 0.071537 -0.603870
v 3.190902 0.025597 -0.636131
v 2.133460 0.028917 -0.397611
v 2.141963 0.027122 -0.390820
v 2.282843 0.103034 -0.072737
v 2.141060 0.103556 -0.389320
v 2.273601 0.030851 -0.076430
v 2.266484 0.030849 -0.085631
v 3.059745 0.041690 -0.869983
v 2.473485 0.863933 -0.590786
v 3.188679 0.103034 -0.618056
v 3.192482 0.103034 -0.608228
v 3.051827 0.103555 -0.869952
v 3.076042 0.104855 -0.883429
v 3.048250 0.030849 -0.921495
v 3.212652 0.103034 -0.641737
v 3.212592 0.103556 -0.641230
v 2.307397 0.103034 -0.086595
v 2.306931 0.103555 -0.086805
v 2.296565 0.103034 -0.114582
v 2.288395 0.103555 -0.119649
v 3.198930 0.103033 -0.599893
v 2.389146 0.863933 -0.543188
v 2.178134 0.228499 -0.421138
v 3.192351 0.058085 -0.608154
v 2.153432 1.054864 -0.410712
v 2.264936 0.103556 -0.096475
v 2.268658 0.103556 -0.086857
v 2.274064 0.027123 -0.077199
v 2.152126 0.103034 -0.361722
v 2.097044 0.075900 -0.386674
v 2.268464 0.080807 -0.067897
v 2.291730 0.027123 -0.069196
v 3.077818 0.028916 -0.893123
v 3.073739 0.030849 -0.903970
v 2.151661 0.103555 -0.361932
v 3.198930 0.103034 -0.599893
v 3.071566 0.103555 -0.902744
v 3.075288 0.103555 -0.893127
v 3.220620 0.104855 -0.635929
v 3.043892 0.103555 -0.875408
v 3.194176 0.041690 -0.609184
v 2.264367 0.103555 -0.106088
v 3.265088 0.133125 -0.594088
v 3.259389 1.106211 -0.590875
v 3.197797 0.030850 -0.598011
v 2.109665 0.103556 -0.371601
v 2.288477 0.058086 -0.120336
v 3.060750 0.032788 -0.865478
v 3.071713 0.104855 -0.902827
v 2.113239 0.104855 -0.361901
v 3.037652 0.023737 -0.893178
v 3.077162 0.065395 -0.871568
v 2.281096 1.115183 -0.038764
v 2.288396 0.103555 -0.119650
v 2.304814 0.030851 -0.107263
v 2.784305 0.231022 -0.754863
v 2.388458 0.856954 -0.531462
v 2.613750 0.967602 -0.659957
v 2.274967 0.103556 -0.078700
v 3.192706 0.104855 -0.608355
v 2.790204 0.241977 -0.760256
v 2.681219 0.845999 -0.698749
v 3.190681 0.030850 -0.607212
v 2.282903 0.103556 -0.073244
v 2.483879 0.231022 -0.585314
v 3.048967 0.103555 -0.918280
v 2.989311 0.856954 -0.870560
v 2.296331 0.103556 -0.114193
v 3.194147 0.049484 -0.609168
v 3.038179 0.053824 -0.883901
v 3.037666 0.104230 -0.883612
v 3.043799 0.104854 -0.875253
v 2.608004 1.050421 -0.664314
v 3.227342 0.058090 -0.627902
v 3.228947 0.041690 -0.618002
v 2.483879 0.856954 -0.585314
v 3.051827 0.103556 -0.869952
v 3.189860 0.053820 -0.618055
v 2.147369 0.103555 -0.381163
v 3.057600 0.032789 -0.918712
v 3.057381 0.103034 -0.916864
v 2.258280 0.067976 -0.096484
v 2.268464 0.080808 -0.067897
v 3.008855 1.047878 -0.882939
v 2.613750 1.047878 -0.659957
v 2.271227 1.132100 -0.033194
v 2.097055 0.080809 -0.371619
v 3.073003 0.027123 -0.903554
v 3.075656 0.025595 -0.893126
v 3.237180 0.080808 -0.633454
v 3.044723 0.041690 -0.876789
vt 0.305200 0.817400
vt 0.377400 0.950200
vt 0.305200 0.950200
vt 0.375900 0.813100
vt 0.377900 0.815500
vt 0.305700 0.815500
vt 0.177000 0.840100
vt 0.101200 0.840100
vt 0.101200 0.639400
vt 0.213500 0.553600
vt 0.288800 0.353000
vt 0.288800 0.553600
vt 0.646100 0.170800
vt 0.648100 0.159200
vt 0.648100 0.310700
vt 0.080000 0.652600
vt 0.028900 0.765400
vt 0.028900 0.652600
vt 0.646100 0.013600
vt 0.648100 0.002000
vt 0.646100 0.141900
vt 0.284600 0.167700
vt 0.233500 0.280500
vt 0.233500 0.167700
vt 0.307600 0.813100
vt 0.305700 0.682300
vt 0.377400 0.817400
vt 0.418000 0.306300
vt 0.418000 0.015000
vt 0.470700 0.015000
vt 0.331500 0.351500
vt 0.384300 0.351500
vt 0.384300 0.642700
vt 0.331500 0.642700
vt 0.470700 0.306300
vt 0.747700 0.002000
vt 0.747700 0.153500
vt 0.745700 0.141900
vt 0.320900 0.804700
vt 0.371900 0.691900
vt 0.371900 0.804700
vt 0.745700 0.013600
vt 0.320900 0.691900
vt 0.577800 0.170800
vt 0.307600 0.684700
vt 0.375900 0.684700
vt 0.577800 0.299100
vt 0.575800 0.310700
vt 0.575800 0.159200
vt 0.214000 0.877600
vt 0.289800 0.676900
vt 0.289800 0.877600
vt 0.381000 0.219100
vt 0.305700 0.219100
vt 0.305700 0.018400
vt 0.015000 0.773700
vt 0.013100 0.776200
vt 0.013100 0.642900
vt 0.013300 0.778100
vt 0.085500 0.910900
vt 0.013300 0.910900
vt 0.646100 0.299100
vt 0.764200 0.153500
vt 0.775100 0.011800
vt 0.775100 0.143700
vt 0.015000 0.645400
vt 0.085500 0.778100
vt 0.219500 0.287500
vt 0.217500 0.289900
vt 0.217500 0.156700
vt 0.217500 0.022000
vt 0.289800 0.154800
vt 0.217500 0.154800
vt 0.219500 0.159100
vt 0.289800 0.022000
vt 0.284600 0.280500
vt 0.688600 0.174900
vt 0.685200 0.173900
vt 0.688600 0.173900
vt 0.541200 0.297700
vt 0.537800 0.296600
vt 0.541200 0.296600
vt 0.526400 0.223600
vt 0.526400 0.227000
vt 0.526400 0.227000
vt 0.801400 0.320500
vt 0.799600 0.323300
vt 0.800200 0.320300
vt 0.648100 0.153500
vt 0.738600 0.310700
vt 0.749400 0.169000
vt 0.749400 0.300900
vt 0.453400 0.950900
vt 0.450500 0.949900
vt 0.453400 0.949900
vt 0.226200 0.173800
vt 0.227600 0.170500
vt 0.227400 0.173800
vt 0.771100 0.736800
vt 0.771100 0.878500
vt 0.771100 0.868700
vt 0.080000 0.765400
vt 0.597000 0.122500
vt 0.597000 0.120400
vt 0.597500 0.120300
vt 0.447000 0.673300
vt 0.443800 0.672300
vt 0.447000 0.672300
vt 0.536600 0.624700
vt 0.535100 0.621600
vt 0.537300 0.623700
vt 0.499900 0.339100
vt 0.496900 0.338200
vt 0.499900 0.338200
vt 0.512700 0.226100
vt 0.513600 0.229400
vt 0.512700 0.229100
vt 0.887400 0.005100
vt 0.882400 0.006700
vt 0.882400 0.004900
vt 0.098700 0.971300
vt 0.098000 0.974500
vt 0.096900 0.974200
vt 0.227600 0.176900
vt 0.228500 0.173700
vt 0.228700 0.176600
vt 0.202700 0.310400
vt 0.002000 0.310400
vt 0.002000 0.002000
vt 0.002000 0.622500
vt 0.002000 0.314200
vt 0.202700 0.314200
vt 0.202700 0.622500
vt 0.202700 0.002000
vt 0.687100 0.275100
vt 0.683900 0.273900
vt 0.687000 0.273900
vt 0.525700 0.274600
vt 0.523000 0.275900
vt 0.524900 0.274100
vt 0.543000 0.274600
vt 0.540800 0.276700
vt 0.542200 0.274100
vt 0.432400 0.949900
vt 0.429100 0.948800
vt 0.432400 0.948800
vt 0.630400 0.078900
vt 0.632900 0.080900
vt 0.629900 0.079600
vt 0.669500 0.306500
vt 0.664600 0.307400
vt 0.664600 0.305900
vt 0.797600 0.150800
vt 0.792600 0.152200
vt 0.792700 0.150400
vt 0.006900 0.980300
vt 0.002000 0.981900
vt 0.002000 0.980100
vt 0.861300 0.162300
vt 0.856300 0.163900
vt 0.856300 0.162100
vt 0.424100 0.671800
vt 0.424000 0.673300
vt 0.419200 0.671300
vt 0.503300 0.340200
vt 0.503100 0.339100
vt 0.531600 0.620300
vt 0.530800 0.617500
vt 0.531800 0.617100
vt 0.771800 0.309200
vt 0.767000 0.311000
vt 0.771800 0.309200
vt 0.887500 0.007900
vt 0.882800 0.009600
vt 0.882600 0.008400
vt 0.394100 0.992100
vt 0.389200 0.993000
vt 0.389200 0.991500
vt 0.583600 0.178700
vt 0.588500 0.177100
vt 0.588500 0.178900
vt 0.577800 0.013600
vt 0.083300 0.645400
vt 0.575800 0.153500
vt 0.083300 0.773700
vt 0.675500 0.153500
vt 0.287800 0.287500
vt 0.677400 0.013600
vt 0.287800 0.159100
vt 0.692900 0.274000
vt 0.690200 0.274400
vt 0.692500 0.273000
vt 0.610900 0.120300
vt 0.610100 0.118500
vt 0.610500 0.118200
vt 0.537800 0.052200
vt 0.534500 0.051200
vt 0.537800 0.051200
vt 0.189200 0.971300
vt 0.189200 0.972500
vt 0.184300 0.973100
vt 0.534900 0.237000
vt 0.536900 0.236200
vt 0.537900 0.241600
vt 0.634500 0.757500
vt 0.634500 0.760800
vt 0.633300 0.757600
vt 0.223200 0.280500
vt 0.223200 0.210900
vt 0.228800 0.264700
vt 0.413300 0.960700
vt 0.397500 0.960700
vt 0.397500 0.668400
vt 0.299000 0.655700
vt 0.299000 0.331900
vt 0.314800 0.640000
vt 0.705900 0.266700
vt 0.705900 0.181400
vt 0.721700 0.197200
vt 0.316100 0.751000
vt 0.310500 0.804700
vt 0.310500 0.735200
vt 0.413300 0.668400
vt 0.314800 0.347700
vt 0.384300 0.331900
vt 0.508800 0.025400
vt 0.507900 0.027400
vt 0.503300 0.024300
vt 0.326500 0.651900
vt 0.323300 0.650700
vt 0.326400 0.650700
vt 0.507900 0.271800
vt 0.506400 0.273400
vt 0.503300 0.268800
vt 0.824000 0.144100
vt 0.823200 0.147400
vt 0.822100 0.146900
vt 0.429700 0.819100
vt 0.426500 0.820000
vt 0.426700 0.819100
vt 0.586000 0.956300
vt 0.586000 0.958200
vt 0.585200 0.958200
vt 0.514700 0.240800
vt 0.513600 0.244100
vt 0.513600 0.240800
vt 0.199000 0.955800
vt 0.194100 0.957200
vt 0.194100 0.955400
vt 0.438000 0.686000
vt 0.465600 0.829500
vt 0.438000 0.829500
vt 0.436600 0.494000
vt 0.420200 0.362900
vt 0.436600 0.362900
vt 0.466100 0.506300
vt 0.438500 0.362900
vt 0.466100 0.362900
vt 0.419700 0.686000
vt 0.436100 0.817200
vt 0.419700 0.817200
vt 0.465600 0.686000
vt 0.420200 0.494000
vt 0.519600 0.280600
vt 0.521700 0.280600
vt 0.520600 0.286000
vt 0.464400 0.942500
vt 0.465300 0.945800
vt 0.464100 0.945600
vt 0.438500 0.506300
vt 0.436100 0.686000
vt 0.679300 0.295100
vt 0.674400 0.296500
vt 0.674400 0.294700
vt 0.551500 0.619200
vt 0.550600 0.621200
vt 0.550600 0.619200
vt 0.509000 0.932800
vt 0.508300 0.935200
vt 0.508300 0.932600
vt 0.300500 0.988700
vt 0.300500 0.990900
vt 0.299700 0.990900
vt 0.214000 0.676900
vt 0.381000 0.018400
vt 0.585500 0.332100
vt 0.582100 0.331100
vt 0.582100 0.331100
vt 0.569100 0.960200
vt 0.568300 0.961900
vt 0.568300 0.960200
vt 0.177000 0.639400
vt 0.213500 0.353000
vt 0.184300 0.642100
vt 0.200100 0.626300
vt 0.200100 0.950100
vt 0.368500 0.347700
vt 0.721700 0.250900
vt 0.184300 0.934400
vt 0.816300 0.151400
vt 0.816300 0.153700
vt 0.814500 0.153900
vt 0.668700 0.297700
vt 0.667900 0.299700
vt 0.667900 0.297700
vt 0.450100 0.312300
vt 0.448400 0.312300
vt 0.448400 0.311500
vt 0.454000 0.312300
vt 0.452100 0.311500
vt 0.454000 0.311500
vt 0.813000 0.295000
vt 0.811800 0.297400
vt 0.812100 0.294800
vt 0.512400 0.937100
vt 0.511600 0.938900
vt 0.511600 0.937200
vt 0.504400 0.018900
vt 0.506400 0.019700
vt 0.228300 0.167400
vt 0.230300 0.165800
vt 0.229400 0.167900
vt 0.516000 0.289100
vt 0.515200 0.287100
vt 0.520600 0.286100
vt 0.518300 0.356000
vt 0.519500 0.352800
vt 0.519500 0.355900
vt 0.523700 0.935200
vt 0.523700 0.937600
vt 0.523000 0.937800
vt 0.569100 0.956300
vt 0.569100 0.958300
vt 0.568300 0.958300
vt 0.529100 0.240800
vt 0.527500 0.240000
vt 0.529100 0.240100
vt 0.422100 0.352800
vt 0.420400 0.352800
vt 0.422000 0.351900
vt 0.443400 0.843600
vt 0.445400 0.845700
vt 0.445000 0.846300
vt 0.390700 0.985500
vt 0.389900 0.987700
vt 0.389900 0.985700
vt 0.188500 0.958400
vt 0.187600 0.960400
vt 0.187600 0.958400
vt 0.583500 0.960300
vt 0.585200 0.961900
vt 0.583500 0.962100
vt 0.534800 0.246200
vt 0.533300 0.244700
vt 0.537900 0.241700
vt 0.537800 0.277000
vt 0.535300 0.275800
vt 0.537600 0.275800
vt 0.508000 0.265700
vt 0.508800 0.267700
vt 0.423900 0.499000
vt 0.422700 0.502200
vt 0.422700 0.499100
vt 0.439100 0.309700
vt 0.437200 0.309700
vt 0.436900 0.308900
vt 0.299700 0.988500
vt 0.561200 0.002000
vt 0.491700 0.015700
vt 0.478000 0.002000
vt 0.491700 0.308000
vt 0.478000 0.321700
vt 0.561200 0.321700
vt 0.684300 0.674200
vt 0.678100 0.674200
vt 0.678100 0.473600
vt 0.489800 0.992100
vt 0.478000 0.992100
vt 0.478000 0.791500
vt 0.443500 0.309700
vt 0.441300 0.309700
vt 0.441300 0.308900
vt 0.422100 0.629300
vt 0.420200 0.627600
vt 0.421900 0.627600
vt 0.428900 0.673300
vt 0.426000 0.673300
vt 0.426300 0.672300
vt 0.097800 0.776900
vt 0.097100 0.779500
vt 0.097100 0.777100
vt 0.522500 0.050700
vt 0.520100 0.051400
vt 0.519600 0.050200
vt 0.454500 0.308900
vt 0.452100 0.308200
vt 0.454700 0.308200
vt 0.426000 0.352800
vt 0.424000 0.352800
vt 0.424000 0.351900
vt 0.668700 0.299600
vt 0.525800 0.236400
vt 0.523200 0.235600
vt 0.525800 0.235700
vt 0.815400 0.151300
vt 0.814500 0.151200
vt 0.683900 0.134200
vt 0.681600 0.132800
vt 0.684000 0.133400
vt 0.587600 0.432300
vt 0.584600 0.430800
vt 0.587600 0.431100
vt 0.561200 0.218700
vt 0.549400 0.218700
vt 0.549400 0.018100
vt 0.694600 0.517000
vt 0.700800 0.316400
vt 0.700800 0.517000
vt 0.513600 0.220100
vt 0.513600 0.222800
vt 0.513600 0.222800
vt 0.509800 0.937400
vt 0.510700 0.939000
vt 0.509800 0.939300
vt 0.512700 0.243800
vt 0.541000 0.237100
vt 0.542600 0.238600
vt 0.443200 0.963200
vt 0.440500 0.963200
vt 0.440500 0.962600
vt 0.544200 0.027300
vt 0.543000 0.030200
vt 0.542200 0.029600
vt 0.503000 0.343100
vt 0.499900 0.343100
vt 0.499900 0.342200
vt 0.185000 0.958400
vt 0.185000 0.960800
vt 0.184300 0.961000
vt 0.589100 0.117100
vt 0.587200 0.118200
vt 0.588800 0.116700
vt 0.551500 0.621200
vt 0.551500 0.623100
vt 0.550600 0.623200
vt 0.527100 0.937100
vt 0.527100 0.938800
vt 0.526300 0.938900
vt 0.394100 0.994800
vt 0.389200 0.996500
vt 0.389200 0.994800
vt 0.411100 0.964000
vt 0.408400 0.964000
vt 0.408400 0.963200
vt 0.303800 0.163200
vt 0.302700 0.165700
vt 0.302900 0.163200
vt 0.438800 0.674400
vt 0.435800 0.674400
vt 0.435800 0.673300
vt 0.412000 0.315200
vt 0.410500 0.312100
vt 0.412700 0.314200
vt 0.535100 0.935700
vt 0.535100 0.938200
vt 0.534400 0.938400
vt 0.450300 0.672300
vt 0.447000 0.671300
vt 0.450000 0.671300
vt 0.295200 0.002000
vt 0.208400 0.004000
vt 0.206500 0.002000
vt 0.208400 0.330800
vt 0.089700 0.627200
vt 0.089700 0.955800
vt 0.089300 0.955400
vt 0.002000 0.955500
vt 0.526100 0.055600
vt 0.524400 0.055600
vt 0.524400 0.054800
vt 0.595800 0.109800
vt 0.597100 0.108300
vt 0.596300 0.110100
vt 0.543400 0.287400
vt 0.543400 0.285100
vt 0.544200 0.285000
vt 0.538900 0.280700
vt 0.536600 0.280500
vt 0.536500 0.279800
vt 0.593300 0.430800
vt 0.590500 0.430800
vt 0.592800 0.429700
vt 0.640500 0.976000
vt 0.640500 0.978200
vt 0.639700 0.978400
vt 0.532200 0.040700
vt 0.532200 0.042900
vt 0.531300 0.043100
vt 0.448900 0.680300
vt 0.446200 0.680000
vt 0.446400 0.679200
vt 0.099300 0.786600
vt 0.099300 0.788800
vt 0.098600 0.788600
vt 0.216600 0.344400
vt 0.214100 0.343300
vt 0.216600 0.343500
vt 0.434300 0.504600
vt 0.431700 0.504000
vt 0.434100 0.504000
vt 0.520700 0.018100
vt 0.523600 0.019300
vt 0.523000 0.020100
vt 0.523700 0.281500
vt 0.525300 0.283000
vt 0.520600 0.286000
vt 0.526100 0.287100
vt 0.525200 0.289100
vt 0.688900 0.467900
vt 0.678100 0.316400
vt 0.688900 0.316400
vt 0.541700 0.611100
vt 0.530800 0.459600
vt 0.541700 0.459600
vt 0.778200 0.602700
vt 0.778200 0.744400
vt 0.778200 0.734600
vt 0.844300 0.169000
vt 0.844300 0.310700
vt 0.844300 0.300900
vt 0.699500 0.180600
vt 0.696900 0.180600
vt 0.696800 0.179800
vt 0.522500 0.225500
vt 0.522500 0.228000
vt 0.521800 0.228200
vt 0.585200 0.956300
vt 0.584400 0.956300
vt 0.433200 0.822100
vt 0.429700 0.822100
vt 0.433200 0.821100
vt 0.498700 0.027400
vt 0.497900 0.025400
vt 0.503300 0.024300
vt 0.502200 0.029800
vt 0.500200 0.028900
vt 0.541000 0.246300
vt 0.539000 0.247100
vt 0.537900 0.241700
vt 0.543400 0.242800
vt 0.542500 0.244700
vt 0.537900 0.241700
vt 0.630400 0.066600
vt 0.628400 0.068600
vt 0.627700 0.068200
vt 0.329600 0.651200
vt 0.640200 0.319100
vt 0.644100 0.335600
vt 0.644100 0.627900
vt 0.295200 0.330800
vt 0.295200 0.332700
vt 0.605800 0.450400
vt 0.616600 0.460200
vt 0.605800 0.601900
vt 0.738600 0.159200
vt 0.642100 0.647100
vt 0.617100 0.284600
vt 0.615100 0.284600
vt 0.615100 0.195900
vt 0.572400 0.948500
vt 0.565000 0.948500
vt 0.565000 0.747800
vt 0.682900 0.190900
vt 0.678400 0.184700
vt 0.690300 0.184700
vt 0.638600 0.097100
vt 0.640700 0.095000
vt 0.641400 0.095500
vt 0.526400 0.230400
vt 0.517600 0.217800
vt 0.506800 0.066300
vt 0.517600 0.066300
vt 0.764200 0.002000
vt 0.758500 0.153500
vt 0.616600 0.592100
vt 0.007000 0.983100
vt 0.007200 0.984100
vt 0.002300 0.984800
vt 0.507300 0.033300
vt 0.505000 0.032500
vt 0.507300 0.032800
vt 0.188500 0.954800
vt 0.188500 0.956400
vt 0.187600 0.956400
vt 0.524600 0.948000
vt 0.523000 0.943100
vt 0.524800 0.943100
vt 0.303900 0.988900
vt 0.301400 0.990900
vt 0.302300 0.988900
vt 0.199000 0.957200
vt 0.194100 0.958900
vt 0.504400 0.263300
vt 0.506400 0.264200
vt 0.497900 0.269800
vt 0.497900 0.267600
vt 0.503300 0.268700
vt 0.502600 0.785800
vt 0.478000 0.785800
vt 0.478000 0.633400
vt 0.519500 0.218700
vt 0.519500 0.066300
vt 0.544200 0.218700
vt 0.502600 0.633400
vt 0.544200 0.066300
vt 0.699600 0.190900
vt 0.692200 0.184700
vt 0.704000 0.184700
vt 0.403500 0.545900
vt 0.396100 0.545900
vt 0.396100 0.345200
vt 0.532200 0.287300
vt 0.532200 0.289900
vt 0.531300 0.287500
vt 0.452300 0.964700
vt 0.449600 0.964000
vt 0.452300 0.964000
vt 0.559900 0.975400
vt 0.560300 0.977400
vt 0.559500 0.977600
vt 0.317800 0.810100
vt 0.315300 0.810100
vt 0.317700 0.809600
vt 0.427600 0.352800
vt 0.426000 0.351900
vt 0.544100 0.296600
vt 0.610300 0.086700
vt 0.608300 0.089200
vt 0.609600 0.086300
vt 0.544200 0.053300
vt 0.541200 0.052200
vt 0.544100 0.052200
vt 0.534400 0.930800
vt 0.534400 0.933000
vt 0.533600 0.933100
vt 0.534400 0.935700
vt 0.533600 0.938300
vt 0.533600 0.935700
vt 0.616600 0.601900
vt 0.643800 0.972400
vt 0.643100 0.974100
vt 0.643100 0.972400
vt 0.462200 0.356600
vt 0.459800 0.357000
vt 0.459800 0.356600
vt 0.795400 0.305000
vt 0.795000 0.307000
vt 0.795000 0.305000
vt 0.584700 0.296500
vt 0.582300 0.295900
vt 0.582500 0.295400
vt 0.686900 0.180700
vt 0.684300 0.179900
vt 0.687000 0.179900
vt 0.543400 0.043000
vt 0.543300 0.040800
vt 0.544200 0.040600
vt 0.212100 0.838100
vt 0.211400 0.840500
vt 0.211400 0.838300
vt 0.212100 0.831000
vt 0.212100 0.833100
vt 0.211400 0.832900
vt 0.403500 0.345200
vt 0.561200 0.018100
vt 0.464000 0.964700
vt 0.461500 0.964700
vt 0.461400 0.964000
vt 0.607900 0.944600
vt 0.607200 0.947100
vt 0.607200 0.944400
vt 0.452100 0.312300
vt 0.586900 0.106200
vt 0.586400 0.108300
vt 0.586400 0.106100
vt 0.604800 0.127100
vt 0.607000 0.127100
vt 0.607100 0.127400
vt 0.643800 0.978000
vt 0.643100 0.979600
vt 0.642200 0.979700
vt 0.585500 0.333100
vt 0.582200 0.333100
vt 0.500500 0.438600
vt 0.497300 0.438600
vt 0.497200 0.437500
vt 0.538800 0.047600
vt 0.541400 0.047300
vt 0.539000 0.048300
vt 0.431700 0.506100
vt 0.429000 0.505400
vt 0.431700 0.505400
vt 0.677400 0.141900
vt 0.675500 0.002000
vt 0.577800 0.141900
vt 0.575800 0.002000
vt 0.542600 0.328800
vt 0.481700 0.328800
vt 0.545000 0.326600
vt 0.543800 0.451600
vt 0.627500 0.321600
vt 0.568700 0.319700
vt 0.629600 0.319700
vt 0.627500 0.439500
vt 0.724300 0.167000
vt 0.671300 0.165300
vt 0.727100 0.164400
vt 0.726200 0.281500
vt 0.508500 0.224200
vt 0.507700 0.226900
vt 0.507700 0.224100
vt 0.687500 0.023600
vt 0.684900 0.023600
vt 0.684800 0.022800
vt 0.227200 0.179600
vt 0.228300 0.179300
vt 0.640700 0.076900
vt 0.642600 0.074400
vt 0.641400 0.077400
vt 0.669500 0.307700
vt 0.669500 0.309100
vt 0.664600 0.309100
vt 0.583300 0.181100
vt 0.583500 0.180100
vt 0.588400 0.180600
vt 0.453400 0.673300
vt 0.453100 0.672300
vt 0.452900 0.676300
vt 0.450200 0.676300
vt 0.450400 0.675400
vt 0.606000 0.338500
vt 0.603500 0.338200
vt 0.603500 0.337400
vt 0.519500 0.291500
vt 0.517500 0.290600
vt 0.443900 0.676300
vt 0.440800 0.675400
vt 0.443700 0.675400
vt 0.447000 0.676300
vt 0.522500 0.220900
vt 0.522500 0.223000
vt 0.521800 0.222900
vt 0.521800 0.225500
vt 0.427700 0.630100
vt 0.426000 0.630100
vt 0.426000 0.629300
vt 0.767000 0.306000
vt 0.771800 0.307800
vt 0.767000 0.307400
vt 0.591700 0.345000
vt 0.592700 0.341700
vt 0.592700 0.345100
vt 0.426600 0.824000
vt 0.423900 0.824000
vt 0.423500 0.823200
vt 0.007300 0.778400
vt 0.007700 0.907200
vt 0.007000 0.907000
vt 0.542600 0.450500
vt 0.483800 0.448600
vt 0.540500 0.448600
vt 0.188500 0.960300
vt 0.394700 0.979500
vt 0.393300 0.981300
vt 0.394100 0.979600
vt 0.464000 0.964000
vt 0.468700 0.964700
vt 0.466500 0.964700
vt 0.466700 0.964000
vt 0.523200 0.948000
vt 0.679300 0.296500
vt 0.620500 0.097100
vt 0.622600 0.095000
vt 0.623300 0.095500
vt 0.590800 0.431900
vt 0.630400 0.084700
vt 0.628400 0.086700
vt 0.627700 0.086300
vt 0.515700 0.234400
vt 0.514700 0.237400
vt 0.514700 0.234500
vt 0.207800 0.662000
vt 0.207300 0.662400
vt 0.207300 0.337400
vt 0.293200 0.662400
vt 0.667100 0.161400
vt 0.667100 0.285300
vt 0.664600 0.159200
vt 0.731600 0.160300
vt 0.567500 0.318600
vt 0.567500 0.442500
vt 0.566300 0.317500
vt 0.632000 0.317500
vt 0.484700 0.331600
vt 0.483800 0.330700
vt 0.539500 0.331600
vt 0.727100 0.282300
vt 0.670400 0.282300
vt 0.672300 0.280600
vt 0.887600 0.002700
vt 0.887500 0.003700
vt 0.882600 0.003300
vt 0.771800 0.310600
vt 0.771800 0.311800
vt 0.512400 0.931600
vt 0.511600 0.933200
vt 0.511600 0.931500
vt 0.843600 0.141700
vt 0.843600 0.144100
vt 0.843200 0.141700
vt 0.644100 0.647100
vt 0.561200 0.015700
vt 0.537800 0.298700
vt 0.534400 0.298700
vt 0.534400 0.298700
vt 0.534300 0.297700
vt 0.531400 0.297700
vt 0.531500 0.296600
vt 0.189200 0.969800
vt 0.184300 0.971600
vt 0.184300 0.969800
vt 0.189200 0.967200
vt 0.184300 0.968100
vt 0.184300 0.966600
vt 0.443000 0.964700
vt 0.440500 0.964000
vt 0.443200 0.964000
vt 0.449800 0.964700
vt 0.405800 0.963200
vt 0.537800 0.294600
vt 0.534500 0.295600
vt 0.534800 0.294600
vt 0.681800 0.175900
vt 0.678900 0.175900
vt 0.681700 0.174900
vt 0.688500 0.175900
vt 0.685200 0.175900
vt 0.685200 0.174900
vt 0.514700 0.244200
vt 0.514700 0.247100
vt 0.513600 0.246800
vt 0.734700 0.031600
vt 0.735900 0.029200
vt 0.735500 0.031900
vt 0.561200 0.308000
vt 0.645800 0.319300
vt 0.435600 0.948800
vt 0.432400 0.947900
vt 0.435400 0.947900
vt 0.438600 0.951900
vt 0.435700 0.951900
vt 0.438800 0.950900
vt 0.684300 0.180700
vt 0.682000 0.181200
vt 0.679800 0.181300
vt 0.681700 0.180400
vt 0.516700 0.219900
vt 0.516700 0.222700
vt 0.516700 0.222700
vt 0.516700 0.226100
vt 0.515700 0.229600
vt 0.515700 0.226100
vt 0.465200 0.831400
vt 0.465300 0.918000
vt 0.464700 0.831400
vt 0.020400 0.683400
vt 0.027000 0.683400
vt 0.020400 0.765400
vt 0.007200 0.977900
vt 0.007000 0.978900
vt 0.002100 0.978400
vt 0.380600 0.648300
vt 0.381300 0.652000
vt 0.379900 0.652000
vt 0.588800 0.330000
vt 0.585500 0.329000
vt 0.588500 0.329000
vt 0.515400 0.020000
vt 0.518100 0.020100
vt 0.516000 0.021000
vt 0.543300 0.226000
vt 0.543200 0.223400
vt 0.544200 0.225800
vt 0.607200 0.947100
vt 0.606400 0.949700
vt 0.606400 0.947100
vt 0.443900 0.952800
vt 0.440800 0.951900
vt 0.443700 0.951900
vt 0.438200 0.676300
vt 0.435500 0.676300
vt 0.435700 0.675400
vt 0.576200 0.423900
vt 0.576200 0.341900
vt 0.582900 0.341900
vt 0.639000 0.650900
vt 0.645600 0.650900
vt 0.639000 0.968100
vt 0.459600 0.508300
vt 0.460500 0.508200
vt 0.460200 0.594900
vt 0.708000 0.643000
vt 0.707000 0.642900
vt 0.707300 0.316400
vt 0.582900 0.423900
vt 0.384000 0.979700
vt 0.384000 0.982700
vt 0.302000 0.979700
vt 0.611400 0.122500
vt 0.611800 0.120200
vt 0.611800 0.122500
vt 0.668700 0.294100
vt 0.668700 0.295700
vt 0.667900 0.294000
vt 0.453700 0.833300
vt 0.451200 0.831400
vt 0.454200 0.832700
vt 0.517300 0.356100
vt 0.517300 0.352600
vt 0.517300 0.352600
vt 0.007000 0.778500
vt 0.027000 0.765400
vt 0.645600 0.968100
vt 0.464300 0.918100
vt 0.708300 0.316500
vt 0.701400 0.987400
vt 0.701000 0.989800
vt 0.700600 0.987400
vt 0.701000 0.983100
vt 0.701400 0.985000
vt 0.700600 0.985200
vt 0.569200 0.971500
vt 0.567800 0.971400
vt 0.567900 0.966500
vt 0.362200 0.648300
vt 0.364200 0.651400
vt 0.362900 0.652000
vt 0.584200 0.971500
vt 0.582800 0.971400
vt 0.582800 0.966500
vt 0.098000 0.959800
vt 0.095900 0.956700
vt 0.097300 0.956200
vt 0.098600 0.791300
vt 0.097800 0.793900
vt 0.097800 0.791300
vt 0.530000 0.265800
vt 0.532700 0.264500
vt 0.530800 0.266300
vt 0.571700 0.438700
vt 0.626500 0.438700
vt 0.485700 0.446900
vt 0.630800 0.442500
vt 0.566300 0.443600
vt 0.653500 0.316400
vt 0.664400 0.316400
vt 0.664400 0.610000
vt 0.519200 0.927000
vt 0.508300 0.927000
vt 0.508300 0.633400
vt 0.496400 0.341200
vt 0.493500 0.340200
vt 0.496400 0.340200
vt 0.496700 0.343100
vt 0.493600 0.342200
vt 0.496500 0.342200
vt 0.533000 0.353700
vt 0.533000 0.350500
vt 0.534000 0.350400
vt 0.530700 0.348300
vt 0.529000 0.346900
vt 0.529700 0.346400
vt 0.453800 0.356600
vt 0.451900 0.357000
vt 0.451800 0.356600
vt 0.445000 0.313100
vt 0.443300 0.312300
vt 0.444900 0.312300
vt 0.449400 0.356600
vt 0.447200 0.356200
vt 0.449400 0.356200
vt 0.447000 0.357400
vt 0.445000 0.357400
vt 0.445000 0.357000
vt 0.211500 0.828800
vt 0.209100 0.828000
vt 0.210000 0.826500
vt 0.505800 0.440400
vt 0.503500 0.439200
vt 0.503800 0.438200
vt 0.403900 0.979500
vt 0.403900 0.980700
vt 0.403900 0.980700
vt 0.371400 0.648300
vt 0.369300 0.651400
vt 0.368300 0.650400
vt 0.530800 0.611100
vt 0.565000 0.002000
vt 0.565000 0.153500
vt 0.506800 0.217800
vt 0.664600 0.002000
vt 0.664600 0.153500
vt 0.678100 0.467900
vt 0.565000 0.159200
vt 0.565000 0.310700
vt 0.718200 0.934700
vt 0.717400 0.937100
vt 0.717800 0.934800
vt 0.718900 0.937100
vt 0.718200 0.939600
vt 0.718600 0.937100
vt 0.701800 0.181000
vt 0.699600 0.179800
vt 0.702100 0.180300
vt 0.500200 0.273300
vt 0.498700 0.271800
vt 0.503300 0.268800
vt 0.489800 0.791500
vt 0.572400 0.747800
vt 0.535700 0.443400
vt 0.508100 0.437300
vt 0.535700 0.437300
vt 0.534200 0.622400
vt 0.426400 0.823200
vt 0.526400 0.220700
vt 0.525400 0.223700
vt 0.525400 0.221000
vt 0.536600 0.232600
vt 0.538800 0.232800
vt 0.539000 0.233500
vt 0.383300 0.966800
vt 0.382500 0.969000
vt 0.382500 0.966800
vt 0.500300 0.019700
vt 0.502300 0.018900
vt 0.214500 0.022300
vt 0.214100 0.150900
vt 0.213600 0.022500
vt 0.613700 0.113200
vt 0.613700 0.100900
vt 0.642600 0.100900
vt 0.613700 0.115100
vt 0.642600 0.115100
vt 0.613700 0.127400
vt 0.642600 0.127400
vt 0.642600 0.113200
vt 0.508100 0.443400
vt 0.416100 0.308600
vt 0.403700 0.308600
vt 0.403700 0.015000
vt 0.565000 0.744000
vt 0.565000 0.450400
vt 0.577300 0.744000
vt 0.416100 0.015000
vt 0.577300 0.450400
vt 0.519200 0.633400
vt 0.653500 0.610000
vt 0.658900 0.159200
vt 0.658900 0.310700
vt 0.775100 0.153500
vt 0.658900 0.153500
vt 0.749400 0.310700
vt 0.525200 0.433000
vt 0.535000 0.361300
vt 0.535000 0.433000
vt 0.501900 0.361300
vt 0.511700 0.433000
vt 0.501900 0.433000
vt 0.513600 0.433000
vt 0.523300 0.361300
vt 0.523300 0.433000
vt 0.511700 0.361300
vt 0.490200 0.361300
vt 0.500000 0.433000
vt 0.490200 0.433000
vt 0.500000 0.361300
vt 0.525200 0.361300
vt 0.513600 0.361300
vt 0.594600 0.352200
vt 0.584800 0.423900
vt 0.584800 0.352200
vt 0.229300 0.165100
vt 0.591400 0.334000
vt 0.588900 0.333100
vt 0.591800 0.333100
vt 0.722400 0.277100
vt 0.694800 0.271000
vt 0.722400 0.271000
vt 0.541400 0.933000
vt 0.541000 0.935200
vt 0.541000 0.933000
vt 0.541400 0.928600
vt 0.541800 0.930500
vt 0.541400 0.930600
vt 0.225500 0.209100
vt 0.231600 0.181500
vt 0.231600 0.209100
vt 0.622800 0.434300
vt 0.595200 0.428200
vt 0.622800 0.428200
vt 0.732400 0.055700
vt 0.742200 0.127400
vt 0.732400 0.127400
vt 0.594600 0.423900
vt 0.742200 0.055700
vt 0.329600 0.645000
vt 0.318700 0.645000
vt 0.318700 0.351500
vt 0.581100 0.450400
vt 0.592000 0.450400
vt 0.592000 0.744000
vt 0.581100 0.744000
vt 0.329600 0.351500
vt 0.609000 0.112000
vt 0.610600 0.110400
vt 0.610900 0.110600
vt 0.843200 0.144100
vt 0.842800 0.146300
vt 0.842800 0.144100
vt 0.531200 0.358900
vt 0.533400 0.357000
vt 0.532100 0.359400
vt 0.682000 0.176800
vt 0.679300 0.176800
vt 0.775100 0.002000
vt 0.749400 0.159200
vt 0.658900 0.002000
vt 0.616600 0.450400
vt 0.758500 0.002000
vt 0.225500 0.181500
vt 0.595200 0.434300
vt 0.392500 0.981300
vt 0.392500 0.983300
vt 0.392500 0.981300
vt 0.394100 0.985300
vt 0.393300 0.986900
vt 0.393300 0.985200
vt 0.694800 0.277100
vt 0.534800 0.050200
vt 0.212100 0.835600
vt 0.432400 0.671300
vt 0.429100 0.672300
vt 0.429400 0.671300
vt 0.525900 0.024500
vt 0.525900 0.027200
vt 0.524800 0.026900
vt 0.517600 0.235000
vt 0.517600 0.237600
vt 0.516700 0.237400
vt 0.421600 0.625900
vt 0.419900 0.626700
vt 0.419600 0.625900
vt 0.836800 0.131200
vt 0.836100 0.002500
vt 0.837100 0.002000
vt 0.534900 0.277900
vt 0.532100 0.276700
vt 0.532600 0.275900
vt 0.509000 0.221900
vt 0.289800 0.299000
vt 0.289700 0.301300
vt 0.289300 0.301200
vt 0.466200 0.680200
vt 0.464100 0.680200
vt 0.466100 0.679800
vt 0.433100 0.823200
vt 0.429700 0.824000
vt 0.429700 0.823200
vt 0.582600 0.956000
vt 0.581100 0.958200
vt 0.581100 0.955600
vt 0.383300 0.961500
vt 0.383300 0.964100
vt 0.382500 0.964100
vt 0.511500 0.024200
vt 0.512700 0.021400
vt 0.513500 0.021900
vt 0.522500 0.054800
vt 0.520500 0.055600
vt 0.518800 0.055600
vt 0.518800 0.054800
vt 0.450500 0.950900
vt 0.447000 0.950900
vt 0.447000 0.948800
vt 0.443800 0.948800
vt 0.444000 0.947900
vt 0.532500 0.619700
vt 0.532900 0.616700
vt 0.533600 0.619100
vt 0.601100 0.338500
vt 0.600900 0.337700
vt 0.466200 0.671300
vt 0.455300 0.677500
vt 0.455300 0.671300
vt 0.453900 0.624700
vt 0.443100 0.630800
vt 0.443100 0.624700
vt 0.466700 0.348200
vt 0.455800 0.354300
vt 0.455800 0.348200
vt 0.436700 0.356600
vt 0.434300 0.357000
vt 0.434300 0.356600
vt 0.011100 0.970900
vt 0.008800 0.971500
vt 0.010700 0.970200
vt 0.380600 0.648300
vt 0.377500 0.646200
vt 0.378600 0.645200
vt 0.382700 0.645200
vt 0.383700 0.646200
vt 0.598900 0.338400
vt 0.582000 0.122900
vt 0.583100 0.120400
vt 0.582800 0.122900
vt 0.520700 0.277900
vt 0.517800 0.277000
vt 0.520500 0.277000
vt 0.703700 0.181900
vt 0.816500 0.145000
vt 0.812700 0.006200
vt 0.816500 0.002000
vt 0.208300 0.819900
vt 0.212100 0.681100
vt 0.212100 0.815700
vt 0.790800 0.302200
vt 0.787100 0.163400
vt 0.790800 0.159200
vt 0.812700 0.140800
vt 0.208300 0.676900
vt 0.560800 0.599600
vt 0.560800 0.602000
vt 0.560400 0.602000
vt 0.851400 0.136200
vt 0.851100 0.138100
vt 0.851100 0.136100
vt 0.515300 0.275900
vt 0.513400 0.274000
vt 0.514400 0.273400
vt 0.512400 0.271500
vt 0.513600 0.269100
vt 0.513500 0.271300
vt 0.210700 0.482000
vt 0.210300 0.353200
vt 0.210700 0.353300
vt 0.010200 0.907200
vt 0.010900 0.778500
vt 0.010900 0.907000
vt 0.543600 0.055200
vt 0.540900 0.055200
vt 0.541200 0.054300
vt 0.617500 0.339400
vt 0.615300 0.339400
vt 0.615100 0.337600
vt 0.528500 0.230400
vt 0.528500 0.233200
vt 0.527500 0.233400
vt 0.299000 0.993500
vt 0.399000 0.978900
vt 0.795000 0.300300
vt 0.795000 0.302600
vt 0.794600 0.302600
vt 0.861300 0.165100
vt 0.856600 0.166800
vt 0.856400 0.165600
vt 0.559900 0.979800
vt 0.559900 0.982200
vt 0.559500 0.982100
vt 0.523500 0.237100
vt 0.521400 0.236100
vt 0.523400 0.236300
vt 0.459900 0.356200
vt 0.462200 0.356200
vt 0.286600 0.965000
vt 0.285700 0.967600
vt 0.285700 0.965100
vt 0.456900 0.964700
vt 0.454800 0.964700
vt 0.454900 0.964000
vt 0.836100 0.130900
vt 0.600200 0.120500
vt 0.599900 0.122800
vt 0.599800 0.120400
vt 0.725000 0.960300
vt 0.724600 0.962700
vt 0.724600 0.960400
vt 0.362200 0.648300
vt 0.364300 0.645200
vt 0.365300 0.646200
vt 0.362200 0.648300
vt 0.358500 0.649000
vt 0.358500 0.647600
vt 0.787100 0.298000
vt 0.630700 0.750600
vt 0.634500 0.611800
vt 0.634500 0.746400
vt 0.630700 0.607600
vt 0.633700 0.754400
vt 0.790200 0.306200
vt 0.788900 0.308600
vt 0.789300 0.306000
vt 0.405400 0.637500
vt 0.405400 0.345200
vt 0.413800 0.345200
vt 0.231600 0.210900
vt 0.588700 0.334000
vt 0.524500 0.053100
vt 0.522500 0.052200
vt 0.524700 0.052200
vt 0.514700 0.042900
vt 0.514900 0.045500
vt 0.514000 0.043100
vt 0.408400 0.964700
vt 0.405900 0.964700
vt 0.405700 0.964000
vt 0.310200 0.225800
vt 0.307600 0.225000
vt 0.310100 0.225000
vt 0.490200 0.439200
vt 0.490900 0.436900
vt 0.490700 0.439300
vt 0.701800 0.987400
vt 0.702200 0.989800
vt 0.701800 0.989900
vt 0.552100 0.834100
vt 0.547700 0.834100
vt 0.547700 0.633400
vt 0.703600 0.191400
vt 0.704000 0.266700
vt 0.699600 0.266700
vt 0.293200 0.337800
vt 0.207600 0.337700
vt 0.293200 0.337500
vt 0.646100 0.643800
vt 0.645800 0.644200
vt 0.089300 0.627500
vt 0.002000 0.628100
vt 0.098000 0.959800
vt 0.101100 0.961900
vt 0.100100 0.962900
vt 0.098000 0.959800
vt 0.097300 0.963500
vt 0.095900 0.962900
vt 0.817600 0.298900
vt 0.817200 0.301300
vt 0.817200 0.299000
vt 0.591000 0.102100
vt 0.588800 0.102400
vt 0.590900 0.101600
vt 0.299000 0.982700
vt 0.299000 0.659500
vt 0.098600 0.788600
vt 0.532500 0.240500
vt 0.533300 0.238600
vt 0.621700 0.087400
vt 0.620200 0.085200
vt 0.620600 0.084700
vt 0.617900 0.083600
vt 0.289800 0.156700
vt 0.289800 0.289900
vt 0.795800 0.298200
vt 0.795400 0.300200
vt 0.795400 0.298100
vt 0.491400 0.437100
vt 0.604700 0.116400
vt 0.602500 0.116800
vt 0.604600 0.115900
vt 0.466600 0.356600
vt 0.464600 0.357000
vt 0.464600 0.356600
vt 0.099300 0.782000
vt 0.099300 0.784200
vt 0.098600 0.782200
vt 0.099300 0.774900
vt 0.099300 0.777000
vt 0.098600 0.776900
vt 0.560700 0.982200
vt 0.560700 0.984300
vt 0.560300 0.984300
vt 0.559600 0.599600
vt 0.559200 0.601900
vt 0.559200 0.599600
vt 0.503100 0.339100
vt 0.530700 0.029600
vt 0.529700 0.027100
vt 0.530800 0.026900
vt 0.611400 0.108400
vt 0.610900 0.106200
vt 0.610600 0.104100
vt 0.611400 0.106100
vt 0.704000 0.181200
vt 0.504400 0.274200
vt 0.502200 0.274200
vt 0.371400 0.648300
vt 0.369300 0.645200
vt 0.370700 0.644600
vt 0.371400 0.648300
vt 0.374500 0.646200
vt 0.375100 0.647600
vt 0.537800 0.055200
vt 0.534600 0.055200
vt 0.534400 0.054300
vt 0.691000 0.176800
vt 0.688300 0.176800
vt 0.576900 0.434300
vt 0.576900 0.431900
vt 0.577400 0.434300
vt 0.724200 0.962700
vt 0.413800 0.637500
vt 0.319000 0.804700
vt 0.002000 0.954900
vt 0.088900 0.955000
vt 0.642100 0.316400
vt 0.644100 0.318400
vt 0.461700 0.679800
vt 0.459400 0.679400
vt 0.461700 0.679400
vt 0.459400 0.680900
vt 0.457400 0.680900
vt 0.459300 0.680600
vt 0.800700 0.323700
vt 0.799400 0.326600
vt 0.798300 0.326000
vt 0.535200 0.263400
vt 0.537600 0.264600
vt 0.535400 0.264600
vt 0.436100 0.822100
vt 0.465600 0.942500
vt 0.447000 0.357000
vt 0.447100 0.356600
vt 0.603000 0.102900
vt 0.601100 0.104000
vt 0.602700 0.102400
vt 0.850300 0.140500
vt 0.850300 0.142900
vt 0.849900 0.142800
vt 0.424000 0.674600
vt 0.419200 0.676100
vt 0.419000 0.674800
vt 0.285400 0.962700
vt 0.285600 0.879500
vt 0.286100 0.962900
vt 0.701000 0.523200
vt 0.701700 0.523000
vt 0.701300 0.842900
vt 0.530700 0.274000
vt 0.531700 0.273400
vt 0.528800 0.271700
vt 0.529700 0.268800
vt 0.529700 0.271500
vt 0.002300 0.977200
vt 0.828400 0.142400
vt 0.828700 0.144800
vt 0.828300 0.144900
vt 0.464100 0.679800
vt 0.541900 0.302300
vt 0.539500 0.301900
vt 0.539600 0.301500
vt 0.844300 0.159200
vt 0.771100 0.727000
vt 0.441200 0.357400
vt 0.439100 0.357000
vt 0.441200 0.357000
vt 0.439100 0.357400
vt 0.436700 0.357000
vt 0.449800 0.309700
vt 0.448200 0.310600
vt 0.448000 0.309700
vt 0.450100 0.311500
vt 0.311800 0.992500
vt 0.308800 0.993200
vt 0.311800 0.989200
vt 0.459200 0.594900
vt 0.778200 0.592900
vt 0.440500 0.964700
vt 0.438000 0.964700
vt 0.435600 0.964000
vt 0.437900 0.964000
vt 0.469000 0.964000
vt 0.099300 0.791300
vt 0.099300 0.793800
vt 0.098600 0.793900
vt 0.436400 0.506100
vt 0.434200 0.506100
vt 0.434400 0.505400
vt 0.501700 0.992100
vt 0.495500 0.992100
vt 0.495500 0.791500
vt 0.690300 0.190900
vt 0.529200 0.927000
vt 0.523000 0.927000
vt 0.529200 0.633400
vt 0.642600 0.211000
vt 0.636500 0.211000
vt 0.642600 0.200100
vt 0.818000 0.301300
vt 0.818000 0.303700
vt 0.817600 0.303700
vt 0.510100 0.280700
vt 0.511600 0.282400
vt 0.511300 0.282600
vt 0.530800 0.021900
vt 0.532700 0.020000
vt 0.533300 0.021000
vt 0.535200 0.019000
vt 0.537600 0.020200
vt 0.535400 0.020100
vt 0.694300 0.180300
vt 0.413000 0.964700
vt 0.410900 0.964700
vt 0.453900 0.357000
vt 0.541800 0.933000
vt 0.541800 0.935400
vt 0.541400 0.935300
vt 0.689500 0.136800
vt 0.743200 0.136800
vt 0.743200 0.139700
vt 0.395600 0.668400
vt 0.395600 0.960700
vt 0.392800 0.960700
vt 0.511500 0.268600
vt 0.512400 0.268800
vt 0.512700 0.265800
vt 0.515400 0.264500
vt 0.513500 0.266300
vt 0.689500 0.021800
vt 0.743200 0.021800
vt 0.689500 0.024600
vt 0.392800 0.668400
vt 0.512400 0.935200
vt 0.512400 0.933200
vt 0.377900 0.682300
vt 0.085300 0.642900
vt 0.085300 0.776200
vt 0.547700 0.839700
vt 0.553800 0.839700
vt 0.553800 0.991200
vt 0.718500 0.316400
vt 0.718500 0.467900
vt 0.712300 0.316400
vt 0.712300 0.467900
vt 0.547700 0.991200
vt 0.432400 0.673300
vt 0.432400 0.672300
vt 0.432400 0.676300
vt 0.429200 0.676300
vt 0.429000 0.675400
vt 0.391600 0.979500
vt 0.389900 0.980900
vt 0.389900 0.978900
vt 0.393300 0.979700
vt 0.606700 0.111700
vt 0.608700 0.111600
vt 0.606800 0.112300
vt 0.432300 0.356600
vt 0.464900 0.920400
vt 0.464900 0.937100
vt 0.464500 0.920200
vt 0.461300 0.936000
vt 0.461600 0.918700
vt 0.461600 0.936200
vt 0.465800 0.599100
vt 0.466100 0.616400
vt 0.465500 0.616000
vt 0.461100 0.597300
vt 0.460100 0.614300
vt 0.460400 0.597000
vt 0.206500 0.332700
vt 0.010500 0.778400
vt 0.810600 0.288200
vt 0.810000 0.159200
vt 0.810600 0.159600
vt 0.389200 0.651500
vt 0.389200 0.329200
vt 0.389800 0.329800
vt 0.473800 0.329400
vt 0.569100 0.954600
vt 0.568300 0.956300
vt 0.568300 0.954600
vt 0.565700 0.958300
vt 0.565700 0.960600
vt 0.565000 0.960900
vt 0.544200 0.271800
vt 0.543200 0.271600
vt 0.543200 0.268900
vt 0.528500 0.935200
vt 0.528500 0.937300
vt 0.527900 0.937200
vt 0.527100 0.933200
vt 0.526300 0.935200
vt 0.526300 0.933200
vt 0.006000 0.774800
vt 0.006500 0.642900
vt 0.006500 0.774800
vt 0.676800 0.277100
vt 0.677300 0.274700
vt 0.677300 0.277000
vt 0.577100 0.429600
vt 0.577500 0.429700
vt 0.390700 0.987400
vt 0.392500 0.987000
vt 0.466100 0.598900
vt 0.460700 0.613900
vt 0.548900 0.619000
vt 0.548900 0.621200
vt 0.548100 0.621200
vt 0.511300 0.943800
vt 0.510400 0.946400
vt 0.510400 0.943700
vt 0.464200 0.920000
vt 0.464200 0.937500
vt 0.626500 0.200100
vt 0.620300 0.211000
vt 0.620300 0.200100
vt 0.430300 0.348200
vt 0.441200 0.354300
vt 0.430300 0.354300
vt 0.430300 0.624700
vt 0.441200 0.630800
vt 0.430300 0.630800
vt 0.581100 0.747800
vt 0.587300 0.747800
vt 0.587300 0.948500
vt 0.610200 0.417700
vt 0.617600 0.417700
vt 0.610200 0.423900
vt 0.211000 0.353400
vt 0.211600 0.481800
vt 0.211000 0.481900
vt 0.426200 0.626700
vt 0.424000 0.626700
vt 0.424000 0.625200
vt 0.516700 0.244200
vt 0.516700 0.247000
vt 0.515700 0.247200
vt 0.528500 0.223600
vt 0.527500 0.227000
vt 0.527500 0.223500
vt 0.517600 0.033500
vt 0.514800 0.032300
vt 0.515300 0.031500
vt 0.512400 0.027100
vt 0.513600 0.024600
vt 0.513500 0.026900
vt 0.431700 0.504600
vt 0.429100 0.504600
vt 0.429300 0.504000
vt 0.303800 0.156100
vt 0.303500 0.158800
vt 0.302700 0.158600
vt 0.319000 0.705700
vt 0.314800 0.729500
vt 0.314800 0.709500
vt 0.525900 0.268900
vt 0.525900 0.271600
vt 0.524800 0.271300
vt 0.526900 0.271800
vt 0.213600 0.150800
vt 0.579200 0.332100
vt 0.579200 0.331100
vt 0.837100 0.137800
vt 0.835600 0.140000
vt 0.835600 0.137100
vt 0.665300 0.295300
vt 0.664600 0.297700
vt 0.664600 0.295100
vt 0.667000 0.295600
vt 0.506400 0.028900
vt 0.504400 0.029800
vt 0.097800 0.784400
vt 0.097800 0.782200
vt 0.506200 0.340200
vt 0.506200 0.340200
vt 0.539500 0.060200
vt 0.536800 0.059600
vt 0.537200 0.058800
vt 0.517600 0.229300
vt 0.516700 0.232300
vt 0.516700 0.229500
vt 0.515700 0.232500
vt 0.514700 0.232400
vt 0.838800 0.138400
vt 0.837400 0.140300
vt 0.836500 0.140100
vt 0.520500 0.054800
vt 0.518600 0.053100
vt 0.520500 0.054000
vt 0.302000 0.662500
vt 0.384000 0.659500
vt 0.603000 0.125900
vt 0.604900 0.126600
vt 0.601100 0.124800
vt 0.602700 0.126300
vt 0.600800 0.125000
vt 0.517900 0.263400
vt 0.520300 0.264700
vt 0.518100 0.264600
vt 0.824100 0.140900
vt 0.822900 0.144000
vt 0.822900 0.141100
vt 0.525400 0.230300
vt 0.024100 0.963500
vt 0.023700 0.966800
vt 0.022600 0.966500
vt 0.587200 0.104000
vt 0.586000 0.106000
vt 0.586900 0.103800
vt 0.589400 0.103400
vt 0.589100 0.102900
vt 0.533400 0.347200
vt 0.526500 0.052200
vt 0.524800 0.051400
vt 0.526900 0.051400
vt 0.566500 0.960500
vt 0.566500 0.962300
vt 0.565700 0.962700
vt 0.600900 0.417700
vt 0.608300 0.423900
vt 0.596500 0.423900
vt 0.684300 0.473600
vt 0.607900 0.949600
vt 0.607200 0.952000
vt 0.607200 0.949700
vt 0.520900 0.347700
vt 0.518300 0.346900
vt 0.520800 0.346900
vt 0.473800 0.631900
vt 0.473000 0.634200
vt 0.473300 0.631900
vt 0.473500 0.629600
vt 0.439300 0.311500
vt 0.437500 0.310600
vt 0.439200 0.310600
vt 0.303900 0.987300
vt 0.303100 0.987300
vt 0.536600 0.036300
vt 0.534100 0.036400
vt 0.536500 0.035400
vt 0.383300 0.959200
vt 0.382500 0.961500
vt 0.586800 0.348200
vt 0.589400 0.347200
vt 0.588400 0.349100
vt 0.581800 0.958200
vt 0.108300 0.957700
vt 0.108900 0.956700
vt 0.110200 0.962800
vt 0.286600 0.879500
vt 0.286400 0.963100
vt 0.534100 0.280800
vt 0.529700 0.024400
vt 0.531700 0.022600
vt 0.530900 0.024600
vt 0.423100 0.495900
vt 0.422000 0.496300
vt 0.531600 0.054300
vt 0.538000 0.018100
vt 0.540900 0.019300
vt 0.540300 0.020100
vt 0.542200 0.022000
vt 0.541300 0.022600
vt 0.622100 0.423900
vt 0.617600 0.341900
vt 0.621700 0.417200
vt 0.798800 0.002000
vt 0.792600 0.145000
vt 0.792600 0.002000
vt 0.773100 0.159200
vt 0.767000 0.302200
vt 0.767000 0.159200
vt 0.602000 0.747800
vt 0.595800 0.890800
vt 0.595800 0.747800
vt 0.722500 0.055700
vt 0.716300 0.127400
vt 0.716300 0.055700
vt 0.634600 0.212900
vt 0.628400 0.284600
vt 0.628400 0.212900
vt 0.636500 0.284600
vt 0.642600 0.212900
vt 0.642600 0.284600
vt 0.730500 0.055700
vt 0.724400 0.127400
vt 0.724400 0.055700
vt 0.730500 0.127400
vt 0.620300 0.284600
vt 0.626500 0.212900
vt 0.626500 0.284600
vt 0.708300 0.127400
vt 0.714400 0.055700
vt 0.714400 0.127400
vt 0.708300 0.055700
vt 0.618900 0.907800
vt 0.625000 0.764800
vt 0.625000 0.907800
vt 0.798800 0.145000
vt 0.722500 0.127400
vt 0.634600 0.284600
vt 0.620300 0.212900
vt 0.636500 0.212900
vt 0.602000 0.890800
vt 0.618900 0.764800
vt 0.773100 0.302200
vt 0.211400 0.835600
vt 0.508600 0.265200
vt 0.550600 0.624800
vt 0.512200 0.946200
vt 0.608800 0.125700
vt 0.610600 0.124500
vt 0.609100 0.126200
vt 0.474200 0.325200
vt 0.389200 0.325200
vt 0.473100 0.324100
vt 0.473100 0.003000
vt 0.643100 0.976000
vt 0.642200 0.978000
vt 0.644400 0.974000
vt 0.643800 0.976000
vt 0.394100 0.993300
vt 0.373400 0.651400
vt 0.372100 0.652000
vt 0.619100 0.175700
vt 0.616500 0.175500
vt 0.616600 0.174600
vt 0.621700 0.175400
vt 0.619100 0.174900
vt 0.676800 0.274700
vt 0.427700 0.353500
vt 0.525500 0.239800
vt 0.523600 0.239700
vt 0.523600 0.238900
vt 0.525600 0.239000
vt 0.527600 0.239100
vt 0.592900 0.126500
vt 0.594800 0.125800
vt 0.595100 0.126200
vt 0.596700 0.124600
vt 0.597000 0.124800
vt 0.312300 0.229100
vt 0.380500 0.228300
vt 0.380800 0.229100
vt 0.312500 0.221600
vt 0.381000 0.221000
vt 0.380600 0.221600
vt 0.312500 0.228700
vt 0.682500 0.880600
vt 0.678100 0.880600
vt 0.678100 0.679900
vt 0.682900 0.266700
vt 0.678400 0.266700
vt 0.678800 0.191400
vt 0.309400 0.674400
vt 0.377600 0.674100
vt 0.377400 0.674400
vt 0.523000 0.031500
vt 0.520500 0.032500
vt 0.520300 0.031400
vt 0.517800 0.032500
vt 0.516000 0.030500
vt 0.518000 0.031400
vt 0.424000 0.630700
vt 0.422000 0.630100
vt 0.424000 0.630100
vt 0.424000 0.629300
vt 0.607900 0.947100
vt 0.540300 0.275900
vt 0.429200 0.952800
vt 0.426100 0.951900
vt 0.429000 0.951900
vt 0.432400 0.952800
vt 0.517600 0.243900
vt 0.516700 0.247000
vt 0.517600 0.240800
vt 0.310200 0.222400
vt 0.307600 0.221500
vt 0.310100 0.221500
vt 0.518200 0.347700
vt 0.529400 0.223800
vt 0.529400 0.227000
vt 0.529400 0.227000
vt 0.528500 0.227000
vt 0.527500 0.230500
vt 0.329200 0.650100
vt 0.536600 0.047400
vt 0.022900 0.677700
vt 0.027000 0.653900
vt 0.027000 0.681500
vt 0.511900 0.343100
vt 0.535700 0.339000
vt 0.531900 0.343100
vt 0.619800 0.181800
vt 0.643600 0.177600
vt 0.639800 0.181800
vt 0.596300 0.104300
vt 0.595200 0.102500
vt 0.596700 0.104100
vt 0.593000 0.102100
vt 0.593100 0.101600
vt 0.541100 0.051200
vt 0.537800 0.050200
vt 0.540800 0.050200
vt 0.513600 0.237500
vt 0.512700 0.240800
vt 0.512700 0.237800
vt 0.666100 0.297700
vt 0.665300 0.300100
vt 0.665300 0.297700
vt 0.530300 0.350900
vt 0.531200 0.350700
vt 0.443000 0.962600
vt 0.219100 0.341200
vt 0.216500 0.340400
vt 0.219000 0.340400
vt 0.521800 0.220600
vt 0.521000 0.225500
vt 0.520400 0.228000
vt 0.520400 0.225500
vt 0.528800 0.268600
vt 0.098600 0.791300
vt 0.701800 0.987400
vt 0.702200 0.983100
vt 0.701800 0.985000
vt 0.701800 0.983000
vt 0.518000 0.359300
vt 0.519100 0.359100
vt 0.591700 0.341800
vt 0.591100 0.338800
vt 0.592100 0.338500
vt 0.226500 0.177000
vt 0.500600 0.437500
vt 0.587600 0.433400
vt 0.584100 0.433000
vt 0.584300 0.432000
vt 0.532400 0.356700
vt 0.534000 0.353800
vt 0.435800 0.949900
vt 0.435500 0.952800
vt 0.432400 0.951900
vt 0.516700 0.240800
vt 0.447000 0.949900
vt 0.447000 0.952800
vt 0.319000 0.733300
vt 0.537800 0.054300
vt 0.450500 0.673300
vt 0.447000 0.675400
vt 0.524200 0.280800
vt 0.473800 0.651700
vt 0.473800 0.651300
vt 0.647900 0.320400
vt 0.648300 0.320800
vt 0.649700 0.335600
vt 0.465200 0.939400
vt 0.440600 0.674400
vt 0.441300 0.312300
vt 0.441300 0.311500
vt 0.443300 0.311500
vt 0.531300 0.040500
vt 0.526200 0.357400
vt 0.526500 0.355200
vt 0.526500 0.355200
vt 0.585200 0.954600
vt 0.559600 0.602000
vt 0.425800 0.495900
vt 0.436600 0.502100
vt 0.425800 0.502100
vt 0.504900 0.066300
vt 0.498700 0.217800
vt 0.498700 0.066300
vt 0.642600 0.187300
vt 0.636500 0.198200
vt 0.636500 0.187300
vt 0.761300 0.159200
vt 0.755100 0.310700
vt 0.755100 0.159200
vt 0.443100 0.348200
vt 0.453900 0.354300
vt 0.443100 0.354300
vt 0.786900 0.002000
vt 0.780800 0.153500
vt 0.780800 0.002000
vt 0.455800 0.624700
vt 0.466700 0.630800
vt 0.455800 0.630800
vt 0.786900 0.153500
vt 0.455300 0.947900
vt 0.466200 0.954000
vt 0.455300 0.954000
vt 0.504900 0.217800
vt 0.634600 0.187300
vt 0.628400 0.198200
vt 0.628400 0.187300
vt 0.761300 0.310700
vt 0.445200 0.964700
vt 0.544200 0.024300
vt 0.543200 0.027200
vt 0.543200 0.024500
vt 0.581100 0.948500
vt 0.692200 0.190900
vt 0.668100 0.610000
vt 0.668100 0.316400
vt 0.674300 0.316400
vt 0.590400 0.181800
vt 0.590400 0.175700
vt 0.601300 0.181800
vt 0.303900 0.992900
vt 0.302300 0.994600
vt 0.302300 0.992900
vt 0.303100 0.990900
vt 0.099300 0.779500
vt 0.525700 0.030200
vt 0.524900 0.029600
vt 0.851400 0.140500
vt 0.851100 0.142900
vt 0.851100 0.140500
vt 0.850700 0.140500
vt 0.850700 0.138100
vt 0.600200 0.106100
vt 0.600200 0.108300
vt 0.599800 0.108400
vt 0.602900 0.111500
vt 0.604700 0.112800
vt 0.602600 0.112000
vt 0.800300 0.335400
vt 0.798800 0.330400
vt 0.800600 0.330400
vt 0.718900 0.934800
vt 0.643600 0.296900
vt 0.590800 0.296900
vt 0.590800 0.294000
vt 0.381100 0.957300
vt 0.381100 0.666000
vt 0.384000 0.666000
vt 0.591100 0.348000
vt 0.592100 0.348300
vt 0.599200 0.339200
vt 0.594800 0.111600
vt 0.596700 0.110400
vt 0.595100 0.112000
vt 0.589100 0.111500
vt 0.590900 0.112300
vt 0.590800 0.113200
vt 0.717800 0.939500
vt 0.717400 0.939400
vt 0.494300 0.439200
vt 0.494000 0.438200
vt 0.025000 0.770300
vt 0.022700 0.770800
vt 0.022700 0.770300
vt 0.724600 0.958400
vt 0.616000 0.177600
vt 0.186700 0.954500
vt 0.185800 0.958400
vt 0.836500 0.142500
vt 0.835600 0.142600
vt 0.678800 0.190900
vt 0.289800 0.979300
vt 0.289600 0.982000
vt 0.288700 0.981800
vt 0.289500 0.976800
vt 0.289000 0.979300
vt 0.718000 0.928400
vt 0.717400 0.797100
vt 0.718000 0.797500
vt 0.542200 0.266400
vt 0.542100 0.269100
vt 0.541300 0.267000
vt 0.540300 0.264500
vt 0.717400 0.928900
vt 0.560300 0.971100
vt 0.560600 0.840000
vt 0.560900 0.971500
vt 0.513400 0.029600
vt 0.514400 0.029000
vt 0.376900 0.649000
vt 0.377000 0.647600
vt 0.798800 0.335300
vt 0.797500 0.335400
vt 0.797200 0.330400
vt 0.639000 0.976000
vt 0.677400 0.272500
vt 0.677800 0.272600
vt 0.611400 0.120200
vt 0.022900 0.657700
vt 0.595800 0.118900
vt 0.594500 0.117600
vt 0.594800 0.117100
vt 0.593000 0.116300
vt 0.590800 0.115800
vt 0.593100 0.115800
vt 0.508100 0.339000
vt 0.497900 0.023200
vt 0.498700 0.021200
vt 0.676500 0.174500
vt 0.676900 0.172100
vt 0.676900 0.174500
vt 0.569100 0.961900
vt 0.513600 0.226100
vt 0.515700 0.222600
vt 0.542800 0.933000
vt 0.542200 0.935400
vt 0.542200 0.933000
vt 0.811000 0.159700
vt 0.811500 0.288100
vt 0.811000 0.288100
vt 0.521900 0.239600
vt 0.523500 0.240400
vt 0.521800 0.240300
vt 0.685200 0.171900
vt 0.681900 0.172800
vt 0.682100 0.171900
vt 0.560000 0.595200
vt 0.560000 0.597200
vt 0.559600 0.597300
vt 0.551500 0.617600
vt 0.515200 0.284900
vt 0.516000 0.282900
vt 0.107200 0.958800
vt 0.107200 0.962200
vt 0.384000 0.662500
vt 0.527900 0.938900
vt 0.490200 0.441500
vt 0.429700 0.820000
vt 0.429700 0.820000
vt 0.213900 0.344100
vt 0.464000 0.963200
vt 0.461400 0.963200
vt 0.461600 0.962600
vt 0.525400 0.933100
vt 0.524500 0.935200
vt 0.556800 0.296800
vt 0.556800 0.299300
vt 0.555900 0.299400
vt 0.544200 0.242900
vt 0.307500 0.225800
vt 0.305300 0.224400
vt 0.498700 0.265600
vt 0.500300 0.264100
vt 0.303400 0.160700
vt 0.302600 0.160900
vt 0.534600 0.281500
vt 0.532900 0.283000
vt 0.532300 0.282600
vt 0.531300 0.284900
vt 0.600700 0.118200
vt 0.540300 0.031500
vt 0.537800 0.032500
vt 0.537600 0.031400
vt 0.535100 0.032500
vt 0.533300 0.030500
vt 0.535400 0.031300
vt 0.827900 0.144900
vt 0.828000 0.142400
vt 0.725400 0.965200
vt 0.725400 0.967200
vt 0.725000 0.967200
vt 0.496800 0.066300
vt 0.494900 0.199600
vt 0.494900 0.066300
vt 0.822200 0.002000
vt 0.820300 0.135300
vt 0.820300 0.002000
vt 0.099300 0.639400
vt 0.097300 0.772700
vt 0.097300 0.639400
vt 0.453400 0.954700
vt 0.450500 0.954700
vt 0.448300 0.954700
vt 0.596700 0.118300
vt 0.595100 0.116700
vt 0.597000 0.118100
vt 0.689300 0.181200
vt 0.506800 0.029600
vt 0.504600 0.030600
vt 0.212100 0.840200
vt 0.408400 0.964000
vt 0.424100 0.675700
vt 0.098000 0.959800
vt 0.098700 0.956200
vt 0.100100 0.956700
vt 0.303500 0.165900
vt 0.210600 0.835600
vt 0.210000 0.838000
vt 0.210000 0.835600
vt 0.583300 0.127400
vt 0.583200 0.125200
vt 0.584100 0.127100
vt 0.582300 0.125400
vt 0.688500 0.133600
vt 0.686300 0.133400
vt 0.688300 0.132800
vt 0.686400 0.134200
vt 0.691400 0.175900
vt 0.691500 0.174900
vt 0.490700 0.340600
vt 0.490700 0.338100
vt 0.491600 0.338000
vt 0.633000 0.098200
vt 0.636100 0.099000
vt 0.632900 0.099000
vt 0.597000 0.110600
vt 0.676400 0.176800
vt 0.453400 0.679000
vt 0.451400 0.679900
vt 0.451200 0.679100
vt 0.448900 0.679400
vt 0.521000 0.228200
vt 0.803700 0.300200
vt 0.802900 0.302800
vt 0.802900 0.300300
vt 0.585500 0.331100
vt 0.585500 0.330000
vt 0.694600 0.316400
vt 0.621700 0.417700
vt 0.307500 0.222400
vt 0.305000 0.221800
vt 0.305300 0.221000
vt 0.098600 0.786300
vt 0.822200 0.135300
vt 0.496800 0.199600
vt 0.099300 0.772700
vt 0.588500 0.339900
vt 0.588400 0.337700
vt 0.589400 0.339600
vt 0.590800 0.336100
vt 0.303400 0.153600
vt 0.302900 0.156100
vt 0.302600 0.153800
vt 0.508000 0.021300
vt 0.508800 0.023300
vt 0.179300 0.627800
vt 0.094300 0.627200
vt 0.180000 0.627100
vt 0.179300 0.950900
vt 0.621500 0.174600
vt 0.523700 0.290700
vt 0.521700 0.291500
vt 0.560000 0.599600
vt 0.586900 0.118000
vt 0.501900 0.282200
vt 0.503400 0.280400
vt 0.503800 0.281000
vt 0.473800 0.638500
vt 0.473400 0.640900
vt 0.473000 0.640800
vt 0.499900 0.340200
vt 0.524900 0.022000
vt 0.429200 0.506100
vt 0.211500 0.824000
vt 0.208600 0.822600
vt 0.212100 0.823200
vt 0.426100 0.675400
vt 0.426000 0.674400
vt 0.604800 0.112300
vt 0.606900 0.112800
vt 0.278800 0.303500
vt 0.278200 0.301100
vt 0.279500 0.303000
vt 0.632900 0.071200
vt 0.635400 0.071200
vt 0.633000 0.071700
vt 0.544200 0.302000
vt 0.544100 0.301500
vt 0.585200 0.960200
vt 0.586000 0.120200
vt 0.586800 0.122400
vt 0.587200 0.124600
vt 0.586300 0.122500
vt 0.537800 0.295600
vt 0.537800 0.298700
vt 0.537800 0.298700
vt 0.609000 0.102500
vt 0.607000 0.101600
vt 0.607000 0.101200
vt 0.604800 0.102100
vt 0.604700 0.101600
vt 0.426400 0.625900
vt 0.428100 0.626700
vt 0.817600 0.301300
vt 0.850700 0.136100
vt 0.288900 0.296900
vt 0.289300 0.299100
vt 0.288500 0.297100
vt 0.541200 0.298700
vt 0.621600 0.340000
vt 0.620500 0.337500
vt 0.622100 0.339300
vt 0.703600 0.190900
vt 0.522500 0.230200
vt 0.521800 0.230500
vt 0.523500 0.276700
vt 0.528200 0.236600
vt 0.612900 0.339000
vt 0.612300 0.337500
vt 0.432400 0.674400
vt 0.593000 0.127100
vt 0.588700 0.126200
vt 0.590800 0.127000
vt 0.590700 0.127400
vt 0.640300 0.645100
vt 0.640200 0.644400
vt 0.002000 0.628800
vt 0.088500 0.628400
vt 0.597100 0.106200
vt 0.597600 0.106100
vt 0.517600 0.277900
vt 0.514800 0.276700
vt 0.289800 0.972200
vt 0.289600 0.974900
vt 0.288700 0.974700
vt 0.289000 0.972200
vt 0.099300 0.795900
vt 0.098600 0.796200
vt 0.454300 0.309700
vt 0.452100 0.309700
vt 0.452100 0.308900
vt 0.447600 0.308900
vt 0.449700 0.308900
vt 0.531600 0.298700
vt 0.617600 0.338500
vt 0.617800 0.336900
vt 0.732600 0.048700
vt 0.732600 0.050900
vt 0.732600 0.053800
vt 0.319600 0.809000
vt 0.373400 0.809000
vt 0.373400 0.810100
vt 0.393800 0.015000
vt 0.393800 0.307300
vt 0.392700 0.307300
vt 0.600800 0.103800
vt 0.185800 0.954300
vt 0.185800 0.956200
vt 0.185000 0.956000
vt 0.517900 0.019000
vt 0.436600 0.495900
vt 0.659600 0.907300
vt 0.653500 0.907300
vt 0.659600 0.613800
vt 0.505500 0.359400
vt 0.505500 0.348500
vt 0.511700 0.348500
vt 0.653500 0.613800
vt 0.716300 0.053800
vt 0.716300 0.042900
vt 0.722500 0.042900
vt 0.401800 0.308600
vt 0.395700 0.308600
vt 0.401800 0.015000
vt 0.511700 0.359400
vt 0.602000 0.744000
vt 0.595800 0.744000
vt 0.602000 0.450400
vt 0.603200 0.175700
vt 0.614100 0.175700
vt 0.614100 0.181800
vt 0.466200 0.677500
vt 0.628500 0.450400
vt 0.622300 0.601900
vt 0.622300 0.450400
vt 0.466700 0.354300
vt 0.625000 0.607600
vt 0.618900 0.759100
vt 0.618900 0.607600
vt 0.441200 0.348200
vt 0.625000 0.759100
vt 0.466200 0.947900
vt 0.441200 0.624700
vt 0.628500 0.601900
vt 0.501700 0.791500
vt 0.608300 0.417700
vt 0.595800 0.450400
vt 0.628400 0.211000
vt 0.628400 0.200100
vt 0.634600 0.200100
vt 0.642600 0.198200
vt 0.466700 0.624700
vt 0.634600 0.198200
vt 0.453900 0.348200
vt 0.626500 0.211000
vt 0.547400 0.611100
vt 0.553500 0.459600
vt 0.553500 0.611100
vt 0.453900 0.630800
vt 0.547400 0.459600
vt 0.395700 0.015000
vt 0.722500 0.053800
vt 0.796600 0.159200
vt 0.794600 0.292400
vt 0.794600 0.159200
vt 0.724200 0.814100
vt 0.726200 0.680800
vt 0.726200 0.814100
vt 0.692700 0.196100
vt 0.693000 0.266000
vt 0.692400 0.265300
vt 0.377900 0.953500
vt 0.306900 0.952800
vt 0.376800 0.952500
vt 0.796600 0.292400
vt 0.496600 0.339100
vt 0.493800 0.339100
vt 0.603700 0.344500
vt 0.604500 0.414100
vt 0.603700 0.414800
vt 0.724200 0.680800
vt 0.745100 0.316400
vt 0.743100 0.449600
vt 0.743100 0.316400
vt 0.745100 0.449600
vt 0.532200 0.045500
vt 0.520300 0.020200
vt 0.531700 0.240400
vt 0.097100 0.793700
vt 0.098600 0.779500
vt 0.394100 0.983300
vt 0.393300 0.983300
vt 0.559500 0.979800
vt 0.535100 0.277000
vt 0.533300 0.275000
vt 0.509900 0.220000
vt 0.508200 0.221600
vt 0.537900 0.019000
vt 0.539700 0.021000
vt 0.523900 0.273400
vt 0.389900 0.983300
vt 0.389200 0.985900
vt 0.389200 0.983300
vt 0.300500 0.986800
vt 0.299700 0.986500
vt 0.528500 0.220800
vt 0.307500 0.952100
vt 0.604500 0.345200
vt 0.686000 0.195400
vt 0.685700 0.266000
vt 0.685400 0.196100
vt 0.611400 0.344200
vt 0.611000 0.414800
vt 0.611000 0.344500
vt 0.693700 0.195000
vt 0.308800 0.986500
vt 0.310300 0.987600
vt 0.402500 0.631700
vt 0.402600 0.548400
vt 0.403000 0.631700
vt 0.596900 0.417700
vt 0.596900 0.417200
vt 0.600900 0.341900
vt 0.523600 0.263700
vt 0.524900 0.266400
vt 0.523000 0.264500
vt 0.520700 0.262500
vt 0.540900 0.263700
vt 0.538000 0.262500
vt 0.436000 0.823200
vt 0.433100 0.823200
vt 0.511000 0.948800
vt 0.447600 0.964700
vt 0.447400 0.964000
vt 0.542100 0.024700
vt 0.508500 0.226800
vt 0.694500 0.181000
vt 0.560900 0.296600
vt 0.560500 0.299000
vt 0.560100 0.296600
vt 0.593000 0.112300
vt 0.593100 0.112800
vt 0.541400 0.937300
vt 0.420300 0.630100
vt 0.420400 0.629300
vt 0.522500 0.056200
vt 0.525400 0.233000
vt 0.206500 0.336500
vt 0.206800 0.663000
vt 0.293200 0.337000
vt 0.514900 0.040700
vt 0.717800 0.932800
vt 0.678900 0.271000
vt 0.457800 0.356600
vt 0.600200 0.122700
vt 0.515700 0.219700
vt 0.515700 0.222600
vt 0.515700 0.219700
vt 0.428900 0.950900
vt 0.426000 0.950900
vt 0.426000 0.950900
vt 0.538900 0.036100
vt 0.544200 0.297700
vt 0.690500 0.276400
vt 0.687200 0.277100
vt 0.687200 0.276200
vt 0.589000 0.125800
vt 0.588100 0.124000
vt 0.543200 0.282600
vt 0.438800 0.674400
vt 0.443600 0.950900
vt 0.440600 0.950900
vt 0.440600 0.950900
vt 0.543200 0.038200
vt 0.529000 0.357300
vt 0.529800 0.355600
vt 0.530700 0.355900
vt 0.527900 0.933200
vt 0.527900 0.935200
vt 0.527100 0.935200
vt 0.312900 0.713300
vt 0.312100 0.732600
vt 0.312100 0.714000
vt 0.228800 0.280500
vt 0.316100 0.735200
vt 0.649700 0.627900
vt 0.646900 0.643600
vt 0.607900 0.942400
vt 0.305000 0.225200
vt 0.532100 0.032300
vt 0.532600 0.031500
vt 0.534900 0.033500
vt 0.796200 0.300300
vt 0.796500 0.302600
vt 0.795800 0.302600
vt 0.543400 0.228200
vt 0.797500 0.152200
vt 0.383700 0.650400
vt 0.382700 0.651400
vt 0.541400 0.232500
vt 0.542100 0.271300
vt 0.443700 0.308900
vt 0.441300 0.308200
vt 0.443900 0.308200
vt 0.812700 0.297400
vt 0.813100 0.299700
vt 0.812200 0.299900
vt 0.532200 0.285100
vt 0.515700 0.347100
vt 0.513800 0.345900
vt 0.514200 0.345200
vt 0.216400 0.341200
vt 0.213900 0.340600
vt 0.214200 0.339800
vt 0.445500 0.964000
vt 0.548100 0.618800
vt 0.547400 0.621200
vt 0.547400 0.618600
vt 0.640100 0.184900
vt 0.637600 0.184900
vt 0.637500 0.184000
vt 0.527500 0.220600
vt 0.608700 0.102900
vt 0.610900 0.103900
vt 0.445100 0.356600
vt 0.439400 0.312300
vt 0.437600 0.313100
vt 0.437700 0.312300
vt 0.503200 0.342200
vt 0.499900 0.341200
vt 0.503300 0.341200
vt 0.506100 0.342200
vt 0.758100 0.591600
vt 0.757400 0.725400
vt 0.757700 0.592000
vt 0.601100 0.110400
vt 0.600700 0.110600
vt 0.882800 0.002000
vt 0.685200 0.175900
vt 0.640500 0.973800
vt 0.639000 0.973400
vt 0.606900 0.126600
vt 0.797600 0.153600
vt 0.792800 0.155100
vt 0.792700 0.153900
vt 0.695400 0.984700
vt 0.694600 0.850900
vt 0.695700 0.852000
vt 0.751700 0.523100
vt 0.751000 0.656200
vt 0.751000 0.523800
vt 0.509600 0.033000
vt 0.602300 0.116500
vt 0.561100 0.977500
vt 0.561100 0.979800
vt 0.560700 0.979800
vt 0.594900 0.102900
vt 0.403900 0.982100
vt 0.399000 0.983900
vt 0.399000 0.982100
vt 0.472700 0.627700
vt 0.472700 0.335500
vt 0.473800 0.335500
vt 0.589800 0.292100
vt 0.589800 0.291000
vt 0.643600 0.292100
vt 0.526200 0.353100
vt 0.694700 0.985400
vt 0.756800 0.724800
vt 0.757100 0.592700
vt 0.587500 0.108100
vt 0.588100 0.109800
vt 0.587600 0.110100
vt 0.702200 0.985100
vt 0.743200 0.018700
vt 0.743200 0.019900
vt 0.689500 0.019900
vt 0.473800 0.627700
vt 0.360100 0.651400
vt 0.359100 0.650400
vt 0.421400 0.625200
vt 0.450300 0.948800
vt 0.447000 0.947900
vt 0.450000 0.947900
vt 0.743100 0.863400
vt 0.743800 0.732100
vt 0.744200 0.862400
vt 0.756800 0.585900
vt 0.757600 0.454700
vt 0.757900 0.584900
vt 0.643600 0.024600
vt 0.590800 0.024600
vt 0.590800 0.023500
vt 0.292100 0.631100
vt 0.292100 0.339800
vt 0.293200 0.339800
vt 0.390200 0.650600
vt 0.403900 0.983500
vt 0.403900 0.983500
vt 0.367700 0.647600
vt 0.368300 0.646200
vt 0.023700 0.960300
vt 0.022900 0.963500
vt 0.818000 0.305800
vt 0.818700 0.303600
vt 0.818700 0.305600
vt 0.818400 0.305700
vt 0.608900 0.116600
vt 0.608600 0.117100
vt 0.606800 0.115800
vt 0.700600 0.989700
vt 0.561100 0.294400
vt 0.560700 0.294300
vt 0.585500 0.333100
vt 0.588900 0.295800
vt 0.586900 0.296000
vt 0.588700 0.295300
vt 0.080700 0.769600
vt 0.027000 0.770800
vt 0.027000 0.769600
vt 0.449400 0.954700
vt 0.392700 0.015000
vt 0.566500 0.954200
vt 0.566500 0.956000
vt 0.565700 0.955900
vt 0.503700 0.443400
vt 0.502700 0.440900
vt 0.504600 0.441900
vt 0.689800 0.273300
vt 0.300100 0.003100
vt 0.299500 0.002500
vt 0.385400 0.002400
vt 0.299800 0.327300
vt 0.688300 0.266700
vt 0.690300 0.195000
vt 0.690300 0.266700
vt 0.228700 0.170700
vt 0.377900 0.967100
vt 0.306100 0.965100
vt 0.377900 0.965100
vt 0.613600 0.415500
vt 0.615600 0.343800
vt 0.615600 0.415500
vt 0.377900 0.970900
vt 0.306100 0.969000
vt 0.377900 0.969000
vt 0.697500 0.195000
vt 0.695600 0.266700
vt 0.695600 0.195000
vt 0.647700 0.614000
vt 0.649700 0.542200
vt 0.649700 0.614000
vt 0.561200 0.220600
vt 0.559200 0.292400
vt 0.559200 0.220600
vt 0.557300 0.220600
vt 0.555400 0.292400
vt 0.555400 0.220600
vt 0.608300 0.343800
vt 0.606400 0.415500
vt 0.606400 0.343800
vt 0.306100 0.666000
vt 0.377900 0.668000
vt 0.306100 0.668000
vt 0.551500 0.292400
vt 0.553500 0.220600
vt 0.553500 0.292400
vt 0.306100 0.669900
vt 0.377900 0.671900
vt 0.306100 0.671900
vt 0.097800 0.779500
vt 0.861300 0.160900
vt 0.856400 0.160500
vt 0.094300 0.959100
vt 0.094900 0.957700
vt 0.607000 0.113200
vt 0.843600 0.139600
vt 0.525400 0.227000
vt 0.526000 0.357400
vt 0.525300 0.359300
vt 0.843200 0.146500
vt 0.611800 0.108400
vt 0.566400 0.971400
vt 0.565400 0.971500
vt 0.565000 0.966600
vt 0.362200 0.648300
vt 0.361500 0.644600
vt 0.362900 0.644600
vt 0.693400 0.172100
vt 0.722400 0.172100
vt 0.693400 0.176800
vt 0.500200 0.232000
vt 0.500200 0.219700
vt 0.504900 0.219700
vt 0.593800 0.329300
vt 0.622800 0.329300
vt 0.593800 0.334000
vt 0.504900 0.232000
vt 0.722400 0.176800
vt 0.531900 0.249800
vt 0.544200 0.249800
vt 0.544200 0.254500
vt 0.622800 0.334000
vt 0.531900 0.254500
vt 0.745100 0.455300
vt 0.743100 0.588100
vt 0.743100 0.455300
vt 0.726200 0.819800
vt 0.724200 0.952600
vt 0.724200 0.819800
vt 0.215600 0.156700
vt 0.213700 0.289500
vt 0.213700 0.156700
vt 0.827900 0.134800
vt 0.829900 0.002000
vt 0.829900 0.134800
vt 0.008400 0.775700
vt 0.010400 0.642900
vt 0.010400 0.775700
vt 0.802300 0.292000
vt 0.804300 0.159200
vt 0.804300 0.292000
vt 0.444000 0.671300
vt 0.429400 0.947900
vt 0.520400 0.053100
vt 0.518000 0.051400
vt 0.522500 0.054000
vt 0.522500 0.053100
vt 0.424000 0.349400
vt 0.421600 0.349400
vt 0.421200 0.348200
vt 0.453300 0.675400
vt 0.450500 0.674400
vt 0.453400 0.674400
vt 0.493500 0.341200
vt 0.526900 0.027300
vt 0.610100 0.110100
vt 0.610900 0.108300
vt 0.566300 0.966500
vt 0.459300 0.679800
vt 0.461700 0.680900
vt 0.597900 0.122700
vt 0.596400 0.122400
vt 0.817200 0.303500
vt 0.603200 0.117700
vt 0.601400 0.118700
vt 0.601000 0.118400
vt 0.299000 0.328100
vt 0.385400 0.327700
vt 0.560800 0.603900
vt 0.560400 0.604100
vt 0.687600 0.019900
vt 0.685200 0.019400
vt 0.687500 0.019400
vt 0.581100 0.960900
vt 0.497700 0.441200
vt 0.495100 0.440900
vt 0.497600 0.440400
vt 0.542600 0.230300
vt 0.544200 0.228400
vt 0.543200 0.230700
vt 0.540900 0.231900
vt 0.724200 0.316400
vt 0.728600 0.316400
vt 0.728600 0.468800
vt 0.726100 0.029100
vt 0.730500 0.029100
vt 0.726100 0.053800
vt 0.781400 0.159200
vt 0.781400 0.310700
vt 0.776900 0.159200
vt 0.395700 0.310500
vt 0.401800 0.310500
vt 0.401800 0.314900
vt 0.802600 0.002000
vt 0.807000 0.002000
vt 0.807000 0.153500
vt 0.395700 0.314900
vt 0.776900 0.310700
vt 0.639000 0.990400
vt 0.639000 0.984300
vt 0.643400 0.984300
vt 0.633300 0.917200
vt 0.628800 0.917200
vt 0.628800 0.764800
vt 0.737800 0.053800
vt 0.737800 0.029100
vt 0.742200 0.029100
vt 0.802600 0.153500
vt 0.643400 0.990400
vt 0.724200 0.468800
vt 0.742200 0.053800
vt 0.850700 0.143000
vt 0.850700 0.145000
vt 0.850300 0.144900
vt 0.682500 0.679900
vt 0.596500 0.341900
vt 0.552100 0.633400
vt 0.622100 0.341900
vt 0.633300 0.764800
vt 0.730500 0.053800
vt 0.511600 0.935200
vt 0.590900 0.433000
vt 0.681700 0.173900
vt 0.678800 0.173900
vt 0.679100 0.172800
vt 0.436700 0.357700
vt 0.434300 0.357400
vt 0.436700 0.357400
vt 0.532000 0.055200
vt 0.815900 0.149100
vt 0.724600 0.965100
vt 0.724200 0.965000
vt 0.726000 0.962700
vt 0.725700 0.965100
vt 0.725400 0.962700
vt 0.817200 0.291100
vt 0.817900 0.159900
vt 0.817900 0.290400
vt 0.531700 0.267000
vt 0.530900 0.269100
vt 0.639700 0.980500
vt 0.460700 0.594900
vt 0.461100 0.508500
vt 0.461500 0.594900
vt 0.313400 0.991300
vt 0.312800 0.992200
vt 0.312800 0.989500
vt 0.491600 0.340700
vt 0.438200 0.952800
vt 0.509800 0.933000
vt 0.509800 0.935200
vt 0.509000 0.935200
vt 0.578600 0.428000
vt 0.579000 0.428200
vt 0.105800 0.959500
vt 0.106200 0.959200
vt 0.106200 0.961800
vt 0.094300 0.626300
vt 0.180500 0.626500
vt 0.094300 0.626700
vt 0.599900 0.106000
vt 0.602000 0.104700
vt 0.601300 0.106300
vt 0.600700 0.106200
vt 0.619400 0.911600
vt 0.619400 0.997600
vt 0.618900 0.997600
vt 0.734300 0.968700
vt 0.734300 0.643400
vt 0.734900 0.643400
vt 0.734900 0.968700
vt 0.595800 0.980600
vt 0.595800 0.894600
vt 0.596400 0.894600
vt 0.541000 0.924700
vt 0.541000 0.633400
vt 0.543900 0.633400
vt 0.743200 0.134900
vt 0.690400 0.134900
vt 0.690400 0.132000
vt 0.887400 0.006500
vt 0.362200 0.648300
vt 0.365800 0.649000
vt 0.365300 0.650400
vt 0.679300 0.297900
vt 0.679300 0.299100
vt 0.674400 0.299700
vt 0.101700 0.959100
vt 0.101700 0.960600
vt 0.537200 0.927000
vt 0.533000 0.927000
vt 0.537200 0.633400
vt 0.458400 0.308200
vt 0.470700 0.308200
vt 0.470700 0.312400
vt 0.672400 0.907300
vt 0.668100 0.907300
vt 0.672400 0.613800
vt 0.526900 0.294200
vt 0.526900 0.298400
vt 0.514600 0.294200
vt 0.668100 0.613800
vt 0.458400 0.312400
vt 0.533000 0.633400
vt 0.514600 0.298400
vt 0.588800 0.021500
vt 0.586700 0.021500
vt 0.586700 0.021400
vt 0.584500 0.021400
vt 0.818600 0.289800
vt 0.818600 0.160500
vt 0.608800 0.607600
vt 0.606800 0.938300
vt 0.606400 0.607800
vt 0.617500 0.196100
vt 0.541200 0.054300
vt 0.544000 0.054300
vt 0.532000 0.299600
vt 0.566500 0.958300
vt 0.534600 0.222300
vt 0.532900 0.223800
vt 0.532300 0.223400
vt 0.531300 0.225700
vt 0.525400 0.937300
vt 0.524500 0.939300
vt 0.524500 0.937400
vt 0.745100 0.588100
vt 0.215600 0.289500
vt 0.726200 0.952600
vt 0.827900 0.002000
vt 0.008400 0.642900
vt 0.802300 0.159200
vt 0.610900 0.122400
vt 0.609700 0.123900
vt 0.610300 0.122300
vt 0.600700 0.122600
vt 0.389200 0.980700
vt 0.212100 0.828200
vt 0.426100 0.675400
vt 0.644100 0.645100
vt 0.295200 0.004000
vt 0.717800 0.937100
vt 0.666100 0.299900
vt 0.666100 0.301800
vt 0.665300 0.302100
vt 0.668700 0.301300
vt 0.286600 0.967700
vt 0.534400 0.940600
vt 0.463900 0.679400
vt 0.426800 0.505400
vt 0.459100 0.964000
vt 0.523300 0.347100
vt 0.605800 0.949500
vt 0.512400 0.938800
vt 0.473000 0.629800
vt 0.582300 0.120200
vt 0.450400 0.841000
vt 0.451200 0.838400
vt 0.451200 0.841100
vt 0.403500 0.964000
vt 0.454900 0.963200
vt 0.452300 0.962600
vt 0.454700 0.962600
vt 0.285900 0.970200
vt 0.285100 0.969900
vt 0.803700 0.302900
vt 0.803100 0.305300
vt 0.802300 0.305100
vt 0.828700 0.147100
vt 0.180000 0.951600
vt 0.094300 0.951500
vt 0.473800 0.329900
vt 0.648600 0.641600
vt 0.648300 0.642700
vt 0.681300 0.133600
vt 0.413300 0.964000
vt 0.537800 0.297700
vt 0.541200 0.297700
vt 0.544000 0.298700
vt 0.689500 0.180400
vt 0.687000 0.179200
vt 0.689400 0.179700
vt 0.098600 0.784400
vt 0.532900 0.038600
vt 0.794600 0.300400
vt 0.582400 0.334000
vt 0.579300 0.333100
vt 0.582200 0.333100
vt 0.585500 0.334000
vt 0.669500 0.299700
vt 0.669500 0.301300
vt 0.303100 0.994500
vt 0.012600 0.969000
vt 0.006900 0.981700
vt 0.379900 0.644600
vt 0.381400 0.644600
vt 0.842800 0.003300
vt 0.843500 0.133200
vt 0.842800 0.132700
vt 0.394100 0.996200
vt 0.375000 0.649000
vt 0.374500 0.650400
vt 0.803100 0.297700
vt 0.219100 0.344000
vt 0.210600 0.833000
vt 0.516000 0.346300
vt 0.509200 0.219700
vt 0.466700 0.963200
vt 0.464000 0.962600
vt 0.437900 0.963200
vt 0.438100 0.962600
vt 0.527100 0.931600
vt 0.512500 0.284500
vt 0.521000 0.222900
vt 0.422000 0.353500
vt 0.420300 0.353500
vt 0.509500 0.032500
vt 0.676500 0.172100
vt 0.597600 0.108400
vt 0.509900 0.290500
vt 0.507800 0.291300
vt 0.509700 0.290100
vt 0.289500 0.969700
vt 0.210600 0.838200
vt 0.452300 0.963200
vt 0.449600 0.963200
vt 0.449800 0.962600
vt 0.288800 0.303400
vt 0.185800 0.960600
vt 0.186700 0.962200
vt 0.185000 0.962800
vt 0.188500 0.962000
vt 0.541800 0.937400
vt 0.211100 0.153900
vt 0.211700 0.022000
vt 0.211700 0.153900
vt 0.757100 0.447300
vt 0.757800 0.316700
vt 0.758200 0.448300
vt 0.732600 0.049800
vt 0.461000 0.919100
vt 0.461000 0.935900
vt 0.460200 0.919300
vt 0.588200 0.181800
vt 0.529400 0.230200
vt 0.630400 0.097000
vt 0.455700 0.313100
vt 0.455700 0.312300
vt 0.505700 0.279800
vt 0.020600 0.769700
vt 0.771100 0.444700
vt 0.772600 0.316400
vt 0.772600 0.444700
vt 0.824300 0.287600
vt 0.825800 0.159200
vt 0.825800 0.287600
vt 0.765400 0.316400
vt 0.763900 0.444700
vt 0.763900 0.316400
vt 0.851400 0.002000
vt 0.849900 0.130400
vt 0.849900 0.002000
vt 0.765400 0.450400
vt 0.763900 0.578800
vt 0.763900 0.450400
vt 0.551900 0.453900
vt 0.553400 0.325500
vt 0.553400 0.453900
vt 0.851400 0.130400
vt 0.765400 0.578800
vt 0.765400 0.444700
vt 0.472400 0.975100
vt 0.389200 0.975100
vt 0.471200 0.973900
vt 0.471200 0.656700
vt 0.534400 0.246900
vt 0.541500 0.236400
vt 0.466500 0.962600
vt 0.551500 0.624800
vt 0.287000 0.295600
vt 0.453100 0.678200
vt 0.216600 0.556700
vt 0.213900 0.556400
vt 0.214100 0.555600
vt 0.590800 0.138600
vt 0.643600 0.138600
vt 0.643600 0.139700
vt 0.293200 0.631100
vt 0.499800 0.019000
vt 0.006000 0.642900
vt 0.211800 0.156700
vt 0.211200 0.288600
vt 0.211200 0.156700
vt 0.590900 0.116300
vt 0.581400 0.971500
vt 0.581100 0.966500
vt 0.189200 0.960400
vt 0.189800 0.962200
vt 0.189200 0.962000
vt 0.280700 0.304900
vt 0.726700 0.474500
vt 0.726700 0.675100
vt 0.724200 0.675100
vt 0.615100 0.607600
vt 0.615100 0.916000
vt 0.612600 0.916000
vt 0.292700 0.317000
vt 0.292700 0.008700
vt 0.295200 0.008700
vt 0.647200 0.540300
vt 0.647200 0.339700
vt 0.649700 0.339700
vt 0.582300 0.330000
vt 0.309500 0.956000
vt 0.377300 0.955400
vt 0.377300 0.956000
vt 0.309500 0.674800
vt 0.380500 0.225400
vt 0.312500 0.225000
vt 0.380600 0.225000
vt 0.424000 0.628500
vt 0.448300 0.832800
vt 0.445000 0.832600
vt 0.448000 0.831400
vt 0.450900 0.832800
vt 0.102800 0.842500
vt 0.170600 0.842000
vt 0.170700 0.842500
vt 0.377400 0.956300
vt 0.309400 0.956300
vt 0.170800 0.842900
vt 0.102700 0.842900
vt 0.312600 0.222500
vt 0.312600 0.225900
vt 0.377900 0.666000
vt 0.697500 0.266700
vt 0.306100 0.970900
vt 0.377900 0.669900
vt 0.551500 0.220600
vt 0.647700 0.542200
vt 0.306100 0.967100
vt 0.561200 0.292400
vt 0.608300 0.415500
vt 0.557300 0.292400
vt 0.688300 0.195000
vt 0.613600 0.343800
vt 0.590800 0.139700
vt 0.384300 0.299800
vt 0.384300 0.008600
vt 0.385400 0.008600
vt 0.582600 0.960500
vt 0.293200 0.663300
vt 0.509000 0.937600
vt 0.508300 0.937800
vt 0.642600 0.092500
vt 0.548100 0.623600
vt 0.547400 0.623800
vt 0.447900 0.847600
vt 0.587700 0.104300
vt 0.669500 0.310600
vt 0.664600 0.310900
vt 0.664600 0.300300
vt 0.624500 0.092500
vt 0.438900 0.308900
vt 0.438700 0.308200
vt 0.626400 0.089200
vt 0.523700 0.932800
vt 0.523000 0.932600
vt 0.628300 0.076900
vt 0.433000 0.820000
vt 0.433000 0.820000
vt 0.432700 0.819100
vt 0.490800 0.443400
vt 0.490700 0.441500
vt 0.491200 0.443300
vt 0.511200 0.288600
vt 0.385400 0.299800
vt 0.643600 0.023500
vt 0.427600 0.629300
vt 0.427700 0.628500
vt 0.427800 0.627600
vt 0.824300 0.159200
vt 0.551900 0.325500
vt 0.771100 0.316400
vt 0.456100 0.309700
vt 0.456500 0.308900
vt 0.445400 0.309700
vt 0.445700 0.308900
vt 0.626400 0.071100
vt 0.584400 0.954600
vt 0.512700 0.948200
vt 0.638600 0.079000
vt 0.606600 0.117000
vt 0.560400 0.595200
vt 0.240700 0.165800
vt 0.238500 0.165400
vt 0.240700 0.165500
vt 0.420100 0.499500
vt 0.420300 0.501800
vt 0.420000 0.501700
vt 0.455300 0.835700
vt 0.525700 0.237200
vt 0.520600 0.019000
vt 0.522300 0.021100
vt 0.587500 0.428500
vt 0.585300 0.428200
vt 0.587500 0.428400
vt 0.589500 0.428300
vt 0.301400 0.993000
vt 0.300500 0.995000
vt 0.300500 0.993100
vt 0.490900 0.343100
vt 0.588800 0.134200
vt 0.586700 0.134200
vt 0.588800 0.134000
vt 0.590700 0.134200
vt 0.464500 0.508200
vt 0.466100 0.597000
vt 0.464800 0.597000
vt 0.642800 0.316400
vt 0.644100 0.316400
vt 0.520600 0.263400
vt 0.522400 0.265400
vt 0.531800 0.028900
vt 0.524800 0.269100
vt 0.524000 0.267000
vt 0.623700 0.089500
vt 0.623300 0.086300
vt 0.624500 0.089300
vt 0.623700 0.092400
vt 0.524800 0.024700
vt 0.523900 0.022700
vt 0.542200 0.928500
vt 0.542200 0.930500
vt 0.541800 0.928500
vt 0.844000 0.146500
vt 0.844000 0.148600
vt 0.843600 0.148600
vt 0.627200 0.074200
vt 0.626400 0.074400
vt 0.627300 0.071300
vt 0.442900 0.840800
vt 0.442700 0.844100
vt 0.441500 0.841100
vt 0.442300 0.838000
vt 0.548900 0.617100
vt 0.548100 0.616700
vt 0.550600 0.617500
vt 0.641800 0.089500
vt 0.641400 0.086300
vt 0.642600 0.089300
vt 0.641800 0.092400
vt 0.528700 0.235400
vt 0.612300 0.084700
vt 0.426300 0.822100
vt 0.423400 0.821100
vt 0.426300 0.821100
vt 0.525400 0.931400
vt 0.524500 0.933000
vt 0.524500 0.931100
vt 0.526300 0.931500
vt 0.514700 0.229500
vt 0.428900 0.674400
vt 0.464100 0.508300
vt 0.608800 0.938400
vt 0.743200 0.132000
vt 0.384000 0.957300
vt 0.543900 0.924700
vt 0.643600 0.294000
vt 0.424100 0.947900
vt 0.422900 0.951100
vt 0.422900 0.948000
vt 0.389200 0.002600
vt 0.474200 0.002000
vt 0.612300 0.097000
vt 0.614800 0.099000
vt 0.611800 0.097700
vt 0.609600 0.095400
vt 0.529700 0.357700
vt 0.436100 0.826700
vt 0.434600 0.828600
vt 0.433800 0.828100
vt 0.691500 0.173900
vt 0.534400 0.052200
vt 0.531400 0.053300
vt 0.531500 0.052200
vt 0.517600 0.223000
vt 0.517600 0.226100
vt 0.526100 0.054800
vt 0.526100 0.054000
vt 0.228300 0.179300
vt 0.514400 0.284800
vt 0.515400 0.282500
vt 0.533600 0.938300
vt 0.533000 0.938100
vt 0.696300 0.523400
vt 0.696300 0.846600
vt 0.696000 0.846700
vt 0.461100 0.831900
vt 0.461000 0.916800
vt 0.460800 0.831700
vt 0.534400 0.296600
vt 0.432900 0.824000
vt 0.435600 0.824000
vt 0.316200 0.698600
vt 0.317800 0.695700
vt 0.318800 0.696500
vt 0.498100 0.265200
vt 0.411000 0.963200
vt 0.408400 0.962600
vt 0.410800 0.962600
vt 0.509700 0.046300
vt 0.507400 0.046900
vt 0.509200 0.045700
vt 0.511100 0.044500
vt 0.588800 0.112000
vt 0.584700 0.296000
vt 0.280600 0.294900
vt 0.282900 0.294300
vt 0.281000 0.295500
vt 0.279100 0.296800
vt 0.587000 0.296500
vt 0.588500 0.346900
vt 0.589900 0.344700
vt 0.611700 0.415500
vt 0.666100 0.295500
vt 0.758200 0.455300
vt 0.744500 0.732700
vt 0.587600 0.118500
vt 0.586800 0.120400
vt 0.586300 0.120300
vt 0.674400 0.298200
vt 0.439100 0.356600
vt 0.436700 0.356200
vt 0.438900 0.356200
vt 0.576400 0.331700
vt 0.576800 0.329300
vt 0.577300 0.329500
vt 0.560000 0.460000
vt 0.559600 0.590800
vt 0.559200 0.460100
vt 0.015400 0.913000
vt 0.085600 0.913700
vt 0.014300 0.914000
vt 0.700900 0.847600
vt 0.701700 0.978600
vt 0.700900 0.978900
vt 0.701700 0.847900
vt 0.012700 0.962500
vt 0.013500 0.964600
vt 0.012300 0.962800
vt 0.011100 0.960900
vt 0.560300 0.840200
vt 0.559500 0.840300
vt 0.560300 0.591100
vt 0.222100 0.189000
vt 0.223200 0.208100
vt 0.222100 0.209100
vt 0.743700 0.725100
vt 0.743400 0.594800
vt 0.743700 0.594500
vt 0.844200 0.002000
vt 0.843500 0.002700
vt 0.734800 0.052800
vt 0.735100 0.034500
vt 0.735900 0.053800
vt 0.189200 0.968400
vt 0.378500 0.651400
vt 0.377500 0.650400
vt 0.818400 0.298900
vt 0.818000 0.298900
vt 0.818000 0.296800
vt 0.694900 0.522900
vt 0.695400 0.523200
vt 0.455100 0.593700
vt 0.456000 0.508200
vt 0.455700 0.593400
vt 0.084600 0.912800
vt 0.581100 0.430000
vt 0.581400 0.427800
vt 0.581300 0.430000
vt 0.020100 0.965800
vt 0.019400 0.967800
vt 0.019200 0.967700
vt 0.699300 0.181500
vt 0.697100 0.181400
vt 0.699300 0.181400
vt 0.701300 0.181900
vt 0.522600 0.357500
vt 0.522200 0.355500
vt 0.522700 0.357500
vt 0.495100 0.262500
vt 0.495200 0.264700
vt 0.495100 0.264700
vt 0.707900 0.646800
vt 0.707900 0.973600
vt 0.706500 0.973600
vt 0.676500 0.179900
vt 0.676500 0.266700
vt 0.675200 0.266700
vt 0.684500 0.181700
vt 0.682500 0.181900
vt 0.684500 0.181500
vt 0.686700 0.181700
vt 0.718600 0.939600
vt 0.718600 0.941600
vt 0.717700 0.179500
vt 0.715500 0.179400
vt 0.717700 0.179400
vt 0.719800 0.179500
vt 0.211800 0.288600
vt 0.743100 0.724500
vt 0.230700 0.276500
vt 0.231000 0.274300
vt 0.230900 0.276500
vt 0.230900 0.278600
vt 0.751700 0.656900
vt 0.633200 0.066100
vt 0.630000 0.065900
vt 0.633000 0.064700
vt 0.636000 0.065500
vt 0.795800 0.300200
vt 0.795400 0.302600
vt 0.725400 0.960300
vt 0.725400 0.958300
vt 0.464100 0.680600
vt 0.461700 0.680200
vt 0.435600 0.672300
vt 0.435400 0.671300
vt 0.323200 0.651900
vt 0.633000 0.074000
vt 0.635400 0.074400
vt 0.632900 0.074400
vt 0.676100 0.277100
vt 0.676100 0.274700
vt 0.676400 0.274700
vt 0.206500 0.992400
vt 0.206500 0.992100
vt 0.292200 0.992100
vt 0.639300 0.643800
vt 0.639500 0.319400
vt 0.796200 0.305000
vt 0.795400 0.307100
vt 0.861300 0.163700
vt 0.094900 0.961900
vt 0.094300 0.960500
vt 0.588000 0.292100
vt 0.585600 0.291600
vt 0.587900 0.291600
vt 0.427800 0.351100
vt 0.426100 0.351100
vt 0.426200 0.350200
vt 0.428100 0.350200
vt 0.426400 0.349400
vt 0.428400 0.349400
vt 0.021000 0.662700
vt 0.020300 0.680800
vt 0.020300 0.662100
vt 0.513600 0.234700
vt 0.513600 0.232200
vt 0.584600 0.021500
vt 0.582700 0.021400
vt 0.521500 0.047300
vt 0.523600 0.046700
vt 0.521500 0.047600
vt 0.519300 0.047300
vt 0.632600 0.754800
vt 0.464000 0.939700
vt 0.584500 0.289100
vt 0.582700 0.288900
vt 0.584500 0.288800
vt 0.586700 0.288900
vt 0.713600 0.179300
vt 0.715500 0.179300
vt 0.717700 0.179300
vt 0.287200 0.305000
vt 0.285000 0.305400
vt 0.286900 0.304600
vt 0.211100 0.022000
vt 0.757100 0.317400
vt 0.464600 0.357400
vt 0.462200 0.357400
vt 0.466600 0.357400
vt 0.288800 0.344700
vt 0.221000 0.343200
vt 0.288800 0.343200
vt 0.221000 0.555500
vt 0.288800 0.557000
vt 0.221000 0.557000
vt 0.288800 0.560400
vt 0.221000 0.558900
vt 0.288800 0.558900
vt 0.288800 0.341300
vt 0.221000 0.339800
vt 0.288800 0.339800
vt 0.221000 0.562300
vt 0.288800 0.563700
vt 0.221000 0.563700
vt 0.221000 0.344700
vt 0.221000 0.341300
vt 0.223200 0.190000
vt 0.221000 0.560400
vt 0.211600 0.484300
vt 0.210100 0.552000
vt 0.210100 0.484300
vt 0.288800 0.555500
vt 0.288800 0.562300
vt 0.211600 0.552000
vt 0.236400 0.165500
vt 0.234500 0.165400
vt 0.236400 0.165400
vt 0.719800 0.179300
vt 0.721600 0.179400
vt 0.097100 0.782000
vt 0.497100 0.023100
vt 0.444200 0.678300
vt 0.797700 0.154600
vt 0.380600 0.648300
vt 0.384300 0.647600
vt 0.384300 0.649000
vt 0.633200 0.084200
vt 0.630000 0.084000
vt 0.633000 0.082800
vt 0.636000 0.083600
vt 0.649700 0.540300
vt 0.612600 0.607600
vt 0.583600 0.177300
vt 0.372100 0.644600
vt 0.373500 0.645200
vt 0.583900 0.118200
vt 0.724200 0.474500
vt 0.295200 0.317000
vt 0.512400 0.024400
vt 0.514400 0.022600
vt 0.359100 0.646200
vt 0.360100 0.645200
vt 0.106700 0.958900
vt 0.385400 0.003500
vt 0.543200 0.042900
vt 0.542400 0.045000
vt 0.526900 0.287300
vt 0.508600 0.272300
vt 0.520400 0.223100
vt 0.424000 0.351100
vt 0.421900 0.351100
vt 0.424000 0.351100
vt 0.311800 0.988500
vt 0.668800 0.996100
vt 0.668100 0.996100
vt 0.668800 0.911100
vt 0.706500 0.646800
vt 0.283200 0.879500
vt 0.283200 0.966200
vt 0.281800 0.966200
vt 0.561100 0.975500
vt 0.560700 0.977400
vt 0.560300 0.975300
vt 0.457200 0.680200
vt 0.818700 0.297000
vt 0.796200 0.306900
vt 0.516000 0.275000
vt 0.518000 0.275800
vt 0.718600 0.932700
vt 0.718200 0.932700
vt 0.635400 0.074000
vt 0.537900 0.263400
vt 0.539600 0.265500
vt 0.586700 0.136700
vt 0.584600 0.136500
vt 0.586700 0.136400
vt 0.588800 0.136500
vt 0.640200 0.069000
vt 0.638700 0.066600
vt 0.639100 0.065900
vt 0.636200 0.064700
vt 0.432400 0.950900
vt 0.224400 0.173600
vt 0.225500 0.170200
vt 0.225200 0.173700
vt 0.224600 0.176800
vt 0.432400 0.675400
vt 0.435700 0.675400
vt 0.443600 0.674400
vt 0.447000 0.674400
vt 0.515700 0.244200
vt 0.515700 0.240800
vt 0.534300 0.053300
vt 0.537800 0.053300
vt 0.447000 0.951900
vt 0.450400 0.951900
vt 0.535000 0.350300
vt 0.535000 0.353800
vt 0.593000 0.338400
vt 0.593700 0.341600
vt 0.326000 0.648200
vt 0.323800 0.648200
vt 0.326000 0.648100
vt 0.018200 0.685600
vt 0.018200 0.683700
vt 0.018300 0.683800
vt 0.606900 0.102100
vt 0.767000 0.312400
vt 0.514200 0.357500
vt 0.514200 0.355400
vt 0.514300 0.355400
vt 0.514400 0.353200
vt 0.238500 0.165700
vt 0.504600 0.262500
vt 0.210000 0.833200
vt 0.686400 0.266700
vt 0.439000 0.357700
vt 0.519400 0.279800
vt 0.318200 0.745000
vt 0.318200 0.742900
vt 0.318300 0.745000
vt 0.318300 0.747200
vt 0.586700 0.134000
vt 0.584500 0.133900
vt 0.586700 0.133900
vt 0.018200 0.687700
vt 0.018300 0.685600
vt 0.018300 0.687700
vt 0.018200 0.689900
vt 0.450200 0.952800
vt 0.452900 0.952800
vt 0.586900 0.139700
vt 0.584700 0.139400
vt 0.586900 0.139400
vt 0.588900 0.139700
vt 0.525400 0.935200
vt 0.541400 0.247000
vt 0.539200 0.247900
vt 0.523000 0.346300
vt 0.622600 0.086800
vt 0.621000 0.084000
vt 0.618100 0.082800
vt 0.584700 0.139500
vt 0.582700 0.139700
vt 0.534400 0.236300
vt 0.536700 0.235400
vt 0.218900 0.343200
vt 0.609200 0.112300
vt 0.624700 0.437000
vt 0.573600 0.437000
vt 0.573600 0.324200
vt 0.449400 0.357400
vt 0.522100 0.355500
vt 0.522300 0.353300
vt 0.702900 0.182800
vt 0.702900 0.182600
vt 0.234600 0.165700
vt 0.850300 0.138200
vt 0.849900 0.140500
vt 0.849900 0.138300
vt 0.685100 0.019900
vt 0.682900 0.019300
vt 0.683100 0.018800
vt 0.588900 0.024600
vt 0.586600 0.024200
vt 0.588900 0.024200
vt 0.018300 0.689900
vt 0.018500 0.687700
vt 0.018500 0.689900
vt 0.018300 0.691700
vt 0.231000 0.175500
vt 0.231000 0.173500
vt 0.231100 0.175500
vt 0.231600 0.177100
vt 0.519400 0.036300
vt 0.517300 0.037100
vt 0.519300 0.036100
vt 0.521600 0.036300
vt 0.559200 0.597400
vt 0.313100 0.809500
vt 0.313300 0.809100
vt 0.861500 0.159900
vt 0.856600 0.159200
vt 0.688600 0.270900
vt 0.686500 0.271300
vt 0.688500 0.270800
vt 0.585300 0.428300
vt 0.583300 0.427600
vt 0.583400 0.427500
vt 0.318100 0.747200
vt 0.318200 0.749000
vt 0.498000 0.027800
vt 0.499800 0.274000
vt 0.524100 0.291300
vt 0.508600 0.020800
vt 0.588900 0.021400
vt 0.590600 0.021500
vt 0.515300 0.289600
vt 0.504600 0.018100
vt 0.230700 0.278600
vt 0.230700 0.280400
vt 0.497100 0.270000
vt 0.543200 0.228200
vt 0.542400 0.230200
vt 0.519400 0.292300
vt 0.504600 0.275000
vt 0.802300 0.298000
vt 0.225500 0.177000
vt 0.408100 0.314200
vt 0.406300 0.311400
vt 0.407000 0.310800
vt 0.510800 0.220800
vt 0.509900 0.222400
vt 0.510500 0.220800
vt 0.687300 0.024600
vt 0.685100 0.024600
vt 0.685100 0.024400
vt 0.842800 0.141800
vt 0.507300 0.277700
vt 0.504900 0.277400
vt 0.505000 0.276900
vt 0.532200 0.228100
vt 0.533000 0.230200
vt 0.532000 0.228200
vt 0.532200 0.225900
vt 0.509600 0.025600
vt 0.559100 0.325500
vt 0.559500 0.325500
vt 0.559100 0.410800
vt 0.639000 0.643700
vt 0.639300 0.319700
vt 0.603600 0.339200
vt 0.601500 0.339400
vt 0.603600 0.339100
vt 0.605700 0.339400
vt 0.516300 0.356100
vt 0.517100 0.359400
vt 0.589000 0.332100
vt 0.589000 0.331100
vt 0.591900 0.332100
vt 0.588900 0.136400
vt 0.590600 0.136500
vt 0.590600 0.289100
vt 0.588800 0.288800
vt 0.590700 0.288800
vt 0.509300 0.224400
vt 0.509600 0.226600
vt 0.509300 0.226600
vt 0.682500 0.182100
vt 0.680900 0.182700
vt 0.584500 0.134200
vt 0.582700 0.134000
vt 0.227200 0.167100
vt 0.226500 0.170300
vt 0.509600 0.224400
vt 0.510000 0.222400
vt 0.318100 0.742900
vt 0.318200 0.741100
vt 0.318100 0.745000
vt 0.587500 0.434300
vt 0.590900 0.433900
vt 0.515700 0.237300
vt 0.690400 0.275400
vt 0.584000 0.434000
vt 0.580900 0.432800
vt 0.581000 0.431900
vt 0.588800 0.288900
vt 0.428900 0.950900
vt 0.426000 0.949900
vt 0.428900 0.949900
vt 0.435800 0.950900
vt 0.593700 0.345200
vt 0.594600 0.341700
vt 0.594600 0.345200
vt 0.532800 0.623700
vt 0.531000 0.620900
vt 0.541200 0.053300
vt 0.514200 0.353200
vt 0.514200 0.351400
vt 0.730400 0.161400
vt 0.731600 0.286400
vt 0.606400 0.944400
vt 0.605800 0.947100
vt 0.605800 0.944600
vt 0.543200 0.245200
vt 0.230700 0.274300
vt 0.230900 0.272500
vt 0.440700 0.949900
vt 0.443600 0.949900
vt 0.533400 0.623100
vt 0.423400 0.822100
vt 0.537600 0.333300
vt 0.486600 0.333300
vt 0.539500 0.447800
vt 0.532700 0.238100
vt 0.097800 0.788600
vt 0.097100 0.791300
vt 0.097100 0.788800
vt 0.672300 0.166100
vt 0.440700 0.673300
vt 0.443600 0.673300
vt 0.570800 0.321600
vt 0.626500 0.322500
vt 0.721600 0.179500
vt 0.230700 0.272500
vt 0.230900 0.272500
vt 0.685200 0.172800
vt 0.688400 0.172800
vt 0.597900 0.108400
vt 0.591900 0.332100
vt 0.226200 0.167000
vt 0.226200 0.167000
vt 0.513600 0.226100
vt 0.560300 0.982200
vt 0.406000 0.962600
vt 0.499800 0.263400
vt 0.004600 0.960800
vt 0.006700 0.959900
vt 0.004800 0.961200
vt 0.002900 0.962400
vt 0.588800 0.288900
vt 0.586700 0.289100
vt 0.432200 0.357000
vt 0.389200 0.655500
vt 0.472400 0.655500
vt 0.560900 0.299000
vt 0.560800 0.301300
vt 0.451800 0.357700
vt 0.451900 0.357400
vt 0.453800 0.357700
vt 0.459900 0.357700
vt 0.457700 0.357400
vt 0.459800 0.357400
vt 0.462200 0.357700
vt 0.401900 0.548600
vt 0.700600 0.842800
vt 0.394700 0.981200
vt 0.439300 0.313100
vt 0.441300 0.313100
vt 0.670100 0.295600
vt 0.670100 0.297700
vt 0.669500 0.295700
vt 0.670100 0.293900
vt 0.600700 0.120600
vt 0.601300 0.120700
vt 0.318300 0.749000
vt 0.582700 0.021500
vt 0.717400 0.793300
vt 0.717400 0.473600
vt 0.718400 0.473600
vt 0.174100 0.842000
vt 0.174100 0.925200
vt 0.173100 0.925200
vt 0.514200 0.359400
vt 0.514300 0.357500
vt 0.514400 0.359400
vt 0.449300 0.840800
vt 0.449300 0.838600
vt 0.449500 0.838600
vt 0.481700 0.450500
vt 0.480500 0.327700
vt 0.520400 0.056200
vt 0.518600 0.056200
vt 0.520400 0.056200
vt 0.522500 0.056200
vt 0.730400 0.285300
vt 0.729200 0.284200
vt 0.729200 0.162500
vt 0.605800 0.339300
vt 0.713700 0.179400
vt 0.525500 0.359400
vt 0.231100 0.171300
vt 0.231400 0.169300
vt 0.231600 0.169300
vt 0.230900 0.280400
vt 0.514300 0.351400
vt 0.094900 0.969000
vt 0.094800 0.971000
vt 0.094800 0.969000
vt 0.529400 0.037400
vt 0.529400 0.039600
vt 0.529200 0.039600
vt 0.542500 0.930600
vt 0.534500 0.037000
vt 0.532300 0.038200
vt 0.687300 0.024400
vt 0.582700 0.136700
vt 0.582700 0.136400
vt 0.668100 0.911100
vt 0.664100 0.936900
vt 0.663400 0.936900
vt 0.664100 0.613800
vt 0.421900 0.630700
vt 0.018500 0.691700
vt 0.526100 0.353200
vt 0.525300 0.351500
vt 0.525500 0.351500
vt 0.231400 0.177100
vt 0.414200 0.312100
vt 0.412600 0.310600
vt 0.412700 0.310500
vt 0.668300 0.284200
vt 0.478000 0.453900
vt 0.479200 0.452700
vt 0.546300 0.453900
vt 0.479200 0.326600
vt 0.629600 0.441400
vt 0.583500 0.958200
vt 0.583500 0.958200
vt 0.583500 0.956200
vt 0.391600 0.983300
vt 0.725700 0.960400
vt 0.611800 0.106100
vt 0.642200 0.972400
vt 0.641300 0.974000
vt 0.640500 0.971900
vt 0.521900 0.238700
vt 0.521600 0.236900
vt 0.713000 0.940700
vt 0.712300 0.806800
vt 0.713300 0.807900
vt 0.609400 0.126600
vt 0.725700 0.958400
vt 0.457900 0.357700
vt 0.189800 0.954500
vt 0.189800 0.956300
vt 0.189200 0.954700
vt 0.586600 0.960300
vt 0.586600 0.962100
vt 0.586000 0.961900
vt 0.624700 0.324200
vt 0.110200 0.956200
vt 0.389200 0.656700
vt 0.532600 0.245200
vt 0.509600 0.267500
vt 0.288700 0.969900
vt 0.543200 0.238100
vt 0.525900 0.282500
vt 0.678800 0.886300
vt 0.678800 0.971200
vt 0.678100 0.971200
vt 0.663400 0.613800
vt 0.734800 0.034800
vt 0.426100 0.627600
vt 0.424000 0.627600
vt 0.628300 0.095000
vt 0.629900 0.097700
vt 0.627600 0.095400
vt 0.626400 0.092500
vt 0.627800 0.092200
vt 0.628800 0.094600
vt 0.627800 0.089500
vt 0.688200 0.171900
vt 0.423900 0.502300
vt 0.559600 0.411000
vt 0.738800 0.316600
vt 0.739300 0.316400
vt 0.739300 0.640700
vt 0.843200 0.139700
vt 0.738800 0.640500
vt 0.688700 0.886300
vt 0.688600 0.971800
vt 0.688200 0.886500
vt 0.600700 0.108200
vt 0.199000 0.958600
vt 0.194100 0.960400
vt 0.098600 0.968100
vt 0.097500 0.971200
vt 0.097500 0.968300
vt 0.582500 0.329000
vt 0.315300 0.701700
vt 0.317300 0.699100
vt 0.316500 0.701900
vt 0.496600 0.339100
vt 0.537600 0.446100
vt 0.013500 0.966900
vt 0.012200 0.968800
vt 0.013100 0.966800
vt 0.389200 0.324100
vt 0.310700 0.988000
vt 0.569700 0.966600
vt 0.547000 0.018100
vt 0.547500 0.018100
vt 0.547500 0.218700
vt 0.517100 0.280700
vt 0.517600 0.281400
vt 0.502100 0.262500
vt 0.502300 0.263300
vt 0.539200 0.235400
vt 0.539000 0.236200
vt 0.392500 0.979600
vt 0.187600 0.962000
vt 0.531700 0.242900
vt 0.532500 0.242700
vt 0.536700 0.247900
vt 0.536800 0.247100
vt 0.526900 0.284800
vt 0.526100 0.285000
vt 0.588400 0.175500
vt 0.544200 0.240400
vt 0.543400 0.240600
vt 0.509600 0.270000
vt 0.508800 0.269800
vt 0.518300 0.352700
vt 0.520200 0.350000
vt 0.615000 0.098200
vt 0.618000 0.099000
vt 0.610200 0.104300
vt 0.767000 0.309200
vt 0.590900 0.126500
vt 0.526000 0.948100
vt 0.526500 0.943200
vt 0.289600 0.879500
vt 0.289800 0.967800
vt 0.288500 0.967800
vt 0.640600 0.317700
vt 0.641500 0.316700
vt 0.713600 0.940000
vt 0.177000 0.842000
vt 0.177000 0.925200
vt 0.176000 0.925200
vt 0.648600 0.321900
vt 0.649700 0.321900
vt 0.107800 0.958000
vt 0.678100 0.886300
vt 0.541100 0.295600
vt 0.540800 0.294600
vt 0.683800 0.275100
vt 0.498100 0.020800
vt 0.516000 0.265400
vt 0.584600 0.966500
vt 0.522300 0.030600
vt 0.527700 0.238300
vt 0.529800 0.237500
vt 0.468500 0.960200
vt 0.469000 0.960700
vt 0.415700 0.960200
vt 0.468500 0.668900
vt 0.641800 0.071400
vt 0.641400 0.068200
vt 0.642600 0.071200
vt 0.641800 0.074300
vt 0.615000 0.083600
vt 0.611900 0.084000
vt 0.614900 0.082800
vt 0.520300 0.275800
vt 0.522300 0.275000
vt 0.610200 0.124300
vt 0.463500 0.917600
vt 0.463700 0.831400
vt 0.706500 0.316900
vt 0.534100 0.232500
vt 0.532200 0.230700
vt 0.506200 0.341200
vt 0.543600 0.060100
vt 0.541300 0.057800
vt 0.541800 0.057100
vt 0.415200 0.960700
vt 0.415200 0.668400
vt 0.019600 0.661400
vt 0.019900 0.681100
vt 0.003700 0.843600
vt 0.003400 0.843600
vt 0.003400 0.642900
vt 0.704000 0.191400
vt 0.002100 0.983500
vt 0.622100 0.417700
vt 0.750700 0.316400
vt 0.751100 0.316400
vt 0.751100 0.517000
vt 0.281800 0.879500
vt 0.645500 0.645100
vt 0.453300 0.951900
vt 0.582100 0.332100
vt 0.426900 0.624700
vt 0.790100 0.310900
vt 0.788500 0.311300
vt 0.438700 0.949900
vt 0.526400 0.233300
vt 0.718400 0.793300
vt 0.176000 0.842000
vt 0.415700 0.668900
vt 0.469000 0.668400
vt 0.606100 0.937900
vt 0.605800 0.937600
vt 0.289200 0.879800
vt 0.539600 0.030600
vt 0.521600 0.036100
vt 0.519200 0.035400
vt 0.521700 0.035400
vt 0.523600 0.037100
vt 0.533000 0.289400
vt 0.534100 0.291700
vt 0.541200 0.029000
vt 0.542000 0.026900
vt 0.436100 0.821100
vt 0.525200 0.038700
vt 0.524100 0.036400
vt 0.525900 0.038200
vt 0.526000 0.040800
vt 0.540900 0.291100
vt 0.543200 0.289900
vt 0.541400 0.291700
vt 0.538800 0.291800
vt 0.515600 0.045000
vt 0.516800 0.047300
vt 0.536400 0.048300
vt 0.534600 0.046500
vt 0.533300 0.265400
vt 0.526100 0.043000
vt 0.526900 0.040600
vt 0.526900 0.043100
vt 0.525300 0.045100
vt 0.539000 0.279800
vt 0.540900 0.281600
vt 0.390700 0.981100
vt 0.542600 0.045100
vt 0.544200 0.043100
vt 0.543200 0.045500
vt 0.540900 0.046700
vt 0.519300 0.047400
vt 0.521700 0.048300
vt 0.519100 0.048300
vt 0.517300 0.046500
vt 0.173100 0.842000
vt 0.649700 0.641600
vt 0.542600 0.223800
vt 0.541400 0.221600
vt 0.538900 0.221500
vt 0.536500 0.220600
vt 0.539000 0.220600
vt 0.540900 0.222400
vt 0.534600 0.291000
vt 0.536400 0.292700
vt 0.534100 0.047300
vt 0.533000 0.045000
vt 0.514000 0.040500
vt 0.515600 0.038600
vt 0.541400 0.280800
vt 0.542500 0.283100
vt 0.542500 0.038700
vt 0.541400 0.036400
vt 0.536400 0.233500
vt 0.534600 0.231800
vt 0.531300 0.228300
vt 0.539000 0.035400
vt 0.540900 0.037100
vt 0.460000 0.916800
vt 0.646500 0.319900
vt 0.647500 0.320100
vt 0.098600 0.774600
vt 0.427100 0.506100
vt 0.525900 0.045500
vt 0.524100 0.047300
vt 0.542600 0.289500
vt 0.544200 0.287600
vt 0.535100 0.931000
vt 0.534400 0.933000
vt 0.534400 0.930800
vt 0.450400 0.838400
vt 0.436600 0.505400
vt 0.384000 0.966700
vt 0.384000 0.968800
vt 0.383300 0.969100
vt 0.536600 0.291800
vt 0.539000 0.292700
vt 0.455700 0.843700
vt 0.457700 0.841100
vt 0.456400 0.844100
vt 0.454100 0.846400
vt 0.607200 0.942100
vt 0.459400 0.964700
vt 0.687600 0.022800
vt 0.607900 0.951700
vt 0.534100 0.221600
vt 0.536600 0.221300
vt 0.384000 0.959500
vt 0.680100 0.182000
vt 0.609200 0.089400
vt 0.608300 0.092500
vt 0.421300 0.824000
vt 0.419700 0.819100
vt 0.421500 0.819100
vt 0.457200 0.964000
vt 0.535100 0.940300
vt 0.639100 0.079700
vt 0.635900 0.080100
vt 0.606200 0.337700
vt 0.435900 0.964700
vt 0.456500 0.834900
vt 0.456900 0.838100
vt 0.211400 0.830700
vt 0.403700 0.964700
vt 0.442900 0.838100
vt 0.443400 0.835300
vt 0.517200 0.037000
vt 0.515000 0.038200
vt 0.645500 0.318400
vt 0.675200 0.179900
vt 0.523000 0.935200
vt 0.610700 0.094600
vt 0.610200 0.095000
vt 0.609700 0.092200
vt 0.679300 0.293900
vt 0.098700 0.963500
vt 0.528500 0.933100
vt 0.528500 0.931400
vt 0.669500 0.311800
vt 0.664600 0.312400
vt 0.370600 0.652000
vt 0.365800 0.647600
vt 0.887600 0.008900
vt 0.595700 0.124000
vt 0.596200 0.124400
vt 0.594500 0.125300
vt 0.456500 0.508200
vt 0.456300 0.593300
vt 0.647500 0.643400
vt 0.426100 0.354700
vt 0.424000 0.354700
vt 0.424000 0.354200
vt 0.421900 0.354200
vt 0.523300 0.241600
vt 0.521600 0.240900
vt 0.523400 0.241100
vt 0.525400 0.241700
vt 0.424000 0.673300
vt 0.101100 0.957800
vt 0.587100 0.960300
vt 0.587100 0.958200
vt 0.426100 0.354200
vt 0.427800 0.354700
vt 0.502100 0.030600
vt 0.545000 0.452700
vt 0.546300 0.325500
vt 0.443400 0.313700
vt 0.443300 0.313100
vt 0.445100 0.313700
vt 0.527500 0.241900
vt 0.525400 0.241200
vt 0.527500 0.241300
vt 0.529200 0.242000
vt 0.570500 0.956200
vt 0.570500 0.958300
vt 0.569900 0.956300
vt 0.570500 0.954400
vt 0.565000 0.316400
vt 0.633300 0.316400
vt 0.632000 0.443600
vt 0.304500 0.993000
vt 0.304500 0.994700
vt 0.304500 0.990900
vt 0.529000 0.050200
vt 0.529500 0.052200
vt 0.529000 0.052200
vt 0.282900 0.301000
vt 0.284900 0.300300
vt 0.284900 0.301000
vt 0.508600 0.027900
vt 0.601500 0.124500
vt 0.792800 0.148800
vt 0.497100 0.025500
vt 0.506900 0.263500
vt 0.514400 0.287300
vt 0.499800 0.029600
vt 0.509600 0.023100
vt 0.498000 0.272300
vt 0.506900 0.019100
vt 0.517100 0.291300
vt 0.521900 0.292300
vt 0.506800 0.274000
vt 0.502100 0.275000
vt 0.521900 0.279800
vt 0.525900 0.289600
vt 0.529000 0.294600
vt 0.529500 0.296600
vt 0.529000 0.296600
vt 0.536700 0.042800
vt 0.538700 0.042100
vt 0.538700 0.042800
vt 0.502100 0.018100
vt 0.632800 0.090700
vt 0.633300 0.092600
vt 0.632800 0.092600
vt 0.537400 0.026000
vt 0.535500 0.026700
vt 0.535500 0.026000
vt 0.590700 0.136700
vt 0.588800 0.136700
vt 0.582700 0.134200
vt 0.529400 0.288000
vt 0.528900 0.286000
vt 0.529400 0.286000
vt 0.537400 0.270400
vt 0.535500 0.271200
vt 0.535500 0.270400
vt 0.395600 0.964500
vt 0.395200 0.962600
vt 0.395600 0.962600
vt 0.507700 0.285800
vt 0.505700 0.286500
vt 0.505700 0.285800
vt 0.312900 0.733300
vt 0.497100 0.267500
vt 0.528900 0.041500
vt 0.529400 0.043500
vt 0.528900 0.043500
vt 0.536700 0.228000
vt 0.538700 0.227300
vt 0.538700 0.228000
vt 0.003700 0.845500
vt 0.003700 0.930400
vt 0.003100 0.930400
vt 0.734300 0.639600
vt 0.734300 0.316400
vt 0.735000 0.316400
vt 0.618200 0.284600
vt 0.641000 0.646300
vt 0.401600 0.964500
vt 0.401100 0.962600
vt 0.401600 0.962600
vt 0.008700 0.965900
vt 0.006700 0.966600
vt 0.006700 0.965900
vt 0.514700 0.222700
vt 0.514700 0.226100
vt 0.514700 0.222700
vt 0.514700 0.219800
vt 0.653500 0.996100
vt 0.653500 0.911100
vt 0.654100 0.911100
vt 0.735000 0.639600
vt 0.818400 0.301300
vt 0.461700 0.680600
vt 0.459300 0.680200
vt 0.560400 0.599600
vt 0.560000 0.602100
vt 0.560400 0.597200
vt 0.844000 0.144100
vt 0.843600 0.146500
vt 0.844000 0.141700
vt 0.676800 0.176800
vt 0.489600 0.439000
vt 0.490300 0.436700
vt 0.490500 0.436700
vt 0.676400 0.277100
vt 0.578200 0.427800
vt 0.462200 0.357000
vt 0.449400 0.357000
vt 0.527100 0.348900
vt 0.526600 0.346900
vt 0.527100 0.346900
vt 0.507200 0.041300
vt 0.505300 0.042100
vt 0.505300 0.041300
vt 0.725000 0.965200
vt 0.725000 0.962700
vt 0.318100 0.737000
vt 0.318600 0.739000
vt 0.318100 0.739000
vt 0.521600 0.042200
vt 0.519600 0.043000
vt 0.519600 0.042200
vt 0.654100 0.996100
vt 0.311800 0.993200
vt 0.310000 0.987100
vt 0.389200 0.973900
vt 0.389200 0.998000
vt 0.429700 0.821100
vt 0.214500 0.151000
vt 0.215100 0.022000
vt 0.215100 0.151400
vt 0.403900 0.984700
vt 0.399000 0.985400
vt 0.454100 0.314200
vt 0.452100 0.313700
vt 0.454100 0.313700
vt 0.455900 0.314200
vt 0.553400 0.623200
vt 0.552800 0.625000
vt 0.552800 0.623200
vt 0.553400 0.621200
vt 0.588200 0.104700
vt 0.601500 0.104300
vt 0.603300 0.103400
vt 0.377900 0.957000
vt 0.771700 0.589400
vt 0.771100 0.721300
vt 0.771100 0.589400
vt 0.516700 0.234600
vt 0.517600 0.231900
vt 0.457300 0.679800
vt 0.778800 0.455300
vt 0.778200 0.587200
vt 0.778200 0.455300
vt 0.094300 0.952000
vt 0.312300 0.989300
vt 0.190300 0.956300
vt 0.189800 0.958400
vt 0.190300 0.954500
vt 0.569900 0.954600
vt 0.528500 0.937300
vt 0.528500 0.939000
vt 0.199000 0.954500
vt 0.194100 0.953900
vt 0.674400 0.293200
vt 0.552800 0.621200
vt 0.552200 0.621200
vt 0.552800 0.619100
vt 0.190300 0.958400
vt 0.189800 0.960400
vt 0.609600 0.109800
vt 0.608400 0.111000
vt 0.466700 0.357000
vt 0.718200 0.941600
vt 0.441300 0.313700
vt 0.670600 0.297700
vt 0.670100 0.299700
vt 0.670600 0.295600
vt 0.450000 0.313700
vt 0.452100 0.313100
vt 0.571000 0.958300
vt 0.570500 0.960300
vt 0.571000 0.956200
vt 0.514300 0.935200
vt 0.513800 0.937300
vt 0.513800 0.935200
vt 0.514300 0.933100
vt 0.670600 0.299700
vt 0.670100 0.301500
vt 0.450000 0.314200
vt 0.448200 0.313700
vt 0.452100 0.314200
vt 0.644400 0.978100
vt 0.644400 0.979900
vt 0.644400 0.976000
vt 0.553400 0.619100
vt 0.553400 0.617400
vt 0.513800 0.933100
vt 0.514300 0.931400
vt 0.570500 0.962100
vt 0.569900 0.960200
vt 0.527900 0.931500
vt 0.448400 0.313100
vt 0.513800 0.939000
vt 0.513200 0.937200
vt 0.518200 0.271200
vt 0.520100 0.270400
vt 0.520100 0.271200
vt 0.441400 0.678200
vt 0.441900 0.680200
vt 0.441400 0.680200
vt 0.394100 0.997400
vt 0.371400 0.648300
vt 0.536700 0.287200
vt 0.538700 0.286500
vt 0.538700 0.287200
vt 0.231200 0.270500
vt 0.230700 0.268600
vt 0.231200 0.268600
vt 0.670600 0.293900
vt 0.645000 0.978100
vt 0.645000 0.979900
vt 0.518200 0.026700
vt 0.520100 0.026000
vt 0.520100 0.026700
vt 0.635600 0.092600
vt 0.635200 0.090700
vt 0.635600 0.090700
vt 0.427800 0.631200
vt 0.426100 0.630700
vt 0.427800 0.630700
vt 0.514300 0.937300
vt 0.514300 0.939000
vt 0.190300 0.960400
vt 0.171200 0.843500
vt 0.171000 0.843200
vt 0.583500 0.954400
vt 0.526300 0.056700
vt 0.524500 0.056200
vt 0.526300 0.056200
vt 0.571000 0.960300
vt 0.571000 0.962100
vt 0.810000 0.288600
vt 0.518200 0.026000
vt 0.857800 0.135300
vt 0.857100 0.002000
vt 0.857800 0.002000
vt 0.547000 0.218700
vt 0.210000 0.482400
vt 0.186700 0.960400
vt 0.186700 0.958400
vt 0.518200 0.270400
vt 0.012300 0.642900
vt 0.764500 0.723400
vt 0.763900 0.855400
vt 0.763900 0.723400
vt 0.587100 0.956200
vt 0.586600 0.958200
vt 0.586600 0.956200
vt 0.587100 0.954400
vt 0.536700 0.286500
vt 0.304900 0.682300
vt 0.552800 0.617400
vt 0.552200 0.617500
vt 0.394700 0.985400
vt 0.394700 0.987100
vt 0.394100 0.987000
vt 0.086000 0.776200
vt 0.008700 0.966600
vt 0.513800 0.931400
vt 0.305000 0.993000
vt 0.305000 0.994700
vt 0.771100 0.450400
vt 0.771800 0.583700
vt 0.771100 0.583700
vt 0.507200 0.042100
vt 0.863500 0.002000
vt 0.864300 0.135300
vt 0.863500 0.135300
vt 0.521600 0.043000
vt 0.586000 0.954600
vt 0.586000 0.954600
vt 0.552200 0.623200
vt 0.552200 0.624800
vt 0.552200 0.624800
vt 0.549700 0.623200
vt 0.549700 0.625000
vt 0.548900 0.623400
vt 0.549700 0.621200
vt 0.301400 0.988900
vt 0.301400 0.987100
vt 0.516800 0.036400
vt 0.642200 0.974000
vt 0.641300 0.976000
vt 0.510700 0.933100
vt 0.510700 0.931400
vt 0.525700 0.238100
vt 0.523600 0.238000
vt 0.501400 0.286600
vt 0.501000 0.284400
vt 0.501400 0.284400
vt 0.502300 0.282500
vt 0.443400 0.310600
vt 0.441300 0.310600
vt 0.445100 0.310600
vt 0.567400 0.960300
vt 0.567400 0.958300
vt 0.382500 0.961500
vt 0.381800 0.964100
vt 0.381800 0.961700
vt 0.443800 0.679100
vt 0.667000 0.293800
vt 0.642200 0.978000
vt 0.641300 0.979900
vt 0.452100 0.310600
vt 0.454100 0.310600
vt 0.455900 0.310600
vt 0.301400 0.994800
vt 0.421900 0.354700
vt 0.420200 0.354200
vt 0.567400 0.956200
vt 0.392500 0.985300
vt 0.391600 0.987100
vt 0.510700 0.935200
vt 0.510700 0.937300
vt 0.279500 0.297000
vt 0.278700 0.299000
vt 0.667000 0.297700
vt 0.667000 0.299700
vt 0.450000 0.310600
vt 0.288700 0.977000
vt 0.382500 0.966800
vt 0.381800 0.966600
vt 0.304500 0.988900
vt 0.304500 0.987100
vt 0.851400 0.138200
vt 0.186700 0.956300
vt 0.219100 0.556300
vt 0.216600 0.555900
vt 0.218900 0.555500
vt 0.097800 0.782200
vt 0.512500 0.286800
vt 0.512000 0.286700
vt 0.512000 0.284600
vt 0.601900 0.119000
vt 0.718800 0.797600
vt 0.718800 0.928300
vt 0.010800 0.961300
vt 0.009000 0.960000
vt 0.533600 0.933100
vt 0.533000 0.935700
vt 0.533000 0.933300
vt 0.583100 0.117800
vt 0.701400 0.983000
vt 0.817600 0.305700
vt 0.588600 0.102100
vt 0.641300 0.978100
vt 0.002000 0.966800
vt 0.002500 0.964600
vt 0.002500 0.966700
vt 0.002800 0.968900
vt 0.431400 0.826500
vt 0.429200 0.829000
vt 0.430600 0.825900
vt 0.678800 0.174900
vt 0.466000 0.680900
vt 0.466200 0.680600
vt 0.851400 0.142900
vt 0.851400 0.144800
vt 0.851100 0.145000
vt 0.505700 0.343100
vt 0.278200 0.298900
vt 0.278700 0.301100
vt 0.592600 0.133600
vt 0.643600 0.134200
vt 0.592600 0.134200
vt 0.743100 0.981800
vt 0.743700 0.869100
vt 0.743700 0.981800
vt 0.592600 0.136100
vt 0.643600 0.136700
vt 0.592600 0.136700
vt 0.850000 0.272000
vt 0.850600 0.159200
vt 0.850600 0.272000
vt 0.199000 0.959800
vt 0.361400 0.652000
vt 0.460200 0.935700
vt 0.606400 0.951900
vt 0.529500 0.238400
vt 0.420200 0.351100
vt 0.371400 0.648300
vt 0.367700 0.649000
vt 0.437900 0.964000
vt 0.435700 0.963200
vt 0.440500 0.964000
vt 0.514400 0.267000
vt 0.689500 0.180400
vt 0.098600 0.784400
vt 0.384000 0.964100
vt 0.489200 0.342600
vt 0.804400 0.300200
vt 0.521800 0.228200
vt 0.521000 0.230400
vt 0.445400 0.963200
vt 0.447400 0.963200
vt 0.289800 0.009200
vt 0.218000 0.008700
vt 0.289800 0.008700
vt 0.107200 0.962800
vt 0.003100 0.845500
vt 0.521800 0.222900
vt 0.302300 0.987300
vt 0.437600 0.311500
vt 0.535100 0.933200
vt 0.403500 0.963200
vt 0.507100 0.226900
vt 0.507100 0.224200
vt 0.451400 0.680600
vt 0.684300 0.179200
vt 0.507600 0.221700
vt 0.682300 0.023300
vt 0.682400 0.022600
vt 0.448800 0.681000
vt 0.384000 0.961600
vt 0.383300 0.964100
vt 0.097800 0.774700
vt 0.426800 0.504600
vt 0.521000 0.220700
vt 0.210600 0.840500
vt 0.560800 0.597300
vt 0.560800 0.595300
vt 0.699500 0.179100
vt 0.702000 0.179600
vt 0.804400 0.302900
vt 0.581700 0.125400
vt 0.601000 0.337000
vt 0.606400 0.942200
vt 0.459200 0.963200
vt 0.603600 0.336800
vt 0.606200 0.337700
vt 0.844400 0.141800
vt 0.844400 0.139800
vt 0.686300 0.134900
vt 0.683900 0.134200
vt 0.696900 0.179100
vt 0.468900 0.963200
vt 0.097800 0.796100
vt 0.464700 0.599400
vt 0.465100 0.599300
vt 0.581300 0.122800
vt 0.533600 0.940600
vt 0.436600 0.504600
vt 0.097800 0.788600
vt 0.098600 0.786300
vt 0.465600 0.920500
vt 0.465600 0.937000
vt 0.684900 0.022100
vt 0.413300 0.964000
vt 0.413300 0.963200
vt 0.683700 0.134900
vt 0.382500 0.959300
vt 0.446100 0.680700
vt 0.687500 0.022100
vt 0.543600 0.299600
vt 0.540900 0.299600
vt 0.532400 0.347500
vt 0.289800 0.011700
vt 0.218000 0.011100
vt 0.289800 0.011100
vt 0.640700 0.086800
vt 0.638300 0.085200
vt 0.638700 0.084700
vt 0.818400 0.303700
vt 0.818700 0.301300
vt 0.457100 0.963200
vt 0.210600 0.830700
vt 0.568700 0.441400
vt 0.570800 0.439500
vt 0.606200 0.337100
vt 0.435600 0.964000
vt 0.718400 0.797600
vt 0.539600 0.275000
vt 0.541200 0.273400
vt 0.289800 0.292400
vt 0.218000 0.291800
vt 0.289800 0.291800
vt 0.618900 0.911600
vt 0.512100 0.040100
vt 0.511600 0.042300
vt 0.511600 0.040200
vt 0.510800 0.038200
vt 0.502900 0.338200
vt 0.519100 0.349600
vt 0.643600 0.021600
vt 0.592600 0.021000
vt 0.643600 0.021000
vt 0.791500 0.316400
vt 0.790900 0.429200
vt 0.790900 0.316400
vt 0.097800 0.786400
vt 0.507700 0.226900
vt 0.533600 0.930800
vt 0.581600 0.120100
vt 0.469000 0.345700
vt 0.416200 0.345700
vt 0.415700 0.345200
vt 0.416200 0.637000
vt 0.668300 0.162500
vt 0.469500 0.637500
vt 0.469000 0.637000
vt 0.415700 0.637500
vt 0.453900 0.357400
vt 0.542500 0.937300
vt 0.542200 0.937400
vt 0.592600 0.131000
vt 0.643600 0.131700
vt 0.592600 0.131700
vt 0.763900 0.973800
vt 0.764500 0.861000
vt 0.764500 0.973800
vt 0.424100 0.951200
vt 0.423300 0.954300
vt 0.643600 0.019100
vt 0.592600 0.018500
vt 0.643600 0.018500
vt 0.876700 0.002000
vt 0.876100 0.114800
vt 0.876100 0.002000
vt 0.643600 0.289100
vt 0.592600 0.288500
vt 0.643600 0.288500
vt 0.757400 0.868900
vt 0.756800 0.981700
vt 0.756800 0.868900
vt 0.438600 0.675400
vt 0.086000 0.916500
vt 0.014300 0.915900
vt 0.086000 0.915900
vt 0.635900 0.098200
vt 0.639100 0.097800
vt 0.636100 0.080900
vt 0.633200 0.079500
vt 0.542500 0.935300
vt 0.229400 0.178800
vt 0.409600 0.312900
vt 0.017900 0.765400
vt 0.018500 0.693600
vt 0.018500 0.765400
vt 0.778800 0.587200
vt 0.288800 0.347200
vt 0.217100 0.346600
vt 0.288800 0.346600
vt 0.764500 0.855400
vt 0.469500 0.345200
vt 0.445500 0.833300
vt 0.442700 0.834900
vt 0.441500 0.837900
vt 0.771700 0.721300
vt 0.529400 0.221200
vt 0.528500 0.223600
vt 0.528500 0.220800
vt 0.517600 0.246600
vt 0.549700 0.619100
vt 0.549700 0.617300
vt 0.459000 0.508700
vt 0.706500 0.642500
vt 0.524500 0.056700
vt 0.690400 0.473600
vt 0.690000 0.608200
vt 0.690000 0.473600
vt 0.429700 0.822100
vt 0.685200 0.174900
vt 0.008900 0.960400
vt 0.006800 0.960400
vt 0.835700 0.002500
vt 0.835600 0.130900
vt 0.835600 0.002500
vt 0.435800 0.820000
vt 0.506100 0.342200
vt 0.589900 0.336600
vt 0.708500 0.642800
vt 0.505200 0.046400
vt 0.507300 0.046500
vt 0.534300 0.357100
vt 0.429900 0.829500
vt 0.489800 0.441500
vt 0.701400 0.989900
vt 0.701400 0.991900
vt 0.701000 0.991800
vt 0.516700 0.229500
vt 0.523500 0.046500
vt 0.525100 0.045000
vt 0.426400 0.823200
vt 0.505600 0.290900
vt 0.507700 0.290900
vt 0.426100 0.631200
vt 0.424000 0.631200
vt 0.424000 0.630700
vt 0.209100 0.821800
vt 0.544200 0.059400
vt 0.850300 0.136200
vt 0.560000 0.604100
vt 0.559600 0.604000
vt 0.006400 0.906900
vt 0.441200 0.952800
vt 0.421900 0.351100
vt 0.534300 0.347100
vt 0.224600 0.170200
vt 0.451000 0.846800
vt 0.451200 0.847600
vt 0.448200 0.846200
vt 0.592100 0.348300
vt 0.211600 0.353500
vt 0.517600 0.220300
vt 0.426500 0.952800
vt 0.088000 0.954100
vt 0.088000 0.628800
vt 0.002000 0.954100
vt 0.531400 0.053300
vt 0.691500 0.174900
vt 0.712300 0.803000
vt 0.712300 0.474400
vt 0.713600 0.473600
vt 0.618400 0.196900
vt 0.594500 0.111000
vt 0.390200 0.330100
vt 0.432400 0.675400
vt 0.612600 0.096500
vt 0.615100 0.097600
vt 0.299000 0.990900
vt 0.299000 0.988300
vt 0.299000 0.002000
vt 0.494000 0.343100
vt 0.588600 0.112300
vt 0.587200 0.110400
vt 0.593000 0.348400
vt 0.423500 0.823200
vt 0.524400 0.227000
vt 0.524400 0.224000
vt 0.422200 0.953900
vt 0.445800 0.845200
vt 0.443900 0.843300
vt 0.771800 0.450400
vt 0.536700 0.042100
vt 0.640200 0.094700
vt 0.638300 0.096600
vt 0.509600 0.036300
vt 0.509400 0.036700
vt 0.507500 0.035400
vt 0.640200 0.076600
vt 0.638300 0.078500
vt 0.505200 0.035400
vt 0.507400 0.035900
vt 0.505300 0.035800
vt 0.503100 0.036200
vt 0.864300 0.002000
vt 0.536700 0.227300
vt 0.311500 0.714500
vt 0.311500 0.732100
vt 0.628900 0.069000
vt 0.630800 0.067100
vt 0.628900 0.087100
vt 0.627300 0.089400
vt 0.529400 0.232800
vt 0.514400 0.022600
vt 0.622100 0.094700
vt 0.620200 0.096600
vt 0.507700 0.286500
vt 0.857100 0.135300
vt 0.579700 0.334000
vt 0.427800 0.354200
vt 0.670600 0.301500
vt 0.453400 0.833800
vt 0.501000 0.042100
vt 0.500600 0.039900
vt 0.501000 0.040000
vt 0.501900 0.038100
vt 0.606900 0.115500
vt 0.604500 0.115500
vt 0.537400 0.271200
vt 0.012300 0.776200
vt 0.583500 0.954400
vt 0.582600 0.954200
vt 0.548900 0.625300
vt 0.557800 0.633400
vt 0.558200 0.633400
vt 0.558200 0.834100
vt 0.596500 0.417200
vt 0.537400 0.026700
vt 0.304900 0.815500
vt 0.582600 0.962300
vt 0.538800 0.232500
vt 0.540900 0.231800
vt 0.538800 0.232800
vt 0.701900 0.522700
vt 0.701700 0.843100
vt 0.086000 0.642900
vt 0.282900 0.300300
vt 0.529200 0.241500
vt 0.420200 0.354700
vt 0.596400 0.980600
vt 0.639600 0.319100
vt 0.850000 0.159200
vt 0.592600 0.289100
vt 0.643600 0.133600
vt 0.791500 0.429200
vt 0.643600 0.131000
vt 0.876700 0.114800
vt 0.756800 0.593000
vt 0.750700 0.517000
vt 0.704000 0.190900
vt 0.456900 0.841000
vt 0.457700 0.837900
vt 0.395200 0.964500
vt 0.869900 0.002000
vt 0.870400 0.134800
vt 0.869900 0.134800
vt 0.529500 0.050200
vt 0.785200 0.316400
vt 0.784700 0.449200
vt 0.784700 0.316400
vt 0.003700 0.642900
vt 0.622100 0.417200
vt 0.638300 0.067100
vt 0.638700 0.066600
vt 0.621000 0.097800
vt 0.617900 0.098200
vt 0.395200 0.981200
vt 0.395200 0.983300
vt 0.394700 0.983300
vt 0.528800 0.024200
vt 0.530000 0.021400
vt 0.426300 0.948800
vt 0.288400 0.303100
vt 0.242600 0.165300
vt 0.262600 0.165800
vt 0.242600 0.165800
vt 0.529400 0.041500
vt 0.217000 0.154800
vt 0.217000 0.022000
vt 0.645000 0.976000
vt 0.645000 0.974000
vt 0.421900 0.631200
vt 0.420200 0.630700
vt 0.528900 0.288000
vt 0.086000 0.910900
vt 0.218000 0.011700
vt 0.217100 0.347200
vt 0.500500 0.042200
vt 0.501400 0.044300
vt 0.633300 0.090700
vt 0.377900 0.950200
vt 0.634700 0.450400
vt 0.634200 0.585000
vt 0.634200 0.450400
vt 0.522500 0.056700
vt 0.300500 0.326600
vt 0.385400 0.327200
vt 0.109000 0.956200
vt 0.285100 0.879500
vt 0.402900 0.548300
vt 0.403500 0.547800
vt 0.403400 0.631700
vt 0.702200 0.843600
vt 0.438800 0.678700
vt 0.418700 0.678200
vt 0.438800 0.678200
vt 0.022500 0.960600
vt 0.524400 0.227000
vt 0.524400 0.230000
vt 0.305000 0.987100
vt 0.439200 0.314200
vt 0.437500 0.314200
vt 0.437500 0.313700
vt 0.529500 0.294600
vt 0.304700 0.950200
vt 0.304700 0.817400
vt 0.453700 0.845700
vt 0.739300 0.644500
vt 0.738800 0.779100
vt 0.738800 0.644500
vt 0.617700 0.097600
vt 0.445100 0.314200
vt 0.420200 0.631200
vt 0.645000 0.972200
vt 0.644400 0.972200
vt 0.521600 0.241500
vt 0.427700 0.351900
vt 0.667900 0.301300
vt 0.667000 0.301500
vt 0.385400 0.326600
vt 0.312300 0.992400
vt 0.094300 0.627800
vt 0.513600 0.269100
vt 0.514400 0.267000
vt 0.514500 0.267100
vt 0.313500 0.990800
vt 0.313200 0.989900
vt 0.455900 0.313700
vt 0.520400 0.056700
vt 0.518600 0.056700
vt 0.606700 0.102700
vt 0.389200 0.003100
vt 0.473800 0.650800
vt 0.418700 0.678700
vt 0.529000 0.937300
vt 0.529000 0.935200
vt 0.438700 0.673300
vt 0.438400 0.672300
vt 0.441000 0.948800
vt 0.590600 0.134000
vt 0.582700 0.289100
vt 0.559900 0.975400
vt 0.457300 0.679800
vt 0.751200 0.661100
vt 0.750700 0.795700
vt 0.750700 0.661100
vt 0.380400 0.227800
vt 0.312600 0.228300
vt 0.312600 0.227800
vt 0.609700 0.104700
vt 0.610300 0.106300
vt 0.596300 0.118600
vt 0.394700 0.985400
vt 0.602000 0.124100
vt 0.601300 0.122500
vt 0.514500 0.022600
vt 0.513700 0.024700
vt 0.643600 0.175700
vt 0.623600 0.175300
vt 0.643600 0.175300
vt 0.743100 0.869100
vt 0.592600 0.021600
vt 0.002000 0.626900
vt 0.105800 0.961400
vt 0.385400 0.002000
vt 0.601300 0.108100
vt 0.602000 0.109800
vt 0.700600 0.847400
vt 0.700600 0.979200
vt 0.293200 0.336500
vt 0.645500 0.644600
vt 0.725000 0.958300
vt 0.457700 0.357000
vt 0.528500 0.935200
vt 0.529000 0.933100
vt 0.763900 0.861000
vt 0.592600 0.019100
vt 0.690400 0.608200
vt 0.395200 0.979500
vt 0.394700 0.981200
vt 0.190300 0.962200
vt 0.685100 0.265300
vt 0.643600 0.136100
vt 0.757400 0.981700
vt 0.586600 0.954400
vt 0.553400 0.625000
vt 0.513700 0.269100
vt 0.623600 0.175700
vt 0.667000 0.293800
vt 0.439200 0.313700
vt 0.441300 0.314200
vt 0.669500 0.294000
vt 0.017900 0.693600
vt 0.634700 0.585000
vt 0.591000 0.125900
vt 0.523900 0.029000
vt 0.514500 0.028900
vt 0.516000 0.030400
vt 0.518000 0.031400
vt 0.514500 0.273300
vt 0.516000 0.274900
vt 0.218000 0.292400
vt 0.535000 0.262500
vt 0.532100 0.263700
vt 0.664600 0.287600
vt 0.665900 0.286400
vt 0.732900 0.287600
vt 0.377300 0.675300
vt 0.527500 0.227000
vt 0.537800 0.299600
vt 0.218000 0.009200
vt 0.206500 0.663300
vt 0.014300 0.916500
vt 0.606400 0.938200
vt 0.463800 0.508400
vt 0.464100 0.597000
vt 0.555900 0.296700
vt 0.557300 0.294600
vt 0.535000 0.018100
vt 0.532100 0.019200
vt 0.008000 0.778100
vt 0.262600 0.165300
vt 0.529800 0.348600
vt 0.478000 0.325500
vt 0.837100 0.131400
vt 0.732900 0.159200
vt 0.305000 0.990900
vt 0.305000 0.988900
vt 0.586800 0.124800
vt 0.312100 0.221000
vt 0.685200 0.176800
vt 0.539600 0.030500
vt 0.541100 0.028900
vt 0.633300 0.444700
vt 0.308900 0.673800
vt 0.380400 0.222400
vt 0.423700 0.820000
vt 0.591900 0.331100
vt 0.591600 0.330000
vt 0.503300 0.340200
vt 0.525100 0.050700
vt 0.495500 0.441700
vt 0.493700 0.442600
vt 0.493300 0.441900
vt 0.408800 0.313600
vt 0.560900 0.839700
vt 0.539000 0.060900
vt 0.587700 0.338200
vt 0.380800 0.224700
vt 0.312100 0.224400
vt 0.362200 0.648300
vt 0.419800 0.824000
vt 0.380600 0.648300
vt 0.583500 0.175900
vt 0.628800 0.076500
vt 0.450300 0.948800
vt 0.438400 0.948800
vt 0.586000 0.960200
vt 0.797700 0.149400
vt 0.681700 0.174900
vt 0.009900 0.907500
vt 0.362200 0.648300
vt 0.751200 0.795700
vt 0.861500 0.166100
vt 0.771800 0.306600
vt 0.526900 0.268700
vt 0.811500 0.159700
vt 0.586900 0.110600
vt 0.586000 0.108400
vt 0.870400 0.002000
vt 0.635200 0.092600
vt 0.531700 0.051200
vt 0.643800 0.979700
vt 0.441000 0.672300
vt 0.817600 0.296900
vt 0.461500 0.597300
vt 0.640200 0.184000
vt 0.642300 0.185400
vt 0.424000 0.350200
vt 0.638700 0.084700
vt 0.639100 0.084000
vt 0.636200 0.082800
vt 0.590700 0.021600
vt 0.686500 0.271400
vt 0.401100 0.964500
vt 0.785200 0.449200
vt 0.522300 0.030600
vt 0.520300 0.031300
vt 0.522300 0.030500
vt 0.461300 0.919000
vt 0.543800 0.295600
vt 0.528800 0.027300
vt 0.377900 0.817400
vt 0.230700 0.270500
vt 0.588900 0.133900
vt 0.506200 0.439500
vt 0.426500 0.676300
vt 0.381000 0.224400
vt 0.520200 0.358700
vt 0.394200 0.345200
vt 0.393700 0.545900
vt 0.393700 0.345200
vt 0.692000 0.272000
vt 0.696000 0.523300
vt 0.456600 0.593200
vt 0.318600 0.737000
vt 0.526600 0.348900
vt 0.086000 0.778100
vt 0.441900 0.678200
vt 0.424000 0.354200
vt 0.424000 0.353500
vt 0.284600 0.165800
vt 0.264500 0.165300
vt 0.284600 0.165300
vt 0.560600 0.459600
vt 0.560600 0.591400
vt 0.394200 0.545900
vt 0.694900 0.847100
vt 0.459600 0.831400
vt 0.789800 0.308600
vt 0.517700 0.262500
vt 0.511500 0.027300
vt 0.828800 0.142500
vt 0.829700 0.140500
vt 0.526900 0.024300
vt 0.529900 0.030100
vt 0.529900 0.274500
vt 0.797600 0.320200
vt 0.797200 0.322400
vt 0.797600 0.320200
vt 0.586700 0.289100
vt 0.584500 0.289100
vt 0.538000 0.277900
vt 0.540500 0.330700
vt 0.525700 0.021500
vt 0.796200 0.298300
vt 0.676100 0.174500
vt 0.676100 0.172100
vt 0.009900 0.778100
vt 0.517700 0.018100
vt 0.538000 0.033500
vt 0.514800 0.263700
vt 0.540800 0.032300
vt 0.514800 0.019200
vt 0.688300 0.971800
vt 0.639000 0.319800
vt 0.525700 0.265900
vt 0.701000 0.989800
vt 0.543000 0.021500
vt 0.512600 0.274500
vt 0.543000 0.265900
vt 0.308900 0.957000
vt 0.512600 0.030100
vt 0.225300 0.167100
vt 0.520700 0.033500
vt 0.511500 0.271700
vt 0.559500 0.971000
vt 0.292500 0.667100
vt 0.206500 0.667700
vt 0.206500 0.667100
vt 0.639600 0.644400
vt 0.584400 0.958200
vt 0.503400 0.290400
vt 0.501800 0.288800
vt 0.503700 0.290000
vt 0.505500 0.291300
vt 0.102300 0.843500
vt 0.285200 0.294300
vt 0.285100 0.294800
vt 0.507900 0.279800
vt 0.509800 0.281100
vt 0.507800 0.280300
vt 0.505700 0.280300
vt 0.669500 0.297700
vt 0.531700 0.295600
vt 0.513200 0.933200
vt 0.513200 0.931500
vt 0.303900 0.994600
vt 0.739300 0.779100
vt 0.004400 0.970500
vt 0.004700 0.970200
vt 0.006600 0.971400
vt 0.020700 0.680500
vt 0.718900 0.932800
vt 0.633000 0.073600
vt 0.635400 0.073600
vt 0.569900 0.958300
vt 0.569900 0.961900
vt 0.189200 0.958400
vt 0.525500 0.240600
vt 0.513200 0.935200
vt 0.552200 0.619200
vt 0.450100 0.313100
vt 0.561100 0.982200
vt 0.561100 0.984100
vt 0.676000 0.176700
vt 0.189200 0.956400
vt 0.829100 0.147000
vt 0.829900 0.148800
vt 0.829500 0.148900
vt 0.503300 0.268800
vt 0.426300 0.672300
vt 0.544200 0.268700
vt 0.685400 0.139700
vt 0.683200 0.139100
vt 0.685400 0.139600
vt 0.687600 0.139300
vt 0.464000 0.680900
vt 0.523500 0.032300
vt 0.543800 0.051200
vt 0.503300 0.268700
vt 0.530800 0.271300
vt 0.531000 0.269100
vt 0.531000 0.271300
vt 0.531800 0.273300
vt 0.530800 0.271300
vt 0.264500 0.165800
vt 0.513700 0.026900
vt 0.693700 0.266700
vt 0.693300 0.266300
vt 0.531000 0.024700
vt 0.531000 0.026900
vt 0.426000 0.353500
vt 0.527500 0.240700
vt 0.531800 0.267100
vt 0.533400 0.265500
vt 0.414300 0.312000
vt 0.416000 0.313200
vt 0.303800 0.151400
vt 0.303000 0.151700
vt 0.303300 0.151400
vt 0.303000 0.018400
vt 0.420000 0.499600
vt 0.318100 0.741000
vt 0.435600 0.824000
vt 0.441200 0.676300
vt 0.597500 0.122600
vt 0.597900 0.120300
vt 0.832200 0.292200
vt 0.831400 0.292400
vt 0.831700 0.292200
vt 0.831400 0.159200
vt 0.757600 0.863000
vt 0.756800 0.863200
vt 0.757100 0.863000
vt 0.756800 0.730000
vt 0.844000 0.139600
vt 0.434400 0.357700
vt 0.432400 0.357700
vt 0.432200 0.357400
vt 0.779000 0.449600
vt 0.778700 0.316600
vt 0.779000 0.316400
vt 0.778200 0.316600
vt 0.518100 0.264600
vt 0.518100 0.264700
vt 0.516100 0.265500
vt 0.539600 0.274900
vt 0.541200 0.273400
vt 0.718200 0.939600
vt 0.718200 0.937100
vt 0.610900 0.124700
vt 0.454000 0.313100
vt 0.764600 0.717700
vt 0.764400 0.584700
vt 0.764600 0.584500
vt 0.763900 0.584700
vt 0.455200 0.843300
vt 0.453300 0.845200
vt 0.756800 0.454000
vt 0.757200 0.454300
vt 0.223600 0.207800
vt 0.837900 0.292400
vt 0.838400 0.292200
vt 0.838600 0.292400
vt 0.838400 0.159400
vt 0.486600 0.446100
vt 0.441000 0.357700
vt 0.447100 0.357700
vt 0.445100 0.357700
vt 0.513200 0.938900
vt 0.530900 0.024600
vt 0.531700 0.022600
vt 0.531800 0.022600
vt 0.533400 0.021100
vt 0.757100 0.730200
vt 0.757600 0.730000
vt 0.461500 0.613800
vt 0.831700 0.159400
vt 0.832200 0.159200
vt 0.510800 0.044200
vt 0.512000 0.042400
vt 0.838600 0.159200
vt 0.837900 0.159400
vt 0.778200 0.449600
vt 0.778700 0.449400
vt 0.541900 0.301800
vt 0.464700 0.615800
vt 0.505900 0.339100
vt 0.449400 0.357700
vt 0.763900 0.717700
vt 0.764400 0.717500
vt 0.520300 0.020300
vt 0.518100 0.020300
vt 0.724300 0.279800
vt 0.615000 0.091500
vt 0.617200 0.091700
vt 0.615000 0.091600
vt 0.018500 0.683700
vt 0.588500 0.126500
vt 0.673200 0.279800
vt 0.691200 0.172800
vt 0.533300 0.274900
vt 0.292500 0.992400
vt 0.003300 0.962600
vt 0.002000 0.964500
vt 0.595300 0.116400
vt 0.593100 0.115500
vt 0.603100 0.343800
vt 0.735900 0.033800
vt 0.489900 0.439100
vt 0.560100 0.299000
vt 0.752000 0.522700
vt 0.453100 0.948800
vt 0.579500 0.330000
vt 0.537600 0.031400
vt 0.537600 0.031300
vt 0.696000 0.984000
vt 0.844200 0.133900
vt 0.011400 0.778600
vt 0.524800 0.269100
vt 0.524700 0.269100
vt 0.306100 0.953500
vt 0.688700 0.182100
vt 0.686700 0.181500
vt 0.688800 0.181900
vt 0.690300 0.182800
vt 0.735000 0.029200
vt 0.734800 0.026900
vt 0.735600 0.026700
vt 0.683200 0.139300
vt 0.681400 0.137900
vt 0.688200 0.880600
vt 0.688600 0.679900
vt 0.688600 0.880600
vt 0.678400 0.190900
vt 0.818700 0.299000
vt 0.688200 0.679900
vt 0.596500 0.417700
vt 0.557800 0.834100
vt 0.678400 0.191400
vt 0.795000 0.298200
vt 0.584600 0.296900
vt 0.303300 0.018600
vt 0.303800 0.018400
vt 0.390500 0.650200
vt 0.473800 0.650200
vt 0.610500 0.414100
vt 0.501800 0.044100
vt 0.503200 0.045600
vt 0.541200 0.022700
vt 0.539600 0.021100
vt 0.537600 0.020300
vt 0.535400 0.020300
vt 0.533300 0.021000
vt 0.292000 0.667600
vt 0.571000 0.954400
vt 0.529000 0.939000
vt 0.529000 0.931400
vt 0.744100 0.594200
vt 0.744500 0.725800
vt 0.015700 0.912800
vt 0.627600 0.077300
vt 0.817200 0.159200
vt 0.180500 0.952200
vt 0.603100 0.415500
vt 0.602500 0.126600
vt 0.390700 0.983300
vt 0.712700 0.941000
vt 0.712300 0.941400
vt 0.533300 0.030400
vt 0.287300 0.295200
vt 0.588800 0.021600
vt 0.586700 0.021600
vt 0.466500 0.357700
vt 0.718900 0.939500
vt 0.718900 0.941500
vt 0.542000 0.271300
vt 0.542100 0.269100
vt 0.503400 0.036600
vt 0.701300 0.181800
vt 0.516700 0.219900
vt 0.395200 0.985400
vt 0.395200 0.987100
vt 0.534300 0.297700
vt 0.300500 0.003500
vt 0.828300 0.147200
vt 0.464500 0.357700
vt 0.701800 0.985000
vt 0.701400 0.987400
vt 0.512700 0.223100
vt 0.633300 0.760700
vt 0.592900 0.102700
vt 0.594500 0.103400
vt 0.844400 0.144100
vt 0.420300 0.950600
vt 0.419800 0.952600
vt 0.420300 0.950600
vt 0.420500 0.948400
vt 0.752000 0.657300
vt 0.283000 0.294800
vt 0.465600 0.917800
vt 0.465600 0.831400
vt 0.708500 0.316600
vt 0.542000 0.024700
vt 0.008800 0.971000
vt 0.511600 0.288900
vt 0.533300 0.021000
vt 0.561200 0.301100
vt 0.505100 0.046900
vt 0.006600 0.971000
vt 0.595300 0.126500
vt 0.593100 0.127400
vt 0.501500 0.037800
vt 0.285100 0.305900
vt 0.282900 0.305400
vt 0.282800 0.305800
vt 0.280900 0.304500
vt 0.503000 0.046000
vt 0.448200 0.314200
vt 0.756800 0.447000
vt 0.744500 0.593800
vt 0.713600 0.808200
vt 0.443400 0.314200
vt 0.434500 0.356200
vt 0.719800 0.179500
vt 0.523800 0.028900
vt 0.523800 0.028900
vt 0.524700 0.026900
vt 0.734500 0.035000
vt 0.734500 0.052500
vt 0.565000 0.958300
vt 0.565000 0.955600
vt 0.502400 0.441700
vt 0.003200 0.968600
vt 0.743100 0.731400
vt 0.218000 0.013600
vt 0.289800 0.013900
vt 0.218000 0.013900
vt 0.542400 0.289400
vt 0.543300 0.287400
vt 0.540900 0.291000
vt 0.592800 0.111700
vt 0.591100 0.111700
vt 0.419900 0.350200
vt 0.094900 0.969000
vt 0.094900 0.971100
vt 0.094300 0.967300
vt 0.501000 0.286600
vt 0.394100 0.983300
vt 0.086000 0.914000
vt 0.513700 0.271300
vt 0.843200 0.148500
vt 0.590800 0.101200
vt 0.593200 0.101200
vt 0.105500 0.960500
vt 0.105500 0.960000
vt 0.105500 0.961000
vt 0.464200 0.831400
vt 0.696900 0.523800
vt 0.457100 0.592800
vt 0.456900 0.508200
vt 0.597000 0.103900
vt 0.598000 0.106100
vt 0.677000 0.272400
vt 0.559600 0.595300
vt 0.560300 0.982200
vt 0.559900 0.984200
vt 0.697100 0.181500
vt 0.695100 0.181900
vt 0.692400 0.196400
vt 0.588800 0.289100
vt 0.509800 0.931100
vt 0.509000 0.930800
vt 0.299700 0.995400
vt 0.587100 0.962100
vt 0.666100 0.293600
vt 0.641300 0.979900
vt 0.640500 0.980100
vt 0.696000 0.852200
vt 0.588900 0.296200
vt 0.817600 0.298900
vt 0.540900 0.046600
vt 0.542400 0.045000
vt 0.538800 0.047300
vt 0.533000 0.223900
vt 0.595800 0.104700
vt 0.542500 0.928600
vt 0.509600 0.277400
vt 0.509500 0.276900
vt 0.610800 0.087100
vt 0.609800 0.089500
vt 0.604600 0.113200
vt 0.602400 0.112300
vt 0.587000 0.296800
vt 0.610500 0.345200
vt 0.455100 0.508200
vt 0.231000 0.278600
vt 0.441100 0.356600
vt 0.556500 0.294300
vt 0.449400 0.308200
vt 0.293200 0.662000
vt 0.646100 0.319600
vt 0.018500 0.685600
vt 0.758100 0.726200
vt 0.013100 0.964700
vt 0.376500 0.952200
vt 0.587400 0.122300
vt 0.587400 0.120500
vt 0.520300 0.275700
vt 0.522300 0.275000
vt 0.628800 0.994600
vt 0.629000 0.922900
vt 0.629000 0.994600
vt 0.588600 0.116400
vt 0.590800 0.115500
vt 0.756800 0.317600
vt 0.608400 0.125200
vt 0.606800 0.126000
vt 0.751000 0.799500
vt 0.750700 0.871200
vt 0.750700 0.799500
vt 0.596500 0.106300
vt 0.596500 0.108100
vt 0.604800 0.117000
vt 0.585900 0.122600
vt 0.725000 0.962700
vt 0.605000 0.126000
vt 0.744500 0.862100
vt 0.605000 0.102700
vt 0.758200 0.584700
vt 0.815100 0.148800
vt 0.589400 0.111000
vt 0.610300 0.108100
vt 0.473800 0.329000
vt 0.647900 0.643100
vt 0.609300 0.126500
vt 0.609600 0.118800
vt 0.610300 0.120500
vt 0.102800 0.842000
vt 0.536600 0.280700
vt 0.443900 0.835700
vt 0.495200 0.262500
vt 0.537200 0.620100
vt 0.536100 0.618300
vt 0.536200 0.618200
vt 0.696900 0.846200
vt 0.461600 0.832300
vt 0.461400 0.916800
vt 0.612600 0.991500
vt 0.612800 0.919800
vt 0.612800 0.991500
vt 0.184300 0.958400
vt 0.184300 0.955800
vt 0.589000 0.344600
vt 0.589400 0.125200
vt 0.602500 0.102100
vt 0.604700 0.101200
vt 0.685100 0.196400
vt 0.535400 0.275700
vt 0.537600 0.275700
vt 0.610800 0.118000
vt 0.630700 0.078400
vt 0.380400 0.225900
vt 0.588100 0.118900
vt 0.589400 0.117600
vt 0.596400 0.120600
vt 0.318400 0.740900
vt 0.318300 0.742800
vt 0.445800 0.833800
vt 0.515700 0.038700
vt 0.559200 0.590800
vt 0.587500 0.106300
vt 0.592800 0.125900
vt 0.303800 0.151700
vt 0.609100 0.116300
vt 0.591100 0.116900
vt 0.592800 0.116900
vt 0.751000 0.871200
vt 0.586700 0.021600
vt 0.584500 0.021600
vt 0.532700 0.238100
vt 0.595300 0.112300
vt 0.837900 0.159200
vt 0.717800 0.941500
vt 0.526000 0.043000
vt 0.514400 0.355400
vt 0.518100 0.275700
vt 0.750700 0.655900
vt 0.608300 0.117600
vt 0.480500 0.451600
vt 0.633200 0.097600
vt 0.630700 0.096500
vt 0.721600 0.179400
vt 0.721700 0.179300
vt 0.231000 0.272400
vt 0.514900 0.042900
vt 0.593100 0.113200
vt 0.543300 0.285200
vt 0.630800 0.318600
vt 0.715500 0.179500
vt 0.303800 0.018600
vt 0.763900 0.584500
vt 0.778200 0.316400
vt 0.560300 0.979800
vt 0.757600 0.863200
vt 0.603300 0.111000
vt 0.576500 0.431900
vt 0.724600 0.967100
vt 0.218000 0.015800
vt 0.289800 0.016000
vt 0.218000 0.016000
vt 0.509000 0.939600
vt 0.518100 0.264700
vt 0.309500 0.955400
vt 0.642600 0.184600
vt 0.231000 0.175500
vt 0.230800 0.173500
vt 0.520300 0.031300
vt 0.518100 0.031300
vt 0.518100 0.031300
vt 0.588800 0.136700
vt 0.419800 0.952600
vt 0.537300 0.620000
vt 0.713700 0.179500
vt 0.615100 0.084200
vt 0.591100 0.102700
vt 0.514400 0.357600
vt 0.837900 0.292200
vt 0.542500 0.223900
vt 0.628800 0.922900
vt 0.523900 0.267100
vt 0.289800 0.013600
vt 0.456300 0.840900
vt 0.739000 0.782900
vt 0.738800 0.854600
vt 0.738800 0.782900
vt 0.832200 0.292400
vt 0.763900 0.717500
vt 0.739000 0.854600
vt 0.608400 0.103400
vt 0.426100 0.951900
vt 0.778200 0.449400
vt 0.538800 0.047400
vt 0.380400 0.222500
vt 0.585500 0.292100
vt 0.583500 0.291000
vt 0.289800 0.015800
vt 0.534600 0.037100
vt 0.533000 0.038700
vt 0.236400 0.165700
vt 0.534600 0.299600
vt 0.832200 0.159400
vt 0.758200 0.316400
vt 0.534100 0.221600
vt 0.392500 0.983300
vt 0.511200 0.038000
vt 0.724200 0.960500
vt 0.020400 0.770200
vt 0.522500 0.053100
vt 0.420100 0.499500
vt 0.419600 0.497500
vt 0.526300 0.355200
vt 0.526200 0.353100
vt 0.516100 0.021100
vt 0.529200 0.035400
vt 0.529200 0.037400
vt 0.373800 0.972900
vt 0.372100 0.972900
vt 0.371800 0.972800
vt 0.466100 0.508200
vt 0.757600 0.730200
vt 0.641200 0.071500
vt 0.641200 0.074100
vt 0.603300 0.125300
vt 0.541000 0.930700
vt 0.473400 0.634300
vt 0.094300 0.952400
vt 0.523700 0.930800
vt 0.231000 0.280500
vt 0.514400 0.351400
vt 0.460100 0.596800
vt 0.419000 0.673100
vt 0.537600 0.264700
vt 0.535400 0.264700
vt 0.517600 0.223000
vt 0.787100 0.308600
vt 0.787400 0.311700
vt 0.787400 0.311700
vt 0.750700 0.524100
vt 0.435500 0.826000
vt 0.639000 0.978600
vt 0.549700 0.625000
vt 0.582600 0.958200
vt 0.011400 0.906900
vt 0.515700 0.045000
vt 0.090500 0.626300
vt 0.090000 0.956100
vt 0.025100 0.770800
vt 0.473800 0.330500
vt 0.648500 0.642200
vt 0.377900 0.972800
vt 0.375700 0.972800
vt 0.377900 0.972800
vt 0.584500 0.288800
vt 0.450900 0.846200
vt 0.586000 0.956300
vt 0.309500 0.675300
vt 0.432400 0.671300
vt 0.589500 0.428300
vt 0.591200 0.427500
vt 0.589500 0.428300
vt 0.591300 0.427700
vt 0.018200 0.691700
vt 0.018300 0.691700
vt 0.094900 0.971100
vt 0.094500 0.973200
vt 0.381000 0.229400
vt 0.312100 0.229400
vt 0.391600 0.981200
vt 0.536600 0.221500
vt 0.542000 0.269100
vt 0.541100 0.273300
vt 0.019300 0.959900
vt 0.020000 0.961600
vt 0.019300 0.959900
vt 0.418900 0.954200
vt 0.418900 0.954200
vt 0.185000 0.953900
vt 0.581800 0.962700
vt 0.490200 0.441500
vt 0.506800 0.029600
vt 0.648500 0.321300
vt 0.576900 0.331700
vt 0.576700 0.334000
vt 0.641200 0.092200
vt 0.612600 0.919800
vt 0.464400 0.356200
vt 0.504900 0.032900
vt 0.459600 0.916800
vt 0.586500 0.024600
vt 0.584500 0.023600
vt 0.542000 0.269100
vt 0.541200 0.267100
vt 0.844400 0.146400
vt 0.844400 0.148400
vt 0.684300 0.271400
vt 0.682300 0.270900
vt 0.684300 0.271400
vt 0.686500 0.271400
vt 0.565000 0.444700
vt 0.590800 0.336100
vt 0.223600 0.190300
vt 0.694600 0.522700
vt 0.454900 0.593900
vt 0.665300 0.293200
vt 0.414100 0.312200
vt 0.412500 0.310700
vt 0.414100 0.312200
vt 0.321700 0.647800
vt 0.320100 0.646900
vt 0.320100 0.646900
vt 0.635800 0.079500
vt 0.623100 0.089600
vt 0.622600 0.086800
vt 0.623100 0.092200
vt 0.473500 0.636200
vt 0.473000 0.636300
vt 0.794600 0.304900
vt 0.743100 0.595100
vt 0.231000 0.276500
vt 0.210000 0.353000
vt 0.584500 0.021600
vt 0.582700 0.021600
vt 0.604900 0.111700
vt 0.544200 0.043100
vt 0.456300 0.838200
vt 0.451700 0.356200
vt 0.583300 0.291500
vt 0.635800 0.097600
vt 0.577900 0.429900
vt 0.518400 0.052200
vt 0.534300 0.297700
vt 0.097500 0.968300
vt 0.582500 0.329000
vt 0.524700 0.024700
vt 0.641200 0.089600
vt 0.008000 0.907500
vt 0.702000 0.847900
vt 0.702000 0.978600
vt 0.509800 0.222400
vt 0.390500 0.330500
vt 0.292000 0.991900
vt 0.523900 0.273400
vt 0.463500 0.597000
vt 0.463400 0.508700
vt 0.416100 0.313000
vt 0.321800 0.647700
vt 0.321800 0.647600
vt 0.231000 0.171300
vt 0.517100 0.280700
vt 0.701000 0.991800
vt 0.421800 0.350200
vt 0.502200 0.288500
vt 0.533000 0.283100
vt 0.419200 0.348700
vt 0.464600 0.597000
vt 0.642600 0.316400
vt 0.206500 0.991800
vt 0.688300 0.176800
vt 0.812700 0.150900
vt 0.812700 0.154200
vt 0.812700 0.154200
vt 0.590700 0.019100
vt 0.588300 0.018800
vt 0.590700 0.019100
vt 0.718900 0.939500
vt 0.589900 0.350300
vt 0.589900 0.350300
vt 0.426600 0.824000
vt 0.810300 0.294300
vt 0.810000 0.297500
vt 0.810300 0.294300
vt 0.517600 0.229300
vt 0.472900 0.003300
vt 0.318100 0.749000
vt 0.495200 0.018100
vt 0.495200 0.020500
vt 0.495200 0.018100
vt 0.851400 0.142900
vt 0.599800 0.339900
vt 0.601500 0.339300
vt 0.424000 0.348700
vt 0.464500 0.357700
vt 0.586000 0.019100
vt 0.586000 0.019100
vt 0.635900 0.084200
vt 0.686400 0.195000
vt 0.021000 0.680200
vt 0.630800 0.085200
vt 0.709600 0.178900
vt 0.707200 0.178900
vt 0.709600 0.178900
vt 0.711700 0.179500
vt 0.607900 0.944600
vt 0.614800 0.089600
vt 0.617400 0.089600
vt 0.617400 0.089600
vt 0.538900 0.036300
vt 0.410900 0.964700
vt 0.692700 0.181900
vt 0.692700 0.181900
vt 0.501000 0.040000
vt 0.522400 0.351200
vt 0.523300 0.349600
vt 0.523300 0.349600
vt 0.319000 0.703800
vt 0.319000 0.702000
vt 0.319000 0.703800
vt 0.627800 0.071400
vt 0.627800 0.074100
vt 0.544200 0.228400
vt 0.019600 0.681500
vt 0.377900 0.673800
vt 0.002900 0.962400
vt 0.584500 0.136700
vt 0.611700 0.343800
vt 0.401900 0.631700
vt 0.309900 0.986500
vt 0.006400 0.778600
vt 0.449400 0.840800
vt 0.449500 0.840800
vt 0.599900 0.340000
vt 0.740100 0.026800
vt 0.742200 0.027200
vt 0.740100 0.026800
vt 0.737900 0.027200
vt 0.717400 0.934900
vt 0.678500 0.270700
vt 0.515700 0.222600
vt 0.508600 0.272300
vt 0.503000 0.343100
vt 0.540700 0.058700
vt 0.537900 0.057100
vt 0.537900 0.057100
vt 0.529200 0.035400
vt 0.384000 0.971000
vt 0.381800 0.971000
vt 0.381800 0.971000
vt 0.607700 0.339900
vt 0.607700 0.339900
vt 0.715500 0.179300
vt 0.094800 0.971000
vt 0.591200 0.427500
vt 0.419600 0.503800
vt 0.418800 0.505300
vt 0.418800 0.505300
vt 0.673200 0.167000
vt 0.502100 0.018100
vt 0.094300 0.950900
vt 0.506200 0.439500
vt 0.428400 0.625900
vt 0.516300 0.352600
vt 0.522300 0.265500
vt 0.640300 0.318400
vt 0.577200 0.333900
vt 0.702200 0.987400
vt 0.702200 0.987400
vt 0.520300 0.031400
vt 0.285100 0.962600
vt 0.700600 0.523200
vt 0.588800 0.289100
vt 0.630700 0.758000
vt 0.630700 0.760200
vt 0.630700 0.760200
vt 0.524700 0.026900
vt 0.451200 0.838400
vt 0.587200 0.110400
vt 0.543200 0.245200
vt 0.586700 0.288800
vt 0.429700 0.822100
vt 0.520500 0.055600
vt 0.582600 0.139500
vt 0.584700 0.139400
vt 0.399000 0.980300
vt 0.694300 0.180300
vt 0.413300 0.963200
vt 0.508500 0.946600
vt 0.508300 0.949900
vt 0.508500 0.946600
vt 0.508500 0.943400
vt 0.622100 0.087100
vt 0.107200 0.958200
vt 0.389200 0.002000
vn 0.4915 -0.0000 0.8709
vn -0.4915 -0.0000 -0.8709
vn 0.8709 -0.0000 -0.4915
vn -0.8709 0.0000 0.4915
vn 0.0000 1.0000 -0.0000
vn 0.0000 -1.0000 0.0000
vn 0.9761 -0.0561 -0.2098
vn 0.8594 0.1617 -0.4850
vn 0.9638 0.1673 -0.2076
vn -0.9773 -0.0009 0.2118
vn -0.8594 0.1616 0.4850
vn -0.9638 0.1673 0.2076
vn 0.8658 0.1096 -0.4883
vn 0.8517 0.2128 -0.4789
vn -0.6370 0.3722 0.6751
vn -0.3260 0.5924 0.7367
vn -0.5712 0.5564 0.6034
vn -0.3977 -0.0616 0.9155
vn 0.0141 0.2036 0.9789
vn -0.3924 0.1833 0.9013
vn -0.4801 0.2137 -0.8508
vn -0.7629 0.4414 -0.4725
vn -0.4364 0.4599 -0.7733
vn -0.0000 -0.0000 -1.0000
vn 0.5000 -0.0000 -0.8660
vn 1.0000 0.0000 0.0000
vn -0.3139 -0.9309 -0.1869
vn -0.3979 -0.9163 -0.0450
vn -0.6165 -0.7838 -0.0747
vn 0.4801 0.2137 0.8508
vn 0.7629 0.4414 0.4725
vn 0.4364 0.4599 0.7733
vn 0.6370 0.3723 -0.6751
vn 0.3261 0.5923 -0.7368
vn 0.5712 0.5565 -0.6034
vn -0.8121 0.3610 0.4584
vn -0.5712 0.5565 0.6034
vn -0.7312 0.5431 0.4127
vn -0.7313 0.5431 0.4127
vn 0.8641 -0.1247 -0.4877
vn 0.6793 -0.1293 -0.7224
vn -0.3673 0.4033 0.8381
vn 0.0129 0.4887 0.8724
vn 0.0055 0.6348 0.7727
vn -0.0102 0.4414 -0.8973
vn -0.3715 0.6547 -0.6583
vn -0.0056 0.6347 -0.7727
vn -0.9074 0.4032 -0.1187
vn -0.8118 0.5565 0.1771
vn -0.7992 0.5924 -0.1017
vn 0.7313 0.5431 -0.4127
vn 0.4797 0.7180 -0.5044
vn 0.6168 0.7059 -0.3482
vn 0.6972 0.6038 -0.3865
vn 0.6168 0.7060 -0.3481
vn -0.7628 0.4414 -0.4725
vn 0.6767 -0.6295 -0.3820
vn 0.5837 -0.5271 -0.6176
vn 0.7473 -0.5134 -0.4218
vn -0.4033 -0.1421 0.9040
vn 0.0157 -0.1603 0.9869
vn -0.3939 -0.1426 0.9080
vn 0.9684 -0.1291 -0.2135
vn 0.9695 -0.1293 -0.2081
vn -0.8420 -0.1599 -0.5153
vn -0.9809 -0.1427 -0.1322
vn -0.8368 -0.1603 -0.5236
vn -0.8421 -0.1599 -0.5151
vn -0.9809 -0.1426 -0.1321
vn 0.9823 -0.1422 0.1220
vn 0.9698 -0.1218 -0.2111
vn 0.9809 -0.1427 0.1321
vn -0.9527 0.2236 0.2058
vn -0.9442 0.2567 0.2062
vn -0.0141 0.2037 -0.9789
vn -0.4802 0.2136 -0.8508
vn -0.8632 -0.1294 0.4880
vn -0.6793 -0.1293 0.7224
vn -0.8624 -0.1309 0.4891
vn 0.4032 -0.1422 -0.9040
vn -0.0156 -0.1603 -0.9869
vn 0.3938 -0.1427 -0.9080
vn -0.4844 -0.1693 -0.8583
vn -0.4844 -0.1692 -0.8583
vn -0.4364 0.4598 -0.7733
vn -0.3140 -0.9309 -0.1869
vn -0.3980 -0.9163 -0.0450
vn -0.6165 -0.7838 -0.0746
vn 0.4802 0.2137 0.8508
vn 0.7628 0.4415 0.4725
vn 0.4365 0.4598 0.7733
vn 0.8421 -0.1599 0.5150
vn 0.9823 -0.1422 0.1221
vn 0.9809 -0.1427 0.1322
vn -0.1971 0.9598 0.1999
vn -0.1157 0.9642 0.2385
vn 0.0000 1.0000 0.0002
vn -0.9074 0.4032 -0.1188
vn -0.9011 0.3880 0.1936
vn 0.2728 0.9598 -0.0654
vn 0.2492 0.9582 -0.1406
vn 0.9073 0.4033 0.1188
vn 0.8118 0.5565 -0.1771
vn 0.7992 0.5924 0.1017
vn 0.2492 0.9582 -0.1407
vn 0.1970 0.9598 -0.1997
vn -0.0001 1.0000 -0.0003
vn 0.0102 0.4415 0.8972
vn 0.0056 0.6347 0.7727
vn 0.7312 0.5431 -0.4127
vn 0.9720 0.0964 -0.2144
vn 0.8595 0.1609 -0.4851
vn 0.8743 -0.0071 -0.4854
vn 0.4364 0.4598 0.7733
vn 0.0056 -0.1599 0.9871
vn 0.4844 -0.1693 0.8583
vn -0.1157 0.9642 0.2384
vn -0.0060 0.9695 0.2452
vn 0.9198 0.3349 -0.2046
vn 0.0057 -0.1599 0.9871
vn 0.4844 -0.1692 0.8583
vn 0.0157 -0.1603 0.9870
vn 0.0082 -0.0005 1.0000
vn 0.4843 -0.1717 0.8579
vn 0.0083 -0.1619 0.9868
vn -0.0053 -0.5419 -0.8404
vn -0.3554 -0.6907 -0.6297
vn -0.0039 -0.6685 -0.7437
vn 0.9156 -0.3484 -0.2007
vn 0.8213 -0.3428 -0.4559
vn 0.7872 -0.4403 -0.4318
vn -0.8696 -0.0541 0.4908
vn -0.6882 0.1088 0.7173
vn -0.6755 0.2073 0.7076
vn -0.8518 -0.0004 -0.5238
vn -0.9780 -0.1695 -0.1218
vn -0.8345 -0.1710 -0.5238
vn 0.9224 -0.3660 0.1235
vn 0.9043 -0.3779 -0.1988
vn 0.8103 -0.5589 -0.1762
vn -0.4915 -0.0005 -0.8709
vn -0.8404 -0.1619 -0.5172
vn -0.4909 -0.1713 -0.8542
vn 0.8518 -0.0003 0.5239
vn 0.9921 -0.0004 0.1256
vn 0.9817 -0.1437 0.1247
vn 0.0082 -0.0004 1.0000
vn 0.4842 -0.1716 0.8579
vn 0.0141 -0.1617 0.9867
vn -0.6160 -0.4405 0.6531
vn -0.3190 -0.6212 0.7158
vn -0.5591 -0.5841 0.5884
vn -0.8518 -0.0005 -0.5238
vn -0.9812 -0.1436 -0.1288
vn -0.8404 -0.1621 -0.5171
vn 0.1156 0.9720 0.2048
vn -0.7992 0.5923 -0.1017
vn -0.2130 0.9695 -0.1215
vn -0.2639 0.9642 -0.0243
vn -0.7993 0.5923 -0.1017
vn -0.6586 0.6347 -0.4041
vn 0.7796 -0.4411 -0.4445
vn 0.6139 -0.4586 -0.6425
vn 0.5595 -0.5831 -0.5890
vn -0.0082 -0.0004 -1.0000
vn -0.4915 -0.0004 -0.8709
vn -0.4842 -0.1717 -0.8579
vn -0.3993 0.1832 0.8983
vn 0.0081 -0.0004 1.0000
vn -0.4054 -0.0243 0.9138
vn -0.6881 -0.0003 0.7256
vn -0.6850 -0.1303 0.7168
vn 0.0027 -0.7220 0.6919
vn 0.3296 -0.7420 0.5838
vn 0.3849 -0.6219 0.6820
vn -0.6485 -0.3284 0.6867
vn -0.3529 -0.4954 0.7937
vn -0.6117 -0.4589 0.6444
vn -0.8404 -0.1620 -0.5172
vn -0.4842 -0.1716 -0.8580
vn 0.6738 -0.2160 -0.7066
vn 0.4004 -0.0290 -0.9159
vn 0.3883 -0.2418 -0.8892
vn -0.1156 0.9720 -0.2047
vn -0.2128 0.9695 -0.1215
vn 0.2708 0.7491 -0.6046
vn -0.0028 0.8000 -0.6000
vn 0.2638 0.7623 -0.5911
vn 0.2128 0.9695 0.1215
vn 0.2641 0.9642 0.0243
vn 0.7730 -0.4209 0.4746
vn 0.9177 -0.3799 0.1159
vn 0.8619 -0.4954 0.1081
vn 0.8679 -0.4588 -0.1906
vn 0.0068 -0.4209 0.9071
vn 0.4409 -0.4419 0.7812
vn 0.4056 -0.5649 0.7186
vn -0.6919 -0.0269 0.7215
vn -0.3883 -0.2419 0.8892
vn -0.6720 -0.2388 0.7010
vn 0.6759 0.1673 -0.7178
vn 0.3924 0.1833 -0.9013
vn 0.3818 0.3130 -0.8697
vn 0.9360 0.2897 -0.2000
vn 0.6327 0.6872 -0.3571
vn 0.6998 0.6976 -0.1539
vn -0.7287 -0.5476 0.4113
vn -0.6113 -0.4651 0.6403
vn -0.5411 -0.6169 0.5715
vn 0.0053 -0.5419 0.8404
vn 0.3554 -0.6907 0.6298
vn 0.0039 -0.6686 0.7436
vn -0.9768 -0.0003 0.2141
vn -0.8709 -0.0003 0.4915
vn -0.8640 -0.1258 0.4876
vn 0.4055 -0.5649 0.7186
vn 0.6346 -0.6685 0.3877
vn 0.3597 -0.6901 0.6280
vn 0.8632 -0.4904 0.1200
vn 0.7777 -0.6212 0.0967
vn -0.8873 0.4495 -0.1033
vn -0.6997 0.6977 0.1538
vn -0.6843 0.7243 -0.0844
vn -0.0102 0.4413 -0.8973
vn -0.3716 0.6545 -0.6584
vn -0.4914 0.0000 -0.8709
vn -0.9371 0.2883 0.1970
vn -0.7730 -0.4209 -0.4746
vn -0.9563 -0.2659 -0.1213
vn -0.9177 -0.3799 -0.1159
vn 0.6586 0.6347 0.4042
vn 0.1155 0.9720 0.2047
vn 0.2130 0.9695 0.1216
vn 0.9360 0.2898 -0.2000
vn 0.8357 0.2812 -0.4717
vn 0.6327 0.6871 -0.3571
vn -0.8767 -0.4421 0.1899
vn -0.7474 -0.5134 0.4218
vn -0.8354 -0.2826 0.4715
vn -0.4055 -0.5650 -0.7185
vn -0.7167 -0.5419 -0.4390
vn -0.6354 -0.6676 -0.3880
vn -0.0023 -0.9309 0.3653
vn 0.2752 -0.8285 0.4877
vn 0.0005 -0.8147 0.5799
vn 0.4915 -0.0003 0.8709
vn 0.8404 -0.1620 0.5172
vn 0.6882 -0.0227 -0.7252
vn 0.4052 -0.0003 -0.9142
vn 0.3961 -0.1651 -0.9032
vn 0.8641 -0.1247 -0.4876
vn 0.8641 -0.1246 -0.4877
vn -0.9656 -0.1593 0.2054
vn -0.8705 -0.0519 0.4894
vn -0.8357 0.2813 0.4716
vn -0.3770 0.3126 0.8719
vn 0.0019 0.7545 0.6562
vn -0.2814 0.7244 0.6293
vn 0.9916 -0.0028 0.1296
vn 0.3260 0.5924 -0.7367
vn -0.6893 -0.6112 0.3891
vn -0.6107 -0.4747 0.6338
vn -0.6750 -0.1595 0.7204
vn 0.0102 0.4414 0.8972
vn 0.3716 0.6546 0.6584
vn 0.2064 0.7822 -0.5878
vn -0.5367 0.8377 -0.1013
vn -0.4282 0.9010 -0.0694
vn -0.5735 0.7525 0.3239
vn -0.9754 0.1833 -0.1225
vn -0.9638 0.1664 0.2083
vn -0.9765 -0.0226 0.2143
vn -0.1151 -0.9722 -0.2038
vn -0.3139 -0.9309 -0.1868
vn -0.1712 -0.9374 -0.3033
vn 0.3880 -0.8267 -0.4074
vn 0.2153 -0.8508 -0.4794
vn 0.3075 -0.6501 -0.6948
vn -0.5840 -0.7290 -0.3569
vn -0.5335 -0.8439 -0.0556
vn -0.7539 -0.6500 -0.0959
vn 0.6370 0.3722 -0.6751
vn 0.8091 -0.3632 -0.4619
vn 0.6450 -0.3485 -0.6801
vn 0.6101 -0.4587 -0.6461
vn -0.4667 -0.7326 0.4955
vn -0.2960 -0.6877 0.6629
vn -0.3076 -0.6497 0.6952
vn -0.7972 0.3393 -0.4993
vn -0.9412 0.3126 -0.1279
vn -0.6841 0.7245 -0.0844
vn -0.7538 -0.6500 -0.0958
vn -0.8092 -0.5597 0.1790
vn -0.9268 -0.3194 0.1976
vn -0.3770 0.3125 0.8719
vn 0.0019 0.7545 0.6563
vn -0.2814 0.7245 0.6293
vn 0.0154 0.3393 0.9406
vn 0.3147 0.7682 0.5576
vn 0.0019 0.7544 0.6564
vn 0.2987 0.7942 0.5292
vn 0.1156 0.9720 0.2047
vn 0.0000 1.0000 0.0001
vn 0.2729 0.9598 -0.0654
vn 0.2493 0.9581 -0.1407
vn -1.0000 -0.0000 0.0000
vn -0.5000 -0.0000 0.8660
vn -0.3532 -0.6953 -0.6259
vn -0.6241 -0.6813 -0.3825
vn -0.8311 -0.1881 -0.5233
vn 0.6893 -0.6111 -0.3890
vn 0.5381 -0.6220 -0.5688
vn 0.6634 -0.2525 -0.7044
vn 0.9768 -0.0004 -0.2141
vn 0.9685 -0.1304 -0.2120
vn 0.8708 0.0014 -0.4916
vn 0.0060 0.9695 -0.2451
vn -0.1156 0.9720 -0.2048
vn 0.1971 0.9598 -0.1999
vn 0.1157 0.9642 -0.2386
vn 0.0000 1.0000 -0.0001
vn -0.0002 1.0000 -0.0004
vn 0.3295 -0.7420 0.5839
vn 0.3849 -0.6217 0.6821
vn 0.7628 0.4414 0.4725
vn 0.8485 0.2258 -0.4785
vn 0.8708 0.0122 -0.4915
vn 0.2603 0.1007 -0.9603
vn 0.4917 -0.0000 0.8708
vn -0.0033 -0.7221 -0.6917
vn -0.3295 -0.7420 -0.5838
vn -0.3849 -0.6218 -0.6821
vn -0.9683 -0.1291 0.2137
vn -0.8641 -0.1247 0.4877
vn -0.8641 -0.1246 0.4877
vn -0.3616 0.4314 0.8265
vn 0.0036 0.7076 0.7066
vn -0.3022 0.6684 0.6797
vn -0.0081 -0.0003 -1.0000
vn -0.0141 -0.1618 -0.9867
vn 0.4033 -0.1422 -0.9040
vn -0.0157 -0.1603 -0.9869
vn 0.3939 -0.1426 -0.9080
vn 0.9709 0.1280 -0.2023
vn 0.8492 -0.2062 -0.4862
vn 0.9789 -0.0900 -0.1833
vn 0.8368 -0.1603 0.5235
vn -0.0060 0.9695 0.2450
vn -0.2641 0.9642 -0.0243
vn -0.2730 0.9598 0.0654
vn 0.0024 -0.9999 -0.0150
vn 0.4913 -0.0000 0.8710
vn -0.2292 -0.8498 0.4747
vn 0.0050 -0.6813 0.7320
vn -0.3076 -0.6498 0.6951
vn 0.3532 -0.6952 0.6260
vn 0.8312 -0.1883 0.5232
vn 0.4820 -0.1951 0.8542
vn -0.9311 0.3444 -0.1200
vn -0.9627 0.1706 0.2101
vn -0.7961 0.5784 0.1779
vn -0.6286 0.4001 0.6669
vn -0.3537 0.4795 0.8031
vn -0.5302 0.6346 0.5623
vn -0.9921 -0.0004 -0.1257
vn -0.9685 -0.1304 0.2120
vn -0.9744 0.1832 -0.1299
vn 0.3295 -0.7420 0.5838
vn 0.6798 -0.6025 0.4182
vn 0.3849 -0.6218 0.6820
vn -0.3977 -0.0616 0.9154
vn 0.0141 0.2037 0.9789
vn -0.3924 0.1834 0.9013
vn -0.9899 0.0359 -0.1373
vn -0.9737 -0.0884 0.2098
vn -0.9651 0.1565 0.2099
vn -0.8604 -0.1545 0.4856
vn -0.6770 0.1082 0.7280
vn -0.8357 0.2812 0.4717
vn 0.9749 0.1829 0.1266
vn 0.9790 0.0311 -0.2012
vn 0.9921 -0.0005 0.1257
vn 0.4293 0.4868 0.7607
vn 0.8407 0.1240 0.5271
vn 0.7506 0.4691 0.4654
vn -0.6787 0.0223 0.7341
vn -0.6286 0.4003 0.6668
vn -0.8946 0.4312 -0.1177
vn -0.8957 0.4003 0.1935
vn -0.7552 0.6343 0.1653
vn -0.0049 -0.6811 -0.7322
vn -0.4820 -0.1954 -0.8541
vn -0.0183 -0.1882 -0.9820
vn 0.3867 -0.8348 -0.3918
vn 0.2960 -0.6873 -0.6634
vn 0.3076 -0.6498 -0.6951
vn 0.6242 -0.6811 0.3827
vn 0.9757 -0.1728 0.1346
vn 0.8312 -0.1882 0.5232
vn -0.3075 -0.6500 0.6949
vn 0.0049 -0.6814 0.7319
vn 0.0183 -0.1881 0.9820
vn 0.3532 -0.6953 0.6259
vn 0.6241 -0.6812 0.3826
vn 0.8311 -0.1883 0.5232
vn 0.8269 -0.5344 -0.1751
vn 0.8303 -0.3052 -0.4664
vn 0.9656 -0.1594 -0.2054
vn 0.4915 -0.0004 0.8709
vn 0.3147 -0.9313 0.1833
vn 0.5824 -0.8102 0.0664
vn 0.4963 -0.8146 0.3002
vn 0.6267 -0.6943 -0.3537
vn 0.4476 -0.7514 -0.4849
vn 0.5692 -0.5364 -0.6231
vn 0.6843 0.1354 -0.7165
vn 0.3870 -0.0102 -0.9220
vn 0.3990 -0.1358 -0.9068
vn -0.8639 -0.1651 0.4758
vn -0.6574 -0.2610 0.7069
vn -0.3849 -0.6217 -0.6821
vn -0.6797 -0.6026 -0.4182
vn -0.7955 -0.3495 -0.4950
vn 0.5217 -0.8508 0.0632
vn 0.7022 -0.6972 -0.1442
vn 0.7538 -0.6501 0.0958
vn 0.4820 -0.1953 0.8541
vn -0.3320 0.1394 -0.9329
vn -0.6418 0.1540 -0.7513
vn -0.4065 0.0787 -0.9103
vn -0.3609 -0.1153 -0.9254
vn -0.2991 0.1609 -0.9406
vn -0.6412 0.1549 -0.7516
vn -0.3120 0.1549 -0.9374
vn -0.2991 -0.1609 -0.9406
vn -0.3930 0.0770 -0.9163
vn -0.6320 0.1376 -0.7627
vn -0.3107 0.1507 -0.9385
vn -0.3672 -0.1048 -0.9242
vn -0.6242 -0.6811 -0.3827
vn -0.9584 -0.2595 -0.1188
vn -0.8311 -0.1882 -0.5233
vn -0.0050 -0.6814 -0.7319
vn -0.0183 -0.1881 -0.9820
vn -0.3295 -0.7420 -0.5839
vn 0.0060 -0.1599 0.9871
vn -0.0060 -0.1600 -0.9871
vn -0.3924 0.1833 0.9014
vn -0.3673 0.4032 0.8381
vn -0.3337 -0.5620 0.7568
vn 0.0066 -0.6027 0.7980
vn 0.0125 -0.3494 0.9369
vn -0.0049 -0.6812 -0.7321
vn -0.0183 -0.1884 -0.9819
vn 0.0060 0.9695 -0.2452
vn -0.1155 0.9720 -0.2047
vn 0.6795 -0.6030 0.4179
vn 0.9400 -0.3176 0.1247
vn 0.7956 -0.3495 0.4949
vn 0.7650 -0.6221 -0.1666
vn 0.9463 -0.2490 -0.2061
vn 0.8605 -0.1543 -0.4856
vn -0.9754 0.1832 -0.1224
vn -0.9631 0.1665 0.2117
vn -0.9765 -0.0227 0.2143
vn -0.9684 -0.1291 0.2135
vn -0.9695 -0.1293 0.2081
vn -0.0068 -0.6031 -0.7977
vn -0.4576 -0.3648 -0.8109
vn -0.0125 -0.3494 -0.9369
vn 0.6041 -0.4778 -0.6379
vn 0.3340 -0.5613 -0.7572
vn 0.3848 -0.2552 -0.8870
vn -0.9882 0.0001 0.1533
vn -0.9978 -0.0001 0.0656
vn -0.9464 -0.0001 0.3229
vn -0.3120 -0.1549 -0.9374
vn -0.6470 -0.1553 -0.7465
vn -0.2993 -0.1609 -0.9405
vn -0.9810 0.1314 -0.1427
vn -0.9752 0.0372 0.2180
vn -0.9686 0.1977 -0.1506
vn 0.4820 -0.1954 0.8541
vn -0.3075 -0.6501 0.6949
vn 0.0184 -0.1885 0.9819
vn -0.0057 -0.1599 -0.9871
vn 0.3673 0.4033 -0.8381
vn 0.3849 -0.6218 0.6821
vn -0.3977 -0.0617 0.9155
vn -0.7478 -0.6434 -0.1637
vn -0.4041 -0.9118 -0.0734
vn 0.1186 -0.9436 -0.3091
vn -0.5406 -0.7842 0.3047
vn -0.5897 0.1006 -0.8013
vn -0.6053 -0.1156 -0.7876
vn -0.5634 0.0934 -0.8209
vn -0.4119 0.0726 -0.9083
vn -0.6057 0.1153 -0.7873
vn -0.6057 -0.1153 -0.7873
vn -0.5646 0.0726 -0.8221
vn -0.6019 0.1041 -0.7918
vn -0.6506 0.1609 -0.7422
vn -0.3667 0.1041 -0.9245
vn -0.2993 -0.1608 -0.9405
vn -0.6470 -0.1552 -0.7465
vn -0.5833 -0.0845 -0.8079
vn -0.6833 -0.1291 0.7187
vn -0.4032 -0.1422 0.9040
vn 0.3870 -0.0103 -0.9220
vn -0.0083 -0.1618 -0.9868
vn 0.3938 -0.1360 -0.9091
vn -0.0167 0.1241 -0.9921
vn -0.4874 0.1295 -0.8635
vn -0.0105 0.4691 -0.8831
vn -0.7995 -0.3894 0.4574
vn -0.6592 -0.3020 0.6886
vn -0.6730 -0.1806 0.7173
vn -0.6874 0.0017 0.7263
vn 0.0157 -0.1602 0.9870
vn -0.3938 -0.1426 0.9080
vn 0.7650 -0.6221 -0.1667
vn 0.8313 -0.3052 -0.4646
vn 0.9657 -0.1590 -0.2054
vn 0.6242 -0.6812 0.3827
vn -0.6550 0.2897 0.6978
vn 0.6558 -0.2920 -0.6962
vn 0.3791 -0.3176 -0.8691
vn 0.6812 -0.1163 -0.7228
vn 0.9350 -0.2918 -0.2016
vn 0.8382 -0.2740 -0.4716
vn 0.8625 -0.1381 -0.4869
vn 0.8307 0.2037 0.5181
vn 0.9744 0.1833 0.1299
vn 0.9074 0.4032 0.1188
vn 0.7167 -0.5419 0.4390
vn 0.7777 -0.6211 0.0968
vn 0.6350 -0.6682 0.3875
vn -0.0055 0.6347 -0.7727
vn 0.3791 -0.3177 -0.8691
vn 0.3977 -0.0616 -0.9155
vn -0.3533 -0.6953 -0.6259
vn -0.9757 -0.1728 -0.1346
vn -0.8311 -0.1882 -0.5232
vn -0.8971 -0.4257 -0.1181
vn -0.9017 -0.3900 0.1866
vn -0.9401 -0.2700 0.2083
vn -0.8354 -0.2827 0.4714
vn -0.6842 -0.0561 0.7271
vn -0.8696 -0.0542 0.4908
vn 0.8450 -0.2421 -0.4769
vn 0.2490 -0.3232 -0.9130
vn -0.0056 -0.1599 -0.9871
vn -0.0007 -1.0000 0.0006
vn -0.9071 0.3723 0.1964
vn -0.4796 0.7180 0.5044
vn -0.2760 0.7643 0.5828
vn -0.4381 0.7828 0.4419
vn 0.3405 -0.5764 -0.7428
vn 0.8674 -0.0826 -0.4907
vn 0.6550 0.2897 -0.6979
vn 0.8357 0.2813 -0.4716
vn 0.6798 -0.6025 0.4183
vn 0.9400 -0.3177 0.1247
vn 0.7956 -0.3494 0.4949
vn 0.8208 -0.5613 0.1054
vn 0.8308 -0.5263 -0.1807
vn 0.9303 -0.3064 -0.2016
vn -0.8966 0.3620 -0.2550
vn -0.9468 -0.1596 -0.2796
vn -0.8690 0.0610 0.4910
vn 0.2468 0.2046 -0.9472
vn -0.0002 -1.0000 -0.0000
vn -0.2752 -0.8285 -0.4877
vn -0.6806 -0.6009 -0.4191
vn -0.3858 -0.6194 -0.6837
vn -0.0078 -0.0264 -0.9996
vn -0.3291 -0.7418 -0.5843
vn -0.6795 -0.6031 -0.4179
vn -0.3847 -0.6220 -0.6820
vn -0.8308 0.2036 -0.5181
vn -0.9838 0.1277 -0.1257
vn -0.9654 0.2277 -0.1271
vn -0.9311 0.0000 0.3647
vn 0.8226 0.3312 -0.4623
vn 0.6309 0.3856 -0.6733
vn 0.7212 0.5659 -0.3996
vn 0.8946 0.4316 0.1158
vn 0.9623 0.1711 -0.2115
vn 0.7959 0.5781 -0.1801
vn -0.6833 -0.1291 0.7186
vn -0.8696 -0.0829 0.4867
vn -0.6550 0.2898 0.6978
vn -0.8357 0.2814 0.4716
vn -0.4797 0.7179 0.5045
vn -0.6168 0.7060 0.3481
vn -0.6018 -0.1040 -0.7918
vn -0.3667 -0.1041 -0.9245
vn -0.5646 -0.0726 -0.8221
vn -0.4915 -0.0001 -0.8709
vn -0.6842 -0.0561 0.7272
vn -0.6758 0.1673 0.7178
vn -0.5841 -0.5264 0.6178
vn -0.3791 -0.3176 0.8691
vn -0.6558 -0.2919 0.6962
vn -0.7956 -0.3494 -0.4949
vn -0.7768 -0.6222 -0.0967
vn -0.8661 -0.4649 0.1838
vn -0.7978 -0.5797 0.1656
vn -0.3616 0.4315 0.8265
vn 0.0167 0.1242 0.9921
vn 0.0104 0.4691 0.8831
vn -0.3994 0.1832 0.8983
vn -0.4004 -0.0291 0.9159
vn 0.4292 0.4871 0.7606
vn 0.6030 0.7076 0.3683
vn 0.3381 0.7257 0.5992
vn 0.8163 -0.2700 0.5106
vn 0.9608 -0.2452 0.1297
vn 0.9847 0.1121 0.1337
vn 0.3769 -0.3877 -0.8412
vn 0.3299 -0.5983 -0.7302
vn 0.3341 -0.5614 -0.7571
vn -0.0067 -0.6026 -0.7980
vn -0.0125 -0.3495 -0.9369
vn -0.9823 -0.1422 -0.1219
vn -0.9688 -0.1245 0.2141
vn -0.9693 -0.1267 0.2107
vn -0.0018 -1.0000 0.0004
vn -0.9756 0.0347 0.2170
vn -0.6909 0.6156 0.3791
vn -0.8956 0.3918 0.2106
vn -0.7455 -0.5070 0.4326
vn -0.6852 0.0520 0.7265
vn -0.8420 -0.2265 0.4896
vn -0.0050 -0.6812 -0.7321
vn -0.4821 -0.1954 -0.8541
vn 0.6413 -0.3705 -0.6719
vn 0.9072 0.3721 -0.1964
vn 0.6695 -0.6204 0.4084
vn 0.4693 -0.8778 0.0957
vn 0.7538 -0.6500 0.0958
vn -0.6749 -0.1593 0.7205
vn -0.6777 0.1301 0.7237
vn -0.1970 0.9598 0.1997
vn -0.9807 0.0001 0.1957
vn -0.9312 0.0000 0.3645
vn -0.9233 0.0003 0.3841
vn -0.8209 -0.5613 -0.1055
vn -0.9350 -0.2919 0.2016
vn -0.9400 -0.3176 -0.1247
vn -0.8023 0.3889 0.4528
vn -0.5555 0.5854 0.5905
vn -0.6823 0.6215 0.3850
vn -0.8944 0.4315 -0.1177
vn -0.9727 0.1026 0.2082
vn -0.8958 0.4002 0.1935
vn -0.0005 -0.8146 -0.5800
vn -0.3859 -0.6193 -0.6838
vn -0.4293 0.4869 -0.7607
vn -0.6030 0.7076 -0.3683
vn -0.3381 0.7257 -0.5992
vn 0.3340 -0.5614 -0.7571
vn -0.0125 -0.3495 -0.9368
vn 0.5841 -0.5264 -0.6178
vn -0.9700 -0.1010 0.2210
vn -0.8608 -0.1700 0.4797
vn -0.9651 -0.1521 0.2131
vn -0.6790 0.1667 0.7150
vn -0.4052 -0.0004 0.9142
vn -0.6882 -0.0003 0.7256
vn 0.6586 0.6347 0.4041
vn 0.3532 -0.6954 0.6259
vn 0.7355 0.5341 -0.4169
vn 0.6575 0.7491 0.0807
vn 0.6798 0.7179 -0.1499
vn 0.6193 0.7707 -0.1499
vn -0.3338 -0.5619 0.7569
vn 0.0065 -0.6027 0.7980
vn -0.3721 -0.3796 0.8470
vn -0.3530 -0.4954 0.7938
vn -0.9979 0.0000 0.0655
vn -0.9630 0.0003 0.2694
vn -0.9957 0.0002 -0.0925
vn -0.2949 0.7999 -0.5226
vn -0.3532 -0.6953 -0.6260
vn 0.7551 0.6344 -0.1653
vn 0.6823 0.6214 -0.3851
vn 0.6026 0.7220 -0.3401
vn 0.3945 0.1120 -0.9120
vn -0.0168 0.1238 -0.9922
vn 0.3616 0.4311 -0.8267
vn 0.9163 -0.3494 -0.1958
vn 0.7474 -0.5134 -0.4218
vn 0.8354 -0.2827 -0.4714
vn 0.9040 -0.3774 -0.2009
vn 0.7155 -0.5648 -0.4112
vn 0.8104 -0.5579 -0.1786
vn -0.9656 -0.1593 0.2055
vn -0.8700 0.0510 0.4904
vn -0.6167 0.7061 0.3480
vn -0.8704 0.0321 0.4912
vn -0.6745 0.1335 0.7261
vn 0.0153 -0.0686 0.9975
vn 0.4902 -0.0720 0.8686
vn 0.4365 0.4598 0.7734
vn 0.6586 0.6348 0.4041
vn -0.0102 0.4414 -0.8972
vn -0.3715 0.6546 -0.6584
vn -0.4820 -0.1952 -0.8541
vn 0.8023 0.3889 -0.4528
vn 0.6810 0.1025 -0.7251
vn 0.6286 0.4002 -0.6669
vn 0.3537 0.4795 -0.8031
vn -0.0008 0.7081 -0.7061
vn 0.3072 0.6916 -0.6538
vn -0.0002 -1.0000 0.0003
vn -0.0000 -1.0000 -0.0021
vn -0.8311 -0.1884 -0.5232
vn -0.7972 0.3394 -0.4993
vn -0.6843 0.7243 -0.0843
vn -0.5608 0.7546 -0.3408
vn -0.0016 0.7841 -0.6206
vn 0.2707 0.7491 -0.6045
vn 0.3077 -0.6497 -0.6951
vn 0.3858 -0.6195 0.6836
vn 0.6806 -0.6009 0.4191
vn 0.8165 -0.2695 0.5107
vn 0.8210 -0.5610 0.1058
vn 0.9526 -0.2255 -0.2042
vn 0.9607 -0.2453 0.1296
vn -0.2949 0.8000 -0.5226
vn -0.5305 0.7841 -0.3221
vn -0.5121 0.8001 -0.3126
vn -0.6575 0.7491 -0.0807
vn -0.6083 0.7837 0.1254
vn -0.6422 0.7624 -0.0797
vn 0.6419 -0.0001 -0.7668
vn 0.5461 -0.0000 -0.8377
vn 0.6807 -0.0000 -0.7326
vn 0.5714 0.0003 -0.8207
vn 0.7933 -0.0002 -0.6088
vn 0.7657 -0.0000 -0.6433
vn -0.3340 -0.5613 0.7572
vn 0.0067 -0.6025 0.7981
vn 0.0082 -0.4043 0.9146
vn -0.6487 -0.3536 0.6739
vn -0.3702 -0.4072 0.8350
vn -0.3236 -0.6005 0.7312
vn 0.6558 -0.2919 -0.6962
vn 0.5678 -0.5622 -0.6013
vn -0.9809 -0.1427 -0.1321
vn -0.8024 0.3887 0.4529
vn -0.8059 0.3956 0.4404
vn 0.6031 0.7076 0.3683
vn 0.3382 0.7257 0.5992
vn -0.6585 0.3142 0.6839
vn -0.5496 0.6092 0.5717
vn 0.0183 -0.1882 0.9820
vn -0.9465 -0.0000 0.3228
vn 0.3859 -0.6194 0.6837
vn 0.9727 0.1027 -0.2083
vn 0.8024 0.3888 -0.4528
vn 0.8958 0.4002 -0.1934
vn 0.0006 -1.0000 -0.0006
vn 0.0018 -1.0000 -0.0004
vn -0.7768 -0.6219 -0.0991
vn -0.6347 -0.6685 -0.3877
vn -0.8304 -0.5270 0.1807
vn -0.9516 -0.2227 0.2119
vn -0.8105 -0.3630 0.4596
vn -0.9148 -0.3547 0.1933
vn -0.2151 -0.8509 0.4792
vn -0.6893 -0.6112 0.3890
vn -0.5383 -0.6217 0.5690
vn -0.6750 -0.1594 0.7204
vn 0.7972 0.3394 0.4992
vn 0.6842 0.7244 0.0844
vn 0.5609 0.7545 0.3409
vn -0.0104 0.4690 -0.8831
vn -0.4293 0.4870 -0.7607
vn -0.0036 0.7076 -0.7066
vn 0.8551 -0.2060 -0.4758
vn 0.5575 -0.5727 -0.6011
vn 0.6531 -0.2359 -0.7196
vn 0.0002 -1.0000 -0.0001
vn 0.7863 -0.4297 -0.4439
vn 0.2026 -0.8025 -0.5612
vn 0.5992 -0.7256 -0.3383
vn 0.4915 -0.0001 0.8709
vn 0.1593 0.9079 -0.3876
vn 0.3823 0.8986 -0.2153
vn -0.0071 0.5391 0.8422
vn 0.0008 0.7081 0.7061
vn -0.1672 -0.9163 0.3639
vn 0.0004 -0.8147 0.5799
vn -0.2548 -0.7838 0.5663
vn -0.0002 -1.0000 -0.0001
vn 0.0000 -1.0000 -0.0002
vn -0.9735 -0.0892 0.2104
vn -0.2729 0.9598 0.0654
vn -0.2491 0.9582 0.1405
vn -0.7108 -0.5718 0.4097
vn -0.6776 -0.6241 0.3891
vn -0.5405 -0.6151 0.5740
vn -0.9607 -0.2455 -0.1297
vn -0.9847 0.1120 -0.1337
vn -0.3381 0.7258 -0.5991
vn -0.2973 -0.9030 0.3101
vn -0.2442 -0.8102 0.5328
vn -0.4513 -0.7561 0.4739
vn 0.0167 0.1240 0.9921
vn 0.0104 0.4693 0.8830
vn 0.5799 -0.5342 -0.6150
vn 0.6750 -0.1593 -0.7204
vn 0.8578 -0.4756 -0.1948
vn 0.9656 -0.1594 -0.2055
vn -0.6672 -0.2255 0.7099
vn -0.3855 -0.2454 0.8895
vn -0.3944 0.1123 0.9120
vn 0.4292 0.4872 0.7605
vn 0.6029 0.7078 0.3682
vn 0.3381 0.7258 0.5991
vn -0.9129 0.3546 0.2021
vn -0.5368 0.7788 -0.3245
vn -0.6424 0.7624 -0.0784
vn -0.4963 -0.8146 -0.3002
vn -0.6389 -0.7562 0.1414
vn 0.3892 -0.1726 -0.9049
vn 0.1157 0.9642 -0.2385
vn 0.0007 -1.0000 -0.0006
vn 0.0014 -1.0000 -0.0013
vn 0.8204 -0.5620 0.1053
vn 0.8858 -0.4293 -0.1759
vn 0.5302 0.6346 -0.5623
vn 0.6824 0.6212 -0.3851
vn -0.3292 0.9258 0.1857
vn -0.3042 0.9518 -0.0385
vn -0.6041 0.7080 -0.3658
vn -0.6807 -0.6007 -0.4192
vn -0.8645 -0.4896 -0.1140
vn -0.8178 -0.2697 -0.5085
vn -0.2708 0.7492 0.6045
vn -0.0034 0.8011 0.5985
vn -0.2637 0.7623 0.5910
vn 0.9892 -0.0616 0.1327
vn 0.9074 0.4031 0.1187
vn 0.7506 0.4691 0.4653
vn -0.0023 -0.9309 0.3652
vn 0.0004 -0.8146 0.5800
vn 0.6287 0.4001 -0.6669
vn 0.5318 0.6344 -0.5610
vn 0.8641 -0.1246 -0.4876
vn 0.8560 0.1846 -0.4829
vn 0.8367 0.2767 -0.4726
vn 0.7955 0.4063 -0.4496
vn -0.4769 0.2424 -0.8449
vn -0.4238 0.5067 -0.7508
vn -0.4631 0.3349 -0.8206
vn -0.5305 0.7841 -0.3222
vn -0.4479 0.8600 -0.2446
vn -0.6798 0.7179 0.1499
vn -0.6574 0.7492 -0.0807
vn 0.3928 -0.2524 -0.8843
vn -0.0070 -0.6009 -0.7993
vn -0.0152 -0.2696 -0.9628
vn -0.0105 0.4690 -0.8831
vn -0.0037 0.7076 -0.7066
vn 0.9727 0.1025 -0.2082
vn 0.8666 0.0994 -0.4890
vn 0.7731 -0.4209 0.4746
vn 0.9563 -0.2659 0.1214
vn 0.9177 -0.3800 0.1159
vn 0.8404 -0.1619 0.5171
vn -0.7866 0.4287 0.4444
vn 0.7682 -0.4710 -0.4336
vn 0.6109 -0.4741 -0.6341
vn 0.3796 -0.2705 -0.8847
vn 0.6567 -0.3188 -0.6835
vn -0.3891 -0.1728 0.9048
vn -0.6750 -0.1593 0.7204
vn 0.0183 -0.1884 0.9819
vn 0.8709 0.0000 -0.4914
vn -0.0001 -1.0000 -0.0000
vn -0.8709 -0.0000 0.4914
vn 0.4873 0.1299 0.8635
vn 0.8407 0.1241 0.5271
vn 0.6030 0.7077 0.3683
vn 0.7379 0.6685 0.0926
vn 0.6427 0.7636 0.0628
vn -0.4796 0.7180 0.5045
vn -0.3945 0.8223 0.4102
vn -0.2707 0.7491 0.6046
vn 0.0028 0.8001 0.5999
vn -0.2639 0.7619 0.5915
vn -0.9440 -0.3089 -0.1161
vn -0.7537 -0.6501 -0.0959
vn -0.8309 -0.5358 0.1499
vn -0.3944 0.1121 0.9121
vn -0.8666 0.0992 0.4890
vn -0.6810 0.1024 0.7251
vn -0.6286 0.4002 0.6669
vn -0.6797 0.7180 0.1498
vn -0.6168 0.7059 0.3481
vn -0.4915 -0.0006 -0.8709
vn -0.0081 -0.0004 -1.0000
vn 0.8122 0.3610 -0.4583
vn -0.9490 -0.2905 -0.1222
vn -0.8698 -0.4520 0.1979
vn -0.8727 -0.4746 -0.1143
vn 0.1229 -0.9601 -0.2512
vn 0.0023 -0.9309 -0.3652
vn 0.1671 -0.9163 -0.3639
vn 0.7016 0.0000 -0.7125
vn 0.6884 0.0024 -0.7253
vn 0.5411 -0.0024 -0.8410
vn -0.9995 -0.0000 0.0309
vn -0.9736 -0.0000 -0.2283
vn -0.9981 0.0006 0.0615
vn -0.9918 -0.0005 -0.1274
vn -0.9831 -0.0010 0.1832
vn 0.7563 -0.0040 -0.6542
vn 0.4043 0.0015 -0.9146
vn 0.5695 -0.0018 -0.8220
vn 0.6418 -0.0002 -0.7668
vn 0.6420 0.0000 -0.7667
vn 0.3399 0.0002 -0.9404
vn 0.6418 -0.0000 -0.7669
vn -0.6142 -0.7784 -0.1297
vn 0.2101 -0.7635 -0.6106
vn 0.1541 -0.9161 -0.3702
vn 0.5818 -0.7442 -0.3281
vn -0.0084 -0.1621 -0.9867
vn -0.6346 -0.6685 -0.3877
vn 0.6797 0.7181 -0.1498
vn 0.8386 0.2705 -0.4729
vn 0.6681 0.2495 -0.7010
vn 0.6790 0.1666 -0.7150
vn 0.8656 -0.1257 -0.4847
vn -0.4293 0.4867 -0.7608
vn -0.0166 0.1241 -0.9921
vn -0.0104 0.4692 -0.8830
vn -0.3751 -0.3798 0.8456
vn -0.4007 -0.1437 0.9049
vn -0.9876 0.0000 -0.1569
vn 0.6864 0.0050 -0.7272
vn 0.0067 -0.4209 0.9071
vn 0.4409 -0.4418 0.7813
vn 0.7149 -0.5414 0.4425
vn 0.7928 -0.6005 0.1038
vn 0.6354 -0.6676 0.3880
vn 0.3080 -0.0010 -0.9514
vn 0.4040 0.0000 -0.9148
vn 0.7935 -0.0000 -0.6086
vn 0.8452 0.0000 -0.5345
vn 0.7934 0.0000 -0.6087
vn -0.9148 -0.3546 0.1932
vn -0.8105 -0.3630 0.4597
vn -0.7267 -0.5475 0.4148
vn 0.9754 -0.1823 0.1236
vn 0.9321 -0.2956 -0.2092
vn 0.8641 -0.1242 -0.4878
vn -0.6681 0.7293 0.1472
vn -0.6425 0.7621 -0.0798
vn 0.4601 0.3514 0.8153
vn 0.7973 0.3393 0.4993
vn 0.9413 0.3125 0.1279
vn 0.6574 0.7492 0.0807
vn 0.6797 0.7180 -0.1498
vn 0.7603 0.6308 -0.1549
vn -0.8944 0.0000 0.4473
vn -0.3168 -0.6210 0.7169
vn -0.0054 -0.5420 -0.8404
vn -0.3554 -0.6907 -0.6298
vn -0.0039 -0.6686 -0.7436
vn -0.0082 -0.2764 -0.9610
vn 0.3770 0.3126 -0.8718
vn 0.6723 0.1111 -0.7319
vn -0.7777 -0.6211 -0.0969
vn -0.7927 -0.5841 0.1745
vn -0.6031 -0.4822 0.6354
vn -0.3791 -0.3176 0.8692
vn -0.6270 -0.3783 0.6810
vn -0.6655 -0.2652 0.6977
vn -0.3547 -0.3895 0.8500
vn -0.3488 -0.4907 0.7985
vn -0.6936 -0.0077 0.7203
vn -0.3906 -0.2430 0.8879
vn -0.6958 -0.1216 0.7078
vn 0.0001 -1.0000 -0.0002
vn 0.4198 -0.9026 -0.0950
vn 0.3846 -0.8972 -0.2170
vn 0.6165 -0.7838 0.0746
vn 0.6390 -0.7561 -0.1415
vn 0.8212 -0.5608 0.1059
vn -0.2739 0.7470 0.6058
vn 0.0003 0.4422 0.8969
vn -0.3589 0.7712 0.5257
vn 0.6370 0.3721 -0.6751
vn 0.3673 0.4032 -0.8382
vn 0.6806 -0.6010 0.4190
vn 0.3858 -0.6195 0.6837
vn -0.0069 -0.9685 0.2491
vn -0.9264 -0.3584 -0.1158
vn -0.8724 -0.4540 0.1810
vn -0.8619 -0.4954 -0.1081
vn 0.6073 -0.4971 -0.6198
vn 0.3891 -0.1727 -0.9048
vn 0.6749 -0.1594 -0.7204
vn 0.3770 0.3126 -0.8719
vn -0.0019 0.7545 -0.6563
vn 0.2814 0.7243 -0.6294
vn -0.7551 0.6344 0.1654
vn -0.7379 0.6685 -0.0925
vn -0.7506 0.4692 -0.4653
vn 0.8404 -0.1622 0.5172
vn 0.9563 -0.2659 0.1213
vn 0.8132 -0.2976 0.5001
vn 0.9754 0.1832 0.1225
vn 0.9915 -0.0004 0.1299
vn -0.8096 -0.5779 -0.1029
vn -0.7651 -0.6220 0.1667
vn -0.7540 -0.6498 -0.0961
vn -0.9710 0.1035 0.2157
vn 0.6408 -0.3736 -0.6706
vn 0.3147 -0.6180 -0.7205
vn 0.5733 -0.5603 -0.5978
vn 0.7696 -0.4523 -0.4507
vn 0.6927 0.6058 -0.3913
vn 0.7143 0.5718 -0.4035
vn -0.7653 -0.6218 0.1666
vn -0.6797 0.7180 0.1499
vn -0.6030 0.7284 0.3253
vn -0.5828 0.7829 0.2177
vn 0.2949 0.7999 0.5226
vn 0.5305 0.7841 0.3221
vn 0.5121 0.8001 0.3125
vn 0.5608 0.7545 0.3408
vn 0.9817 -0.1436 0.1247
vn 0.9054 -0.4075 0.1191
vn 0.1672 -0.9163 -0.3640
vn 0.2548 -0.7837 -0.5664
vn -0.4561 0.8519 0.2574
vn -0.4705 0.8416 0.2653
vn -0.5426 0.7822 0.3062
vn -0.2634 0.8442 -0.4668
vn -0.2502 0.8607 -0.4434
vn -0.2016 0.9120 -0.3572
vn 0.8657 -0.0179 -0.5003
vn 0.6843 -0.1035 -0.7218
vn 0.9749 0.0849 -0.2058
vn 0.8525 0.1520 -0.5002
vn -0.0153 0.3393 -0.9406
vn -0.0019 0.7545 -0.6564
vn 0.6550 0.2898 -0.6978
vn 0.2814 0.7244 -0.6294
vn -0.7507 0.4688 -0.4654
vn 0.4915 -0.0005 0.8709
vn 0.8518 -0.0005 0.5238
vn 0.8345 -0.1710 0.5238
vn 0.4842 -0.1715 0.8580
vn 0.0023 -0.9309 -0.3653
vn -0.2666 0.8395 -0.4735
vn -0.1108 0.9743 -0.1964
vn -0.2510 0.8598 -0.4447
vn -0.1829 -0.9282 -0.3241
vn -0.3543 -0.6930 -0.6279
vn -0.1887 -0.9235 -0.3339
vn -0.1814 0.9289 -0.3230
vn -0.0002 -1.0000 0.0001
vn -0.2076 -0.9068 -0.3670
vn -0.2670 -0.8396 -0.4731
vn -0.1565 -0.9477 -0.2781
vn 0.4796 0.7180 -0.5044
vn 0.2707 0.7492 -0.6045
vn 0.2697 0.8011 -0.5344
vn -0.2835 0.8169 -0.5023
vn 0.0785 0.8000 -0.5948
vn -0.8431 0.2488 0.4768
vn -0.6790 0.1665 0.7150
vn -0.8596 0.1607 0.4851
vn -0.8709 -0.0002 0.4915
vn 0.6892 -0.6113 -0.3890
vn -0.7956 -0.3495 -0.4949
vn 0.6797 -0.6025 0.4182
vn 0.9335 -0.3391 0.1165
vn -0.7973 0.3393 -0.4993
vn -0.5607 0.7546 -0.3408
vn -0.0153 0.3394 -0.9405
vn 0.8308 -0.5264 -0.1807
vn 0.7437 -0.5196 -0.4207
vn 0.7999 -0.4002 -0.4473
vn 0.6842 -0.0561 -0.7272
vn 0.5838 -0.7293 0.3569
vn -0.4198 -0.9026 0.0949
vn -0.6267 -0.6944 0.3537
vn -0.6392 -0.7560 0.1415
vn -0.2982 -0.9027 0.3102
vn -0.4514 -0.7561 0.4739
vn 0.3716 0.6545 0.6584
vn -0.4409 -0.4418 -0.7813
vn -0.4055 -0.5649 -0.7186
vn 0.6997 0.6976 -0.1539
vn 0.7973 0.3393 0.4992
vn 0.6843 0.7243 0.0844
vn 0.4934 0.6976 -0.5195
vn 0.7493 0.5124 -0.4196
vn -0.8273 -0.3045 0.4721
vn 0.8642 -0.0638 -0.4990
vn 0.8211 -0.5609 0.1059
vn 0.9604 -0.2028 -0.1910
vn 0.9608 -0.2452 0.1296
vn -0.7956 -0.3494 -0.4950
vn -0.0141 0.2036 -0.9789
vn -0.4576 -0.3647 -0.8109
vn -0.0067 -0.6025 -0.7981
vn 0.4576 -0.3648 0.8109
vn 0.4801 0.2136 0.8508
vn 0.4576 -0.3649 0.8108
vn 0.3146 0.7682 0.5575
vn -0.7397 -0.5277 0.4176
vn -0.5818 -0.7442 0.3282
vn 0.4914 -0.0001 0.8709
vn 0.0141 -0.1618 0.9867
vn -0.4868 -0.6967 0.5269
vn -0.8416 -0.5090 0.1809
vn -0.7596 -0.4803 0.4386
vn -0.6151 -0.7136 0.3352
vn 0.9921 -0.0004 0.1257
vn 0.7540 -0.6498 0.0960
vn 0.6864 0.7109 -0.1528
vn 0.6582 0.7483 0.0824
vn 0.6819 0.1349 -0.7189
vn 0.6862 -0.1015 -0.7203
vn 0.8584 -0.0053 -0.5130
vn 0.6785 0.6234 -0.3886
vn 0.7469 -0.5142 -0.4215
vn 0.6672 -0.2254 -0.7099
vn 0.8499 -0.2184 -0.4796
vn 0.8666 0.0990 -0.4891
vn 0.9726 0.1029 -0.2083
vn 0.4964 -0.8145 0.3003
vn 0.8211 -0.5608 0.1058
vn 0.3850 -0.8975 -0.2150
vn 0.4514 -0.7560 -0.4740
vn 0.5806 -0.7453 -0.3277
vn -0.8685 -0.4589 0.1871
vn -0.6241 -0.6812 -0.3826
vn -0.2752 -0.8284 -0.4878
vn -0.0004 -0.8147 -0.5799
vn 0.3850 -0.8936 -0.2309
vn 0.3471 -0.8697 -0.3508
vn -0.6286 0.4004 0.6668
vn -0.5319 0.6344 0.5609
vn 0.8945 0.4314 0.1176
vn 0.7380 0.6684 0.0926
vn -0.4409 -0.4419 -0.7812
vn -0.6553 0.3407 0.6741
vn -0.3150 0.6210 0.7177
vn -0.1906 -0.9217 -0.3378
vn -0.3322 -0.7370 -0.5886
vn -0.2093 -0.9048 -0.3709
vn 0.5843 0.8087 0.0683
vn 0.5135 0.7997 0.3111
vn 0.2994 0.7954 0.5269
vn -0.3554 -0.6911 -0.6293
vn -0.1907 0.9218 -0.3375
vn -0.2687 0.8374 -0.4761
vn -0.3323 0.7372 -0.5884
vn -0.5122 0.8000 -0.3125
vn -0.0014 -1.0000 0.0013
vn 0.0018 -1.0000 0.0011
vn -0.6835 -0.1291 0.7185
vn 0.7271 -0.5470 -0.4149
vn -0.7380 0.6684 -0.0925
vn -0.4964 -0.8145 -0.3003
vn -0.2951 -0.9528 0.0713
vn -0.2723 -0.9499 0.1537
vn -0.3845 -0.8973 0.2170
vn -0.2730 0.9598 0.0655
vn -0.2491 0.9582 0.1406
vn -0.8165 -0.2693 -0.5107
vn -0.8407 0.1242 -0.5271
vn -0.9921 -0.0003 -0.1257
vn -0.8149 0.3531 0.4597
vn -0.9706 -0.1196 0.2091
vn -0.6264 -0.6914 0.3600
vn -0.6732 -0.2329 0.7018
vn -0.8308 -0.2892 0.4756
vn 0.7932 0.0000 -0.6089
vn 0.7933 -0.0000 -0.6089
vn 0.8341 0.2062 0.5116
vn 0.0167 0.1239 0.9922
vn 0.0104 0.4690 0.8831
vn -0.2492 0.9582 0.1406
vn 0.3993 0.1833 -0.8983
vn 0.3624 0.3889 -0.8470
vn 0.8377 0.2695 -0.4750
vn 0.8099 0.3630 -0.4607
vn 0.0153 0.3392 0.9406
vn 0.4602 0.3514 0.8153
vn 0.9473 -0.2477 -0.2029
vn 0.8096 -0.3442 -0.4754
vn 0.8619 -0.4955 0.1081
vn 0.8678 -0.4590 -0.1906
vn 0.7927 -0.5841 -0.1745
vn 0.9412 0.3126 0.1279
vn -0.2493 0.9582 0.1407
vn -0.1972 0.9598 0.1999
vn -0.4935 0.6975 0.5196
vn -0.7388 -0.6539 0.1633
vn -0.5017 -0.8174 0.2832
vn -0.4871 -0.6956 0.5281
vn -0.0019 -0.6840 0.7295
vn 0.2739 0.7469 -0.6059
vn 0.2829 0.7490 -0.5991
vn -0.0038 0.7796 -0.6262
vn -0.2780 0.8188 -0.5023
vn 0.0063 0.8353 -0.5498
vn 0.3945 0.1122 -0.9120
vn 0.6672 -0.2253 -0.7100
vn -0.6390 -0.7561 0.1415
vn -0.5806 -0.7453 0.3277
vn -0.7944 -0.5816 0.1750
vn 0.4888 0.7076 -0.5102
vn -0.8376 -0.2703 0.4747
vn 0.6833 -0.1291 -0.7186
vn 0.0153 0.3394 0.9405
vn 0.3146 0.7683 0.5575
vn -0.3146 0.7683 -0.5575
vn -0.4601 0.3515 -0.8153
vn -0.4602 0.3514 -0.8153
vn -0.5609 0.7545 -0.3409
vn 0.9916 -0.0016 0.1292
vn 0.3504 -0.4952 -0.7950
vn 0.5273 -0.6431 -0.5553
vn 0.5841 -0.5264 -0.6179
vn -0.3858 -0.6195 -0.6837
vn -0.4717 -0.2813 -0.8357
vn -0.3146 0.7682 -0.5575
vn -0.5608 0.7545 -0.3409
vn 0.3770 0.3127 -0.8718
vn 0.2814 0.7244 -0.6293
vn -0.8594 0.1617 0.4850
vn -0.8121 0.3610 0.4583
vn -0.9412 0.3126 -0.1278
vn -0.8854 0.4157 0.2080
vn -0.8891 -0.4395 -0.1274
vn 0.2129 0.9695 0.1215
vn 0.2640 0.9642 0.0242
vn 0.0878 0.9813 -0.1715
vn 0.3661 0.9074 -0.2065
vn 0.1570 0.9137 -0.3748
vn -0.1917 0.9814 -0.0133
vn 0.4934 0.6975 -0.5196
vn 0.1971 0.9598 -0.1998
vn 0.4873 0.1296 0.8636
vn -0.5303 0.6345 0.5623
vn -0.3071 0.6916 0.6538
vn 0.5369 0.7788 0.3245
vn 0.3979 -0.2027 -0.8947
vn 0.3976 -0.0617 -0.9155
vn 0.2984 -0.9026 -0.3103
vn 0.2548 -0.7838 -0.5664
vn -0.7979 0.5943 -0.1009
vn -0.7183 0.6916 -0.0750
vn -0.7506 0.4691 -0.4654
vn 0.6883 -0.0311 -0.7248
vn 0.3979 -0.9164 0.0425
vn 0.6010 -0.7876 -0.1358
vn 0.6166 -0.7837 0.0746
vn -0.8121 0.3611 0.4583
vn -0.8140 -0.3569 0.4583
vn -0.8444 -0.2486 0.4745
vn -0.4513 -0.7562 0.4738
vn -0.6007 -0.5182 0.6088
vn -0.1672 -0.9163 0.3640
vn -0.2548 -0.7838 0.5664
vn -0.8577 -0.4821 0.1786
vn 0.4293 0.4869 0.7607
vn 0.9846 0.1123 0.1337
vn 0.6622 0.7328 -0.1563
vn 0.6426 0.7636 0.0628
vn -0.9349 -0.2919 0.2016
vn 0.0091 -0.5518 0.8339
vn 0.0052 -0.7008 0.7134
vn 0.8696 -0.0541 -0.4908
vn 0.4513 -0.7563 -0.4738
vn 0.5351 -0.6256 -0.5677
vn 0.4914 -0.0002 0.8709
vn 0.2117 0.9700 -0.1192
vn 0.1045 0.9684 -0.2266
vn -0.6163 -0.7839 -0.0746
vn 0.9412 0.3127 0.1279
vn 0.6999 0.6975 -0.1539
vn -0.3791 -0.3175 0.8692
vn -0.6083 -0.4839 0.6292
vn -0.9039 0.0000 0.4277
vn -0.4915 0.0002 -0.8709
vn 0.3751 -0.3798 -0.8456
vn -0.0068 -0.4210 -0.9071
vn -0.0054 -0.5419 -0.8404
vn -0.4438 -0.4335 -0.7843
vn -0.4510 -0.4004 -0.7977
vn -0.3660 -0.6665 -0.6495
vn -0.4658 0.3114 -0.8283
vn -0.4636 0.3331 -0.8210
vn -0.4420 0.4334 -0.7853
vn -0.6521 0.3229 0.6860
vn -0.4634 0.3331 -0.8212
vn -0.3670 0.6661 -0.6493
vn -0.4634 0.3333 -0.8211
vn -0.0031 0.8011 0.5986
vn -0.4936 0.6973 0.5197
vn -0.8630 0.0647 0.5010
vn -0.8709 -0.0004 0.4915
vn -0.6917 0.6155 0.3779
vn -0.0015 0.7841 -0.6206
vn -0.2834 0.8170 -0.5022
vn -0.4820 -0.1951 -0.8542
vn 0.0015 0.7841 0.6207
vn 0.2834 0.8170 0.5022
vn 0.4919 0.8203 -0.2917
vn -0.7795 -0.4459 0.4399
vn -0.7154 -0.5703 0.4037
vn -0.3545 0.6935 -0.6272
vn -0.3543 0.6930 -0.6279
vn -0.4820 -0.1979 -0.8535
vn -0.4627 -0.3336 -0.8214
vn -0.4270 -0.4967 -0.7556
vn -0.4846 -0.1674 -0.8585
vn -0.4628 -0.3339 -0.8212
vn -0.4501 -0.4015 -0.7976
vn -0.4683 -0.3115 -0.8268
vn -0.8497 0.2193 0.4795
vn -0.8412 0.2586 0.4748
vn -0.7824 0.4393 0.4415
vn 0.5306 0.7840 0.3221
vn 0.2950 0.7999 0.5226
vn 0.9490 -0.2338 -0.2115
vn 0.6386 0.7649 0.0849
vn 0.3579 -0.4849 -0.7980
vn -0.0126 -0.2697 -0.9629
vn 0.4005 0.0269 -0.9159
vn 0.1671 -0.9164 -0.3637
vn 0.2567 -0.7839 -0.5654
vn -0.8571 0.1770 0.4838
vn 0.0547 -0.9709 -0.2331
vn -0.1495 -0.9883 -0.0290
vn 0.3489 -0.9162 -0.1969
vn -0.5218 -0.6536 0.5482
vn -0.7552 0.6343 0.1654
vn 0.4962 -0.8146 0.3002
vn -0.9835 -0.1389 -0.1156
vn -0.9760 -0.0621 0.2089
vn -0.9847 0.0323 -0.1714
vn -0.8444 -0.1340 -0.5187
vn -0.4105 -0.8773 -0.2486
vn -0.9892 -0.0616 -0.1327
vn -0.8460 -0.0686 -0.5287
vn 0.3854 -0.8974 -0.2151
vn 0.3902 -0.9162 -0.0909
vn 0.9827 -0.1306 0.1312
vn 0.8460 -0.0687 0.5287
vn 0.3530 -0.4954 -0.7937
vn 0.9631 0.1666 -0.2116
vn 0.8596 0.1607 -0.4851
vn 0.8709 -0.0003 -0.4915
vn -0.7028 0.0000 -0.7114
vn -0.7810 0.0000 -0.6246
vn -0.2942 0.7987 -0.5250
vn -0.8303 -0.5268 0.1819
vn -0.8340 -0.2851 0.4724
vn 0.4534 -0.7518 -0.4788
vn 0.6467 -0.7465 -0.1566
vn 0.6680 0.7294 -0.1471
vn 0.0054 -0.5419 0.8404
vn 0.3554 -0.6907 0.6297
vn 0.0039 -0.6685 0.7437
vn -0.5803 -0.5463 0.6039
vn 0.0038 -0.6685 0.7437
vn -0.8302 -0.5269 0.1819
vn 0.8945 0.4313 0.1176
vn 0.8518 -0.0004 0.5238
vn -0.9350 -0.2920 0.2016
vn -0.9761 -0.0561 0.2099
vn -0.9430 -0.3110 -0.1181
vn -0.4894 0.1060 -0.8656
vn -0.4637 0.3320 -0.8214
vn -0.4824 0.1966 -0.8536
vn 0.6007 -0.7879 -0.1357
vn 0.8305 -0.5270 -0.1804
vn 0.8050 -0.3893 -0.4476
vn 0.2983 -0.9026 -0.3103
vn 0.3939 -0.1427 -0.9080
vn -0.4637 -0.3320 -0.8214
vn -0.4665 -0.3107 -0.8282
vn -0.4429 -0.4315 -0.7859
vn -0.4819 0.1975 -0.8537
vn -0.4271 0.4949 -0.7568
vn -0.4271 0.4947 -0.7569
vn -0.3337 -0.5611 0.7575
vn -0.8771 -0.4384 0.1960
vn -0.7470 -0.5142 0.4216
vn -0.8499 -0.2182 0.4797
vn -0.3844 -0.8973 0.2170
vn -0.4806 -0.2098 -0.8515
vn -0.3676 0.6642 -0.6509
vn -0.4269 0.4949 -0.7569
vn 0.3652 -0.9302 0.0374
vn 0.2952 -0.9527 -0.0715
vn 0.4197 -0.9029 -0.0923
vn 0.8306 -0.5269 -0.1804
vn -0.1195 -0.0005 -0.9928
vn -0.1297 0.0001 -0.9915
vn -0.0014 -0.0004 -1.0000
vn -0.1192 -0.0005 -0.9929
vn -0.0328 -0.0003 -0.9995
vn -0.0012 -0.0004 -1.0000
vn -0.3142 -0.9486 -0.0379
vn -0.6844 -0.1204 0.7191
vn -0.6816 -0.1247 0.7211
vn -0.4191 -0.9027 0.0969
vn -0.5460 -0.7790 0.3081
vn 0.5319 0.6343 -0.5610
vn -0.8357 -0.2624 0.4825
vn -0.6030 0.7076 -0.3684
vn -0.0067 -0.4209 -0.9071
vn -0.0323 -0.5524 -0.8329
vn -0.0103 -0.6635 -0.7481
vn -0.6586 0.6347 -0.4042
vn 0.1173 -0.9595 -0.2560
vn 0.1910 -0.8379 -0.5114
vn 0.5500 -0.7755 -0.3100
vn -0.4523 -0.8888 -0.0731
vn 0.0000 -1.0000 0.0001
vn -0.0024 -1.0000 -0.0046
vn -0.0001 -1.0000 -0.0001
vn 0.3338 -0.5609 -0.7576
vn 0.3944 0.1122 -0.9120
vn 0.8121 0.3611 -0.4583
vn -0.9527 0.2209 0.2088
vn -0.9422 0.3150 -0.1138
vn -0.9823 -0.1422 -0.1220
vn -0.8624 -0.1256 0.4905
vn -0.8534 -0.1964 0.4828
vn -0.7809 -0.4512 0.4321
vn -0.3976 -0.0616 0.9155
vn -0.1713 -0.9373 -0.3037
vn -0.3139 -0.9309 -0.1867
vn -0.2165 -0.9685 -0.1227
vn -0.1568 -0.9301 0.3321
vn -0.0058 -0.9312 0.3644
vn -0.7620 -0.6184 -0.1920
vn -0.6488 -0.6668 0.3667
vn -0.7769 -0.6222 -0.0967
vn 0.5019 -0.8172 -0.2833
vn 0.4717 -0.7337 -0.4891
vn 0.5326 -0.8380 -0.1189
vn 0.6810 0.1026 -0.7250
vn 0.3924 0.1834 -0.9013
vn 0.6758 0.1673 -0.7178
vn 0.7470 -0.5141 -0.4216
vn 0.6671 -0.2256 -0.7100
vn 0.8499 -0.2182 -0.4796
vn 0.8347 -0.2851 -0.4711
vn -0.2450 -0.0000 -0.9695
vn -0.1297 -0.0000 -0.9916
vn -0.1296 -0.0000 -0.9916
vn -0.6002 0.7246 0.3387
vn -0.6022 0.7853 0.1436
vn -0.8289 -0.3061 0.4683
vn 0.3188 -0.6222 -0.7150
vn -0.4056 -0.5649 -0.7186
vn 0.7616 0.4848 -0.4299
vn 0.2215 0.6884 -0.6907
vn 0.6064 0.7179 -0.3420
vn 0.6807 -0.6009 0.4191
vn 0.1150 -0.9722 0.2039
vn 0.2167 -0.9685 0.1228
vn 0.3139 -0.9309 0.1869
vn 0.6834 -0.1291 -0.7185
vn -0.0001 -1.0000 -0.0007
vn -0.0018 -1.0000 -0.0011
vn 0.8421 -0.1599 0.5151
vn -0.9666 -0.1372 0.2164
vn -0.8631 -0.1333 0.4871
vn -0.6696 -0.6394 0.3779
vn 0.3104 0.0001 -0.9506
vn 0.3397 -0.0000 -0.9405
vn -0.9342 0.2494 -0.2551
vn 0.2411 0.3902 -0.8886
vn -0.0063 -0.2652 0.9642
vn -0.7417 -0.6481 0.1728
vn 0.6733 -0.2228 -0.7051
vn 0.6451 -0.3484 -0.6800
vn -0.1713 -0.9373 -0.3036
vn 0.0068 -0.9685 -0.2488
vn -0.1150 -0.9722 -0.2039
vn 0.3138 -0.9309 0.1868
vn 0.3803 -0.3389 -0.8605
vn 0.4817 0.0000 0.8763
vn -0.8060 0.3956 0.4403
vn -0.9178 -0.3798 -0.1159
vn -0.8619 -0.4955 -0.1081
vn 0.9757 -0.1727 0.1346
vn 0.9757 -0.1727 0.1345
vn 0.4935 0.6975 -0.5196
vn -0.9412 0.3127 -0.1279
vn -0.9584 -0.2538 -0.1309
vn -0.3891 -0.1726 0.9049
vn -0.4717 -0.2809 -0.8358
vn -0.4020 0.9137 -0.0594
vn -0.3660 0.9074 0.2067
vn 0.3473 -0.9171 -0.1958
vn 0.4914 0.0000 0.8709
vn -0.9359 0.2898 0.2000
vn -0.9706 -0.1169 0.2104
vn 0.4071 -0.0038 -0.9134
vn -0.5022 -0.8170 0.2834
vn -0.6265 -0.3770 0.6822
vn -0.7473 -0.5136 0.4216
vn -0.8341 0.2062 -0.5115
vn 0.5303 0.6346 -0.5622
vn -0.9823 -0.1422 -0.1221
vn -0.0019 -1.0000 0.0005
vn -0.0013 -1.0000 0.0014
vn -0.9807 0.0000 -0.1955
vn -0.7817 -0.0000 -0.6236
vn 0.6834 -0.1292 -0.7185
vn -0.3147 0.7682 -0.5575
vn -0.4963 -0.8147 -0.3001
vn 0.3022 0.6686 -0.6795
vn 0.2784 0.7637 -0.5825
vn 0.4601 0.3515 0.8153
vn -0.7708 -0.4204 -0.4787
vn -0.8707 0.0000 0.4917
vn -0.8554 -0.0004 -0.5179
vn -0.6707 -0.0000 -0.7417
vn -0.7883 -0.0005 -0.6153
vn -0.9005 0.0000 0.4349
vn -0.9726 0.0000 0.2324
vn -0.9726 0.0000 0.2323
vn -0.9326 0.0000 0.3609
vn 0.6767 -0.6295 -0.3819
vn 0.7550 0.6345 -0.1653
vn 0.5186 0.8009 0.2994
vn -0.4934 0.6976 0.5195
vn -0.4033 -0.1422 0.9039
vn -0.8341 0.2062 -0.5116
vn -0.8708 0.0000 0.4916
vn -0.0854 0.9848 -0.1514
vn -0.0312 0.9980 -0.0553
vn -0.0854 -0.9848 -0.1513
vn -0.0854 -0.9848 -0.1512
vn -0.1835 -0.9283 -0.3235
vn -0.1816 -0.9293 -0.3217
vn -0.8640 -0.1257 0.4876
vn -0.8107 -0.5579 0.1775
vn -0.8203 -0.5621 -0.1054
vn -0.0855 0.9848 -0.1515
vn -0.2075 0.9065 -0.3676
vn -0.2075 0.9065 -0.3677
vn -0.1816 0.9293 -0.3217
vn -0.0740 -0.9886 -0.1311
vn -0.0745 -0.9887 -0.1301
vn -0.0024 -1.0000 -0.0047
vn -0.3529 -0.9144 0.1984
vn 0.1713 -0.9373 0.3036
vn 0.8368 -0.1603 0.5236
vn 0.7480 -0.6430 -0.1644
vn 0.9494 0.2351 -0.2081
vn 0.4760 0.7329 -0.4861
vn -0.0033 -0.7221 -0.6918
vn -0.3596 -0.9107 0.2030
vn 0.7441 -0.5092 -0.4324
vn 0.9695 -0.1307 -0.2073
vn 0.9042 0.4129 0.1093
vn -0.0040 -0.6677 -0.7445
vn 0.4464 -0.4412 0.7785
vn -0.0006 0.7822 0.6230
vn 0.3899 0.6038 0.6953
vn -0.0016 0.4961 -0.8683
vn -0.4837 -0.1775 -0.8571
vn -0.0004 -0.1674 -0.9859
vn 0.3827 0.3109 -0.8700
vn 0.6675 -0.2422 -0.7041
vn 0.3752 -0.3798 -0.8456
vn 0.6349 -0.3748 -0.6756
vn 0.0016 0.4960 0.8683
vn 0.3958 0.6014 0.6940
vn -0.0003 -0.1669 0.9860
vn -0.3664 0.4537 0.8123
vn -0.8702 0.0363 0.4913
vn -0.8709 0.0001 0.4914
vn 0.0038 0.7796 0.6263
vn 0.2852 0.8171 0.5011
vn -0.4814 0.8339 -0.2700
vn 0.6021 0.7951 0.0728
vn 0.5121 0.8001 0.3124
vn -0.7280 -0.6795 -0.0907
vn -0.8308 -0.5264 0.1807
vn -0.8208 -0.5614 -0.1054
vn -0.5905 -0.7222 -0.3603
vn 0.6422 0.7625 0.0784
vn 0.6997 0.5797 0.4176
vn -0.9607 -0.2454 -0.1297
vn -0.9527 -0.2253 0.2042
vn -0.9847 0.1121 -0.1337
vn 0.7280 -0.6795 0.0907
vn 0.5905 -0.7222 0.3603
vn -0.3189 -0.6212 0.7158
vn -0.5273 -0.6430 0.5554
vn -0.7281 -0.6795 -0.0907
vn -0.7718 -0.6123 0.1717
vn 0.6842 -0.0561 -0.7271
vn 0.9200 -0.3430 -0.1898
vn 0.6842 -0.0562 -0.7272
vn -0.9648 0.0094 -0.2629
vn 0.7993 0.5923 0.1017
vn 0.5253 0.7978 -0.2958
vn 0.4670 0.8441 -0.2636
vn 0.4563 0.8520 -0.2566
vn 0.6768 -0.6294 -0.3819
vn 0.8123 -0.5600 -0.1629
vn 0.9744 0.1833 0.1300
vn -0.8441 -0.5043 0.1819
vn -0.7473 -0.5134 0.4218
vn 0.3753 0.4089 -0.8318
vn -0.6998 0.6976 0.1539
vn -0.6327 0.6872 0.3571
vn 0.2401 -0.5418 -0.8055
vn -0.8136 -0.5419 -0.2105
vn -0.8963 -0.3715 -0.2423
vn -0.8351 -0.2833 0.4715
vn 0.8780 -0.4663 0.1082
vn -0.6327 0.6871 0.3571
vn -0.0008 0.7080 -0.7062
vn 0.3072 0.6915 -0.6538
vn 0.5692 -0.7506 -0.3356
vn -0.7378 0.6686 -0.0926
vn 0.0008 0.7080 0.7062
vn -0.3071 0.6916 0.6537
vn -0.7506 0.4690 -0.4654
vn 0.3309 -0.5053 -0.7970
vn -0.4798 -0.2104 -0.8518
vn -0.0067 -0.4210 -0.9070
vn 0.3105 0.0002 -0.9506
vn 0.1713 -0.9373 0.3035
vn 0.3139 -0.9309 0.1868
vn 0.4962 -0.8147 0.3001
vn 0.8957 0.4003 -0.1934
vn 0.6822 0.6216 -0.3850
vn -0.1902 0.9218 -0.3378
vn -0.1185 0.9706 -0.2096
vn -0.0888 0.9834 -0.1582
vn -0.4438 0.4336 -0.7843
vn -0.4780 0.2294 -0.8479
vn -0.4683 0.3116 -0.8268
vn -0.2525 -0.8579 -0.4474
vn -0.1184 -0.9705 -0.2098
vn -0.2525 -0.8580 -0.4473
vn -0.1184 -0.9705 -0.2099
vn 0.6426 0.7637 0.0627
vn -0.1646 0.9422 -0.2917
vn -0.0891 0.9834 -0.1578
vn -0.2528 0.8577 -0.4476
vn -0.1202 0.0000 -0.9927
vn -0.0037 0.0000 -1.0000
vn -0.1202 0.0000 -0.9928
vn -0.7820 -0.0003 -0.6233
vn -0.9334 0.0000 -0.3588
vn -0.8225 -0.0000 -0.5688
vn -0.7033 0.0000 -0.7109
vn -0.7819 -0.0000 -0.6233
vn -0.8565 -0.0028 -0.5162
vn -0.7619 -0.0001 -0.6477
vn -0.7871 -0.0036 -0.6168
vn 0.0128 -0.2700 0.9628
vn -0.4021 0.0266 0.9152
vn 0.2427 -0.6349 -0.7334
vn 0.2706 -0.3448 -0.8988
vn 0.8516 -0.2094 -0.4806
vn -0.3869 0.6144 -0.6876
vn -0.4120 0.5092 -0.7556
vn -0.6752 -0.6129 -0.4104
vn -0.4707 -0.1670 -0.8663
vn -0.0042 0.3441 -0.9389
vn -0.5855 -0.7270 -0.3586
vn -0.3256 -0.7493 -0.5767
vn -0.4825 0.1901 -0.8550
vn -0.8381 -0.1586 -0.5220
vn -0.4838 -0.1766 -0.8572
vn 0.0002 -0.1676 -0.9859
vn -0.4837 -0.1772 -0.8571
vn -0.5858 -0.7271 -0.3580
vn -0.3255 -0.7492 -0.5768
vn 0.0002 -0.1675 -0.9859
vn -0.6798 -0.2173 0.7005
vn 0.8623 0.1402 -0.4866
vn 0.6850 -0.1373 -0.7155
vn 0.8578 -0.1385 -0.4950
vn 0.9747 -0.0189 -0.2228
vn -0.9743 -0.0002 -0.2254
vn 0.4616 0.1705 0.8705
vn 0.6767 -0.6178 0.4004
vn 0.4608 0.1899 0.8670
vn 0.0049 0.1795 0.9837
vn -0.4819 0.1977 -0.8536
vn -0.3338 -0.5620 0.7568
vn -0.9526 -0.2255 0.2043
vn -0.8666 0.0990 0.4891
vn -0.0151 -0.2695 -0.9629
vn -0.4873 0.1298 -0.8635
vn 0.9072 0.3722 -0.1964
vn -0.8165 -0.2696 -0.5106
vn -0.9846 0.1124 -0.1337
vn -0.8407 0.1240 -0.5271
vn -0.4060 0.8847 0.2290
vn -0.5568 0.7690 0.3140
vn -0.3264 0.9436 -0.0560
vn 0.4915 0.0001 0.8709
vn -0.6063 -0.4550 0.6522
vn -0.3022 0.6685 0.6796
vn -0.9563 -0.2658 -0.1213
vn -0.9477 -0.2423 0.2076
vn -0.9156 -0.3484 0.2007
vn -0.0672 0.0036 -0.9977
vn -0.1310 0.0000 -0.9914
vn -0.6849 -0.1374 0.7156
vn -0.2970 -0.6853 0.6649
vn 0.9479 -0.2997 0.1080
vn 0.6459 -0.7494 -0.1455
vn 0.6214 -0.7796 0.0779
vn 0.8358 -0.1767 0.5198
vn -0.6553 0.3173 0.6855
vn -0.3985 -0.2927 0.8692
vn -0.6332 -0.3995 0.6629
vn -0.8633 -0.1335 0.4868
vn 0.2971 -0.6852 -0.6650
vn 0.6169 -0.4399 -0.6526
vn 0.6694 -0.6347 -0.3862
vn 0.3022 0.6685 -0.6795
vn 0.0117 0.8009 -0.5986
vn 0.2785 0.7636 -0.5825
vn -0.8991 0.0000 -0.4378
vn 0.0152 -0.2695 0.9629
vn 0.4717 -0.2808 0.8358
vn 0.6849 -0.1373 -0.7156
vn 0.3340 -0.5807 -0.7425
vn 0.5233 -0.6514 -0.5495
vn 0.8187 -0.5458 -0.1781
vn 0.9805 0.1461 0.1314
vn 0.5967 0.5050 -0.6237
vn -0.8421 -0.1599 -0.5150
vn -0.5759 0.7576 0.3072
vn 0.3702 -0.9054 -0.2080
vn 0.6669 -0.2740 -0.6929
vn 0.4382 -0.7592 -0.4813
vn 0.7582 -0.4830 -0.4381
vn 0.6184 0.7072 -0.3429
vn -0.8486 -0.2244 0.4791
vn -0.6539 -0.3113 0.6896
vn -0.8382 -0.2735 0.4719
vn -0.9530 -0.2255 0.2024
vn -0.9903 0.0309 -0.1355
vn -0.3579 -0.4849 0.7980
vn -0.0028 0.8001 -0.5999
vn -0.9609 -0.2455 -0.1279
vn -0.0005 0.7822 0.6231
vn 0.8703 -0.0380 -0.4911
vn 0.6671 -0.2739 -0.6928
vn 0.7347 -0.5373 -0.4142
vn 0.9667 -0.1375 -0.2160
vn -0.7934 -0.5831 0.1748
vn -0.6672 -0.6406 0.3801
vn -0.4902 -0.0721 -0.8686
vn 0.8490 -0.2273 -0.4770
vn 0.9597 -0.1924 -0.2048
vn 0.8460 -0.0686 0.5287
vn 0.4902 -0.0721 0.8686
vn 0.0125 -0.3495 0.9369
vn -0.4902 -0.0720 -0.8686
vn 0.8848 0.4538 0.1062
vn 0.9175 0.3394 -0.2075
vn 0.9795 -0.1571 0.1263
vn -0.3938 -0.1427 0.9080
vn -0.9674 0.1454 0.2073
vn -0.8710 0.1295 0.4740
vn -0.8681 -0.1280 0.4795
vn 0.8273 0.2800 -0.4870
vn -0.4799 -0.2101 -0.8518
vn 0.4845 -0.1770 0.8567
vn 0.3255 -0.7490 0.5771
vn 0.0030 -0.6182 0.7860
vn 0.4830 -0.1767 0.8576
vn 0.3255 -0.7492 0.5768
vn 0.8441 -0.1673 0.5094
vn 0.4837 -0.1777 0.8570
vn 0.0017 0.4958 0.8684
vn 0.8145 -0.5488 -0.1882
vn 0.8467 -0.2341 -0.4778
vn -0.7224 -0.6732 0.1580
vn 0.8578 -0.1383 -0.4950
vn -0.4173 -0.0591 -0.9068
vn -0.5607 -0.0591 -0.8259
vn -0.5813 0.0770 -0.8101
vn 0.4716 -0.2812 0.8358
vn -0.8245 0.1647 -0.5413
vn -0.8134 -0.5742 -0.0929
vn 0.8944 0.4315 0.1177
vn -0.0003 -0.1672 0.9859
vn 0.3254 -0.7494 0.5767
vn 0.0037 -0.7290 0.6845
vn -0.4021 -0.1567 0.9021
vn -0.0335 0.4523 -0.8913
vn 0.4083 -0.1496 -0.9005
vn -0.9502 -0.2925 -0.1077
vn -0.7411 -0.6509 0.1644
vn -0.6158 -0.7840 -0.0786
vn -0.7426 0.4959 -0.4502
vn -0.8441 -0.1675 -0.5093
vn -0.4206 0.5176 -0.7452
vn -0.4089 -0.1499 0.9002
vn 0.0163 0.1800 0.9835
vn -0.3774 0.1489 0.9140
vn -0.0154 -0.0686 -0.9975
vn -0.0087 -0.6150 -0.7885
vn 0.4001 0.3147 -0.8607
vn 0.0042 -0.7292 0.6843
vn -0.2508 -0.7841 0.5676
vn -0.4651 -0.7286 0.5028
vn 0.8276 0.3112 -0.4671
vn 0.7954 0.4078 -0.4484
vn -0.0036 -0.7288 -0.6847
vn 0.4083 -0.1498 -0.9005
vn -0.9761 -0.0561 0.2098
vn -0.9908 0.0281 -0.1326
vn 0.7407 -0.6514 -0.1643
vn 0.9502 -0.2926 0.1071
vn -0.9441 0.3119 -0.1072
vn -0.8149 -0.5714 -0.0972
vn -0.8439 -0.1672 -0.5099
vn 0.8037 0.3484 0.4824
vn -0.9744 0.1834 -0.1300
vn -0.8307 0.2037 -0.5181
vn -0.8072 0.3391 -0.4832
vn 0.7425 0.4960 0.4503
vn 0.4204 0.5181 0.7449
vn -0.0153 -0.0687 -0.9975
vn -0.9522 -0.2070 0.2245
vn -0.8446 0.0338 -0.5344
vn -0.9744 0.1833 -0.1299
vn -0.0153 -0.0686 -0.9975
vn 0.3976 -0.0616 -0.9155
vn -0.6830 -0.1338 0.7181
vn -0.3609 0.1153 -0.9254
vn -0.4120 -0.0726 -0.9083
vn 0.7294 0.5460 -0.4122
vn 0.5861 0.7393 -0.3315
vn 0.8489 -0.1580 0.5044
vn 0.9799 -0.1499 0.1313
vn 0.8308 0.2036 0.5181
vn -0.4174 0.0591 -0.9068
vn -0.5606 0.0591 -0.8260
vn -0.3671 -0.1049 -0.9242
vn -0.5750 0.7522 0.3220
vn -0.7285 0.5544 0.4024
vn -0.5679 0.0713 -0.8200
vn 0.8307 0.2037 0.5180
vn -0.6435 0.1497 -0.7506
vn -0.3668 0.1041 -0.9245
vn 0.9781 0.1609 0.1324
vn -0.9861 -0.0995 -0.1329
vn -0.8410 0.2594 0.4747
vn -0.6986 -0.0604 0.7129
vn -0.2784 0.7637 0.5824
vn -0.4928 0.6935 0.5255
vn -0.9740 0.0783 0.2124
vn -0.8080 0.3768 0.4530
vn -0.0070 -0.6008 -0.7994
vn 0.0070 -0.6008 0.7993
vn -0.3337 -0.5609 0.7576
vn 0.8164 -0.2696 0.5107
vn -0.8627 0.1361 0.4871
vn -0.4829 0.1845 -0.8560
vn -0.9580 0.1948 0.2106
vn 0.8341 0.2064 0.5116
vn 0.4797 0.2184 0.8498
vn -0.0152 0.1561 -0.9876
vn -0.4849 0.1640 -0.8591
vn -0.0068 0.2062 -0.9785
vn 0.3942 0.1410 -0.9081
vn 0.1151 -0.9722 0.2039
vn -0.9837 -0.1408 -0.1119
vn -0.9665 -0.1373 0.2169
vn -0.6412 -0.1549 -0.7516
vn -0.6059 0.1154 -0.7871
vn -0.6727 0.1887 0.7155
vn -0.3942 0.1410 0.9081
vn -0.6514 0.3205 0.6877
vn -0.8674 0.0893 0.4896
vn -0.3123 0.1548 -0.9373
vn -0.3871 0.1608 0.9079
vn -0.6404 0.3956 0.6583
vn -0.4028 0.1528 0.9024
vn -0.6849 -0.1376 0.7155
vn -0.7941 0.4106 0.4481
vn -0.5492 -0.8268 0.1217
vn -0.6892 -0.6112 0.3890
vn -0.6794 0.1287 0.7224
vn 0.3400 0.4937 -0.8004
vn 0.6262 0.4221 -0.6555
vn -0.5458 -0.0692 -0.8350
vn -0.4327 -0.0692 -0.8989
vn 0.8558 -0.1838 -0.4836
vn 0.8440 -0.2399 -0.4797
vn 0.9478 -0.2423 -0.2075
vn -0.8546 -0.2274 0.4668
vn 0.8302 -0.5270 -0.1819
vn -0.8211 -0.5609 -0.1058
vn 0.9785 -0.1695 0.1178
vn 0.9470 -0.2420 -0.2111
vn -0.4502 -0.4000 -0.7984
vn -0.4665 -0.3109 -0.8281
vn 0.3943 0.1409 -0.9081
vn -0.0153 0.1564 -0.9876
vn 0.3993 0.1832 -0.8983
vn 0.6795 0.1290 -0.7223
vn -0.4173 0.0591 -0.9069
vn -0.9327 0.0000 -0.3607
vn -0.9523 -0.2229 0.2083
vn -0.8467 -0.2341 0.4778
vn 0.7479 -0.6433 -0.1639
vn 0.7929 -0.5840 -0.1743
vn 0.8026 0.3885 -0.4526
vn 0.8331 0.2911 -0.4703
vn -0.4257 0.4999 -0.7542
vn -0.3057 0.7832 -0.5414
vn -0.5970 0.7931 -0.1204
vn -0.8026 0.5724 -0.1678
vn -0.7674 0.4728 0.4330
vn 0.3979 -0.9165 0.0424
vn -0.3260 0.5924 0.7368
vn -0.5981 0.4997 0.6265
vn -0.6215 0.4283 0.6560
vn -0.4170 -0.0586 -0.9070
vn 0.4759 0.7331 -0.4859
vn 0.6026 0.7219 -0.3401
vn -0.6141 0.7091 0.3465
vn -0.4303 0.7814 0.4520
vn -0.1971 0.9598 0.1998
vn -0.0060 0.9695 0.2451
vn -0.9817 -0.1438 -0.1247
vn -0.2641 0.9642 -0.0242
vn 0.2641 0.9642 0.0242
vn 0.2730 0.9598 -0.0655
vn -0.8117 0.5565 0.1771
vn -0.4197 -0.9027 0.0949
vn 0.2982 -0.9027 -0.3102
vn -0.7389 0.6505 -0.1757
vn -0.7632 0.4813 0.4310
vn -0.8709 0.0002 0.4915
vn -0.9071 0.3723 0.1963
vn -0.4712 0.7295 0.4958
vn 0.5236 0.7232 -0.4504
vn 0.0070 -0.3197 0.9475
vn -0.7281 -0.6795 -0.0906
vn -0.5905 -0.7221 -0.3604
vn -0.2987 -0.6795 0.6701
vn 0.2637 0.7623 -0.5910
vn 0.4788 0.7963 -0.3697
vn -0.9892 -0.0616 -0.1328
vn -0.2458 0.0001 -0.9693
vn -0.3172 0.0008 -0.9484
vn -0.4914 -0.0000 -0.8710
vn -0.4916 -0.0000 -0.8708
vn -0.7689 -0.6169 0.1679
vn -0.6412 0.7551 -0.1369
vn 0.4531 0.7652 -0.4574
vn -0.0111 -0.8769 0.4806
vn 0.6067 0.7170 -0.3434
vn 0.6149 0.7740 -0.1510
vn -0.0037 -0.7292 -0.6843
vn 0.5491 -0.8269 -0.1216
vn 0.6301 -0.6903 -0.3556
vn 0.7204 -0.6878 0.0892
vn 0.0008 -0.8773 0.4799
vn -0.4712 0.7386 0.4821
vn 0.3879 -0.8268 -0.4074
vn 0.5017 -0.8174 -0.2831
vn -0.9093 -0.3547 0.2175
vn 0.4746 -0.7294 -0.4927
vn 0.5540 -0.8223 -0.1304
vn 0.5829 -0.7245 0.3679
vn -0.0010 -0.8773 -0.4799
vn -0.3254 -0.7492 -0.5769
vn 0.2246 -0.8895 0.3980
vn -0.5017 -0.8174 0.2831
vn -0.0037 -0.7291 -0.6844
vn -0.8416 -0.2568 0.4751
vn 0.5018 -0.8173 -0.2832
vn 0.4872 -0.6954 -0.5283
vn -0.9278 -0.3183 0.1947
vn -0.6100 -0.4759 0.6336
vn 0.6767 -0.6294 -0.3819
vn 0.5523 -0.5931 -0.5859
vn -0.6143 -0.7741 0.1531
vn -0.5215 -0.8509 -0.0633
vn 0.5905 -0.7221 0.3603
vn 0.2992 -0.6793 -0.6701
vn 0.2986 -0.6795 -0.6701
vn -0.6767 -0.6294 0.3819
vn -0.5492 -0.8268 0.1215
vn 0.7154 -0.5702 -0.4037
vn 0.7481 -0.6429 -0.1641
vn 0.9695 0.1288 -0.2083
vn 0.9812 0.1411 0.1319
vn -0.1151 -0.9722 -0.2039
vn -0.1713 -0.9373 -0.3035
vn 0.0068 -0.9685 -0.2490
vn 0.8312 -0.2988 -0.4689
vn 0.2548 -0.2953 -0.9208
vn -0.9771 0.0000 0.2126
vn -0.8625 0.1338 0.4880
vn 0.8503 0.0004 0.5263
vn 0.9812 0.1411 0.1318
vn 0.8375 0.1568 0.5235
vn 0.4915 0.0005 0.8709
vn 0.9701 -0.1144 -0.2141
vn 0.6870 0.0004 -0.7266
vn -0.9696 0.1287 0.2083
vn -0.9917 0.0000 -0.1285
vn -0.4119 -0.0726 -0.9083
vn -0.4073 0.0514 -0.9119
vn 0.0153 0.1564 0.9876
vn 0.0068 0.2062 0.9785
vn -0.3943 0.1410 0.9081
vn 0.0111 0.0000 0.9999
vn 0.4848 0.1644 0.8590
vn 0.0153 0.1566 0.9875
vn -0.4026 0.0002 0.9154
vn -0.4849 0.1639 -0.8591
vn -0.5458 0.0693 -0.8350
vn -0.4327 0.0692 -0.8989
vn 0.6793 0.1289 -0.7224
vn 0.8677 0.0851 -0.4897
vn 0.0001 -1.0000 0.0000
vn 0.0001 -1.0000 -0.0001
vn 0.3980 -0.9163 0.0450
vn -0.2433 0.8000 0.5484
vn 0.8904 0.4403 0.1156
vn 0.8730 0.4500 -0.1882
vn -0.7027 0.0000 -0.7115
vn 0.6798 0.6255 -0.3829
vn -0.9703 0.1159 0.2124
vn -0.9532 0.2229 0.2042
vn 0.4717 -0.2809 0.8358
vn -0.4717 -0.2808 -0.8359
vn -0.8407 0.1240 -0.5272
vn 0.4716 -0.2810 0.8358
vn 0.0151 -0.2696 0.9629
vn -0.4717 -0.2810 -0.8358
vn -0.4874 0.1294 -0.8635
vn 0.4873 0.1297 0.8635
vn 0.4873 0.1296 0.8635
vn 0.6810 0.1027 -0.7251
vn 0.8664 0.1081 -0.4875
vn -0.9882 -0.0000 0.1532
vn 0.0110 0.0004 0.9999
vn 0.4849 0.1639 0.8591
vn 0.0153 0.1567 0.9875
vn -0.4025 0.0000 0.9154
vn 0.8503 0.0004 0.5264
vn 0.9812 0.1410 0.1319
vn 0.8375 0.1567 0.5235
vn 0.1150 -0.9722 0.2038
vn -0.0069 -0.9684 0.2491
vn -0.3310 0.7393 -0.5865
vn 0.8707 0.0000 -0.4918
vn 0.8707 -0.0000 -0.4917
vn -0.6064 0.7176 0.3424
vn -0.0110 0.0000 -0.9999
vn -0.4848 0.1641 -0.8591
vn 0.4025 0.0000 -0.9154
vn 0.6852 0.1241 -0.7177
vn 0.4796 0.2185 0.8499
vn -0.8375 0.1565 -0.5235
vn 0.0069 -0.9684 -0.2492
vn 0.4849 0.1641 0.8591
vn -0.4915 0.0001 -0.8709
vn -0.8375 0.1568 -0.5235
vn 0.4796 0.2184 0.8499
vn -0.8375 0.1566 -0.5235
vn -0.4914 0.0005 -0.8709
vn -0.8376 0.1564 -0.5235
vn -0.4849 0.1641 -0.8590
vn -0.8503 0.0005 -0.5263
vn -0.9812 0.1410 -0.1318
vn 0.8502 0.0005 0.5264
vn 0.6794 0.1286 -0.7224
vn 0.8641 0.1243 -0.4877
vn -0.0153 0.1565 -0.9876
vn 0.4026 0.0000 -0.9154
vn -0.8341 0.2063 -0.5115
vn 0.9754 0.1832 0.1224
vn -0.9812 0.1411 -0.1318
vn -0.8341 0.2063 -0.5116
vn -0.0143 -0.9999 0.0070
vn -0.0050 -1.0000 -0.0022
vn -0.0026 -1.0000 -0.0046
vn -0.0001 -1.0000 -0.0006
vn 0.4026 0.0005 -0.9154
vn 0.6870 0.0000 -0.7266
vn -0.0143 -0.9999 0.0071
vn -0.9917 0.0002 -0.1286
vn -0.9695 0.1289 0.2082
vn -0.8504 0.0000 -0.5262
vn -0.8503 0.0000 -0.5263
vn -0.2685 0.8387 -0.4737
vn 0.9614 -0.2444 0.1261
vn -0.9695 0.1291 0.2083
vn 0.4067 0.0000 -0.9136
vn -0.0167 -0.9998 0.0095
vn 0.4068 -0.0001 -0.9135
vn -0.8132 -0.2976 -0.5001
vn -0.4666 -0.3141 -0.8268
vn -0.0167 -0.9998 0.0094
vn 0.8708 -0.0000 -0.4917
vn 0.9772 0.0003 -0.2125
vn 0.8641 0.1245 -0.4877
vn 0.9695 0.1290 -0.2082
vn 0.9917 0.0000 0.1285
vn -0.3942 0.1411 0.9081
vn -0.6767 0.1700 0.7164
vn 0.6871 0.0000 -0.7266
vn 0.9686 0.2141 0.1263
vn 0.9864 0.1083 0.1240
vn 0.8341 0.2063 0.5116
vn 0.9472 -0.2944 0.1274
vn 0.4666 -0.3141 0.8268
vn 0.9478 -0.2422 -0.2076
vn -0.6638 -0.7459 0.0543
vn 0.9727 -0.1227 -0.1968
vn 0.8500 -0.2125 -0.4820
vn -0.0078 -0.2976 -0.9547
vn 0.3904 -0.2659 -0.8814
vn 0.4666 -0.3140 0.8268
vn 0.8050 -0.2887 0.5183
vn -0.6621 0.7330 0.1562
vn -0.6026 0.7220 0.3401
vn -0.4760 0.7329 0.4861
vn 0.0078 -0.2976 0.9547
vn -0.8050 -0.2886 -0.5183
vn -0.9254 0.3373 0.1727
vn 0.3898 -0.2616 -0.8830
vn 0.6760 -0.1909 -0.7118
vn 0.0078 -0.2975 0.9547
vn -0.6870 0.0000 0.7267
vn -0.3943 0.1412 0.9080
vn -0.0131 -0.2973 -0.9547
vn -0.6767 -0.1544 0.7199
vn -0.3870 -0.2657 0.8830
vn -0.4666 -0.3140 -0.8269
vn -0.4758 0.7332 0.4859
vn -0.4667 -0.3140 -0.8268
vn -0.8132 -0.2975 -0.5001
vn 0.9696 0.1287 -0.2083
vn 0.9812 0.1410 0.1318
vn 0.8306 -0.5268 -0.1804
vn -0.0075 -0.2973 -0.9547
vn 0.6671 0.2922 -0.6853
vn 0.6620 0.7331 -0.1562
vn -0.0068 -0.9686 0.2486
vn -0.0457 -0.9958 -0.0795
vn -0.0892 -0.9834 -0.1581
vn 0.5187 0.8008 0.2995
vn -0.8958 0.4139 0.1617
vn 0.6675 -0.2424 -0.7040
vn -0.6619 0.7331 0.1562
vn 0.3338 -0.5610 -0.7576
vn 0.3855 -0.2456 -0.8894
vn 0.5938 -0.4949 -0.6344
vn -0.6618 0.7332 0.1562
vn -0.3923 -0.2456 0.8865
vn -0.0000 -1.0000 0.0002
vn 0.6823 -0.0892 -0.7256
vn 0.8688 -0.0826 -0.4883
vn -0.5174 0.8038 0.2937
vn 0.3817 -0.2465 -0.8908
vn 0.6846 -0.0266 -0.7284
vn 0.9784 -0.0240 -0.2054
vn 0.9817 -0.1436 0.1248
vn -0.8567 -0.1639 0.4890
vn 0.0070 -0.6009 0.7993
vn -0.3338 -0.5609 0.7576
vn 0.4004 -0.0247 -0.9160
vn -0.9773 0.1745 -0.1204
vn -0.9051 -0.0031 0.4252
vn -0.9500 -0.0005 0.3123
vn -0.9560 0.2042 0.2104
vn -0.9908 -0.0055 -0.1353
vn 0.6280 -0.0007 -0.7782
vn 0.7911 -0.0000 -0.6118
vn -0.9900 -0.0425 -0.1348
vn -0.6343 -0.6846 0.3591
vn 0.8165 -0.2695 0.5106
vn -0.6506 -0.1609 -0.7422
vn -0.0933 -0.9819 -0.1647
vn 0.4713 0.7294 -0.4959
vn 0.5002 0.8187 -0.2820
vn 0.6619 0.7331 -0.1562
vn 0.6424 0.7638 0.0627
vn -0.6380 0.1501 -0.7553
vn -0.3856 -0.2454 0.8894
vn 0.2987 -0.6795 -0.6701
vn -0.7481 -0.6429 0.1641
vn 0.8706 -0.4611 -0.1714
vn 0.0077 -0.2975 0.9547
vn -0.6642 0.7326 -0.1489
vn -0.9772 0.0004 0.2125
vn 0.8636 -0.1380 -0.4850
vn 0.8703 -0.0259 -0.4919
vn 0.2821 0.8188 0.5000
vn -0.0117 0.8008 0.5988
vn -0.8932 -0.0000 0.4497
vn -0.9025 -0.0001 0.4307
vn -0.2821 0.8188 -0.5000
vn 0.0117 0.8008 -0.5988
vn 0.6810 0.1029 -0.7250
vn -0.6665 -0.2594 0.6990
vn 0.6666 -0.2458 -0.7037
vn 0.0117 0.8009 -0.5987
vn -0.9772 0.0003 0.2125
vn -0.8639 0.1232 0.4884
vn -0.8944 -0.0000 0.4472
vn -0.6624 -0.2624 0.7017
vn 0.7281 -0.6794 0.0912
vn 0.4002 -0.1912 -0.8963
vn 0.8450 0.0000 -0.5348
vn -0.1794 0.9837 -0.0120
vn 0.0556 0.9927 -0.1067
vn -0.2119 0.9700 0.1193
vn 0.9828 -0.1293 0.1315
vn 0.0068 -0.9685 -0.2487
vn 0.0904 -0.9770 -0.1933
vn 0.8191 -0.3418 -0.4607
vn 0.5591 -0.5842 -0.5884
vn 0.7154 -0.5703 -0.4037
vn 0.2299 -0.6450 -0.7288
vn 0.7274 -0.5412 -0.4219
vn 0.6896 -0.7061 -0.1609
vn 0.0003 -1.0000 -0.0003
vn 0.5906 -0.7223 0.3599
vn -0.6338 0.6783 0.3719
vn -0.6620 0.7331 0.1562
vn -0.6191 0.7093 0.3370
vn -0.4759 0.7331 0.4859
vn -0.5190 -0.6609 0.5420
vn 0.5479 -0.8256 0.1351
vn -0.3597 0.6815 -0.6373
vn -0.3987 0.5845 -0.7067
vn 0.4916 0.0000 0.8708
vn -0.3320 0.7371 -0.5886
vn 0.5274 -0.6431 -0.5553
vn -0.6607 -0.6518 0.3724
vn -0.9772 0.0000 0.2125
vn -0.8641 0.1244 0.4877
vn 0.9771 0.0000 -0.2126
vn -0.1917 -0.9814 -0.0132
vn -0.3662 -0.9073 0.2068
vn 0.8656 0.1090 -0.4887
vn -0.7648 0.4782 0.4317
vn 0.7508 0.5168 -0.4114
vn 0.8503 0.0000 0.5263
vn -0.4026 0.0000 0.9154
vn -0.2194 -0.9678 0.1238
vn 0.2194 0.9677 -0.1238
vn -0.6835 0.7134 0.1547
vn -0.6736 0.6338 0.3802
vn -0.6738 0.6335 0.3803
vn -0.6870 0.0000 0.7266
vn -0.2140 -0.9527 0.2159
vn -0.3475 -0.9170 0.1960
vn 0.6870 0.0000 -0.7267
vn -0.2955 -0.9526 0.0716
vn -0.2786 -0.9601 -0.0246
vn -0.4196 -0.9027 0.0949
vn -0.6598 0.3022 0.6880
vn 0.2785 -0.9601 0.0246
vn 0.2168 -0.9684 0.1229
vn -0.7757 0.5931 0.2158
vn 0.7616 -0.4851 -0.4298
vn 0.2784 -0.9601 0.0246
vn 0.3902 -0.9162 -0.0910
vn -0.3450 -0.7123 -0.6113
vn -0.3676 -0.6642 -0.6509
vn 0.1963 -0.9743 -0.1107
vn 0.4914 0.0001 0.8709
vn 0.9847 0.1121 0.1338
vn 0.8620 0.1446 -0.4859
vn -0.9917 0.0000 -0.1286
vn -0.9723 0.1046 0.2090
vn -0.7418 0.6461 0.1798
vn 0.3838 -0.3164 -0.8675
vn 0.8375 0.1566 0.5235
vn 0.2139 -0.9527 -0.2158
vn 0.5553 0.7704 -0.3134
vn -0.7425 0.4959 -0.4503
vn -0.4205 0.5179 -0.7450
vn -0.0012 0.7277 -0.6859
vn -0.5459 -0.0693 -0.8350
vn -0.5647 -0.0728 -0.8221
vn -0.4327 -0.0693 -0.8989
vn -0.0729 -0.9887 -0.1310
vn 0.8706 -0.0124 -0.4918
vn -0.0875 -0.9958 -0.0284
vn -0.8267 0.5209 -0.2127
vn -0.8544 0.1937 0.4822
vn 0.7768 -0.6222 0.0967
vn -0.9923 0.0001 -0.1240
vn -0.4310 0.0623 -0.9002
vn -0.9882 0.0000 -0.1535
vn -0.3544 -0.6930 -0.6279
vn 0.5330 0.6457 -0.5468
vn 0.6742 0.6330 -0.3805
vn -0.3312 -0.7392 -0.5864
vn -0.0457 -0.9957 -0.0805
vn -0.9701 0.1167 0.2129
vn -0.3451 0.7120 -0.6115
vn -0.2671 -0.8394 -0.4733
vn 0.0058 0.3776 0.9259
vn 0.6790 0.1664 -0.7151
vn 0.6858 -0.0002 -0.7278
vn 0.8451 0.0000 -0.5346
vn 0.8316 -0.0031 -0.5554
vn -0.8198 -0.3375 0.4627
vn -0.6414 -0.6772 0.3606
vn -0.5510 -0.5929 0.5872
vn -0.8882 0.4439 -0.1181
vn 0.5231 0.6382 -0.5648
vn 0.2995 0.7123 -0.6348
vn 0.6242 0.6973 -0.3523
vn -0.9995 0.0000 0.0314
vn -0.8406 0.2596 0.4754
vn 0.3564 -0.5506 -0.7548
vn -0.5283 0.6580 0.5366
vn -0.6508 0.6671 0.3627
vn -0.8210 -0.5610 -0.1058
vn -0.5528 0.5855 0.5930
vn -0.8277 0.3111 0.4671
vn 0.6581 0.2583 -0.7073
vn -0.0890 0.9835 -0.1578
vn 0.4888 0.8274 -0.2766
vn 0.5628 0.7632 -0.3176
vn 0.5630 0.7629 -0.3177
vn 0.8724 -0.1181 -0.4743
vn -0.5186 0.8009 -0.2994
vn 0.2823 0.8186 0.5002
vn 0.5184 0.8011 0.2993
vn 0.2821 0.8189 0.4998
vn -0.0117 0.8009 0.5986
vn -0.4796 0.2186 -0.8498
vn -0.0069 0.2062 -0.9785
vn 0.1689 0.0029 -0.9856
vn -0.8210 -0.5611 -0.1059
vn -0.4797 0.2184 -0.8498
vn 0.4797 0.2185 0.8498
vn -0.4796 0.2184 -0.8499
vn 0.0069 0.2061 0.9785
vn -0.5837 -0.5268 0.6178
vn 0.7358 0.5350 -0.4153
vn 0.5304 0.6545 -0.5387
vn -0.0070 -0.6007 -0.7994
vn 0.0000 1.0000 -0.0002
vn -0.6762 0.7311 -0.0908
vn -0.7822 0.5964 0.1803
vn -0.6336 0.7713 -0.0614
vn -0.4887 -0.1062 -0.8660
vn -0.4849 -0.1674 -0.8584
vn -0.7435 0.6458 0.1736
vn -0.7291 0.6804 -0.0739
vn -0.9631 0.1664 0.2117
vn 0.7910 0.0000 -0.6118
vn 0.0068 0.2064 0.9784
vn -0.7984 0.5786 0.1665
vn -0.6729 0.6348 0.3798
vn -0.6744 0.6327 0.3806
vn 0.7695 0.4863 -0.4140
vn 0.9194 -0.3771 0.1113
vn -0.4962 -0.8147 -0.3001
vn 0.4914 0.0002 0.8709
vn 0.3855 -0.2454 -0.8894
vn 0.5837 -0.5269 -0.6178
vn -0.2825 0.7082 0.6471
vn -0.2984 0.7157 0.6314
vn -0.5466 0.6215 0.5612
vn 0.6263 0.4221 -0.6554
vn 0.6729 0.6331 -0.3826
vn -0.6677 0.2053 0.7156
vn -0.8666 0.0991 0.4891
vn -0.3706 -0.0001 -0.9288
vn -0.3168 -0.0001 -0.9485
vn 0.4916 -0.0001 0.8708
vn -0.5399 -0.0401 -0.8408
vn -0.6763 0.7203 0.1545
vn -0.6241 0.6974 0.3523
vn -0.6740 0.6333 0.3804
vn -0.5329 0.6459 0.5467
vn 0.6249 0.0034 -0.7807
vn 0.8454 -0.0044 -0.5342
vn 0.7909 0.0000 -0.6120
vn 0.4758 0.7332 -0.4858
vn -0.9327 0.0000 0.3607
vn -0.2943 0.6962 0.6548
vn -0.4169 -0.0586 -0.9071
vn 0.7250 -0.6817 0.0980
vn -0.5397 -0.0406 -0.8409
vn -0.2186 0.8958 -0.3871
vn -0.2486 0.9653 -0.0804
vn -0.4759 0.7331 0.4860
vn -0.4805 0.2103 -0.8514
vn -0.0167 0.1238 -0.9922
vn -0.4887 0.1059 -0.8660
vn 0.3022 0.6241 -0.7206
vn 0.3135 0.6805 -0.6623
vn 0.6873 0.7211 0.0881
vn 0.7618 0.6475 0.0204
vn 0.4691 0.7393 -0.4832
vn 0.2957 0.6838 -0.6671
vn -0.1093 -0.9940 -0.0066
vn -0.2063 -0.9715 0.1167
vn -0.6425 0.7637 -0.0627
vn -0.5186 0.8009 -0.2993
vn 0.5961 0.7240 0.3470
vn 0.3277 0.7452 0.5807
vn -0.0111 0.7241 0.6896
vn -0.3135 0.6804 0.6624
vn -0.4112 0.7973 0.4418
vn 0.4880 0.8280 -0.2762
vn 0.9917 0.0000 0.1286
vn -0.6485 -0.0000 -0.7612
vn -0.7033 -0.0003 -0.7109
vn -0.3440 0.7142 -0.6096
vn -0.4805 0.2107 -0.8513
vn -0.4844 -0.1665 -0.8588
vn -0.4887 -0.1052 -0.8661
vn -0.3276 0.7454 -0.5805
vn -0.8581 0.4817 0.1777
vn -0.8251 0.3251 0.4621
vn -0.5810 -0.5284 0.6191
vn 0.4588 0.8500 -0.2589
vn 0.8219 0.5394 -0.1830
vn 0.6663 0.7399 0.0927
vn -0.2784 0.7638 0.5824
vn -0.9385 -0.3261 -0.1134
vn -0.6817 -0.1197 0.7217
vn 0.0543 -0.9931 -0.1036
vn 0.0100 -0.5541 0.8324
vn 0.9765 0.0395 -0.2118
vn 0.8652 0.1086 -0.4895
vn -0.2138 -0.9528 0.2156
vn 0.7481 0.6575 0.0900
vn 0.7770 0.6073 -0.1659
vn -0.4888 0.1053 -0.8660
vn -0.0117 0.8010 0.5985
vn 0.7292 0.6802 0.0740
vn 0.0117 0.8010 -0.5986
vn -0.5013 0.6917 0.5199
vn -0.2822 0.8188 -0.5000
vn -0.5184 0.8010 -0.2994
vn -0.6037 0.0000 -0.7972
vn 0.0110 0.0000 0.9999
vn 0.9777 0.1034 -0.1830
vn 0.6337 0.6956 -0.3385
vn 0.7154 0.6827 -0.1488
vn 0.6784 0.7227 -0.1322
vn -0.6425 0.7637 -0.0628
vn -0.2447 -0.0000 -0.9696
vn 0.5060 -0.6761 -0.5356
vn 0.1229 -0.9601 -0.2511
vn -0.5443 0.6183 0.5669
vn -0.8553 0.1381 0.4994
vn -0.4886 0.1061 -0.8660
vn -0.7311 0.6773 -0.0824
vn 0.4918 0.0000 0.8707
vn 0.4914 0.0000 0.8710
vn 0.8448 0.2425 -0.4769
vn 0.7399 -0.5277 -0.4173
vn -0.7086 0.1087 0.6971
vn -0.8877 0.4173 0.1944
vn 0.3751 -0.3799 -0.8456
vn -0.0100 0.3959 0.9183
vn 0.6174 -0.7114 -0.3357
vn -0.6700 -0.6388 0.3781
vn -0.2954 -0.9527 0.0716
vn -0.0052 -0.4790 0.8778
vn 0.4193 -0.5020 0.7564
vn 0.0216 -0.4816 0.8761
vn -0.3732 -0.4362 0.8188
vn 0.6346 -0.6686 0.3877
vn -0.7604 -0.4874 0.4292
vn -0.4805 0.2098 -0.8515
vn 0.2168 -0.9685 0.1229
vn 0.2375 0.6923 -0.6813
vn -0.2164 -0.9686 -0.1227
vn -0.2137 -0.9528 0.2156
vn 0.8397 0.2667 -0.4731
vn 0.2722 -0.9499 -0.1536
vn -0.1229 -0.9601 0.2512
vn 0.2723 -0.9499 -0.1536
vn -0.2163 -0.9686 -0.1226
vn -0.2785 -0.9601 -0.0246
vn -0.2167 -0.9685 -0.1228
vn -0.8944 -0.0001 0.4473
vn -0.8818 -0.0000 0.4716
vn 0.4863 0.6896 -0.5366
vn -0.5335 -0.8425 -0.0742
vn -0.0163 0.1799 -0.9836
vn 0.3922 0.1607 -0.9057
vn -0.4868 0.8050 -0.3393
vn 0.2723 -0.9499 -0.1537
vn -0.0315 -0.9979 -0.0558
vn -0.0069 -0.9685 0.2488
vn -0.2784 -0.9601 -0.0246
vn -0.5134 0.6539 0.5558
vn -0.0448 0.9958 -0.0794
vn -0.1229 -0.9601 0.2511
vn -0.2141 -0.9526 0.2160
vn -0.6949 0.7087 0.1218
vn -0.6593 0.6541 0.3707
vn -0.6919 0.1163 0.7126
vn -0.6697 -0.6393 0.3779
vn -0.2951 -0.9528 0.0714
vn 0.6776 0.1451 -0.7210
vn -0.8666 0.0992 0.4891
vn -0.5569 0.8276 -0.0701
vn -0.6179 0.7699 0.1596
vn 0.2724 -0.9498 -0.1537
vn -0.2955 0.6084 0.7366
vn -0.6076 0.4390 0.6619
vn 0.0271 0.7209 -0.6925
vn 0.7891 0.4246 -0.4438
vn -0.2723 -0.9498 0.1537
vn -0.6075 -0.7812 0.1434
vn 0.5952 0.4829 -0.6423
vn -0.8664 -0.1067 0.4879
vn -0.8417 -0.2514 0.4778
vn -0.8577 -0.1392 0.4950
vn -0.5950 -0.5085 0.6225
vn 0.4135 0.0000 -0.9105
vn -0.9648 0.0121 -0.2629
vn 0.2955 -0.9526 -0.0716
vn -0.3497 -0.4389 0.8277
vn -0.5167 -0.4102 0.7515
vn 0.3761 0.0000 -0.9266
vn -0.4875 0.8270 0.2798
vn 0.8198 -0.3375 -0.4626
vn 0.2066 -0.9715 -0.1163
vn 0.4912 0.0003 0.8710
vn 0.9594 0.1909 -0.2075
vn 0.4766 0.7146 -0.5121
vn -0.3485 0.4717 0.8100
vn -0.2798 0.6875 0.6702
vn -0.4700 0.7139 0.5191
vn -0.9478 -0.2423 0.2076
vn 0.7437 0.5204 -0.4197
vn 0.8597 0.4819 -0.1695
vn 0.6799 0.6257 -0.3823
vn 0.5660 0.5180 -0.6414
vn 0.3253 0.5119 -0.7951
vn -0.5141 0.7905 0.3328
vn -0.6982 0.6980 0.1595
vn -0.5478 -0.0624 -0.8343
vn -0.5701 -0.0515 -0.8200
vn -0.5815 0.7440 0.3292
vn 0.2669 0.7312 -0.6277
vn 0.5083 0.6795 -0.5290
vn -0.7118 -0.6862 0.1497
vn 0.6131 -0.4889 0.6206
vn 0.4250 -0.5022 0.7531
vn 0.2139 -0.9527 -0.2159
vn -0.6842 -0.0624 0.7266
vn -0.0448 -0.9958 -0.0794
vn 0.0508 -0.9940 -0.0970
vn 0.5786 0.7479 -0.3253
vn -0.6426 0.7637 -0.0627
vn -0.8707 0.0241 0.4913
vn -0.4059 0.2653 0.8746
vn -0.4888 -0.1060 -0.8659
vn -0.6259 0.6986 0.3468
vn -0.3712 0.0000 -0.9286
vn -0.4888 -0.1062 -0.8659
vn -0.8657 0.1087 0.4886
vn 0.5471 -0.7780 -0.3088
vn -0.6066 0.7836 0.1343
vn -0.8443 -0.0000 0.5359
vn -0.6120 0.7812 0.1230
vn -0.7972 0.0004 0.6037
vn -0.9772 0.0017 0.2121
vn 0.4923 0.7066 -0.5083
vn 0.8316 0.3459 -0.4345
vn -0.5397 0.0406 -0.8409
vn -0.2194 0.9678 0.1238
vn 0.4916 -0.0002 0.8708
vn 0.7921 -0.4061 -0.4556
vn 0.8689 0.0680 -0.4904
vn -0.4894 0.0930 -0.8671
vn -0.7478 0.6423 0.1681
vn 0.5695 -0.8066 -0.1585
vn 0.8683 -0.0831 -0.4891
vn -0.6583 0.2234 0.7189
vn 0.3478 0.9168 -0.1963
usemtl solid_wire.002
s 1
f 1/1/1 2/2/1 3/3/1
f 4/4/2 5/5/2 6/6/2
f 7/7/3 8/8/3 9/9/3
f 10/10/4 11/11/4 12/12/4
f 13/13/1 14/14/1 15/15/1
f 16/16/2 17/17/2 18/18/2
f 19/19/1 20/20/1 21/21/1
f 22/22/2 23/23/2 24/24/2
f 25/25/2 6/6/2 26/26/2
f 2/2/1 1/1/1 27/27/1
f 28/28/5 29/29/5 30/30/5
f 31/31/6 32/32/6 33/33/6
f 33/33/6 34/34/6 31/31/6
f 30/30/5 35/35/5 28/28/5
f 36/36/1 37/37/1 38/38/1
f 39/39/2 40/40/2 41/41/2
f 42/42/1 36/36/1 38/38/1
f 40/40/2 39/39/2 43/43/2
f 44/44/1 14/14/1 13/13/1
f 45/45/2 26/26/2 46/46/2
f 47/47/1 48/48/1 49/49/1
f 46/46/2 5/5/2 4/4/2
f 50/50/4 51/51/4 52/52/4
f 53/53/3 54/54/3 55/55/3
f 56/56/2 57/57/2 58/58/2
f 59/59/1 60/60/1 61/61/1
f 62/62/1 15/15/1 48/48/1
f 63/63/2 64/64/2 65/65/2
f 25/25/2 26/26/2 45/45/2
f 13/13/1 15/15/1 62/62/1
f 56/56/2 58/58/2 66/66/2
f 60/60/1 59/59/1 67/67/1
f 68/68/2 69/69/2 70/70/2
f 71/71/1 72/72/1 73/73/1
f 68/68/2 70/70/2 74/74/2
f 72/72/1 71/71/1 75/75/1
f 23/23/2 22/22/2 76/76/2
f 77/77/7 78/78/8 79/79/9
f 80/80/10 81/81/11 82/82/12
f 83/83/9 84/84/13 85/85/14
f 86/86/15 87/87/16 88/88/17
f 20/20/1 89/89/1 21/21/1
f 90/90/2 91/91/2 92/92/2
f 93/93/18 94/94/19 95/95/20
f 96/96/21 97/97/22 98/98/23
f 99/99/24 100/100/25 101/101/26
f 17/17/2 16/16/2 102/102/2
f 103/103/27 104/104/28 105/105/29
f 106/106/30 107/107/31 108/108/32
f 109/109/33 110/110/34 111/111/35
f 112/112/36 113/113/37 114/114/38
f 115/115/39 86/116/15 88/117/17
f 116/118/40 117/119/41 118/120/40
f 119/121/42 120/122/43 121/123/44
f 122/124/45 123/125/46 124/126/47
f 125/127/2 126/128/2 127/129/2
f 128/130/1 129/131/1 130/132/1
f 130/132/1 131/133/1 128/130/1
f 127/129/2 132/134/2 125/127/2
f 133/135/48 134/136/49 135/137/50
f 136/138/51 137/139/52 138/140/53
f 139/141/54 140/142/35 141/143/55
f 142/144/21 143/145/56 144/146/23
f 145/147/57 146/148/58 147/149/59
f 148/150/60 149/151/61 150/152/62
f 151/153/63 152/154/40 153/155/64
f 154/156/65 155/157/66 156/158/67
f 157/159/68 158/160/69 159/161/67
f 160/162/70 161/163/71 162/164/72
f 163/165/73 112/112/36 164/166/74
f 165/167/75 166/168/76 167/169/23
f 168/170/77 169/171/78 170/172/79
f 171/173/80 172/174/81 173/175/82
f 174/176/70 175/177/64 176/178/72
f 177/179/83 178/180/67 179/181/84
f 180/182/1 20/20/1 19/19/1
f 66/66/2 58/58/2 181/183/2
f 21/21/1 89/89/1 182/184/1
f 183/185/2 57/57/2 56/56/2
f 38/38/1 37/37/1 184/186/1
f 185/187/2 69/69/2 68/68/2
f 186/188/1 36/36/1 42/42/1
f 74/74/2 70/70/2 187/189/2
f 188/190/21 189/191/56 190/192/85
f 191/193/86 192/194/87 193/195/88
f 4/4/2 6/6/2 25/25/2
f 62/62/1 48/48/1 47/47/1
f 194/196/89 195/197/90 196/198/91
f 197/199/92 198/200/93 199/201/94
f 200/202/95 201/203/96 202/204/97
f 203/205/98 204/206/99 205/207/50
f 206/208/3 207/209/3 208/210/3
f 209/211/6 208/212/6 210/213/6
f 211/214/5 212/215/5 213/216/5
f 214/217/5 211/218/5 213/219/5
f 210/220/4 215/221/4 216/222/4
f 210/213/6 217/223/6 209/211/6
f 218/224/5 212/215/5 219/225/5
f 218/224/5 213/216/5 212/215/5
f 220/226/100 221/227/101 222/228/5
f 223/229/102 224/230/103 225/231/104
f 226/232/105 227/233/106 228/234/107
f 229/235/42 230/236/108 231/237/109
f 232/238/110 109/239/33 111/240/35
f 233/241/111 234/242/112 235/243/113
f 236/244/30 237/245/90 238/246/114
f 239/247/115 240/248/116 241/249/61
f 242/250/1 243/251/1 244/252/1
f 245/253/2 246/254/2 247/255/2
f 248/256/1 249/257/1 250/258/1
f 251/259/2 252/260/2 253/261/2
f 243/251/1 242/250/1 254/262/1
f 246/254/2 245/253/2 255/263/2
f 256/264/117 257/265/118 258/266/5
f 259/267/104 260/268/119 261/269/103
f 249/257/1 248/256/1 262/270/1
f 252/260/2 251/259/2 263/271/2
f 264/272/120 265/273/121 266/274/122
f 267/275/123 268/276/124 269/277/125
f 270/278/126 271/279/127 272/280/128
f 273/281/129 274/282/130 275/283/131
f 51/51/4 50/50/4 276/284/4
f 55/55/3 277/285/3 53/53/3
f 278/286/132 279/287/133 280/288/134
f 281/289/135 282/290/136 283/291/137
f 9/9/3 284/292/3 7/7/3
f 11/11/4 10/10/4 285/293/4
f 286/294/5 219/295/5 214/296/5
f 219/225/5 286/297/5 218/224/5
f 213/219/5 287/298/5 214/217/5
f 214/296/5 287/299/5 286/294/5
f 288/300/138 289/301/139 290/302/140
f 291/303/141 292/304/142 293/305/143
f 294/306/144 295/307/145 296/308/146
f 297/309/147 298/310/148 299/311/149
f 300/312/150 301/313/151 302/314/152
f 303/315/153 304/316/154 305/317/155
f 306/318/118 307/319/156 222/228/5
f 308/320/98 309/321/49 310/322/157
f 311/323/158 312/324/159 313/325/5
f 314/326/22 315/327/160 316/328/161
f 317/329/162 318/330/163 319/331/164
f 320/332/165 321/333/166 322/334/167
f 323/335/168 324/336/169 325/337/170
f 326/338/171 325/339/170 327/340/172
f 328/341/173 329/342/174 330/343/175
f 331/344/176 332/345/177 333/346/178
f 334/347/166 335/348/179 336/349/180
f 337/350/181 338/351/182 339/352/183
f 340/353/184 341/354/185 342/355/5
f 343/356/186 344/357/187 345/358/188
f 346/359/189 347/360/190 228/234/107
f 348/361/102 349/362/103 350/363/104
f 351/364/191 352/365/192 353/366/193
f 273/281/129 275/283/131 354/367/194
f 355/368/6 215/369/6 356/370/6
f 215/369/6 207/371/6 356/370/6
f 207/371/6 357/372/6 356/370/6
f 207/371/6 358/373/6 357/372/6
f 359/374/4 360/375/4 361/376/4
f 362/377/2 359/378/2 363/379/2
f 364/380/195 365/381/196 366/382/197
f 367/383/198 368/384/199 369/385/200
f 370/386/201 371/387/202 372/388/203
f 373/389/204 374/390/205 375/391/206
f 376/392/207 377/393/208 378/394/209
f 379/395/210 380/396/211 381/397/212
f 382/398/213 383/399/214 384/400/215
f 291/303/141 385/401/135 292/304/142
f 386/402/216 387/403/217 388/404/218
f 389/405/219 290/302/140 390/406/220
f 391/407/221 392/408/222 393/409/223
f 394/410/224 395/411/225 396/412/47
f 397/413/226 398/414/226 399/415/2
f 397/416/3 400/417/3 401/418/3
f 203/419/98 402/420/227 204/421/99
f 403/422/228 404/423/229 405/424/230
f 238/246/114 237/245/90 406/425/231
f 407/426/232 408/427/233 202/204/97
f 409/428/234 410/429/235 411/430/236
f 261/431/103 232/432/110 412/433/55
f 413/434/237 414/435/238 415/436/239
f 416/437/240 417/438/241 418/439/242
f 419/440/243 420/441/244 421/442/245
f 422/443/246 423/444/144 424/445/247
f 425/446/248 426/447/249 427/448/250
f 428/449/251 429/450/41 430/451/252
f 431/452/253 432/453/254 433/454/255
f 434/455/256 435/456/257 436/457/258
f 437/458/259 438/459/7 439/460/9
f 440/461/33 441/462/260 442/463/35
f 443/464/261 444/465/262 445/466/263
f 446/467/264 447/468/265 448/469/44
f 449/470/6 450/471/6 451/472/6
f 450/471/6 452/473/6 451/472/6
f 453/474/266 454/475/267 455/476/268
f 455/476/268 454/475/267 456/477/269
f 457/478/270 458/479/271 459/480/272
f 179/481/273 460/482/274 461/483/275
f 462/484/276 463/485/277 464/486/278
f 465/487/279 466/488/280 467/489/281
f 468/490/282 469/491/260 470/492/35
f 471/493/283 472/494/284 473/495/285
f 474/496/286 475/497/287 476/498/288
f 477/499/289 478/500/290 479/501/291
f 480/502/292 481/503/293 482/504/294
f 483/505/295 484/506/296 485/507/297
f 486/508/298 487/509/299 488/510/300
f 121/511/44 489/512/265 490/513/301
f 491/514/302 492/515/189 493/516/303
f 494/517/304 495/518/305 493/516/303
f 496/519/2 497/520/2 498/521/2
f 499/522/2 500/523/2 501/524/2
f 502/525/306 503/526/307 504/527/306
f 505/528/24 506/529/307 507/530/306
f 508/531/308 509/532/309 510/533/310
f 511/534/311 512/535/312 513/536/313
f 514/537/314 235/243/113 515/538/315
f 516/539/7 517/540/316 518/541/9
f 519/542/158 520/543/159 521/544/5
f 522/545/317 523/546/318 521/544/5
f 524/547/319 525/548/320 526/549/321
f 527/550/100 528/551/101 529/552/322
f 530/553/173 531/554/323 532/555/324
f 533/556/325 223/229/102 225/231/104
f 534/557/1 209/558/1 217/559/1
f 452/473/6 535/560/6 536/561/6
f 537/562/2 538/563/2 539/564/2
f 540/565/2 91/91/2 90/90/2
f 541/566/1 534/557/1 217/559/1
f 541/567/326 449/568/327 451/569/328
f 8/570/329 542/571/329 543/572/1
f 8/573/6 359/574/6 362/575/6
f 544/576/330 545/577/331 546/578/332
f 84/84/13 547/579/201 85/85/14
f 548/580/2 549/581/2 550/582/2
f 551/583/2 64/64/2 63/63/2
f 36/36/1 552/584/1 37/37/1
f 539/564/2 538/563/2 553/585/2
f 554/586/333 555/587/334 556/588/335
f 557/589/336 558/590/337 559/591/338
f 338/592/182 560/593/339 561/594/340
f 562/595/341 563/596/342 564/597/343
f 565/598/344 566/599/345 567/600/346
f 568/601/116 569/602/347 240/248/116
f 570/603/348 571/604/232 228/234/107
f 572/605/349 573/606/350 574/607/351
f 575/608/3 576/609/3 577/610/3
f 578/611/4 579/612/4 580/613/4
f 581/614/3 575/608/3 577/610/3
f 579/612/4 582/615/4 580/613/4
f 52/616/6 398/617/6 397/618/6
f 583/619/352 52/620/352 51/621/1
f 584/622/353 585/623/354 586/624/355
f 587/625/356 588/626/357 589/627/358
f 590/628/359 591/629/360 592/630/361
f 593/631/362 594/632/363 595/633/364
f 596/634/365 382/398/213 597/635/366
f 598/636/367 80/80/10 82/82/12
f 599/637/368 600/638/369 601/639/370
f 602/640/371 603/641/372 604/642/373
f 605/643/374 606/644/375 607/645/376
f 608/646/377 609/647/378 610/648/379
f 539/564/2 553/585/2 611/649/2
f 612/650/380 613/651/381 614/652/382
f 615/653/383 616/654/384 617/655/385
f 618/656/386 619/657/363 620/658/387
f 621/659/388 622/660/389 623/661/390
f 624/662/391 625/663/392 626/664/393
f 627/665/394 628/666/395 629/667/396
f 630/668/397 631/669/398 632/670/399
f 633/671/400 634/672/401 635/673/402
f 51/621/1 636/674/1 583/619/352
f 399/415/2 637/675/2 397/413/226
f 638/676/403 639/677/404 640/678/405
f 641/679/406 642/680/407 643/681/408
f 297/309/147 644/682/409 298/310/148
f 645/683/410 646/684/411 647/685/412
f 648/686/413 649/687/414 650/688/415
f 651/689/416 652/690/417 653/691/418
f 654/692/419 655/693/420 278/286/132
f 656/694/421 657/695/422 658/696/423
f 659/697/424 660/698/425 661/699/426
f 662/700/403 663/701/357 664/702/427
f 38/38/1 184/186/1 665/703/1
f 665/703/1 184/186/1 666/704/1
f 21/21/1 182/184/1 667/705/1
f 667/705/1 182/184/1 668/706/1
f 669/707/428 670/708/429 671/709/430
f 672/710/431 669/707/428 671/709/430
f 673/711/432 674/712/433 675/713/434
f 676/714/435 673/711/432 675/713/434
f 677/715/436 678/716/437 679/717/438
f 680/718/439 677/715/436 679/717/438
f 681/719/440 682/720/441 683/721/442
f 684/722/396 685/723/443 686/724/444
f 665/703/1 666/704/1 186/188/1
f 186/188/1 666/704/1 36/36/1
f 371/725/202 122/124/45 372/726/203
f 687/727/445 657/728/422 656/729/421
f 688/730/446 689/731/116 690/732/116
f 691/733/80 692/734/447 693/735/342
f 694/736/448 446/467/264 695/737/449
f 696/738/450 697/739/451 698/740/452
f 464/741/278 699/742/453 700/743/454
f 701/744/455 702/745/456 313/325/5
f 703/746/457 704/747/458 705/748/459
f 330/749/175 703/746/457 705/748/459
f 706/750/426 707/751/460 708/752/461
f 511/534/311 513/536/313 709/753/462
f 710/754/463 711/755/464 712/756/465
f 713/757/66 714/758/466 715/759/467
f 716/760/468 717/761/469 718/762/470
f 719/763/471 720/764/472 721/765/473
f 722/766/474 723/767/475 724/768/476
f 725/769/477 726/770/478 727/771/479
f 727/771/479 669/707/428 725/769/477
f 334/347/166 728/772/135 335/348/179
f 729/773/480 730/774/481 731/775/482
f 47/47/1 49/49/1 44/44/1
f 44/44/1 49/49/1 14/14/1
f 667/705/1 668/706/1 180/182/1
f 180/182/1 668/706/1 20/20/1
f 638/676/403 640/678/405 732/776/483
f 733/777/484 734/778/354 735/779/485
f 562/595/341 736/780/486 563/596/342
f 264/272/120 737/781/116 265/273/121
f 738/782/330 739/783/331 740/784/421
f 741/785/487 394/410/224 396/412/47
f 742/786/173 743/787/368 744/788/488
f 745/789/489 746/790/19 747/791/20
f 748/792/490 749/793/491 750/794/492
f 749/793/491 748/792/490 751/795/493
f 752/796/494 753/797/495 754/798/496
f 755/799/497 752/796/494 754/798/496
f 756/800/498 757/801/499 758/802/500
f 759/803/497 756/800/498 758/802/500
f 760/804/501 726/770/478 761/805/502
f 762/806/503 760/804/501 761/805/502
f 763/807/504 764/808/505 765/809/506
f 678/716/437 765/809/506 764/808/505
f 766/810/93 767/811/63 768/812/64
f 769/813/507 770/814/508 169/171/78
f 771/815/509 772/816/510 773/817/511
f 774/818/512 775/819/513 776/820/514
f 449/821/1 541/566/1 217/559/1
f 355/368/6 216/822/6 215/369/6
f 777/823/515 778/824/516 779/825/517
f 780/826/518 602/827/371 604/828/373
f 781/829/116 782/830/347 783/831/121
f 784/832/508 785/833/519 786/834/520
f 787/835/521 788/836/522 789/837/523
f 587/625/356 790/838/524 588/626/357
f 432/453/254 791/839/525 433/454/255
f 792/840/39 793/841/15 794/842/37
f 795/843/526 796/844/527 797/845/528
f 798/846/529 799/847/530 800/848/531
f 801/849/532 802/850/533 803/851/534
f 804/852/535 805/853/536 806/854/537
f 207/371/6 206/855/6 358/373/6
f 534/557/1 751/856/1 209/558/1
f 807/857/45 808/858/225 809/859/538
f 810/860/539 811/861/470 812/862/540
f 624/662/391 813/863/541 625/663/392
f 814/864/309 815/865/542 816/866/543
f 817/867/544 818/868/545 819/869/546
f 820/870/547 821/871/548 822/872/549
f 823/873/550 824/874/551 825/875/3
f 53/876/4 826/877/4 397/878/4
f 827/879/552 828/880/84 829/881/83
f 830/882/553 198/883/6 197/884/6
f 831/885/554 832/886/38 309/887/49
f 833/888/555 834/889/556 835/890/557
f 836/891/558 685/892/443 684/893/396
f 837/894/559 838/895/560 839/896/561
f 840/897/562 841/898/563 842/899/564
f 843/900/565 844/901/566 845/902/567
f 10/903/3 359/904/3 846/905/3
f 846/906/1 359/907/1 847/908/1
f 848/909/568 849/910/569 850/911/570
f 849/912/569 848/913/568 851/914/571
f 852/915/3 10/903/3 846/905/3
f 10/916/6 853/917/6 359/918/572
f 854/919/573 855/920/574 856/921/575
f 652/922/417 857/923/576 653/924/418
f 858/925/577 859/926/578 860/927/579
f 861/928/580 862/929/581 863/930/582
f 722/766/474 724/768/476 864/931/583
f 826/877/4 847/932/4 397/878/4
f 359/907/1 397/933/1 847/908/1
f 824/874/551 851/934/571 825/875/3
f 851/914/571 824/935/551 849/912/569
f 865/936/584 866/937/585 867/938/586
f 868/939/587 869/940/588 870/941/589
f 871/942/447 872/943/83 873/944/83
f 874/945/6 767/946/6 766/947/6
f 875/948/334 876/949/590 877/950/78
f 878/951/6 736/952/6 562/953/6
f 879/954/591 880/955/592 881/956/593
f 115/957/39 882/958/594 883/959/595
f 676/714/435 884/960/596 885/961/597
f 885/961/597 673/711/432 676/714/435
f 727/771/479 726/770/478 886/962/506
f 760/804/501 886/962/506 726/770/478
f 887/963/431 888/964/598 757/801/499
f 758/802/500 757/801/499 888/964/598
f 889/965/1 542/966/1 583/967/1
f 362/968/599 890/969/599 891/970/2
f 892/971/600 694/972/448 893/973/601
f 894/974/602 895/975/603 896/976/604
f 740/977/421 897/978/422 898/979/605
f 899/980/606 900/981/607 901/982/608
f 902/983/609 903/984/610 904/985/611
f 905/986/612 906/987/169 907/988/613
f 908/989/614 909/990/615 910/991/616
f 911/992/617 912/993/618 913/994/619
f 318/995/163 914/996/620 915/997/621
f 916/998/622 917/999/623 918/1000/624
f 919/1001/625 920/1002/626 921/1003/627
f 922/1004/6 689/1005/6 688/1006/628
f 503/1007/2 500/523/2 499/522/2
f 923/1008/1 182/184/1 924/1009/1
f 506/1010/2 549/581/2 548/580/2
f 925/1011/1 184/186/1 926/1012/1
f 100/1013/2 497/520/2 496/519/2
f 927/1014/1 48/48/1 928/1015/1
f 929/1016/629 930/1017/630 931/1018/631
f 932/1019/632 933/1020/633 934/1021/634
f 935/1022/635 936/1023/636 937/1024/454
f 938/1025/184 939/1026/185 940/1027/5
f 363/379/2 941/1028/2 362/377/2
f 543/572/1 9/1029/1 8/570/329
f 262/1030/3 942/1031/3 943/1032/3
f 109/109/33 944/1033/487 110/110/34
f 719/763/471 721/765/473 945/1034/637
f 802/1035/533 946/1036/638 803/1037/534
f 947/1038/639 948/1039/640 949/1040/641
f 950/1041/642 951/1042/256 952/1043/643
f 953/1044/644 954/1045/96 222/228/5
f 955/1046/645 956/1047/646 957/1048/647
f 958/1049/3 959/1050/3 960/1051/3
f 961/1052/4 962/1053/4 963/1054/4
f 962/1053/4 964/1055/4 963/1054/4
f 965/1056/3 958/1049/3 960/1051/3
f 942/1031/3 262/1030/3 248/1057/3
f 966/1058/6 967/1059/6 968/1060/6
f 969/1061/5 970/1062/5 971/1063/5
f 972/1064/6 966/1058/6 968/1060/6
f 970/1062/5 973/1065/5 971/1063/5
f 398/1066/2 362/968/599 891/970/2
f 974/1067/1 889/965/1 583/967/1
f 15/15/1 975/1068/1 976/1069/1
f 63/63/2 65/65/2 977/1070/2
f 20/20/1 978/1071/1 89/89/1
f 90/90/2 92/92/2 979/1072/2
f 980/1073/2 981/1074/2 982/1075/2
f 983/1076/2 984/1077/2 985/1078/2
f 986/1079/2 987/1080/2 988/1081/2
f 984/1077/2 983/1076/2 989/1082/2
f 990/1083/2 991/1084/2 992/1085/2
f 991/1084/2 990/1083/2 993/1086/2
f 981/1074/2 980/1073/2 994/1087/2
f 987/1080/2 986/1079/2 995/1088/2
f 996/1089/2 997/1090/2 998/1091/2
f 308/320/98 831/1092/554 309/321/49
f 999/1093/648 1000/1094/649 1001/1095/650
f 1002/1096/4 254/1097/4 242/1098/4
f 1003/1099/651 1004/1100/652 1005/1101/653
f 1006/1102/654 1007/1103/655 1008/1104/656
f 1009/1105/3 244/1106/3 243/1107/3
f 1010/1108/4 250/1109/4 249/1110/4
f 1011/1111/2 1012/1112/2 1013/1113/2
f 997/1090/2 996/1089/2 1014/1114/2
f 1012/1112/2 1011/1111/2 1015/1115/2
f 1016/1116/2 1017/1117/2 1018/1118/2
f 1019/1119/1 1020/1120/1 1021/1121/1
f 1022/1122/1 1019/1119/1 1021/1121/1
f 1023/1123/2 1016/1116/2 1018/1118/2
f 1024/1124/657 1025/1125/573 1026/1126/658
f 1027/1127/659 1028/1128/660 1029/1129/661
f 1030/1130/662 1031/1131/663 796/1132/527
f 1032/1133/664 1030/1134/662 796/844/527
f 1033/1135/2 64/64/2 551/583/2
f 15/15/1 14/14/1 975/1068/1
f 1034/1136/2 91/91/2 540/565/2
f 20/20/1 1035/1137/1 978/1071/1
f 1036/1138/2 538/563/2 537/562/2
f 36/36/1 1037/1139/1 552/584/1
f 244/1106/3 1009/1105/3 1038/1140/3
f 250/1109/4 1010/1108/4 1039/1141/4
f 1040/1142/665 1041/1143/666 1042/1144/667
f 1043/1145/668 1044/1146/669 1045/1147/670
f 254/1097/4 1002/1096/4 1046/1148/4
f 196/198/91 195/197/90 1047/1149/671
f 1048/1150/672 630/668/397 632/670/399
f 1049/1151/673 440/1152/33 442/1153/35
f 1050/1154/674 1051/1155/675 1052/1156/676
f 1053/1157/677 1054/1158/678 1055/1159/452
f 300/1160/150 1056/1161/679 1057/1162/680
f 1058/1163/681 1059/1164/682 1060/1165/683
f 763/807/504 765/809/506 680/718/439
f 680/718/439 679/717/438 763/807/504
f 809/1166/538 808/1167/225 1061/1168/684
f 1062/1169/685 681/719/440 683/721/442
f 1063/1170/686 1064/1171/687 1065/1172/688
f 1066/1173/689 1067/1174/690 1068/1175/691
f 1069/1176/692 1070/1177/693 1071/1178/694
f 1072/1179/695 1073/1180/696 1074/1181/697
f 1075/1182/698 1076/1183/699 1077/1184/593
f 309/1185/49 832/1186/38 1078/1187/700
f 458/479/271 1079/1188/701 459/480/272
f 1080/1189/702 1081/1190/612 1082/1191/613
f 1083/1192/703 1084/1193/704 94/94/19
f 1085/1194/705 533/1195/325 1086/1196/706
f 1087/1197/707 1088/1198/708 1089/1199/538
f 699/742/453 1090/1200/308 1091/1201/709
f 48/48/1 927/1014/1 49/49/1
f 927/1202/5 497/1203/5 49/1204/5
f 182/184/1 923/1008/1 668/706/1
f 923/1205/5 500/1206/5 668/1207/5
f 184/186/1 925/1011/1 666/704/1
f 925/1208/5 549/1209/5 666/1210/5
f 1092/1211/710 1093/1212/711 1094/1213/712
f 1095/1214/713 1096/1215/714 1097/1216/715
f 1098/1217/716 555/1218/6 554/1219/717
f 1098/1217/716 828/1220/6 827/1221/6
f 1090/1200/308 1099/1222/718 1091/1201/709
f 1100/1223/719 1101/1224/720 1102/1225/721
f 469/1226/260 1103/1227/722 1104/1228/723
f 1105/1229/724 935/1022/635 937/1024/454
f 1106/1230/2 1107/1231/2 1108/1232/2
f 1109/1233/2 1110/1234/2 1111/1235/2
f 1112/1236/2 1113/1237/2 1114/1238/2
f 1107/1231/2 1106/1230/2 1115/1239/2
f 1110/1234/2 1109/1233/2 1116/1240/2
f 1117/1241/725 1118/1242/726 1119/1243/727
f 1120/1244/728 1121/1245/729 1122/1246/730
f 1123/1247/731 1124/1248/732 1125/1249/733
f 1126/1250/734 1127/1251/735 1128/1252/736
f 1129/1253/737 1130/1254/738 1131/1255/739
f 1132/1256/740 1133/1257/741 1134/1258/742
f 1135/1259/743 1136/1260/744 1137/1261/745
f 1138/1262/746 1139/1263/747 1140/1264/748
f 1141/1265/749 810/1266/539 812/1267/540
f 274/282/130 1142/1268/750 275/283/131
f 919/1001/625 921/1003/627 1143/1269/751
f 622/1270/389 1144/1271/752 1145/1272/653
f 1146/1273/466 1147/1274/334 1148/1275/467
f 1149/1276/753 593/1277/362 595/1278/364
f 1150/1279/191 389/1280/219 1151/1281/535
f 615/653/383 1152/1282/754 1153/1283/755
f 1154/1284/756 1155/1285/258 1156/1286/757
f 586/1287/355 585/1288/354 1157/1289/758
f 1158/1290/759 1059/1164/682 1058/1163/681
f 1159/1291/244 1160/1292/726 1161/1293/760
f 1162/1294/761 1163/1295/762 1164/1296/763
f 1165/1297/764 872/1298/6 871/1299/765
f 1166/1300/6 770/1301/6 769/1302/6
f 1113/1237/2 1112/1236/2 1167/1303/2
f 1168/1304/2 1169/1305/2 1170/1306/2
f 1169/1305/2 1168/1304/2 1171/1307/2
f 143/1308/56 203/205/98 205/207/50
f 1172/1309/241 1173/1310/766 1174/1311/767
f 1175/1312/1 1176/1313/1 207/1314/1
f 207/209/3 1176/1315/3 208/210/3
f 999/1093/648 1177/1316/768 1000/1094/649
f 1178/1317/769 1179/1318/770 1180/1319/771
f 1181/1320/772 634/1321/401 633/1322/400
f 1182/1323/773 1183/1324/774 1184/1325/775
f 1185/1326/776 1186/1327/777 1187/1328/778
f 643/681/408 837/894/559 839/896/561
f 1188/1329/779 1189/1330/780 1190/1331/781
f 1191/1332/782 1192/1333/783 1193/1334/784
f 50/1335/1 53/1336/1 277/1337/1
f 1194/1338/6 53/1339/785 50/1340/785
f 1195/1341/786 1196/1342/787 1197/1343/788
f 217/559/1 1195/1344/1 1197/1345/789
f 455/476/268 1198/1346/790 453/474/266
f 1198/1346/790 1199/1347/791 453/474/266
f 1200/1348/6 737/1349/6 264/1350/6
f 1201/1351/6 876/1352/6 875/1353/6
f 1202/1354/792 1203/1355/755 1204/1356/793
f 1205/1357/794 1206/1358/795 1207/1359/796
f 1208/1360/797 1209/1361/798 359/918/572
f 853/917/6 1208/1360/797 359/918/572
f 1210/1362/799 879/954/591 881/956/593
f 1211/1363/800 1212/1364/801 202/204/97
f 900/1365/607 1213/1366/802 1214/1367/803
f 1213/1366/802 1215/1368/804 1214/1367/803
f 70/70/2 1216/1369/2 187/189/2
f 187/189/2 1216/1369/2 1217/1370/2
f 1218/1371/805 1219/1372/655 1220/1373/806
f 1190/1331/781 1189/1330/780 1221/1374/807
f 1222/1375/808 1223/1376/809 1224/1377/810
f 557/1378/336 1225/1379/811 1226/1380/812
f 1227/1381/813 629/1382/396 1228/1383/814
f 661/1384/426 660/1385/815 1229/1386/816
f 1230/1387/817 1231/1388/818 1232/1389/819
f 1233/1390/820 1234/1391/821 1235/1392/822
f 1236/1393/823 112/112/36 114/114/38
f 1237/1394/824 1238/1395/734 1239/1396/825
f 1025/1125/573 1240/1397/826 1026/1126/658
f 1241/1398/87 1242/1399/827 1243/1400/88
f 1105/1229/724 937/1024/454 1244/1401/828
f 1245/1402/829 1246/1403/317 940/1027/5
f 1247/1404/6 920/1405/6 919/1406/6
f 1248/1407/830 692/1408/765 691/1409/831
f 601/1410/370 600/1411/369 1249/1412/459
f 1250/1413/832 1251/1414/833 798/846/529
f 1252/1415/712 1253/1416/713 1254/1417/834
f 1164/1296/763 1163/1295/762 1255/1418/835
f 207/1314/1 215/1419/1 1175/1312/1
f 210/220/4 1175/1420/4 215/221/4
f 456/477/269 1256/1421/836 1257/1422/837
f 534/557/1 1258/1423/1 535/1424/1
f 1259/1425/659 1260/1426/838 1261/1427/661
f 1262/1428/839 1263/1429/840 1264/1430/841
f 1265/1431/449 1266/1432/264 1267/1433/109
f 1268/1434/842 1269/1435/843 1270/1436/844
f 1271/1437/845 516/539/7 518/541/9
f 1272/1438/846 260/268/119 259/267/104
f 908/989/614 1273/1439/384 1274/1440/847
f 1275/1441/848 1276/1442/244 1277/1443/849
f 1278/1444/710 1279/1445/850 1280/1446/851
f 1281/1447/852 1282/1448/41 1283/1449/251
f 1284/1450/853 1285/1451/854 1286/1452/855
f 1284/1453/856 1286/1454/857 1287/1455/858
f 1061/1168/684 1288/1456/859 1289/1457/860
f 205/1458/50 1290/1459/861 1291/1460/862
f 827/879/552 829/881/83 1292/1461/342
f 1293/1462/863 1294/1463/864 1295/1464/865
f 1296/1465/866 1259/1425/659 1261/1427/661
f 1068/1466/691 1296/1467/866 1297/1468/867
f 505/528/24 549/1469/24 506/529/307
f 99/99/24 497/1470/24 100/100/25
f 912/1471/618 1298/1472/868 913/1473/619
f 1299/1474/729 1300/1475/869 1298/1472/868
f 1301/1476/870 1302/1477/871 1303/1478/872
f 294/306/144 296/308/146 1304/1479/873
f 1305/1480/1 10/1481/1 1306/1482/1
f 1307/1483/874 848/909/568 850/911/570
f 502/525/306 500/1484/306 503/526/307
f 787/835/521 1308/1485/875 788/836/522
f 1309/1486/876 1310/1487/877 1311/1488/878
f 733/777/484 735/779/485 1312/1489/879
f 1313/1490/261 1314/1491/774 1315/1492/880
f 476/1493/288 1316/1494/354 1317/1495/881
f 1316/1494/354 662/700/403 664/702/427
f 542/1496/882 362/1497/882 941/1498/3
f 542/1499/883 8/573/6 362/575/6
f 542/1500/6 362/1501/6 583/1502/6
f 362/1503/884 542/1504/884 890/1505/884
f 1318/1506/885 1319/1507/886 1320/1508/385
f 1321/1509/887 1322/1510/888 1323/1511/889
f 1324/1512/700 1325/1513/890 1326/1514/891
f 1327/1515/892 1328/1516/893 1329/1517/894
f 509/532/309 1330/1518/895 510/533/310
f 1331/1519/896 1332/1520/897 431/452/253
f 1333/1521/898 903/984/610 902/983/609
f 1334/1522/899 1335/1523/900 1336/1524/901
f 1176/1525/3 1337/1526/3 208/1527/3
f 210/1528/2 208/1529/599 1337/1530/599
f 1126/1250/734 134/1531/49 1338/1532/902
f 792/1533/39 1339/1534/555 1340/1535/903
f 1341/1536/4 1175/1537/4 210/1538/4
f 1337/1530/599 1341/1539/2 210/1528/2
f 1342/1540/904 303/315/153 305/317/155
f 771/815/509 1343/1541/905 772/816/510
f 26/26/2 1344/1542/2 46/46/2
f 46/46/2 1344/1542/2 5/5/2
f 58/58/2 1345/1543/2 181/183/2
f 181/183/2 1345/1543/2 1346/1544/2
f 1347/1545/4 1348/1546/4 1349/1547/4
f 1350/1548/3 1351/1549/3 1352/1550/3
f 1351/1549/3 1353/1551/3 1352/1550/3
f 1354/1552/4 1347/1545/4 1349/1547/4
f 1355/1553/8 370/386/201 1356/1554/906
f 147/1555/59 146/1556/58 1357/1557/526
f 1358/1558/907 1359/1559/908 1360/1560/909
f 1361/1561/365 1040/1142/665 1042/1144/667
f 173/1562/910 1362/1563/911 1363/1564/912
f 1093/1212/711 1095/1565/713 1094/1213/712
f 1364/1566/913 1365/1567/914 1366/1568/915
f 1367/1569/916 1368/1570/917 1369/1571/917
f 1370/1572/918 1371/1573/919 1372/1574/920
f 1373/1575/921 1374/1576/922 1375/1577/923
f 181/183/2 1346/1544/2 183/185/2
f 183/185/2 1346/1544/2 57/57/2
f 187/189/2 1217/1370/2 185/187/2
f 185/187/2 1217/1370/2 69/69/2
f 452/473/6 1376/1578/6 451/472/6
f 452/473/6 536/561/6 1376/1578/6
f 1133/1257/741 1132/1256/740 1377/1579/924
f 1378/1580/925 1379/1581/926 1380/1582/927
f 1381/1583/928 1382/1584/929 1383/1585/930
f 1383/1585/930 1382/1584/929 1384/1586/931
f 426/1587/249 1385/1588/932 427/1589/250
f 1386/1590/240 1387/1591/241 1388/1592/933
f 1389/1593/103 141/143/55 1390/1594/934
f 1391/1595/674 1389/1593/103 1390/1594/934
f 1392/1596/935 1393/1597/936 1394/1598/937
f 1395/1599/314 1396/1600/938 1397/1601/315
f 1398/1602/4 99/1603/4 101/1604/4
f 1399/1605/939 1400/1606/660 1401/1607/661
f 1253/1416/713 1402/1608/940 1403/1609/941
f 331/344/176 1404/1610/942 332/345/177
f 1045/1147/670 1044/1146/669 1405/1611/943
f 1406/1612/944 1371/1573/919 1370/1572/918
f 1374/1576/922 1373/1575/921 1407/1613/945
f 1408/1614/946 1409/1615/947 1410/1616/216
f 1411/1617/948 1412/1618/949 1413/1619/950
f 1414/1620/951 1365/1567/914 1415/1621/952
f 503/1622/6 924/1623/6 182/1624/6
f 506/1625/6 926/1626/6 184/1627/6
f 100/1628/6 928/1629/6 48/1630/6
f 636/1631/4 399/1632/4 398/1633/4
f 636/1634/5 51/1635/5 399/1636/5
f 1416/1637/953 1417/1638/954 1418/1639/955
f 818/868/545 820/870/547 819/869/546
f 1419/1640/956 1420/1641/957 1421/1642/958
f 1422/1643/564 1423/1644/959 1424/1645/845
f 1425/1646/960 1426/1647/961 1427/1648/7
f 124/1649/47 123/1650/46 1428/1651/731
f 1429/1652/862 1430/1653/962 1431/1654/963
f 1432/1655/964 1433/1656/965 1434/1657/778
f 1435/1658/966 373/1659/204 375/1660/206
f 943/1661/2 1436/1662/2 1437/1663/2
f 1438/1664/967 1439/1665/968 1440/1666/969
f 349/1667/103 136/138/51 138/140/53
f 957/1048/647 956/1047/646 1441/1668/970
f 279/287/133 93/1669/18 95/1670/20
f 377/1671/208 1442/1672/971 378/1673/209
f 1443/1674/972 1444/1675/973 1445/1676/974
f 653/924/418 857/923/576 1446/1677/975
f 1447/1678/106 1448/1679/320 222/228/5
f 1228/1383/814 1449/1680/976 1450/1681/977
f 862/1682/581 163/165/73 863/1683/582
f 1451/1684/978 1359/1685/908 1452/1686/979
f 1453/1687/980 1454/1688/981 1455/1689/982
f 821/871/548 745/1690/489 747/1691/20
f 1456/1692/983 1457/1693/984 1458/1694/985
f 1459/1695/986 1460/1696/987 1461/1697/988
f 397/1698/989 359/918/572 1209/1361/798
f 1462/1699/6 397/1698/989 1209/1361/798
f 1463/1700/990 1464/1701/991 648/686/413
f 1465/1702/992 1466/1703/993 1467/1704/994
f 1468/1705/995 1469/1706/996 1470/1707/997
f 793/1708/15 1471/1709/16 794/1710/37
f 85/85/14 547/579/201 1472/1711/998
f 1473/1712/999 807/1713/45 809/1714/538
f 1474/1715/244 1475/1716/1000 1476/1717/1001
f 1205/1357/794 149/1718/1002 1477/1719/243
f 189/191/56 133/135/48 135/137/50
f 897/978/422 1478/1720/650 898/979/605
f 1479/1721/1003 1480/1722/1004 1481/1723/1005
f 1482/1724/228 1479/1725/1003 1481/1726/1005
f 9/1727/5 941/1728/5 363/1729/5
f 361/376/4 363/1730/4 359/374/4
f 1483/1731/1006 1484/1732/1007 1485/1733/1008
f 1486/1734/1009 1487/1735/1010 1488/1736/1011
f 1006/1737/654 1489/1738/1012 1490/1739/1013
f 1491/1740/1014 1006/1737/654 1490/1739/1013
f 1492/1741/1015 1493/1742/1016 1494/1743/1017
f 1495/1744/1018 565/598/344 1496/1745/1019
f 1497/1746/1020 1498/1747/1021 1499/1748/1022
f 815/1749/542 1075/1182/698 1500/1750/1023
f 1501/1751/1024 1502/1752/1025 1503/1753/1026
f 1072/1179/695 1504/1754/1027 1073/1180/696
f 1505/1755/1 1285/1756/1 53/1757/1
f 1505/1758/1028 1506/1759/1029 1285/1451/854
f 466/488/280 1507/1760/1030 467/489/281
f 1508/1761/1031 1509/1762/1032 1510/1763/1033
f 195/1764/90 348/361/102 1047/1765/671
f 600/1411/369 1511/1766/563 1249/1412/459
f 448/1767/44 447/1768/265 1512/1769/1034
f 1512/1769/1034 1513/1770/1035 1514/1771/1036
f 51/1635/5 637/1772/5 399/1636/5
f 51/1635/5 276/1773/5 1515/1774/5
f 1171/1775/5 1516/1776/5 1517/1777/5
f 1116/1778/5 1518/1779/5 1519/1780/5
f 1520/1781/6 1112/1782/6 1114/1783/6
f 1521/1784/5 1014/1785/5 996/1786/5
f 983/1787/6 1522/1788/6 1523/1789/6
f 988/1790/5 1524/1791/5 1525/1792/5
f 1526/1793/5 982/1794/5 981/1795/5
f 982/1794/5 1526/1793/5 1527/1796/5
f 1528/1797/6 1011/1798/6 1013/1799/6
f 1529/1800/6 990/1801/6 992/1802/6
f 990/1801/6 1529/1800/6 1530/1803/6
f 1106/1804/6 1531/1805/6 1532/1806/6
f 1516/1776/5 1171/1775/5 1168/1807/5
f 1014/1785/5 1521/1784/5 1533/1808/5
f 1522/1788/6 983/1787/6 985/1809/6
f 1011/1798/6 1528/1797/6 1534/1810/6
f 1524/1791/5 988/1790/5 987/1811/5
f 1112/1782/6 1520/1781/6 1535/1812/6
f 1531/1805/6 1106/1804/6 1108/1813/6
f 1518/1779/5 1116/1778/5 1109/1814/5
f 1048/1150/672 632/670/399 1536/1815/483
f 1537/1816/1037 347/360/190 346/359/189
f 423/444/144 1538/1817/1038 424/445/247
f 1411/1617/948 1539/1818/1039 1412/1618/949
f 1464/1701/991 649/687/414 648/686/413
f 1540/1819/1040 1541/1820/657 1542/1821/1041
f 1543/1822/1042 1544/1823/1043 1545/1824/1044
f 1545/1824/1045 1546/1825/1046 1543/1822/1047
f 1547/1826/1048 651/689/416 1548/1827/1049
f 1549/1828/1050 1550/1829/1051 1547/1826/1048
f 174/176/70 1551/1830/63 175/177/64
f 922/1004/6 1551/1831/6 174/1832/6
f 1552/1833/976 1553/1834/1052 1554/1835/1053
f 1555/1836/1054 1552/1833/976 1556/1837/1055
f 1399/1605/939 1557/1838/1056 1400/1606/660
f 1558/1839/270 382/398/213 596/634/365
f 1559/1840/1057 1560/1841/1058 1561/1842/1059
f 324/336/169 1562/1843/1060 1563/1844/149
f 1564/1845/912 1565/1846/1061 1566/1847/657
f 1566/1847/657 1567/1848/573 1568/1849/658
f 1569/1850/1062 1570/1851/1063 1571/1852/1064
f 1572/1853/1065 1573/1854/1066 1574/1855/1067
f 1570/1851/1063 1569/1850/1062 1575/1856/1068
f 10/1857/1 7/1858/1 284/1859/1
f 7/1860/1069 10/1861/1069 1576/1862/6
f 1577/1863/1070 1578/1864/1071 1579/1865/1072
f 1580/1866/1073 1581/1867/1074 1582/1868/1075
f 1583/1869/722 1584/1870/1076 1585/1871/1077
f 1586/1872/1078 1587/1873/1079 1588/1874/1080
f 711/755/464 1589/1875/1081 712/756/465
f 1590/1876/1082 1483/1731/1006 1485/1733/1008
f 141/143/55 140/142/35 1591/1877/1073
f 1592/1878/422 817/1879/544 1593/1880/1083
f 546/1881/332 1592/1878/422 1593/1880/1083
f 1594/1882/1084 1595/1883/1085 1422/1643/564
f 744/1884/488 1594/1882/1084 1422/1643/564
f 1596/1885/1086 1597/1886/223 1598/1887/1087
f 1486/1734/1009 1599/1888/1088 1487/1735/1010
f 1600/1889/1089 1601/1890/1090 1602/1891/1091
f 1603/1892/694 1141/1265/749 1604/1893/1092
f 533/556/325 225/231/104 1086/1894/706
f 1605/1895/1093 659/697/424 661/699/426
f 1606/1896/2 1038/1897/2 1009/1898/2
f 1607/1899/2 1002/1900/2 1608/1901/2
f 1609/1902/2 1010/1903/2 1610/1904/2
f 1611/1905/1094 1612/1906/1095 1613/1907/1096
f 1614/1908/1097 1207/1359/796 1615/1909/1098
f 230/1910/108 1616/1911/1099 231/1912/109
f 634/672/401 1048/1150/672 1536/1815/483
f 1266/1913/264 1617/1914/1099 1267/1915/109
f 734/778/354 638/676/403 732/776/483
f 1618/1916/1100 1619/1917/241 1620/1918/1101
f 1619/1919/241 899/980/606 1621/1920/933
f 409/428/234 411/430/236 1622/1921/1102
f 1623/1922/1103 1624/1923/1104 1625/1924/1037
f 706/750/426 708/752/461 631/1925/398
f 1626/1926/235 1627/1927/1105 1628/1928/1106
f 1629/1929/49 115/957/39 883/959/595
f 481/503/293 1630/1930/1107 482/504/294
f 1191/1332/782 1193/1334/784 1631/1931/1108
f 1632/1932/1109 1633/1933/1110 1634/1934/1111
f 166/1935/76 314/326/22 167/1936/23
f 860/1937/579 859/1938/578 1635/1939/1112
f 1636/1940/1113 96/96/21 98/98/23
f 917/999/623 1637/1941/1114 918/1000/624
f 1638/1942/1113 188/1943/21 190/1944/85
f 1639/1945/1115 1640/1946/1114 1031/1131/663
f 1641/1947/75 142/144/21 144/146/23
f 1642/1948/1115 1643/1949/1114 811/861/470
f 746/790/19 236/244/30 238/246/114
f 1054/1158/678 1644/1950/1116 1055/1159/452
f 1645/1951/1117 533/1195/325 1085/1194/705
f 532/1952/324 840/897/562 842/899/564
f 1436/1662/2 943/1661/2 942/1953/2
f 603/641/372 194/196/89 196/198/91
f 1136/1260/744 1646/1954/1116 1137/1261/745
f 1647/1955/19 106/106/30 108/108/32
f 697/739/451 1648/1956/1118 698/740/452
f 585/1288/354 589/627/358 1157/1289/758
f 1649/1957/1119 492/515/189 491/514/302
f 1650/1958/1120 1381/1583/928 1651/1959/1121
f 1650/1960/1 1651/1961/1122 206/1962/1
f 107/1963/31 1272/1438/846 259/267/104
f 705/748/459 704/747/458 1271/1964/845
f 1652/1965/1057 1492/1741/1015 1653/1966/1060
f 906/987/169 1653/1966/1060 1654/1967/1123
f 474/496/286 476/498/288 1655/1968/1124
f 1656/1969/1125 1657/1970/1126 1658/1971/1127
f 1659/1972/1128 514/537/314 515/538/315
f 1233/1390/820 1660/1973/847 1234/1391/821
f 975/1974/5 1033/1975/5 551/1976/5
f 551/1977/4 976/1978/4 975/1979/4
f 1035/1980/5 1034/1981/5 540/1982/5
f 540/1983/4 978/1984/4 1035/1985/4
f 1037/1986/5 1036/1987/5 537/1988/5
f 537/1989/4 552/1990/4 1037/1991/4
f 539/1992/6 37/1993/6 552/1994/6
f 552/1990/4 537/1989/4 539/1995/4
f 63/1996/6 15/1997/6 976/1998/6
f 976/1978/4 551/1977/4 63/1999/4
f 90/2000/6 89/2001/6 978/2002/6
f 978/1984/4 540/1983/4 90/2003/4
f 1661/2004/1129 787/835/521 789/837/523
f 259/2005/104 1662/2006/1130 1663/2007/1131
f 398/1633/4 583/2008/4 636/1631/4
f 52/616/6 583/2009/6 398/617/6
f 362/2010/6 398/2011/6 583/2012/6
f 583/2013/3 398/2014/3 974/2015/3
f 1664/2016/1132 773/2017/511 1665/2018/1133
f 1666/2019/1134 1664/2016/1132 1665/2018/1133
f 1667/2020/311 1227/1381/813 1228/1383/814
f 1668/2021/1135 1580/1866/1073 1669/2022/55
f 1670/2023/1136 1671/2024/1137 1672/2025/1138
f 1121/1245/729 1673/2026/1139 1674/2027/1140
f 1675/2028/1141 1676/2029/992 1677/2030/1142
f 1678/2031/1143 1679/2032/1144 1680/2033/1145
f 555/2034/334 1681/2035/78 556/2036/335
f 1682/2037/1146 932/1019/632 934/1021/634
f 34/2038/4 33/2039/4 1683/2040/4
f 1684/2041/1 1683/2042/1 33/2043/1
f 944/1033/487 1087/1197/707 1089/1199/538
f 720/2044/472 718/762/470 721/2045/473
f 167/1936/23 314/326/22 316/328/161
f 1090/1200/308 1685/2046/1147 1099/1222/718
f 1686/2047/1061 1687/2048/1148 1688/2049/1149
f 1689/2050/1150 1690/2051/1151 1192/2052/783
f 383/399/214 326/338/171 327/340/172
f 930/1017/630 1691/2053/1152 1692/2054/1153
f 97/97/22 308/320/98 310/322/157
f 658/696/423 999/2055/648 1001/2056/650
f 1152/2057/754 1693/2058/1154 1694/2059/1155
f 1693/2060/1154 1162/1294/761 1164/1296/763
f 1010/1903/2 1609/1902/2 1039/2061/2
f 338/592/182 561/594/340 339/2062/183
f 1695/2063/1156 417/438/241 416/437/240
f 1458/1694/985 379/2064/210 381/2065/212
f 93/93/18 1083/1192/703 94/94/19
f 8/573/6 7/1860/1069 1576/1862/6
f 8/573/6 1696/2066/6 359/574/6
f 951/2067/256 486/2068/298 488/2069/300
f 1697/2070/1157 951/2067/256 1698/2071/1158
f 1699/2072/1159 1700/2073/1160 1701/2074/1161
f 1702/2075/1035 1703/2076/1162 1704/2077/1163
f 1705/2078/1164 1702/2075/1035 1704/2077/1163
f 1700/2073/1160 1699/2072/1159 1706/2079/1165
f 1707/2080/1166 1708/2081/1167 1709/2082/1168
f 1428/1651/731 1710/2083/732 1711/2084/1169
f 813/863/541 814/864/309 816/866/543
f 1098/1217/716 784/2085/1170 1712/2086/1171
f 1712/2087/1172 784/2088/508 786/2089/520
f 799/847/530 795/843/526 797/845/528
f 471/493/283 473/495/285 1713/2090/1173
f 1557/1838/1056 1714/2091/654 1715/2092/1174
f 191/193/86 193/195/88 1716/2093/1175
f 1038/1897/2 1606/1896/2 1717/2094/2
f 1148/2095/1176 1147/2096/1177 1718/2097/1178
f 1719/2098/1097 1720/2099/796 1721/2100/1098
f 1002/1900/2 1607/1899/2 1046/2101/2
f 1722/2102/1179 1723/2103/1180 521/544/5
f 1075/1182/698 1077/1184/593 1500/1750/1023
f 1724/2104/1181 1220/2105/806 1725/2106/1182
f 281/289/135 1726/2107/1183 282/290/136
f 402/420/227 1727/2108/1184 204/421/99
f 1728/2109/1185 820/870/547 822/872/549
f 1007/1103/655 1003/1099/651 1008/1104/656
f 1729/2110/1186 1730/2111/1187 1731/2112/1188
f 1732/2113/1189 1733/2114/954 1734/2115/1190
f 1560/1841/1058 614/2116/382 1561/1842/1059
f 1735/2117/1191 612/2118/380 614/2116/382
f 136/2119/51 468/2120/282 470/2121/35
f 799/847/530 797/845/528 800/848/531
f 1232/2122/819 1736/2123/1192 1737/2124/1193
f 1044/2125/669 267/275/123 269/277/125
f 1738/2126/1179 1739/2127/1194 313/325/5
f 606/644/375 610/648/379 607/645/376
f 1740/2128/1 53/1757/1 1741/2129/1
f 1462/1699/6 53/2130/6 397/1698/989
f 1393/1597/936 1742/2131/1195 1394/1598/937
f 1743/2132/1196 1188/1329/779 1190/1331/781
f 1744/2133/1197 109/239/33 1745/2134/1198
f 1070/1177/693 945/1034/637 1071/1178/694
f 483/505/295 1746/2135/1199 484/506/296
f 1747/2136/1200 1185/2137/776 1187/2138/778
f 1748/2139/1201 1749/2140/1202 317/329/162
f 1750/2141/1203 1751/2142/1204 1752/2143/1205
f 1753/2144/206 528/551/101 527/550/100
f 1754/2145/1206 1753/2146/206 1186/1327/777
f 1755/2147/1207 1756/2148/1208 574/607/351
f 791/2149/525 436/457/258 1757/2150/1209
f 1758/2151/1210 1759/2152/1211 443/2153/261
f 1759/2152/1211 444/2154/1212 443/2153/261
f 1225/1379/811 615/653/383 1226/1380/812
f 1760/2155/1213 1159/1291/244 1161/1293/760
f 1761/2156/1073 1762/2157/1214 1763/2158/1215
f 1764/2159/1216 1765/2160/1217 1766/2161/1218
f 1293/1462/863 1402/2162/940 1767/2163/1219
f 1768/2164/1220 1293/2165/863 1767/2166/1219
f 1769/2167/4 1770/2168/4 1771/2169/4
f 1772/2170/4 1773/2171/4 1774/2172/4
f 1775/2173/4 1776/2174/4 1777/2175/4
f 210/2176/306 1341/2177/26 218/2178/4
f 1778/2179/1221 1779/2180/1222 1780/2181/1223
f 105/105/29 1778/2179/1221 1780/2181/1223
f 629/2182/396 624/662/391 626/664/393
f 1781/2183/1224 1782/2184/1055 1448/1679/320
f 1047/1765/671 348/361/102 350/363/104
f 630/668/397 706/2185/426 631/669/398
f 1332/1520/897 1783/2186/1225 431/452/253
f 134/1531/49 1340/1535/903 1338/1532/902
f 1281/1447/852 1784/2187/1226 1282/1448/41
f 1785/2188/6 1784/2189/6 1281/2190/6
f 434/455/256 1786/2191/1227 435/456/257
f 1787/2192/1200 1537/2193/1037 1788/2194/1228
f 1553/2195/1052 1789/2196/1229 1554/2197/1053
f 1790/2198/1230 1100/1223/719 1102/1225/721
f 1791/2199/1231 1792/2200/1232 1793/2201/1229
f 1794/2202/289 391/407/221 393/409/223
f 1250/1413/832 798/846/529 1511/2203/563
f 1795/2204/1233 77/77/7 79/79/9
f 1796/2205/1234 270/2206/126 272/2207/128
f 1797/2208/1235 1798/2209/472 1799/2210/1236
f 1688/2049/1149 1687/2048/1148 1800/2211/1237
f 1801/2212/1238 1724/2104/1181 1725/2106/1182
f 1802/2213/1052 1803/2214/1231 1804/2215/1239
f 477/499/289 479/501/291 1805/2216/1240
f 1626/1926/235 1806/2217/1054 1627/1927/1105
f 1807/2218/1241 1808/2219/1010 1809/2220/1242
f 831/885/554 1810/2221/1243 1811/2222/1244
f 1000/1094/649 654/692/419 278/286/132
f 400/417/3 397/416/3 637/2223/3
f 51/1635/5 1812/2224/5 637/1772/5
f 1813/2225/1245 1814/2226/1246 1815/2227/222
f 480/502/292 482/504/294 682/2228/441
f 1773/2171/4 1772/2170/4 1816/2229/4
f 1770/2168/4 1769/2167/4 1817/2230/4
f 1776/2174/4 1775/2173/4 1818/2231/4
f 417/2232/241 1451/2233/978 418/2234/242
f 859/1938/578 1819/2235/1247 1635/1939/1112
f 1433/2236/965 1820/2237/1104 1434/2238/778
f 1821/2239/1248 1822/2240/1249 222/228/5
f 1823/2241/1250 1824/2242/1251 1825/2243/1252
f 1823/2241/1250 1825/2243/1252 1826/2244/1253
f 1555/1836/1054 1556/1837/1055 1827/2245/1254
f 1828/2246/1255 1829/2247/320 313/325/5
f 1736/2123/1192 1830/2248/1256 1737/2124/1193
f 421/442/245 420/441/244 1117/2249/725
f 1831/2250/1257 619/2251/363 1832/2252/1258
f 619/2253/363 1202/2254/792 1204/2255/793
f 1833/2256/1243 892/971/600 893/973/601
f 414/435/238 896/976/604 415/436/239
f 489/512/265 1834/2257/1259 490/513/301
f 662/700/403 1835/2258/397 663/701/357
f 1836/2259/1260 918/2260/624 1837/2261/1261
f 1357/1557/526 1836/2262/1260 1837/2263/1261
f 1838/2264/1262 1839/2265/1263 1679/2032/1144
f 1678/2031/1143 1838/2264/1262 1679/2032/1144
f 1840/2266/1264 592/2267/361 1841/2268/1265
f 1842/2269/1266 1840/2270/1264 1260/2271/838
f 1279/2272/850 1068/1466/691 1280/2273/851
f 1843/2274/1267 338/351/182 337/350/181
f 420/441/244 1118/2275/726 1117/2249/725
f 1844/2276/1268 1845/2277/1269 1846/2278/1270
f 81/81/11 793/841/15 1847/2279/1271
f 1848/2280/1272 779/825/517 1849/2281/1273
f 1729/2282/1186 1850/2283/1274 1851/2284/1275
f 1852/2285/1276 1277/1443/849 1853/2286/1277
f 1419/1640/956 1421/1642/958 1854/2287/1278
f 405/2288/230 1419/1640/956 1854/2287/1278
f 232/432/110 1761/2156/1073 412/433/55
f 1308/1485/875 1309/1486/876 1311/1488/878
f 1202/1354/792 1855/2289/1279 1203/1355/755
f 1206/1358/795 1474/1715/244 1476/1717/1001
f 1856/2290/1280 1121/1245/729 1674/2027/1140
f 1857/2291/1155 1858/2292/1281 1859/2293/1282
f 1860/2294/1283 1848/2280/1272 1849/2281/1273
f 900/2295/607 1214/2296/803 901/2297/608
f 1194/1338/6 50/1340/785 52/616/6
f 1861/2298/6 52/616/6 397/618/6
f 512/535/312 1105/2299/724 1244/2300/828
f 470/2301/35 469/1226/260 1104/1228/723
f 1862/2302/1284 386/402/216 388/404/218
f 1140/1264/748 1862/2303/1284 1863/2304/1285
f 438/459/7 1864/2305/1286 439/460/9
f 844/901/566 147/1555/59 845/902/567
f 1564/1845/912 1566/1847/657 1865/2306/1263
f 1866/2307/1145 1867/2308/1287 1868/2309/1288
f 1199/2310/1 1869/2311/1289 534/557/1
f 1869/2312/1290 1199/1347/791 1870/2313/1291
f 1871/2314/28 1611/1905/1094 1613/1907/1096
f 1871/2314/28 1613/1907/1096 1872/2315/1292
f 396/2316/47 395/2317/225 1123/1247/731
f 935/1022/635 508/531/308 936/1023/636
f 1873/2318/1293 1874/2319/234 1875/2320/1294
f 1873/2318/1293 1875/2320/1294 1876/2321/777
f 1314/1491/774 733/2322/484 1312/2323/879
f 882/958/594 1268/1434/842 1270/1436/844
f 1877/2324/946 1878/2325/196 1879/2326/216
f 1301/1476/870 1750/2327/1203 1880/2328/535
f 778/824/516 1881/2329/1295 779/825/517
f 1882/2330/1296 1140/1264/748 1215/2331/804
f 213/2332/884 1337/2333/1297 208/2334/1297
f 287/2335/3 213/2336/3 1883/2337/3
f 1884/2338/1298 1883/2339/1298 213/2340/1298
f 903/984/610 908/989/614 904/985/611
f 1277/1443/849 1276/1442/244 1885/2341/760
f 720/2044/472 716/760/468 718/762/470
f 1886/2342/1299 1887/2343/1300 1888/2344/1301
f 279/287/133 95/1670/20 280/288/134
f 833/888/555 1889/2345/892 834/889/556
f 1033/1975/5 975/1974/5 14/2346/5
f 1017/2347/5 1019/2348/5 1018/2349/5
f 1020/2350/4 1019/2351/4 1017/2352/4
f 1019/2348/5 1022/2353/5 1018/2349/5
f 1023/2354/3 1018/2355/3 1022/2356/3
f 1020/2357/6 1016/2358/6 1021/2359/6
f 1016/2360/4 1020/2350/4 1017/2352/4
f 890/2361/5 889/2362/5 891/2363/5
f 542/2364/4 889/2365/4 890/2366/4
f 497/1203/5 927/1202/5 498/2367/5
f 927/2368/3 496/2369/3 498/2370/3
f 549/1209/5 925/1208/5 550/2371/5
f 925/2372/3 548/2373/3 550/2374/3
f 926/1626/6 506/1625/6 548/2375/6
f 548/2373/3 925/2372/3 926/2376/3
f 15/1997/6 63/1996/6 977/2377/6
f 928/1629/6 100/1628/6 496/2378/6
f 496/2369/3 927/2368/3 928/2379/3
f 941/1498/3 543/2380/3 542/1496/882
f 9/1727/5 543/2381/5 941/1728/5
f 889/2362/5 974/2382/5 891/2363/5
f 398/2383/3 891/2384/3 974/2385/3
f 1034/1981/5 1035/1980/5 20/2386/5
f 37/1993/6 539/1992/6 611/2387/6
f 89/2001/6 90/2000/6 979/2388/6
f 1036/1987/5 1037/1986/5 36/2389/5
f 924/1623/6 503/1622/6 499/2390/6
f 499/2391/3 923/2392/3 924/2393/3
f 500/1206/5 923/1205/5 501/2394/5
f 923/2392/3 499/2391/3 501/2395/3
f 1016/2358/6 1023/2396/6 1021/2359/6
f 1021/2397/3 1023/2354/3 1022/2356/3
f 1890/2398/3 1891/2399/3 1892/2400/3
f 1893/2401/3 1894/2402/3 1895/2403/3
f 1896/2404/1302 1897/2405/1303 1898/2406/1304
f 1899/2407/1305 1900/2408/1306 1901/2409/1307
f 1891/2399/3 1890/2398/3 1902/2410/3
f 1903/2411/1308 694/972/448 695/2412/449
f 1325/1513/890 1327/1515/892 1329/1517/894
f 1904/2413/1309 1905/2414/1310 1906/2415/1311
f 1894/2402/3 1893/2401/3 1907/2416/3
f 1908/2417/3 1909/2418/3 1910/2419/3
f 1909/2418/3 1908/2417/3 1911/2420/3
f 475/497/287 1316/2421/354 476/498/288
f 1889/2345/892 1912/2422/1312 834/889/556
f 1815/2423/222 1212/1364/801 1211/1363/800
f 881/956/593 880/955/592 1913/2424/1313
f 660/1385/815 1667/2020/311 1914/2425/462
f 1051/1155/675 1669/2022/55 1052/1156/676
f 730/774/481 1915/2426/1314 1916/2427/1315
f 591/629/360 1917/2428/1316 592/630/361
f 1918/2429/1317 1919/2430/1318 344/357/187
f 685/2431/443 1062/1169/685 1920/2432/1319
f 1921/2433/1320 1922/2434/1321 1328/1516/893
f 585/1288/354 587/625/356 589/627/358
f 707/751/460 511/534/311 709/753/462
f 1439/1665/968 1923/2435/1322 1440/1666/969
f 414/435/238 894/974/602 896/976/604
f 1924/2436/1323 1925/2437/152 1926/2438/1324
f 352/2439/192 354/367/194 353/2440/193
f 1423/2441/959 1425/1646/960 1427/1648/7
f 1901/2409/1307 1900/2408/1306 1927/2442/1325
f 1905/2414/1310 1904/2413/1309 1928/2443/1326
f 1929/2444/1327 1930/2445/1328 1931/2446/1329
f 1932/2447/1330 1933/2448/1331 1934/2449/1332
f 1935/2450/1333 1897/2405/1303 1896/2404/1302
f 852/2451/1 1936/2452/1 10/1481/1
f 1937/2453/1334 1287/2454/1335 1936/2455/1336
f 1938/2456/5 9/1727/5 363/1729/5
f 1939/2457/5 284/2458/5 9/1727/5
f 1616/2459/1099 1940/2460/1337 1941/2461/1338
f 231/2462/109 1616/2459/1099 1941/2461/1338
f 1617/2463/1099 1702/2075/1035 1705/2078/1164
f 1267/2464/109 1617/2463/1099 1705/2078/1164
f 704/2465/458 1942/2466/1339 1271/1437/845
f 1539/1818/1039 1074/2467/697 1412/1618/949
f 790/838/524 1661/2468/1129 1943/2469/398
f 1513/1770/1035 1944/2470/1340 1514/1771/1036
f 681/719/440 480/2471/292 682/720/441
f 1288/1456/859 1291/1460/862 1289/1457/860
f 509/532/309 1331/2472/896 1330/1518/895
f 1124/1248/732 1128/1252/736 1125/1249/733
f 1945/2473/1341 1946/2474/1342 1947/2475/1343
f 1948/2476/1344 1688/2049/1149 1949/2477/1345
f 1335/1523/900 902/2478/609 1336/1524/901
f 1587/1873/1079 905/2479/612 907/2480/613
f 1950/2481/1346 1080/1189/702 1079/1188/701
f 1144/1271/752 620/658/387 1145/1272/653
f 1141/1265/749 812/1267/540 1604/1893/1092
f 547/579/201 1473/2482/999 1472/1711/998
f 1951/2483/1347 750/794/492 1952/2484/1348
f 1951/2483/1347 1953/2485/1349 750/794/492
f 1954/2486/1350 1181/1320/772 633/1322/400
f 1339/1534/555 1468/1705/995 1470/1707/997
f 1714/2487/654 929/1016/629 931/1018/631
f 1714/2091/654 1955/2488/1351 1715/2092/1174
f 616/654/384 1693/2489/1154 617/655/385
f 1956/2490/1352 1465/1702/992 1467/1704/994
f 1957/2491/1353 1958/2492/1354 1959/2493/1355
f 1960/2494/1356 1957/2495/1353 1959/2496/1355
f 1961/2497/1357 1497/1746/1020 1499/1748/1022
f 1710/2083/732 1431/1654/963 1711/2084/1169
f 1962/2498/1358 80/80/10 598/636/367
f 1963/2499/1359 1962/2500/1358 598/2501/367
f 1964/2502/1360 1867/2308/1287 1866/2307/1145
f 1844/2276/1268 1965/2503/1361 1845/2277/1269
f 463/485/277 699/2504/453 464/486/278
f 1762/2157/1214 1766/2161/1218 1763/2158/1215
f 1966/2505/1362 438/459/7 437/458/259
f 1967/2506/1363 1966/2507/1362 437/2508/259
f 628/666/395 624/2509/391 629/667/396
f 1581/1867/1074 1585/1871/1077 1582/1868/1075
f 1030/1130/662 1639/1945/1115 1031/1131/663
f 1968/2510/1364 1443/2511/972 1445/2512/974
f 1969/2513/1365 1970/2514/1366 1971/2515/1367
f 869/940/588 867/938/586 870/941/589
f 1972/2516/1368 1973/2517/1369 1974/2518/1369
f 209/2519/3 206/208/3 208/210/3
f 1650/1960/1 206/1962/1 209/558/1
f 217/2520/4 210/220/4 216/222/4
f 217/559/1 216/2521/1 1975/2522/1
f 949/2523/641 641/679/406 643/681/408
f 1754/2145/1206 1976/2524/204 1753/2146/206
f 1088/2525/708 1237/1394/824 1977/2526/1370
f 1089/2527/538 1088/2525/708 1977/2526/1370
f 1144/1271/752 618/656/386 620/658/387
f 1978/2528/1371 1612/2529/1095 1979/2530/1372
f 1980/2531/1373 836/891/558 684/893/396
f 1591/1877/1073 343/356/186 345/358/188
f 1298/1472/868 1300/1475/869 1092/1211/710
f 565/598/344 1666/2019/1134 566/599/345
f 151/153/63 1981/2532/40 152/154/40
f 830/882/553 1981/2533/6 151/2534/6
f 466/488/280 1758/2151/1210 1507/1760/1030
f 1238/1395/734 1510/1763/1033 1239/1396/825
f 948/1039/640 1982/2535/1374 949/1040/641
f 1391/1595/674 1983/2536/1375 1703/2076/1162
f 1984/2537/1376 1985/2538/1377 1986/2539/1378
f 1057/2540/680 1984/2541/1376 1986/2542/1378
f 1987/2543/1379 584/622/353 586/624/355
f 1325/1513/890 1329/1517/894 1326/1514/891
f 1988/2544/1230 1596/2545/1086 1598/2546/1087
f 1062/1169/685 683/721/442 1920/2432/1319
f 1989/2547/966 409/2548/234 1622/2549/1102
f 1661/2004/1129 789/837/523 1943/2550/398
f 1990/2551/210 1991/2552/211 1992/2553/1380
f 332/2554/177 1990/2555/210 1992/2556/1380
f 802/1035/533 83/83/9 946/1036/638
f 1423/2441/959 1427/1648/7 1424/2557/845
f 1993/2558/1178 1850/2283/1274 1729/2282/1186
f 1243/1400/88 1242/1399/827 1994/2559/1381
f 1273/1439/384 1995/2560/1382 1274/1440/847
f 1996/2561/1383 1495/2562/1018 1496/2563/1019
f 1997/2564/1384 1998/2565/549 1999/2566/1385
f 2000/2567/1386 1997/2564/1384 1999/2566/1385
f 2001/2568/1387 2002/2569/1388 2003/2570/1389
f 1676/2029/992 2004/2571/1390 2005/2572/1391
f 766/810/93 768/812/64 2006/2573/94
f 1251/1414/833 2007/2574/1392 798/846/529
f 289/2575/139 1713/2090/1173 290/2576/140
f 2008/2577/1393 1540/1819/1040 1542/1821/1041
f 2009/2578/1226 2010/2579/1394 2011/2580/41
f 2012/2581/1395 2013/2582/1396 2014/2583/1397
f 2015/2584/1398 2016/2585/1399 2017/2586/1400
f 1691/2587/1152 557/589/336 559/591/338
f 1224/1377/810 1223/1376/809 2018/2588/1401
f 591/629/360 1149/1276/753 1917/2428/1316
f 2019/2589/1402 2020/2590/1403 2021/2591/1404
f 2022/2592/1405 1614/1908/1097 1615/1909/1098
f 2023/2593/334 2024/2594/78 2025/2595/334
f 286/2596/1 287/2597/1 2026/2598/1
f 2026/2599/3 287/2600/3 1883/2601/3
f 1657/1970/1126 474/2602/286 1658/1971/1127
f 1078/1187/700 833/888/555 835/890/557
f 2013/2582/1396 2012/2581/1395 2027/2603/1406
f 2028/2604/1407 2029/2605/1408 2002/2569/1388
f 176/2606/1409 175/2607/1410 2030/2608/1411
f 2031/2609/1412 1191/1332/782 1633/1933/1110
f 286/2610/4 2032/2611/4 1884/2612/4
f 2026/2598/1 2032/2613/1 286/2596/1
f 239/247/115 568/601/116 240/248/116
f 874/945/6 568/2614/6 239/2615/6
f 820/870/547 1453/1687/980 1455/1689/982
f 1421/1642/958 300/1160/150 302/2616/152
f 120/2617/43 489/2618/265 121/2619/44
f 94/94/19 1645/1951/1117 1085/1194/705
f 2033/2620/1413 2034/2621/1414 2035/2622/1415
f 2036/2623/1416 2037/2624/1417 2038/2625/1418
f 2039/2626/4 2040/2627/4 28/2628/4
f 29/2629/1 28/2630/1 2040/2631/1
f 2041/2632/1419 1381/1583/928 1383/1585/930
f 1651/1959/1121 1381/1583/928 2041/2632/1419
f 2023/2593/334 2042/2633/1420 2043/2634/1421
f 1247/1404/6 2042/2635/1171 2023/2636/6
f 1472/2637/998 1473/1712/999 2044/2638/34
f 140/142/35 343/356/186 1591/1877/1073
f 1319/1507/886 2045/2639/1280 1320/1508/385
f 1475/2640/1000 1632/2641/1109 1634/2642/1111
f 192/194/87 2046/2643/1221 193/195/88
f 2047/2644/1422 2048/2645/1423 2046/2643/1221
f 867/938/586 866/937/585 2049/2646/1424
f 1192/2647/783 1947/2475/1343 1193/2648/784
f 1177/1316/768 2050/2649/1425 1000/1094/649
f 1180/1319/771 1179/1318/770 376/392/207
f 321/333/166 281/289/135 283/291/137
f 1189/2650/780 2051/2651/1426 1221/2652/807
f 286/2653/4 1884/2654/4 218/2655/4
f 1341/2177/26 1884/2656/24 218/2178/4
f 213/2340/2 218/2657/2 1884/2338/2
f 914/2658/620 2052/2659/1427 2053/2660/1428
f 914/2661/620 2054/2662/1429 915/2663/621
f 395/2317/225 1124/1248/732 1123/1247/731
f 190/192/85 189/191/56 2055/2664/1430
f 2056/2665/1431 2057/2666/1432 2058/2667/1433
f 2057/2666/1432 2056/2665/1431 2059/2668/1434
f 2060/2669/1435 2061/2670/1436 2062/2671/1437
f 123/1650/46 1710/2083/732 1428/1651/731
f 98/98/23 97/97/22 2063/2672/161
f 2064/2673/6 2065/2674/6 2066/2675/6
f 2067/2676/1435 2068/2677/1436 2069/2678/1437
f 2070/2679/6 2071/2680/6 2072/2681/6
f 2073/2682/5 2074/2683/5 2075/2684/5
f 2076/2685/5 2077/2686/5 2078/2687/5
f 2079/2688/1435 2080/2689/1436 2081/2690/1437
f 2082/2691/6 2083/2692/6 2084/2693/6
f 2085/2694/5 2086/2695/5 2087/2696/5
f 2088/2697/5 2089/2698/5 2090/2699/5
f 2091/2700/5 2092/2701/5 2093/2702/5
f 2094/2703/5 2095/2704/5 2096/2705/5
f 373/389/204 2097/2706/561 374/390/205
f 660/1385/815 1914/2425/462 1229/1386/816
f 2098/2707/84 157/159/68 2099/2708/83
f 1201/1351/6 157/2709/6 2098/2710/6
f 1679/2032/1144 1839/2265/1263 2100/2711/1438
f 2101/2712/1439 774/818/512 776/820/514
f 83/83/9 2102/2713/1440 946/1036/638
f 1389/1593/103 139/141/54 141/143/55
f 2103/2714/1441 1657/1970/1126 1656/1969/1125
f 2104/2715/1442 2103/2714/1441 1656/1969/1125
f 1027/1127/659 1491/2716/1014 1028/1128/660
f 1026/1126/658 1240/1397/826 2105/2717/839
f 2106/2718/68 2107/2719/1443 713/2720/66
f 2108/2721/6 2107/2722/6 2106/2723/6
f 963/2724/2 964/2725/2 959/2726/2
f 961/2727/6 963/2728/6 959/2729/6
f 958/2730/1 965/2731/1 961/2732/1
f 958/2733/6 961/2727/6 959/2729/6
f 964/2725/2 960/2734/2 959/2726/2
f 965/2735/5 960/2736/5 964/2737/5
f 965/2731/1 962/2738/1 961/2732/1
f 962/2739/5 965/2735/5 964/2737/5
f 2109/2740/3 2110/2741/3 2111/2742/3
f 2112/2743/3 2113/2744/3 2114/2745/3
f 2115/2746/3 2116/2747/3 2117/2748/3
f 2118/2749/4 2119/2750/4 2120/2751/4
f 2121/2752/4 2122/2753/4 2123/2754/4
f 2124/2755/4 2125/2756/4 2126/2757/4
f 447/1768/265 1513/1770/1035 1512/1769/1034
f 108/108/32 107/107/31 2127/2758/706
f 808/1167/225 1288/1456/859 1061/1168/684
f 144/146/23 143/145/56 2128/2759/1430
f 1456/2760/983 1458/2761/985 377/393/208
f 1178/1317/769 2129/2762/1444 2130/2763/1445
f 382/398/213 384/400/215 597/635/366
f 2131/2764/1446 1882/2765/1296 1215/2766/804
f 895/2767/603 2132/2768/703 2133/2769/1447
f 896/976/604 895/975/603 2133/2770/1447
f 439/460/9 1355/1553/8 1356/1554/906
f 224/2771/103 1668/2021/1135 1669/2022/55
f 2134/2772/1448 2135/2773/1449 1240/1397/826
f 872/943/83 2136/2774/67 873/944/83
f 1259/1425/659 1842/2775/1266 1260/1426/838
f 1568/2776/658 1262/1428/839 1264/1430/841
f 1567/1848/573 1262/2777/839 1568/1849/658
f 159/2778/1450 104/104/28 103/103/27
f 644/682/409 294/306/144 1304/1479/873
f 1855/2289/1279 1321/2779/887 1203/1355/755
f 786/2780/1451 2137/2781/1452 1223/1376/809
f 2138/2782/795 1159/1291/244 1760/2155/1213
f 2139/2783/1453 2059/2668/1434 2140/2784/1454
f 2059/2668/1434 2139/2783/1453 2057/2666/1432
f 863/1683/582 163/165/73 164/166/74
f 1238/1395/734 1508/1761/1031 1510/1763/1033
f 1119/1243/727 1120/2785/728 1122/2786/730
f 1660/2787/847 1857/2788/1155 1234/2789/821
f 1070/1177/693 719/763/471 945/1034/637
f 1504/1754/1027 1503/2790/1026 1073/1180/696
f 1387/2791/241 2141/2792/1455 1388/2793/933
f 657/695/422 999/2055/648 658/696/423
f 2142/2794/1456 2143/2795/1457 1590/2796/1082
f 2144/2797/1458 2142/2794/1456 1590/2796/1082
f 1737/2124/1193 1233/1390/820 1235/1392/822
f 267/275/123 422/443/246 268/276/124
f 581/2798/1 579/2799/1 578/2800/1
f 579/2801/5 581/2802/5 582/2803/5
f 1352/2804/2 1353/2805/2 1348/2806/2
f 1350/2807/5 1352/2808/5 1348/2809/5
f 1350/2810/1 1347/2811/1 1354/2812/1
f 1347/2813/5 1350/2807/5 1348/2809/5
f 1353/2805/2 1349/2814/2 1348/2806/2
f 1354/2815/6 1349/2816/6 1353/2817/6
f 576/2818/2 580/2819/2 582/2820/2
f 578/2821/6 580/2822/6 576/2823/6
f 1351/2824/1 1350/2810/1 1354/2812/1
f 1351/2825/6 1354/2815/6 1353/2817/6
f 575/2826/1 581/2798/1 578/2800/1
f 575/2827/6 578/2821/6 576/2823/6
f 2145/2828/1459 1066/2829/689 1068/2830/691
f 1867/2308/1287 1865/2306/1263 1868/2309/1288
f 284/1859/1 285/2831/1 10/1857/1
f 1939/2457/5 285/2832/5 284/2458/5
f 277/1337/1 276/2833/1 50/1335/1
f 276/1773/5 277/2834/5 1515/1774/5
f 577/2835/2 576/2818/2 582/2820/2
f 581/2802/5 577/2836/5 582/2803/5
f 776/820/514 1027/1127/659 1029/1129/661
f 1343/1541/905 1342/1540/904 2146/2837/180
f 2147/2838/1460 394/410/224 741/785/487
f 2148/2839/1461 2147/2840/1460 741/2841/487
f 1300/1475/869 1093/1212/711 1092/1211/710
f 2149/2842/1462 2150/2843/1463 2151/2844/1464
f 600/1411/369 1250/2845/832 1511/1766/563
f 1151/2846/535 389/405/219 390/406/220
f 1163/1295/762 1252/2847/712 1254/2848/834
f 648/2849/413 650/2850/415 2152/2851/1465
f 2153/2852/1466 2154/2853/1467 2155/2854/1468
f 1290/1459/861 2156/2855/1469 2157/2856/1470
f 1291/1460/862 1290/1459/861 2157/2856/1470
f 651/689/416 653/691/418 1548/1827/1049
f 472/494/284 1968/2857/1364 473/495/285
f 2158/2858/1471 2139/2859/1453 2140/2860/1454
f 2158/2861/1 2140/2862/1 2159/2863/1
f 1796/2205/1234 272/2207/128 2160/2864/1472
f 1798/2865/472 1642/1948/1115 811/861/470
f 1343/1541/905 2146/2837/180 772/816/510
f 2161/2866/1427 2162/2867/1156 2163/2868/1473
f 857/923/576 291/303/141 293/305/143
f 1403/1609/941 1399/2869/939 1401/2870/661
f 2164/2871/1 2165/2872/1 2058/2873/1
f 2164/2874/1474 2166/2875/1475 2165/2876/1476
f 1276/1442/244 2167/2877/1477 1885/2341/760
f 240/2878/1478 569/2879/1479 2168/2880/1480
f 1869/2881/3 2169/2882/3 2170/2883/3
f 2171/2884/2 2170/2885/2 2169/2886/2
f 2169/2886/2 2172/2887/2 2171/2884/2
f 2173/2888/4 2171/2889/4 2172/2890/4
f 2174/2891/2 2175/2892/2 31/2893/2
f 32/2894/3 31/2895/3 2175/2896/3
f 116/118/40 2176/2897/1481 117/119/41
f 2177/2898/1482 2176/2899/1483 116/2900/6
f 2178/2901/1484 160/2902/70 162/2903/72
f 1200/1348/6 160/2904/6 2178/2905/6
f 967/2906/2 971/2907/2 968/2908/2
f 969/2909/4 971/2910/4 967/2911/4
f 972/2912/1 970/2913/1 966/2914/1
f 970/2915/3 972/2916/3 973/2917/3
f 970/2913/1 969/2918/1 966/2914/1
f 966/2919/4 969/2909/4 967/2911/4
f 971/2907/2 973/2920/2 968/2908/2
f 972/2916/3 968/2921/3 973/2917/3
f 2179/2922/1485 2180/2923/1486 2181/2924/1487
f 2180/2923/1486 1954/2925/1350 2181/2924/1487
f 1149/1276/753 595/1278/364 1917/2428/1316
f 1915/2426/1314 1043/1145/668 1045/1147/670
f 2182/2926/1488 2154/2853/1467 2183/2927/1489
f 451/2928/328 2184/2929/1490 2185/2930/1491
f 2185/2931/1491 541/567/326 451/569/328
f 1135/1259/743 2186/2932/1492 1881/2933/1295
f 778/824/516 1135/2934/743 1881/2329/1295
f 321/333/166 283/291/137 322/334/167
f 2187/2935/1100 1387/1591/241 1386/1590/240
f 2188/2936/1493 2189/2937/1211 1313/2938/261
f 2189/2937/1211 1314/2939/774 1313/2938/261
f 2190/2940/1494 914/2941/620 2191/2942/1495
f 1970/2514/1366 425/446/248 1971/2515/1367
f 2110/2741/3 2109/2740/3 2192/2943/3
f 2116/2747/3 2115/2746/3 2193/2944/3
f 2113/2744/3 2112/2743/3 2194/2945/3
f 2119/2750/4 2118/2749/4 2195/2946/4
f 2122/2753/4 2121/2752/4 2196/2947/4
f 2125/2756/4 2124/2755/4 2197/2948/4
f 2198/2949/1496 191/193/86 1716/2093/1175
f 1292/2950/1497 829/2951/1498 2198/2949/1496
f 2199/2952/1499 1465/1702/992 1956/2490/1352
f 197/199/92 199/201/94 782/830/347
f 906/987/169 1652/1965/1057 1653/1966/1060
f 904/985/611 908/989/614 910/991/616
f 1359/1559/908 1926/2438/1324 1452/2953/979
f 1359/1559/908 1924/2436/1323 1926/2438/1324
f 324/336/169 1559/1840/1057 1562/1843/1060
f 1226/1380/812 615/653/383 1153/1283/755
f 318/995/163 915/997/621 319/2954/164
f 146/1556/58 2200/2955/1500 1357/1557/526
f 449/821/1 217/559/1 2201/2956/1501
f 449/470/6 2201/2957/6 450/471/6
f 929/1016/629 2202/2958/1502 930/1017/630
f 2202/2958/1502 1691/2053/1152 930/1017/630
f 2203/2959/228 2204/2960/1503 2205/2961/1504
f 385/401/135 596/2962/365 292/304/142
f 1154/1284/756 2206/2963/295 1155/1285/258
f 444/465/262 2207/2964/879 445/466/263
f 560/593/339 334/347/166 336/349/180
f 1296/1465/866 1261/1427/661 1297/2965/867
f 1433/2236/965 1435/1658/966 1820/2237/1104
f 1835/2258/397 2208/2966/1505 663/701/357
f 1185/1326/776 1754/2145/1206 1186/1327/777
f 639/677/404 2209/2967/1506 640/678/405
f 838/2968/560 1486/1734/1009 1488/1736/1011
f 839/896/561 838/895/560 2210/2969/1507
f 303/315/153 2211/2970/1183 304/316/154
f 1491/1740/1014 1490/1739/1013 1028/2971/660
f 1100/1223/719 2212/2972/1508 1101/1224/720
f 1685/2973/1147 2213/2974/1509 1099/2975/718
f 791/2149/525 434/455/256 436/457/258
f 1183/1324/774 2214/2976/1510 1184/1325/775
f 2215/2977/1227 1649/2978/1119 2216/2979/296
f 2206/2963/295 2215/2980/1227 2216/2981/296
f 82/82/12 81/81/11 1847/2279/1271
f 134/1531/49 792/1533/39 1340/1535/903
f 2217/2982/1052 1791/2983/1231 1793/2984/1229
f 1807/2218/1241 2217/2982/1052 1808/2219/1010
f 1402/1608/940 1399/2869/939 1403/1609/941
f 1294/1463/864 2218/2985/1511 1295/1464/865
f 2219/2986/1512 2220/2987/1513 1826/2244/1253
f 2219/2986/1512 1826/2244/1253 1825/2243/1252
f 1384/1586/931 2221/2988/1514 1383/1585/930
f 216/2521/1 2222/2989/789 1384/2990/1515
f 391/407/221 2223/2991/1516 392/408/222
f 1331/1519/896 431/452/253 1330/2992/895
f 1860/2294/1283 2224/2993/549 2225/2994/1517
f 1478/2995/650 1860/2294/1283 2225/2994/1517
f 2226/2996/1518 1802/2997/1052 1449/2998/976
f 1228/1383/814 2226/2999/1518 1449/1680/976
f 2227/3000/1519 474/496/286 1655/1968/1124
f 1076/1183/699 950/1041/642 952/1043/643
f 622/1270/389 1145/1272/653 623/3001/390
f 458/479/271 1950/2481/1346 1079/1188/701
f 2228/3002/602 2229/3003/981 2230/3004/1520
f 2231/3005/1521 2228/3002/602 2230/3004/1520
f 1550/1829/1051 651/689/416 1547/1826/1048
f 1163/1295/762 1254/2848/834 1255/1418/835
f 2232/3006/1522 1558/3007/270 596/2962/365
f 1557/1838/1056 1715/2092/1174 1400/1606/660
f 1664/2016/1132 771/3008/509 773/2017/511
f 2233/3009/1523 1095/1214/713 1097/1216/715
f 154/156/65 2234/3010/1524 155/157/66
f 1098/1217/716 2234/3011/1525 154/3012/1526
f 1623/1922/1103 1989/2547/966 1624/1923/1104
f 790/838/524 1943/2469/398 588/626/357
f 2235/3013/1527 2236/3014/1528 2237/3015/1527
f 428/449/251 2238/3016/1529 429/450/41
f 922/1004/6 2238/3017/1483 428/3018/6
f 1806/3019/1054 1807/2218/1241 1809/2220/1242
f 512/535/312 1244/2300/828 513/536/313
f 880/3020/592 483/505/295 485/507/297
f 1314/1491/774 1312/2323/879 1315/1492/880
f 1803/2214/1231 477/499/289 1805/2216/1240
f 813/863/541 816/866/543 625/663/392
f 1786/3021/1227 1787/2192/1200 1788/2194/1228
f 634/672/401 1536/1815/483 635/673/402
f 1553/2195/1052 1790/2198/1230 1789/2196/1229
f 699/742/453 1091/1201/709 700/743/454
f 1599/1888/1088 1988/2544/1230 2239/3022/1530
f 685/2431/443 1920/2432/1319 686/3023/444
f 1746/3024/1199 1747/2136/1200 2240/3025/1119
f 734/778/354 732/776/483 735/779/485
f 486/508/298 1432/1655/964 487/509/299
f 1316/1494/354 664/702/427 1317/1495/881
f 1791/2199/1231 1794/2202/289 1792/2200/1232
f 508/531/308 510/533/310 936/1023/636
f 410/429/235 1555/3026/1054 1827/3027/1254
f 1308/1485/875 1311/1488/878 788/836/522
f 295/3028/145 1395/1599/314 1397/1601/315
f 1322/1510/888 870/3029/589 1323/1511/889
f 1874/3030/234 1626/1926/235 1628/1928/1106
f 707/751/460 709/753/462 708/752/461
f 2241/3031/1079 323/3032/168 325/339/170
f 1691/2587/1152 559/591/338 1692/3033/1153
f 1724/2104/1181 1218/3034/805 1220/2105/806
f 460/482/274 1872/2315/1292 2242/3035/1531
f 426/1587/249 320/332/165 1385/1588/932
f 2243/3036/1532 1190/3037/781 2244/3038/1533
f 2245/3039/965 1873/2318/1293 1876/2321/777
f 1787/2192/1200 2245/3040/965 1537/2193/1037
f 2246/3041/1534 1623/3042/1103 1625/3043/1037
f 2215/2977/1227 2246/3041/1534 1649/2978/1119
f 234/242/112 1843/2274/1267 235/243/113
f 1064/1171/687 1280/3044/851 1065/1172/688
f 912/1471/618 1299/1474/729 1298/1472/868
f 1676/2029/992 2005/2572/1391 1677/2030/1142
f 2247/3045/1535 1358/3046/907 1360/3047/909
f 728/772/135 1361/3048/365 335/348/179
f 1335/1523/900 1333/3049/898 902/2478/609
f 1850/2283/1274 1853/2286/1277 1851/2284/1275
f 2248/3050/4 502/3051/1536 504/3052/4
f 2249/3053/1537 2250/3054/1538 2248/3055/1539
f 1883/3056/1540 1337/2333/1297 213/2332/884
f 1813/2225/1245 1815/2227/222 1597/1886/223
f 1596/1885/1086 1813/2225/1245 1597/1886/223
f 2251/3057/1541 2252/3058/1542 251/3059/1543
f 1948/2476/1344 1686/2047/1061 1688/2049/1149
f 691/733/80 693/735/342 2253/3060/343
f 1008/1104/656 1003/1099/651 1005/1101/653
f 711/755/464 1586/1872/1078 1588/1874/1080
f 1601/1890/1090 1799/3061/1236 1602/1891/1091
f 2254/3062/1544 1797/2208/1235 1799/2210/1236
f 1081/3063/612 297/309/147 1082/3064/613
f 619/2251/363 1204/3065/793 1832/2252/1258
f 1693/2058/1154 2255/3066/1545 1694/2059/1155
f 612/650/380 1549/1828/1050 613/651/381
f 56/3067/3 19/3068/3 21/3069/3
f 68/3070/3 42/3071/3 38/3072/3
f 181/3073/4 667/3074/4 180/3075/4
f 46/3076/4 47/3077/4 44/3078/4
f 187/3079/4 665/3080/4 186/3081/4
f 25/3082/3 13/3083/3 62/3084/3
f 47/3077/4 46/3076/4 4/3085/4
f 665/3080/4 187/3079/4 185/3086/4
f 667/3074/4 181/3073/4 183/3087/4
f 2256/3088/5 2257/3089/5 846/3090/5
f 2256/3088/5 846/3090/5 847/3091/5
f 2239/3092/1530 341/354/185 340/353/184
f 1599/1888/1088 2239/3022/1530 1487/1735/1010
f 2240/3093/1119 408/427/233 407/426/232
f 1746/3024/1199 2240/3025/1119 484/3094/296
f 423/444/144 1659/3095/1128 1538/1817/1038
f 2258/3096/1546 1857/2291/1155 1859/2293/1282
f 1802/2213/1052 1804/2215/1239 2259/3097/1010
f 1449/3098/976 1802/3099/1052 2259/3100/1010
f 30/3101/3 29/3102/3 2260/3103/3
f 2040/2631/1 2260/3104/1 29/2629/1
f 2261/3105/1547 954/1045/96 953/1044/644
f 1076/1183/699 952/1043/643 1077/1184/593
f 99/1603/4 1398/1602/4 2262/3106/4
f 505/3107/884 2263/3108/884 2264/3109/884
f 606/644/375 608/646/377 610/648/379
f 1758/2151/1210 443/2153/261 1507/1760/1030
f 1719/2098/1097 2265/3110/794 1720/2099/796
f 877/950/78 2266/3111/1548 2267/3112/62
f 2268/3113/1549 729/3114/480 731/3115/482
f 1260/3116/838 1840/2266/1264 1841/2268/1265
f 126/3117/1550 125/3118/1550 130/3119/1550
f 131/3120/6 130/3121/6 125/3122/6
f 129/3123/5 128/3124/5 127/3125/5
f 132/3126/3 127/3127/3 128/3128/3
f 1810/2221/1243 2269/3129/15 1811/2222/1244
f 832/1186/38 833/888/555 1078/1187/700
f 2270/3130/1551 2271/3131/1552 2272/3132/1551
f 1924/2436/1323 331/344/176 333/346/178
f 1915/2426/1314 1045/1147/670 1916/2427/1315
f 1577/1863/1070 1579/1865/1072 2273/3133/1553
f 2274/3134/1554 2275/3135/1555 2276/3136/1556
f 2277/3137/1557 367/383/198 369/385/200
f 1420/1641/957 300/1160/150 1421/1642/958
f 1451/3138/978 2278/3139/1558 2279/3140/1559
f 418/3141/242 1451/3138/978 2279/3140/1559
f 2280/3142/1551 2281/3143/1552 2282/3144/1560
f 2270/3130/1551 2283/3145/1561 2284/3146/1562
f 2280/3142/1551 2285/3147/1563 2286/3148/1561
f 1572/1853/1065 1574/1855/1067 2287/3149/1564
f 2275/3135/1555 2274/3134/1554 2288/3150/1565
f 2089/2698/5 2088/2697/5 2289/3151/5
f 2074/2683/5 2073/2682/5 2290/3152/5
f 2071/2680/6 2070/2679/6 2291/3153/6
f 2095/2704/5 2094/2703/5 2292/3154/5
f 2092/2701/5 2091/2700/5 2293/3155/5
f 2077/2686/5 2076/2685/5 2294/3156/5
f 2065/2674/6 2064/2673/6 2295/3157/6
f 2080/2689/1436 2079/2688/1435 2296/3158/1566
f 2086/2695/5 2085/2694/5 2297/3159/5
f 2083/2692/6 2082/2691/6 2298/3160/6
f 2061/2670/1436 2060/2669/1435 2299/3161/1566
f 2068/2677/1436 2067/2676/1435 2300/3162/1566
f 1139/1263/747 1862/2303/1284 1140/1264/748
f 325/337/170 324/336/169 1563/1844/149
f 2260/3103/3 2301/3163/3 30/3101/3
f 35/3164/2 30/3165/2 2301/3166/2
f 1504/1754/1027 1501/3167/1024 1503/2790/1026
f 235/243/113 1843/2274/1267 337/350/181
f 534/557/1 535/1424/1 751/856/1
f 751/795/493 2302/3168/1567 1952/2484/1348
f 2163/2868/1473 1172/3169/241 1174/3170/767
f 545/577/331 1592/3171/422 546/578/332
f 1410/1616/216 1411/3172/948 1413/3173/950
f 329/342/174 703/3174/457 330/343/175
f 2303/3175/1568 645/683/410 647/685/412
f 690/732/116 2304/3176/1484 2305/3177/1569
f 1620/1918/1101 1619/1917/241 1621/3178/933
f 739/783/331 897/3179/422 740/784/421
f 366/382/197 804/3180/535 806/3181/537
f 743/787/368 1594/3182/1084 744/788/488
f 1751/3183/1204 317/329/162 1752/3184/1205
f 2306/3185/1570 145/147/57 147/149/59
f 2307/3186/1571 1744/2133/1197 1745/2134/1198
f 260/3187/119 232/238/110 261/3188/103
f 866/3189/585 2243/3190/1532 2049/3191/1424
f 2308/3192/1572 2243/3036/1532 2244/3038/1533
f 2301/3166/2 2039/3193/2 35/3164/2
f 28/2628/4 35/3194/4 2039/2626/4
f 2211/3195/1183 712/756/465 304/3196/154
f 404/3197/229 1419/1640/956 405/2288/230
f 42/3071/3 68/3070/3 74/3198/3
f 13/3083/3 25/3082/3 45/3199/3
f 19/3068/3 56/3067/3 66/3200/3
f 1082/3064/613 297/309/147 299/311/149
f 1457/3201/984 379/395/210 1458/3202/985
f 907/988/613 906/987/169 1654/1967/1123
f 1056/3203/679 1984/2537/1376 1057/3204/680
f 531/554/323 840/3205/562 532/555/324
f 1878/2325/196 1880/2328/535 1879/2326/216
f 1659/1972/1128 515/538/315 1538/3206/1038
f 1539/1818/1039 1072/3207/695 1074/2467/697
f 2052/2659/1427 1386/1590/240 2053/2660/1428
f 2309/3208/1573 687/727/445 656/729/421
f 2020/2590/1403 1230/1387/817 2021/2591/1404
f 1718/2097/1178 1719/2098/1097 1721/2100/1098
f 2048/2645/1423 1222/1375/808 1224/1377/810
f 556/3209/1574 1222/1375/808 2048/2645/1423
f 1231/3210/818 1736/2123/1192 1232/2122/819
f 2265/3110/794 421/442/245 1720/2099/796
f 1440/3211/969 2310/3212/1575 2311/3213/1576
f 2312/3214/1577 1440/3215/969 2311/3216/1576
f 1887/2343/1300 416/437/240 1888/2344/1301
f 2313/3217/1578 858/925/577 860/927/579
f 1559/1840/1057 1561/1842/1059 1562/1843/1060
f 2314/3218/1579 1150/1279/191 1151/1281/535
f 2315/3219/1580 2316/3220/1581 1912/2422/1312
f 1889/2345/892 2315/3219/1580 1912/2422/1312
f 2317/3221/1582 2318/3222/1583 2319/3223/1584
f 2320/3224/1585 2317/3221/1582 2319/3223/1584
f 2321/3225/1586 2322/3226/1587 2323/3227/1588
f 1142/3228/750 1796/2205/1234 2160/2864/1472
f 2324/3229/1589 2325/3230/1590 2326/3231/1591
f 2327/3232/1592 2324/3229/1589 2326/3231/1591
f 2328/3233/1593 536/3234/4 2329/3235/1594
f 2329/3236/1 536/3237/1 535/1424/1
f 352/2439/192 273/281/129 354/367/194
f 1496/1745/1019 565/598/344 567/600/346
f 2330/3238/1595 2331/3239/1596 1469/1706/996
f 1468/1705/995 2330/3238/1595 1469/1706/996
f 1237/1394/824 1239/1396/825 2332/3240/1597
f 1977/2526/1370 1237/1394/824 2332/3240/1597
f 1940/2460/1337 2333/3241/1598 2334/3242/1599
f 1941/2461/1338 1940/2460/1337 2334/3242/1599
f 2335/3243/1600 2336/3244/1601 2337/3245/1602
f 2338/3246/1603 2335/3243/1600 2337/3245/1602
f 1834/2257/1259 2339/3247/1604 2340/3248/1605
f 490/513/301 1834/2257/1259 2340/3248/1605
f 1633/1933/1110 1191/1332/782 1631/1931/1108
f 869/940/588 865/936/584 867/938/586
f 2341/3249/1606 2342/3250/1607 2343/3251/1608
f 2344/3252/1181 2341/3253/1606 2343/3254/1608
f 289/2575/139 471/493/283 1713/2090/1173
f 1549/1828/1050 1547/1826/1048 613/651/381
f 2345/3255/1609 2306/3185/1570 843/3256/565
f 2346/3257/1610 2345/3255/1609 843/3256/565
f 2347/3258/1611 697/3259/451 696/3260/450
f 2348/3261/1612 2347/3258/1611 696/3260/450
f 1404/3262/942 1408/1614/946 332/3263/177
f 1044/2125/669 269/277/125 1405/3264/943
f 2349/3265/1613 2350/3266/1614 2351/3267/1602
f 2352/3268/1603 2349/3265/1613 2351/3267/1602
f 1862/2302/1284 388/404/218 1863/3269/1285
f 1863/3270/1285 599/637/368 601/639/370
f 2353/3271/1615 2354/3272/1460 2355/3273/1461
f 517/540/316 2353/3271/1615 2355/3273/1461
f 1302/3274/871 2356/3275/1616 1303/3276/872
f 295/3028/145 1397/1601/315 296/3277/146
f 821/871/548 747/1691/20 2357/3278/601
f 822/872/549 821/871/548 2357/3278/601
f 2358/3279/1617 371/387/202 370/386/201
f 1864/2305/1286 2358/3279/1617 370/386/201
f 2328/3233/1593 2329/3235/1594 2184/3280/1490
f 451/2928/328 1376/3281/1618 2184/2929/1490
f 2175/2896/3 1684/3282/3 32/2894/3
f 33/2043/1 32/3283/1 1684/2041/1
f 31/2893/2 34/3284/2 2174/2891/2
f 1683/2040/4 2174/3285/4 34/2038/4
f 1702/2075/1035 1391/1595/674 1703/2076/1162
f 237/3286/90 2359/3287/1619 406/3288/231
f 1546/1825/1620 2360/3289/1621 2361/3290/1622
f 1546/1825/1046 2361/3290/1047 1543/1822/1047
f 2362/3291/1623 1032/3292/664 2363/3293/693
f 2364/3294/1624 2362/3291/1623 2363/3293/693
f 1968/2510/1364 1445/2512/974 2365/3295/1472
f 473/3296/285 1968/3297/1364 2365/3298/1472
f 1795/2204/1233 79/79/9 2366/3299/1625
f 2367/3300/532 1795/3301/1233 2366/3302/1625
f 2368/3303/1626 2369/3304/1627 820/870/547
f 2369/3304/1627 1453/1687/980 820/870/547
f 1479/1721/1003 1178/1317/769 1180/1319/771
f 1726/3305/1183 459/480/272 282/3306/136
f 2370/3307/1628 122/124/45 124/126/47
f 1581/1867/1074 1583/1869/722 1585/1871/1077
f 422/443/246 424/445/247 268/276/124
f 1409/1615/947 1411/3172/948 1410/1616/216
f 2162/2867/1156 1172/3169/241 2163/2868/1473
f 1342/1540/904 305/317/155 2146/2837/180
f 2371/3308/1629 2372/3309/1630 1739/2127/1194
f 610/648/379 1154/3310/756 1156/3311/757
f 2373/3312/1631 2374/3313/1632 2375/3314/1633
f 2374/3315/1632 2376/3316/1634 2375/3317/1633
f 1667/2020/311 1228/1383/814 1914/2425/462
f 1914/2425/462 1228/1383/814 1450/1681/977
f 780/826/518 604/828/373 2377/3318/601
f 81/81/11 780/826/518 2377/3318/601
f 2378/3319/1089 1070/1177/693 1069/1176/692
f 2379/3320/1635 2378/3319/1089 1069/1176/692
f 2148/2839/1461 741/2841/487 468/2120/282
f 78/78/8 2148/2839/1461 468/2120/282
f 1327/1515/892 1921/2433/1320 1328/1516/893
f 695/3321/449 446/3322/264 448/3323/44
f 2380/3324/1636 1756/2148/1208 1755/2147/1207
f 2223/3325/1516 2380/3326/1636 392/3327/222
f 320/332/165 322/334/167 1385/1588/932
f 2052/2659/1427 2187/2935/1100 1386/1590/240
f 1253/3328/713 2381/3329/1637 2382/3330/1638
f 1254/3331/834 1253/3328/713 2382/3330/1638
f 1689/2050/1150 1192/2052/783 2383/3332/1639
f 2030/2608/1411 1689/2050/1150 2383/3332/1639
f 621/659/388 623/661/390 2384/3333/1640
f 2051/2651/1426 621/659/388 2384/3333/1640
f 1124/1248/732 1126/1250/734 1128/1252/736
f 189/191/56 135/137/50 2055/2664/1430
f 343/356/186 1918/2429/1317 344/357/187
f 1473/1712/999 809/1714/538 2044/2638/34
f 1762/2157/1214 1764/2159/1216 1766/2161/1218
f 944/1033/487 1089/1199/538 110/110/34
f 594/3334/363 2385/3335/1641 2386/3336/1642
f 595/3337/364 594/3334/363 2386/3336/1642
f 1710/2083/732 1429/1652/862 1431/1654/963
f 97/97/22 310/322/157 2063/2672/161
f 2387/3338/1643 621/659/388 2051/2651/1426
f 1189/2650/780 2387/3338/1643 2051/2651/1426
f 2388/3339/1644 2313/3340/1578 1502/1752/1025
f 1501/1751/1024 2388/3339/1644 1502/1752/1025
f 1933/2448/1331 1932/2447/1330 2389/3341/1645
f 2390/3342/1646 1618/1916/1100 1620/1918/1101
f 857/923/576 293/305/143 1446/1677/975
f 2038/2625/1418 2037/2624/1417 1379/3343/926
f 2035/2622/1415 2034/2621/1414 2391/3344/1647
f 2392/3345/1648 2393/3346/1649 2394/3347/1650
f 737/781/116 2395/3348/1569 265/273/121
f 2396/3349/1651 2397/3350/1652 2398/3351/1545
f 1995/3352/1382 2396/3353/1651 2398/3354/1545
f 2399/3355/1653 2400/3356/1654 2401/3357/1655
f 2402/3358/1656 2403/3359/1657 2404/3360/1658
f 2405/3361/1659 2406/3362/1660 2407/3363/1661
f 1887/2343/1300 1695/2063/1156 416/437/240
f 560/593/339 336/349/180 561/594/340
f 1878/2325/196 1301/1476/870 1880/2328/535
f 644/682/409 1304/1479/873 298/310/148
f 1050/1154/674 1052/1156/676 2339/3247/1604
f 1834/2257/1259 1050/1154/674 2339/3247/1604
f 2406/3362/1660 2405/3361/1659 2408/3364/1662
f 2409/3365/1155 2398/3366/1545 2410/3367/1663
f 909/3368/615 2409/3365/1155 2410/3367/1663
f 1508/1761/1031 1324/1512/700 1509/1762/1032
f 1324/1512/700 1326/1514/891 1509/1762/1032
f 2411/3369/1664 1707/2080/1166 2412/3370/1665
f 2400/3356/1654 2399/3355/1653 2413/3371/1666
f 2414/3372/1667 2415/3373/1668 2416/3374/1669
f 2417/3375/1670 2418/3376/1671 2419/3377/1672
f 2262/3378/1673 2236/3014/1528 2420/3379/1674
f 2421/3380/1675 2422/3381/1676 2423/3382/1677
f 2424/3383/446 781/829/116 783/831/121
f 830/882/553 781/3384/6 2424/3385/628
f 2425/3386/1678 1318/1506/885 2426/3387/1192
f 2427/3388/1679 2425/3386/1678 2426/3387/1192
f 2428/3389/1680 2429/3390/1681 2375/3314/1633
f 2428/3391/1680 1975/3392/1682 2429/3393/1681
f 2402/3358/1656 2430/3394/1683 2403/3359/1657
f 2431/3395/1684 2432/3396/1685 2433/3397/1686
f 2434/3398/1687 2431/3399/1684 2433/3400/1686
f 2318/3401/1583 2435/3402/1688 2436/3403/1689
f 2319/3404/1584 2318/3401/1583 2436/3403/1689
f 2437/3405/1690 2438/3406/1691 2439/3407/1692
f 2440/3408/1693 2437/3409/1690 2439/3410/1692
f 1951/3411/2 2441/3412/2 452/3413/2
f 535/3414/4 452/3415/4 2441/3416/4
f 2442/3417/1694 2443/3418/1695 2444/3419/1696
f 2445/3420/1697 2442/3417/1694 2444/3419/1696
f 2446/3421/1698 2447/3422/818 933/1020/633
f 932/1019/632 2446/3421/1698 933/1020/633
f 2448/3423/1699 2449/3424/1700 2450/3425/1701
f 2451/3426/1702 2448/3423/1699 2450/3425/1701
f 2263/3108/884 505/3107/884 507/3427/884
f 2418/3376/1671 2417/3375/1670 2452/3428/1703
f 2453/3429/1704 2454/3430/1705 2455/3431/1706
f 2456/3432/1707 2453/3429/1704 2455/3431/1706
f 365/381/196 804/3180/535 366/382/197
f 1653/1966/1060 1492/1741/1015 1494/1743/1017
f 2016/2585/1399 2015/2584/1398 2457/3433/1708
f 1442/3434/971 2458/3435/451 2459/3436/1709
f 378/3437/209 1442/3434/971 2459/3436/1709
f 2460/3438/1710 2461/3439/1711 1219/1372/655
f 1218/1371/805 2460/3438/1710 1219/1372/655
f 2462/3440/729 2152/2851/1465 1162/1294/761
f 2463/3441/730 2462/3440/729 1162/1294/761
f 2464/3442/1712 2465/3443/1713 1067/1174/690
f 1066/1173/689 2464/3442/1712 1067/1174/690
f 2466/3444/1714 1049/1151/673 224/3445/103
f 223/229/102 2466/3446/1714 224/230/103
f 2467/3447/1715 2468/3448/1716 2469/3449/1717
f 2218/3450/1511 2467/3451/1715 2469/3452/1717
f 2173/3453/1718 2470/3454/1719 2471/3455/1720
f 2472/3456/1721 2470/3457/1 534/557/1
f 2473/3458/1722 2427/3459/1679 618/656/386
f 1979/2530/1372 2473/3458/1722 618/656/386
f 2342/3250/1607 1334/1522/899 1007/1103/655
f 2343/3251/1608 2342/3250/1607 1007/1103/655
f 2474/3460/1443 1146/1273/466 1148/1275/467
f 1201/1351/6 1146/3461/6 2474/3462/6
f 274/282/130 2321/3225/1586 2323/3227/1588
f 1666/2019/1134 1665/2018/1133 566/599/345
f 1336/3463/901 2475/3464/1723 1004/3465/652
f 1003/1099/651 1336/1524/901 1004/1100/652
f 2476/3466/1724 2477/3467/1725 2478/3468/1726
f 2204/3469/1503 900/3470/607 2205/3471/1504
f 1414/3472/951 2479/3473/1727 2480/3474/1728
f 747/791/20 1266/1913/264 1265/3475/449
f 86/116/15 747/1691/20 1265/3476/449
f 2481/3477/1729 2482/3478/1730 1954/2925/1350
f 2180/2923/1486 2481/3477/1729 1954/2925/1350
f 1690/2051/1151 1949/2477/1345 1192/2052/783
f 1192/2647/783 1945/2473/1341 1947/2475/1343
f 2483/3479/1731 2484/3480/1732 2485/3481/1733
f 2486/3482/1734 2483/3479/1731 2485/3481/1733
f 1288/1456/859 205/1458/50 1291/1460/862
f 143/1308/56 205/207/50 2128/3483/1430
f 1513/1770/1035 259/2005/104 1663/2007/1131
f 107/1963/31 259/267/104 2127/3484/706
f 2487/3485/1735 2488/3486/1736 2489/3487/1737
f 2490/3488/1738 2487/3485/1735 2489/3487/1737
f 2449/3424/1700 2491/3489/1739 2492/3490/1740
f 2493/3491/1741 2449/3424/1700 2492/3490/1740
f 2494/3492/1742 2495/3493/1743 2496/3494/1744
f 1280/3044/851 2494/3492/1742 2496/3494/1744
f 502/3051/1536 2248/3050/4 2497/3495/1536
f 2250/3054/1538 2249/3053/1537 2498/3496/1745
f 2499/3497/1746 2500/3498/1747 1225/1379/811
f 2447/3499/818 2499/3497/1746 1225/1379/811
f 2501/3500/6 2502/3501/6 2503/3502/6
f 2504/3503/6 2505/3504/6 2506/3505/6
f 2507/3506/5 2508/3507/5 2509/3508/5
f 2510/3509/5 2511/3510/5 2512/3511/5
f 2513/3512/6 2514/3513/6 2515/3514/6
f 2502/3501/6 2501/3500/6 2516/3515/6
f 2511/3510/5 2510/3509/5 2517/3516/5
f 2518/3517/1668 2415/3373/1668 2414/3372/1667
f 2508/3507/5 2507/3506/5 2519/3518/5
f 2520/3519/5 2521/3520/5 2522/3521/5
f 2505/3504/6 2504/3503/6 2523/3522/6
f 2514/3513/6 2513/3512/6 2524/3523/6
f 2521/3520/5 2520/3519/5 2525/3524/5
f 2526/3525/1748 2527/3526/1749 2528/3527/1750
f 2310/3212/1575 2526/3525/1748 2528/3527/1750
f 2451/3426/1702 2493/3491/1741 2529/3528/1751
f 2530/3529/1752 2451/3426/1702 2529/3528/1751
f 1781/2183/1224 1448/1679/320 1447/1678/106
f 2097/2706/561 2531/3530/1753 374/390/205
f 2532/3531/1629 1723/2103/1180 1722/2102/1179
f 478/500/290 2532/3532/1629 479/501/291
f 2009/2578/1226 2533/3533/341 2010/2579/1394
f 2534/3534/6 2533/3535/6 2009/3536/6
f 1121/1245/729 1670/2023/1136 1672/2025/1138
f 1845/2277/1269 1964/2502/1360 1866/2307/1145
f 301/3537/151 1054/3538/678 1053/3539/677
f 2535/3540/1612 301/3537/151 1053/3539/677
f 128/3128/3 131/3541/3 132/3126/3
f 125/3122/6 132/3542/6 131/3120/6
f 177/179/83 2536/3543/1754 178/180/67
f 1247/1404/6 2536/3544/6 177/3545/6
f 2371/3308/1629 1739/2127/1194 1738/2126/1179
f 2212/2972/1508 2371/3546/1629 1101/1224/720
f 130/3119/1550 129/3547/1550 126/3117/1550
f 127/3125/5 126/3548/5 129/3123/5
f 2537/3549/1031 2538/3550/1755 1430/1653/962
f 1429/1652/862 2537/3549/1031 1430/1653/962
f 714/758/466 168/170/77 170/172/79
f 2108/2721/6 168/3551/6 714/3552/6
f 2058/2873/1 1824/3553/1 1741/2129/1
f 1741/3554/1756 2056/2665/1431 2058/2667/1433
f 2539/3555/1757 628/666/395 627/665/1758
f 2540/3556/1759 2539/3555/1757 627/665/1758
f 1622/3557/1102 495/518/305 494/517/304
f 1989/2547/966 1622/2549/1102 1624/1923/1104
f 2541/3558/1760 227/233/106 226/232/105
f 1874/3030/234 1628/1928/1106 1875/3559/1294
f 2542/3560/1761 2543/3561/1762 2544/3562/1763
f 383/399/214 327/340/172 384/400/215
f 1544/3563/1 1306/1482/1 10/1481/1
f 1306/3564/4 1544/3565/4 1826/3566/4
f 452/3413/2 450/3567/2 1951/3411/2
f 2545/3568/3 1951/3569/3 450/3570/3
f 1263/3571/840 2546/3572/1764 2547/3573/1765
f 1264/1430/841 1263/1429/840 2547/3574/1765
f 2548/3575/1766 2425/3386/1678 2427/3388/1679
f 2473/3458/1722 2548/3576/1766 2427/3459/1679
f 1103/1227/722 2549/3577/1076 2550/3578/1767
f 1104/1228/723 1103/1227/722 2550/3578/1767
f 2551/3579/1768 929/1016/629 2468/3580/1716
f 2467/3447/1715 2551/3581/1768 2468/3448/1716
f 2552/3582/1769 2325/3583/1590 1269/1435/843
f 1268/1434/842 2552/3582/1769 1269/1435/843
f 2553/3584/1770 2554/3585/1771 2555/3586/1772
f 2556/3587/1773 2553/3584/1770 2555/3586/1772
f 2557/3588/1774 2558/3589/1775 2231/3590/1521
f 2558/3589/1775 2228/3591/602 2231/3590/1521
f 1643/1949/1114 1960/2494/1356 2559/3592/1776
f 811/861/470 1643/1949/1114 2559/3592/1776
f 1637/3593/1114 2560/3594/1359 2561/3595/1776
f 918/3596/624 1637/3593/1114 2561/3595/1776
f 2562/3597/1777 2358/3279/1617 1864/2305/1286
f 2563/3598/1778 2562/3597/1777 1864/2305/1286
f 1648/1956/1118 2564/3599/1779 2565/3600/704
f 698/740/452 1648/1956/1118 2565/3600/704
f 1644/1950/1116 2566/3601/1779 2567/3602/1780
f 1055/1159/452 1644/1950/1116 2567/3602/1780
f 1646/1954/1116 2568/3603/1363 2569/3604/704
f 2186/2932/1492 1646/1954/1116 2569/3604/704
f 2570/3605/1116 1967/2506/1363 1084/1193/704
f 2571/3606/1781 2570/3605/1116 1084/1193/704
f 1640/1946/1114 1963/3607/1359 2572/3608/1782
f 1031/1131/663 1640/1946/1114 2572/3608/1782
f 717/761/469 2573/3609/1359 2574/3610/1776
f 718/762/470 717/761/469 2574/3610/1776
f 2575/3611/1783 2576/3612/1784 2577/3613/1785
f 2340/3614/1605 2575/3615/1783 2577/3616/1785
f 2578/3617/1097 1852/2285/1276 1853/2286/1277
f 169/171/78 770/814/508 2579/3618/1786
f 2580/3619/1787 2581/3620/1788 2582/3621/1789
f 2581/3620/1788 1987/3622/1379 2582/3621/1789
f 2583/3623/1790 2526/3525/1748 2310/3212/1575
f 1440/3211/969 2583/3623/1790 2310/3212/1575
f 435/3624/257 571/604/232 570/603/348
f 1786/3021/1227 1788/2194/1228 435/3625/257
f 1929/2444/1327 2584/3626/1791 1930/2445/1328
f 2005/3627/1391 2149/2842/1462 2151/2844/1464
f 2004/2571/1390 1680/2033/1145 2005/2572/1391
f 1155/3628/258 257/265/118 256/264/117
f 2206/2963/295 2216/2981/296 1155/1285/258
f 2585/3629/1792 2486/3630/1734 2586/3631/1793
f 2587/3632/1794 2585/3629/1792 2586/3631/1793
f 2588/3633/1795 947/3634/639 2589/3635/1796
f 2326/3231/1591 2588/3633/1795 2589/3635/1796
f 2316/3636/1581 2590/3637/1797 2591/3638/1798
f 2592/3639/1799 2316/3636/1581 2591/3638/1798
f 2458/3640/451 2570/3605/1116 2571/3606/1781
f 2459/3641/1709 2458/3640/451 2571/3606/1781
f 2129/2762/1444 1461/1697/988 2130/2763/1445
f 2129/2762/1444 1459/1695/986 1461/1697/988
f 2576/3642/1784 2540/3643/1759 2593/3644/1800
f 2577/3645/1785 2576/3642/1784 2593/3644/1800
f 2594/3646/1801 2190/2940/1494 2191/2942/1495
f 1749/2140/1202 318/330/163 317/329/162
f 2210/3647/1507 1488/3648/1011 525/548/320
f 838/2968/560 1488/1736/1011 2210/3649/1507
f 2595/3650/1802 1214/1367/803 2596/3651/1627
f 1214/1367/803 2597/3652/602 2596/3651/1627
f 2598/3653/1803 2539/3654/1757 2540/3643/1759
f 2576/3642/1784 2598/3653/1803 2540/3643/1759
f 1913/3655/1313 485/3656/297 201/203/96
f 880/3020/592 485/507/297 1913/3657/1313
f 1363/1564/912 1362/1563/911 1024/1124/657
f 1839/2265/1263 2599/3658/864 2100/2711/1438
f 2600/3659/1804 884/960/596 2601/3660/1805
f 2602/3661/1806 2601/3660/1805 884/960/596
f 911/992/617 913/994/619 1273/1439/384
f 2603/3662/1807 911/992/617 1273/1439/384
f 2332/3663/1808 2604/3664/1809 2438/3406/1691
f 2437/3405/1690 2332/3663/1808 2438/3406/1691
f 2320/3665/1585 2319/3404/1584 2527/3666/1749
f 2526/3525/1748 2320/3667/1585 2527/3526/1749
f 176/2606/1409 2030/2608/1411 646/684/411
f 1632/1932/1109 2031/2609/1412 1633/1933/1110
f 2605/3668/1651 1064/3669/687 1063/3670/686
f 2606/3671/1810 2605/3672/1651 1063/3673/686
f 1320/3674/385 1322/3675/888 1321/3676/887
f 1855/2289/1279 1320/1508/385 1321/2779/887
f 2607/3677/1811 2608/3678/1812 2609/3679/1813
f 2610/3680/1814 2607/3677/1811 2609/3679/1813
f 2611/3681/1815 2442/3682/1694 2445/3683/1697
f 2612/3684/1816 2611/3681/1815 2445/3683/1697
f 2613/3685/1817 2614/3686/1818 2615/3687/1819
f 2435/3688/1688 2613/3685/1817 2615/3687/1819
f 1737/2124/1193 1235/1392/822 2385/3689/1641
f 594/632/363 1737/3690/1193 2385/3691/1641
f 1565/1846/1061 1567/1848/573 1566/1847/657
f 736/3692/486 2099/2708/83 563/3693/342
f 2616/3694/1820 2613/3695/1817 2617/3696/1821
f 2618/3697/1822 2616/3698/1820 2617/3699/1821
f 1469/3700/996 2585/3629/1792 2587/3632/1794
f 2619/3701/1823 1469/3700/996 2587/3632/1794
f 1805/3702/1240 520/543/159 519/542/158
f 1803/2214/1231 1805/2216/1240 1804/2215/1239
f 1793/3703/1229 939/1026/185 938/1025/184
f 2217/2982/1052 1793/2984/1229 1808/2219/1010
f 1827/3704/1254 1829/2247/320 1828/2246/1255
f 410/429/235 1827/3027/1254 411/430/236
f 1434/3705/778 1822/2240/1249 1821/2239/1248
f 1432/1655/964 1434/1657/778 487/509/299
f 2179/2922/1485 2181/2924/1487 2614/3706/1818
f 2613/3707/1817 2179/2922/1485 2614/3706/1818
f 1102/3708/721 312/324/159 311/323/158
f 1790/2198/1230 1102/1225/721 1789/2196/1229
f 488/3709/300 307/319/156 306/318/118
f 951/2067/256 488/2069/300 1698/2071/1158
f 2620/3710/1824 2453/3429/1704 2456/3432/1707
f 2621/3711/1825 2620/3710/1824 2456/3432/1707
f 393/3712/223 573/606/350 572/605/349
f 1794/2202/289 393/409/223 1792/2200/1232
f 2554/3713/1771 836/891/558 1980/2531/1373
f 2555/3714/1772 2554/3713/1771 1980/2531/1373
f 1554/3715/1053 702/745/456 701/744/455
f 1552/1833/976 1554/1835/1053 1556/1837/1055
f 2393/3346/1649 1846/2278/1270 2394/3347/1650
f 1118/1242/726 1120/2785/728 1119/1243/727
f 1809/3716/1242 1246/1403/317 1245/1402/829
f 1806/3019/1054 1809/2220/1242 1627/3717/1105
f 2622/3718/1826 96/96/21 1636/1940/1113
f 1837/3719/1261 2622/3720/1826 1636/3721/1113
f 2434/3722/1687 2433/3723/1686 2623/3724/1827
f 2624/3725/1828 2434/3726/1687 2623/3727/1827
f 776/820/514 1029/1129/661 1096/3728/714
f 1095/3729/713 776/3730/514 1096/3731/714
f 2488/3732/1736 2625/3733/1829 2626/3734/1830
f 2627/3735/1831 2488/3732/1736 2626/3734/1830
f 375/3736/206 221/227/101 220/226/100
f 1435/1658/966 375/1660/206 1820/2237/1104
f 212/3737/1832 2472/3738/1832 219/3739/1833
f 2472/3456/1721 212/3740/1721 2628/3741/1122
f 2440/3742/1693 2439/3743/1692 2629/3744/1834
f 2630/3745/1835 2440/3742/1693 2629/3744/1834
f 2573/3746/1359 862/929/581 861/928/580
f 2574/3747/1776 2573/3746/1359 861/928/580
f 2631/3748/1836 278/286/132 2632/3749/12
f 2633/3750/1837 2631/3748/1836 2632/3749/12
f 2340/3614/1605 2577/3616/1785 2590/3637/1797
f 2316/3636/1581 2340/3614/1605 2590/3637/1797
f 2556/3587/1773 2555/3586/1772 2634/3751/1838
f 2635/3752/1839 2556/3587/1773 2634/3751/1838
f 2636/3753/1840 2188/3754/1493 2637/3755/1841
f 2432/3756/1685 2636/3757/1840 2637/3758/1841
f 2638/3759/1842 1497/3760/1020 2443/3418/1695
f 2442/3417/1694 2638/3759/1842 2443/3418/1695
f 2639/3761/1843 2635/3762/1839 947/3634/639
f 2588/3633/1795 2639/3761/1843 947/3634/639
f 2560/3594/1359 2640/3763/1844 2641/3764/1845
f 2561/3595/1776 2560/3594/1359 2641/3764/1845
f 2642/3765/1846 2636/3757/1840 2432/3756/1685
f 2431/3766/1684 2642/3765/1846 2432/3756/1685
f 2643/3767/1847 2483/3768/1731 2486/3630/1734
f 2644/3769/1848 2643/3767/1847 2486/3630/1734
f 2645/3770/1849 188/1943/21 1638/1942/1113
f 2646/3771/540 2645/3770/1849 1638/1942/1113
f 2647/3772/703 236/244/30 746/790/19
f 745/789/489 2647/3772/703 746/790/19
f 1963/2499/1359 598/2501/367 2648/3773/580
f 2572/3774/1782 1963/3775/1359 2648/3776/580
f 2649/3777/1850 2490/3488/1738 2188/3754/1493
f 2636/3753/1840 2649/3777/1850 2188/3754/1493
f 2650/3778/1851 2651/3779/1852 2652/3780/1845
f 2559/3592/1776 2650/3778/1851 2652/3780/1845
f 2132/2768/703 106/106/30 1647/1955/19
f 2133/2769/1447 2132/2768/703 1647/1955/19
f 2566/3601/1779 802/850/533 801/849/532
f 2567/3602/1780 2566/3601/1779 801/849/532
f 2653/3781/1853 142/144/21 1641/1947/75
f 812/862/540 2653/3781/1853 1641/1947/75
f 2654/3782/1849 166/3783/76 165/3784/75
f 2655/3785/1854 2654/3786/1849 165/167/75
f 2656/3787/703 194/196/89 603/641/372
f 602/640/371 2656/3787/703 603/641/372
f 2657/3788/1855 2621/3789/1825 1987/3622/1379
f 2581/3620/1788 2657/3788/1855 1987/3622/1379
f 2568/3603/1363 1795/3301/1233 2367/3300/532
f 2569/3604/704 2568/3603/1363 2367/3300/532
f 2658/3790/1856 752/796/494 755/799/497
f 2659/3791/1857 2658/3790/1856 755/799/497
f 1976/3792/204 2660/3793/1858 1753/3794/206
f 1753/2144/206 2661/3795/1859 528/551/101
f 2662/3796/1860 2663/3797/1861 2454/3430/1705
f 2453/3429/1704 2662/3796/1860 2454/3430/1705
f 1967/2506/1363 2664/3798/1625 2665/3799/1862
f 1084/1193/704 1967/2506/1363 2665/3799/1862
f 1999/2566/1385 1998/2565/549 1833/2256/1243
f 1998/2565/549 892/971/600 1833/2256/1243
f 2655/3785/1854 165/167/75 2354/3800/1460
f 2353/3271/1615 2655/3801/1854 2354/3272/1460
f 2666/3802/1863 2667/3803/1864 762/806/503
f 2668/3804/1865 2666/3802/1863 762/806/503
f 1815/2423/222 2669/3805/1866 1212/1364/801
f 1814/3806/1246 2670/3807/1867 1815/3808/222
f 2671/3809/1868 765/809/506 678/716/437
f 677/715/436 2671/3809/1868 678/716/437
f 2564/3599/1779 2672/3810/1625 2673/3811/1869
f 2565/3600/704 2564/3599/1779 2673/3811/1869
f 2602/3661/1806 884/960/596 2674/3812/1870
f 2675/3813/1871 2602/3661/1806 2674/3812/1870
f 2676/3814/1872 2451/3426/1702 2530/3529/1752
f 2662/3796/1860 2676/3815/1872 2530/3816/1752
f 2477/3467/1725 2542/3560/1761 2544/3562/1763
f 2477/3467/1725 2544/3562/1763 2478/3468/1726
f 78/78/8 468/2120/282 2677/3817/1440
f 2678/3818/1714 78/78/8 2677/3817/1440
f 1671/2024/1137 1066/2829/689 2145/2828/1459
f 1672/2025/1138 1671/2024/1137 2145/2828/1459
f 461/483/275 460/482/274 2242/3035/1531
f 1687/2048/1148 2679/3819/574 1800/2211/1237
f 2680/3820/1873 2631/3748/1836 2633/3750/1837
f 2560/3594/1359 2680/3821/1873 2633/3822/1837
f 402/420/227 2681/3823/1874 1727/2108/1184
f 2681/3823/1874 86/116/15 1727/2108/1184
f 1230/1387/817 1232/1389/819 2682/3824/1875
f 2021/2591/1404 1230/1387/817 2682/3824/1875
f 433/454/255 791/839/525 1757/3825/1209
f 2380/3324/1636 1757/3826/1209 1756/2148/1208
f 2475/3827/1723 2683/3828/337 2684/3829/1876
f 2685/3830/1877 2475/3827/1723 2684/3829/1876
f 2686/3831/1878 2687/3832/1879 2490/3488/1738
f 2687/3832/1879 2487/3485/1735 2490/3488/1738
f 2150/2843/1463 2101/3833/1439 1093/1212/711
f 2151/2844/1464 2150/2843/1463 1093/1212/711
f 2546/3572/1764 2021/2591/1404 591/629/360
f 2547/3573/1765 2546/3572/1764 591/629/360
f 2688/3834/5 2689/3835/5 847/3091/5
f 2689/3835/5 2256/3088/5 847/3091/5
f 2690/3836/1880 1801/3837/1238 1946/2474/1342
f 1945/2473/1341 2690/3836/1880 1946/2474/1342
f 2691/3838/1881 2603/3662/1807 2692/3839/1746
f 2693/3840/1882 2691/3838/1881 2692/3839/1746
f 1160/3841/726 2463/3842/730 2694/3843/1883
f 1161/3844/760 1160/3841/726 2694/3843/1883
f 1682/2037/1146 934/1021/634 929/1016/629
f 2551/3579/1768 1682/2037/1146 929/1016/629
f 1287/2454/1335 1937/2453/1334 2256/3845/1884
f 2256/3846/1885 1284/1453/856 1287/1455/858
f 2695/3847/1886 1915/2426/1314 730/774/481
f 729/773/480 2695/3847/1886 730/774/481
f 2696/3848/1887 1495/2562/1018 1996/2561/1383
f 2697/3849/1888 2696/3848/1887 1996/2561/1383
f 2698/3850/1889 2699/3851/1890 2700/3852/1891
f 2701/3853/1892 2698/3850/1889 2700/3852/1891
f 2702/3854/1648 2199/2952/1499 1956/2490/1352
f 783/3855/1893 2199/2952/1499 2702/3854/1648
f 2619/3701/1823 2587/3632/1794 2482/3856/1730
f 2481/3477/1729 2619/3857/1823 2482/3478/1730
f 2703/3858/2 2704/3859/2 356/3860/2
f 355/3861/3 356/3862/3 2704/3863/3
f 2705/3864/1894 2706/3865/1895 2604/3866/1809
f 2332/3867/1808 2705/3868/1894 2604/3869/1809
f 670/708/429 2707/3870/1896 2708/3871/1897
f 671/709/430 670/708/429 2708/3871/1897
f 2709/3872/1898 2710/3873/1899 2711/3874/1900
f 2712/3875/1901 2709/3872/1898 2711/3874/1900
f 2580/3619/1787 2582/3621/1789 2706/3865/1895
f 2705/3864/1894 2580/3619/1787 2706/3865/1895
f 2713/3876/431 753/797/495 2714/3877/477
f 2714/3877/477 2715/3878/1902 2713/3876/431
f 149/1718/1002 2303/3175/1568 1477/1719/243
f 688/730/446 690/732/116 149/151/61
f 2630/3745/1835 2629/3744/1834 2491/3879/1739
f 2449/3424/1700 2630/3880/1835 2491/3489/1739
f 2104/2715/1442 1656/1969/1125 1497/3881/1020
f 2638/3882/1842 2104/3883/1442 1497/3884/1020
f 2621/3711/1825 2456/3432/1707 2716/3885/1903
f 1987/3622/1379 2621/3789/1825 2716/3886/1903
f 2717/3887/1904 2718/3888/1905 2719/3889/1906
f 2720/3890/1907 2717/3891/1904 2719/3892/1906
f 1242/1399/827 1729/2282/1186 1994/2559/1381
f 1994/3893/1381 1729/2110/1186 1731/2112/1188
f 2721/3894/1908 2722/3895/1909 1498/1747/1021
f 1497/1746/1020 2721/3894/1908 1498/1747/1021
f 2624/3725/1828 2623/3727/1827 836/3896/558
f 2554/3585/1771 2624/3897/1828 836/3898/558
f 1544/3565/4 1543/3899/4 1826/3566/4
f 1826/3900/2 1543/3901/2 1823/3902/2
f 2723/3903/1910 905/2479/612 1587/1873/1079
f 1586/1872/1078 2723/3903/1910 1587/1873/1079
f 2610/3680/1814 2609/3679/1813 475/3904/287
f 2719/3905/1906 2610/3906/1814 475/3907/287
f 2724/3908/1911 2611/3681/1815 2612/3684/1816
f 2725/3909/1912 2724/3910/1911 2612/3911/1816
f 2714/3877/477 753/797/495 2726/3912/1896
f 752/796/494 2726/3912/1896 753/797/495
f 1417/3913/1913 2727/3914/598 2728/3915/1914
f 2729/3916/500 2727/3914/598 1417/3913/1913
f 887/963/431 757/801/499 2730/3917/477
f 2730/3917/477 675/713/434 887/963/431
f 2731/3918/1915 337/350/181 2732/3919/1916
f 2733/3920/1917 2731/3918/1915 2732/3919/1916
f 1042/1144/667 1041/1143/666 2734/3921/1918
f 1041/1143/666 331/344/176 2734/3921/1918
f 1463/1700/990 648/686/413 1466/1703/993
f 2735/3922/1919 648/2849/413 2152/2851/1465
f 2135/2773/1449 1243/1400/88 1240/1397/826
f 1240/1397/826 2736/3923/1920 2105/2717/839
f 2737/3924/1921 2738/3925/1922 288/3926/138
f 1561/1842/1059 2737/3927/1921 288/3928/138
f 2739/3929/1923 2740/3930/1924 2741/3931/1397
f 649/687/414 1293/3932/863 650/688/415
f 2008/2577/1393 1542/1821/1041 649/687/414
f 2022/2592/1405 1615/1909/1098 1612/1906/1095
f 1612/2529/1095 2473/3458/1722 1979/2530/1372
f 1467/3933/994 2462/3440/729 2463/3441/730
f 1160/3841/726 1467/3934/994 2463/3842/730
f 2742/3935/1925 2743/3936/1926 2744/3937/1927
f 2745/3938/1928 2742/3939/1925 2744/3940/1927
f 2746/3941/1929 2602/3661/1806 2675/3813/1871
f 885/961/597 2746/3941/1929 2675/3813/1871
f 53/1757/1 1285/1756/1 826/3942/1
f 826/3943/5 2688/3834/5 847/3091/5
f 2239/3092/1530 1598/3944/1087 341/354/185
f 1988/2544/1230 1598/2546/1087 2239/3022/1530
f 1537/1816/1037 1876/3945/777 347/360/190
f 2245/3039/965 1876/2321/777 1537/3946/1037
f 2240/3093/1119 1187/3947/778 408/427/233
f 1747/2136/1200 1187/2138/778 2240/3025/1119
f 2246/3041/1534 1625/3043/1037 1649/2978/1119
f 1649/1957/1119 1625/3948/1037 492/515/189
f 1740/3949/3 1823/3950/3 2361/3951/3
f 1543/3901/2 2361/3952/2 1823/3902/2
f 2421/3380/1675 2747/3953/1930 2422/3381/1676
f 2748/3954/1931 2277/3137/1557 2749/3955/1932
f 2277/3137/1557 369/385/200 2749/3955/1932
f 2750/3956/1933 1601/3957/1090 1600/3958/1089
f 2751/3959/832 2750/3956/1933 1600/3958/1089
f 805/3960/536 2752/3961/1934 2751/3959/832
f 806/3962/537 805/3960/536 2751/3959/832
f 2004/2571/1390 1678/2031/1143 1680/2033/1145
f 767/811/63 118/120/40 768/812/64
f 1223/1376/809 2138/2782/795 1760/2155/1213
f 1223/1376/809 1760/2155/1213 2018/2588/1401
f 2678/3818/1714 136/2119/51 349/3963/103
f 348/361/102 2678/3964/1714 349/362/103
f 219/3739/1935 2472/3738/1936 2753/3965/1935
f 219/3966/1937 2753/3967/1938 2754/3968/1939
f 2101/2712/1439 776/820/514 1095/3969/713
f 1093/1212/711 2101/3833/1439 1095/1565/713
f 2754/3968/1939 214/3970/1940 219/3966/1937
f 2754/3971/1939 2628/3972/1941 214/3973/1940
f 569/2879/1479 2755/3974/1942 2168/2880/1480
f 2756/3975/92 2006/3976/94 569/602/347
f 2269/3977/15 2757/3978/1943 2758/3979/1944
f 1811/2222/1244 2269/3129/15 2758/3980/1944
f 2759/3981/1945 2760/3982/1943 113/3983/37
f 112/112/36 2759/3984/1945 113/113/37
f 2668/3804/1865 886/962/506 2761/3985/1946
f 2761/3985/1946 2666/3802/1863 2668/3804/1865
f 2397/3986/1652 2762/3987/1947 2763/3988/1948
f 2398/3366/1545 2397/3986/1652 2763/3988/1948
f 2764/3989/1949 1545/1824/1044 1544/1823/1043
f 1544/3563/1 10/1481/1 2764/3990/1
f 1362/1563/911 1025/1125/573 1024/1124/657
f 871/942/447 873/944/83 172/3991/81
f 1939/3992/884 1938/3993/884 1696/3994/4
f 1938/2456/5 1939/2457/5 9/1727/5
f 2765/3995/1950 1155/3628/258 256/264/117
f 2372/3309/1630 2765/3995/1950 2766/3996/1951
f 436/3997/258 435/3624/257 570/603/348
f 1757/3826/1209 436/3997/258 2767/3998/96
f 484/3999/296 2240/3093/1119 407/426/232
f 485/3656/297 484/3999/296 2768/4000/1952
f 1361/1561/365 1042/1144/667 2769/4001/1953
f 335/348/179 1361/3048/365 2769/4002/1953
f 1597/4003/223 1815/2423/222 1211/1363/800
f 1598/3944/1087 1597/4003/223 2770/4004/1954
f 229/235/42 231/237/109 1471/1709/16
f 793/1708/15 229/235/42 1471/1709/16
f 1487/4005/1010 2239/3092/1530 340/353/184
f 1488/3648/1011 1487/4005/1010 2771/4006/317
f 2135/2773/1449 1241/1398/87 1243/1400/88
f 2106/2718/68 713/2720/66 2136/2774/67
f 1624/4007/1104 1622/3557/1102 494/517/304
f 1625/3948/1037 1624/4007/1104 2772/4008/1955
f 460/482/274 1871/2314/28 1872/2315/1292
f 2536/3543/1754 1143/4009/751 178/180/67
f 1186/4010/777 1753/2144/206 527/550/100
f 1187/3947/778 1186/4010/777 2773/4011/1955
f 1875/4012/1294 2541/3558/1760 226/232/105
f 1876/3945/777 1875/4012/1294 2774/4013/1956
f 2775/4014/98 2776/4015/1957 315/327/160
f 314/326/22 2775/4014/98 315/327/160
f 2393/3346/1649 1844/2276/1268 1846/2278/1270
f 2178/2901/1484 162/2903/72 2395/3348/1569
f 119/121/42 121/123/44 2757/3978/1943
f 2269/3977/15 119/121/42 2757/3978/1943
f 2777/4016/1235 1030/4017/662 1032/3292/664
f 2362/3291/1623 2777/4016/1235 1032/3292/664
f 2778/4018/1958 1993/2558/1178 1729/2282/1186
f 714/758/466 2779/4019/334 715/759/467
f 2780/4020/1959 1564/1845/912 1865/2306/1263
f 1784/4021/1226 564/597/343 1282/4022/41
f 2781/4023/1960 2782/4024/1961 456/4025/269
f 534/557/1 456/4026/1 2782/4027/789
f 2741/3931/1397 1706/4028/1165 2739/3929/1923
f 357/4029/1962 358/4030/4 2783/4031/4
f 2783/4032/1 358/4033/1 206/1962/1
f 1740/2128/1 2360/4034/1 53/1757/1
f 2784/4035/3 1740/3949/3 2361/3951/3
f 2785/4036/1963 792/840/39 134/4037/49
f 133/135/48 2785/4038/1963 134/136/49
f 2786/4039/1630 2261/3105/1547 953/1044/644
f 2532/3531/1629 2786/4039/1630 1723/2103/1180
f 1339/1534/555 1470/1707/997 2787/4040/1964
f 1340/1535/903 1339/1534/555 2787/4040/1964
f 1147/2096/1177 1719/2098/1097 1718/2097/1178
f 875/948/334 877/950/78 1147/4041/334
f 1580/1866/1073 1582/1868/1075 2788/4042/1965
f 1669/2022/55 1580/1866/1073 2788/4042/1965
f 2789/4043/1966 2314/3218/1579 1862/2302/1284
f 1139/4044/747 2789/4043/1966 1862/2302/1284
f 2039/4045/5 2026/4046/303 2040/4047/5
f 2039/4045/5 2301/4048/303 2026/4046/303
f 2790/4049/1967 1177/4050/768 999/4051/648
f 2791/4052/1968 2790/4049/1967 999/4051/648
f 2792/4053/1969 1136/4054/744 1135/4055/743
f 1215/1368/804 2792/4053/1969 1135/4055/743
f 137/139/52 2793/4056/1970 2794/4057/1971
f 138/140/53 137/139/52 2794/4057/1971
f 1292/2950/1497 2198/2949/1496 2795/4058/911
f 1541/1820/657 854/919/573 856/921/575
f 851/934/571 2166/4059/1475 2164/4060/1474
f 2166/4061/1475 851/914/571 848/913/568
f 2625/3733/1829 638/4062/403 734/4063/354
f 2626/3734/1830 2625/3733/1829 734/4063/354
f 2000/2567/1386 1999/2566/1385 2796/4064/1972
f 1635/4065/1112 2000/4066/1386 2796/4067/1972
f 2026/4046/303 1883/4068/5 2040/4047/5
f 1883/4068/5 1884/4069/5 2040/4047/5
f 2797/4070/1973 2479/3473/1727 2798/4071/1974
f 54/4072/1975 1194/4073/1975 1515/4074/1976
f 1194/1338/6 54/4075/6 53/1339/785
f 192/194/87 2047/2644/1422 2046/2643/1221
f 2234/3010/1524 2799/4076/467 155/157/66
f 1812/2224/5 400/4077/5 637/1772/5
f 400/4078/1 1812/4079/1 1861/4080/1
f 450/3570/3 2201/4081/3 2545/3568/3
f 217/559/1 2545/4082/1 2201/2956/1501
f 1438/1664/967 1440/1666/969 2333/3241/1598
f 1940/2460/1337 1438/1664/967 2333/3241/1598
f 2229/4083/981 1083/1192/703 93/93/18
f 2800/4084/600 2229/3003/981 93/1669/18
f 1854/2287/1278 1421/1642/958 2801/4085/1977
f 1173/1310/766 1854/4086/1278 2801/4087/1977
f 812/862/540 1641/1947/75 2802/4088/202
f 1604/1893/1092 812/1267/540 2802/4089/202
f 356/3860/2 357/4090/2 2703/3858/2
f 2783/4031/4 2703/4091/1962 357/4029/1962
f 1884/4069/5 2260/4092/5 2040/4047/5
f 1884/4069/5 2032/4093/5 2260/4092/5
f 2557/3588/1774 2231/3590/1521 1177/4050/768
f 2790/4049/1967 2557/3588/1774 1177/4050/768
f 2781/4094/1960 2803/4095/1978 2185/2930/1491
f 456/4025/269 2803/4096/1978 2781/4023/1960
f 1761/2156/1073 1763/2158/1215 2804/4097/1979
f 412/433/55 1761/2156/1073 2804/4097/1979
f 2805/4098/1357 1331/4099/896 509/4100/309
f 2436/4101/1689 2805/4098/1357 509/4100/309
f 2806/4102/1980 587/4103/356 585/623/354
f 584/622/353 2806/4102/1980 585/623/354
f 1662/2006/1130 2807/4104/1981 2808/4105/1982
f 1663/2007/1131 1662/2006/1130 2808/4105/1982
f 1271/1437/845 518/541/9 2672/4106/1625
f 2564/3599/1779 1271/1964/845 2672/3810/1625
f 2809/4107/1983 508/4108/308 935/4109/635
f 2527/4110/1749 2809/4107/1983 935/4109/635
f 369/385/200 1056/1161/679 300/1160/150
f 1420/1641/957 369/385/200 300/1160/150
f 2810/4111/1984 1308/4112/1985 787/4113/521
f 2811/4114/1986 2810/4111/1984 787/4113/521
f 2812/4115/1987 1048/4116/672 634/1321/401
f 1181/1320/772 2812/4115/1987 634/1321/401
f 1605/1895/1093 661/699/426 1835/4117/397
f 2608/4118/1812 1605/1895/1093 1835/4117/397
f 882/958/594 1270/1436/844 2813/4119/1988
f 883/959/595 882/958/594 2813/4119/1988
f 2814/4120/1989 1105/4121/724 512/4122/312
f 2815/4123/1990 2814/4120/1989 512/4122/312
f 465/487/279 467/489/281 1685/4124/1147
f 2816/4125/1696 465/487/279 1685/4124/1147
f 2817/4126/1991 1924/2436/1323 1359/1559/908
f 1358/1558/907 2817/4126/1991 1359/1559/908
f 2818/4127/1990 2819/4128/1992 1667/4129/311
f 2820/4130/1993 2818/4127/1990 1667/4129/311
f 2821/4131/1994 706/4132/426 630/4133/397
f 2586/4134/1793 2821/4131/1994 630/4133/397
f 2704/3863/3 2222/4135/3 355/3861/3
f 216/2521/1 355/4136/1 2222/2989/789
f 2721/3894/1908 2227/3000/1519 2722/3895/1909
f 2227/3000/1519 1655/1968/1124 2722/3895/1909
f 2822/4137/1995 1062/4138/685 685/892/443
f 836/891/558 2822/4137/1995 685/892/443
f 2432/4139/1685 480/4140/292 681/4141/440
f 2823/4142/1996 2432/4139/1685 681/4141/440
f 2824/4143/1997 790/4144/524 587/4103/356
f 2806/4102/1980 2824/4143/1997 587/4103/356
f 2608/4118/1812 1835/4117/397 662/4145/403
f 2609/4146/1813 2608/4118/1812 662/4145/403
f 1954/2486/1350 633/1322/400 1183/4147/774
f 2825/4148/1998 1954/2486/1350 1183/4147/774
f 2816/4125/1696 1685/4124/1147 1090/4149/308
f 2629/4150/1834 2816/4125/1696 1090/4149/308
f 2586/4134/1793 630/4133/397 1048/4116/672
f 2812/4115/1987 2586/4134/1793 1048/4116/672
f 2826/4151/1999 813/4152/541 624/2509/391
f 628/666/395 2826/4151/1999 624/2509/391
f 2609/4146/1813 662/4145/403 1316/2421/354
f 475/497/287 2609/4146/1813 1316/2421/354
f 947/1038/639 949/1040/641 639/4153/404
f 2589/4154/1796 947/1038/639 639/4153/404
f 2627/3735/1831 733/4155/484 1314/2939/774
f 2189/2937/1211 2627/3735/1831 1314/2939/774
f 2629/4150/1834 1090/4149/308 699/2504/453
f 463/485/277 2629/4150/1834 699/2504/453
f 1961/2497/1357 1499/1748/1022 814/4156/309
f 2444/4157/1696 1961/2497/1357 814/4156/309
f 2436/4101/1689 509/4100/309 508/4108/308
f 2809/4107/1983 2436/4101/1689 508/4108/308
f 2376/3316/1634 2827/4158/2000 2375/3317/1633
f 2827/4159/1 2376/4160/1 209/558/1
f 2589/4154/1796 639/4153/404 638/4062/403
f 2625/3733/1829 2589/4154/1796 638/4062/403
f 661/1384/426 1229/1386/816 2208/4161/1505
f 1835/2258/397 661/4162/426 2208/2966/1505
f 2823/4142/1996 681/4141/440 1062/4138/685
f 2822/4137/1995 2823/4142/1996 1062/4138/685
f 2484/3480/1732 511/4163/311 707/4164/460
f 2485/3481/1733 2484/3480/1732 707/4164/460
f 2815/4123/1990 512/4122/312 511/4163/311
f 2484/3480/1732 2815/4123/1990 511/4163/311
f 2828/4165/2001 1309/4166/2002 1308/4112/1985
f 2810/4111/1984 2828/4165/2001 1308/4112/1985
f 467/4167/281 2829/4168/2003 2213/4169/1509
f 1685/2973/1147 467/4170/281 2213/2974/1509
f 476/1493/288 1317/1495/881 2830/4171/1510
f 1655/4172/2004 476/4173/288 2830/4174/1510
f 2454/4175/1705 1661/4176/1129 790/4144/524
f 2824/4143/1997 2454/4175/1705 790/4144/524
f 2444/4157/1696 814/4156/309 813/4152/541
f 2826/4151/1999 2444/4157/1696 813/4152/541
f 2346/3257/1610 843/3256/565 840/3205/562
f 531/554/323 2346/3257/1610 840/3205/562
f 2831/4177/2005 2832/4178/2006 1070/4179/693
f 2378/4180/1089 2831/4177/2005 1070/4179/693
f 2527/4110/1749 935/4109/635 1105/4121/724
f 2814/4120/1989 2527/4110/1749 1105/4121/724
f 2811/4114/1986 787/4113/521 1661/4176/1129
f 2454/4175/1705 2811/4114/1986 1661/4176/1129
f 949/2523/641 643/681/408 2209/4181/1506
f 639/677/404 949/4182/641 2209/2967/1506
f 684/722/396 686/724/444 1484/4183/1007
f 1483/1731/1006 684/4184/396 1484/1732/1007
f 2188/2936/1493 1313/2938/261 2833/4185/2007
f 2834/4186/2008 2188/2936/1493 2833/4185/2007
f 1499/4187/1022 1075/1182/698 815/1749/542
f 814/864/309 1499/4188/1022 815/865/542
f 2835/4189/2009 1250/4190/832 600/638/369
f 599/637/368 2835/4189/2009 600/638/369
f 462/484/276 464/486/278 1309/4166/2002
f 2828/4165/2001 462/484/276 1309/4166/2002
f 1540/1819/1040 1292/2950/1497 2795/4058/911
f 2533/4191/341 1292/4192/342 2010/4193/1394
f 1987/2543/1379 586/624/355 444/2154/1212
f 1759/2152/1211 1987/2543/1379 444/2154/1212
f 586/1287/355 1157/1289/758 2207/4194/879
f 444/465/262 586/4195/355 2207/2964/879
f 2309/3208/1573 656/729/421 917/4196/623
f 2836/4197/2010 2309/3208/1573 917/4196/623
f 464/741/278 700/743/454 1310/4198/877
f 1309/1486/876 464/4199/278 1310/1487/877
f 2313/3217/1578 860/927/579 716/4200/468
f 2837/4201/2011 2313/3217/1578 716/4200/468
f 2144/2797/1458 1590/2796/1082 1982/2535/1374
f 948/1039/640 2144/2797/1458 1982/2535/1374
f 633/671/400 635/673/402 2214/4202/1510
f 1183/1324/774 633/4203/400 2214/2976/1510
f 1925/4204/152 2347/3258/1611 2348/3261/1612
f 2838/4205/2012 1925/4204/152 2348/3261/1612
f 2839/4206/2013 2825/4148/1998 1182/4207/773
f 2825/4148/1998 1183/4147/774 1182/4207/773
f 535/1424/1 2302/4208/1 751/856/1
f 2441/3416/4 2302/4209/4 535/3414/4
f 2301/4048/5 2032/4093/5 2026/4046/5
f 2301/4048/5 2260/4092/5 2032/4093/5
f 104/104/28 1778/2179/1221 105/105/29
f 2474/3460/1443 1148/1275/467 158/160/69
f 317/329/162 319/331/164 2840/4210/2014
f 1752/3184/1205 317/329/162 2840/4210/2014
f 290/4211/140 2362/3291/1623 2841/4212/2015
f 390/4213/220 290/4211/140 2841/4212/2015
f 2266/4214/1548 264/272/120 266/274/122
f 1200/1348/6 264/1350/6 2266/4215/6
f 1179/1318/770 1456/2760/983 377/393/208
f 1179/1318/770 377/393/208 376/392/207
f 2842/4216/2016 1392/1596/935 1969/2513/1365
f 2843/4217/2017 2842/4216/2016 1969/2513/1365
f 2304/3176/1484 174/4218/70 176/4219/72
f 922/1004/6 174/1832/6 2304/4220/6
f 1165/1297/764 871/1299/765 171/4221/831
f 171/173/80 871/4222/447 172/174/81
f 2099/4223/2018 103/103/27 2844/4224/2019
f 563/4225/2020 2099/4223/2018 2844/4224/2019
f 1975/3392/1682 2845/4226/2021 2846/4227/2022
f 216/2521/1 2845/4228/1 1975/2522/1
f 2847/4229/2023 2848/4230/4 2849/4231/2024
f 2848/4230/4 2850/4232/1910 2849/4231/2024
f 1603/1892/694 1604/1893/1092 1426/1647/961
f 1425/1646/960 1603/1892/694 1426/1647/961
f 2210/3647/1507 525/548/320 524/547/319
f 2661/3795/1859 2210/3647/1507 524/547/319
f 2851/4233/2025 2852/4234/2026 2853/4235/2027
f 2854/4236/2028 2851/4233/2025 2853/4235/2027
f 2855/4237/2029 1281/1447/852 161/163/71
f 1785/2188/6 1281/2190/6 2855/4238/6
f 2856/4239/2030 2742/3939/1925 2745/3938/1928
f 1065/4240/3 2856/4239/2030 2745/3938/1928
f 2847/4229/2023 2849/4231/2024 2857/4241/2031
f 2858/4242/2032 2847/4229/2023 2857/4241/2031
f 2259/4243/1010 523/546/318 522/545/317
f 1782/2184/1055 2259/4243/1010 522/545/317
f 2728/3915/1914 2727/3914/598 2859/4244/2033
f 2859/4244/2033 2860/4245/2034 2728/3915/1914
f 2861/4246/2035 2697/3849/1888 2862/4247/2036
f 2863/4248/2037 2861/4246/2035 2862/4247/2036
f 1913/3655/1313 201/203/96 200/202/95
f 2669/3805/1866 1913/3655/1313 200/202/95
f 2864/4249/2038 2865/4250/2039 2866/4251/2040
f 2867/4252/2041 2864/4249/2038 2866/4251/2040
f 2868/4253/1926 2869/4254/2042 2870/4255/1891
f 2871/4256/1892 2868/4253/1926 2870/4255/1891
f 759/803/497 2872/4257/2043 957/4258/2044
f 2873/4259/1857 759/803/497 957/4258/2044
f 2820/4130/1993 1667/4129/311 660/698/425
f 659/697/424 2820/4130/1993 660/698/425
f 2874/4260/2045 2875/4261/1892 1664/2016/1132
f 2876/4262/2046 2874/4260/2045 1664/2016/1132
f 59/4263/5 2111/4264/5 2877/4265/5
f 1777/4266/2047 2878/4267/2048 1775/4268/6
f 374/4269/205 1781/2183/1224 1447/1678/106
f 375/3736/206 374/4269/205 221/227/101
f 2879/4270/2049 1463/1700/990 1466/1703/993
f 199/4271/94 151/153/63 153/155/64
f 479/4272/291 2532/3531/1629 1722/2102/1179
f 1805/3702/1240 479/4272/291 520/543/159
f 1788/4273/1228 1537/1816/1037 346/359/189
f 435/3624/257 1788/4273/1228 571/604/232
f 1101/4274/720 2371/3308/1629 1738/2126/1179
f 1102/3708/721 1101/4274/720 312/324/159
f 1804/4275/1239 1805/3702/1240 519/542/158
f 2259/4243/1010 1804/4275/1239 523/546/318
f 1820/4276/1104 375/3736/206 220/226/100
f 1434/3705/778 1820/4276/1104 1822/2240/1249
f 1792/4277/1232 393/3712/223 572/605/349
f 1793/3703/1229 1792/4277/1232 939/1026/185
f 487/4278/299 1434/3705/778 1821/2239/1248
f 488/3709/300 487/4278/299 307/319/156
f 1789/4279/1229 1102/3708/721 311/323/158
f 1554/3715/1053 1789/4279/1229 702/745/456
f 1556/4280/1055 1554/3715/1053 701/744/455
f 1827/3704/1254 1556/4280/1055 1829/2247/320
f 1627/4281/1105 1809/3716/1242 1245/1402/829
f 2541/3558/1760 1627/4281/1105 227/233/106
f 1808/4282/1010 1793/3703/1229 938/1025/184
f 1809/3716/1242 1808/4282/1010 1246/1403/317
f 2216/4283/296 1649/1957/1119 491/514/302
f 1155/3628/258 2216/4283/296 257/265/118
f 411/4284/236 1827/3704/1254 1828/2246/1255
f 1622/3557/1102 411/4284/236 495/518/305
f 1/4285/5 2114/4286/5 2880/4287/5
f 1774/4288/2047 2881/4289/2048 1772/4290/6
f 2882/4291/2050 488/3709/300 306/318/118
f 2261/3105/1547 2882/4291/2050 954/1045/96
f 2/4292/6 2120/4293/6 2883/4294/6
f 1902/4295/5 2884/4296/5 1891/4297/5
f 2885/4298/2051 2886/4299/2052 2635/3752/1839
f 2639/3761/1843 2885/4300/2051 2635/3762/1839
f 60/4301/6 2123/4302/6 2887/4303/6
f 1895/4304/5 2888/4305/5 1893/4306/5
f 72/4307/6 2126/4308/6 2889/4309/6
f 1911/4310/5 2890/4311/5 1909/4312/5
f 1973/2517/1369 1972/2516/1368 2891/4313/2053
f 392/4314/222 2380/3324/1636 1755/2147/1207
f 393/3712/223 392/4314/222 573/606/350
f 71/4315/5 2117/4316/5 2892/4317/5
f 1771/4318/2047 2893/4319/2048 1769/4320/6
f 1007/1103/655 1334/1522/899 1003/1099/651
f 1334/1522/899 1336/1524/901 1003/1099/651
f 2834/4186/2008 2833/4185/2007 480/4140/292
f 2432/4139/1685 2834/4186/2008 480/4140/292
f 1462/4321/3 1209/4322/3 2894/4323/3
f 2895/4324/2 2894/4325/2 1209/4326/2
f 2896/4327/2054 541/567/326 2185/2931/1491
f 541/566/1 2896/4328/1 534/557/1
f 2485/3481/1733 707/4164/460 706/4132/426
f 2821/4131/1994 2485/3481/1733 706/4132/426
f 2192/4329/6 2897/4330/6 2110/4331/6
f 1346/4332/5 1818/4333/5 2898/4334/5
f 2899/4335/2055 2900/4336/11 2901/4337/2056
f 2651/4338/1852 2899/4335/2055 2901/4337/2056
f 1305/4339/4 2895/4340/4 1208/4341/4
f 1208/4342/2 2895/4324/2 1209/4326/2
f 2902/4343/2057 1319/1507/886 1318/1506/885
f 2425/3386/1678 2902/4343/2057 1318/1506/885
f 2903/4344/2058 2904/4345/2059 2465/3443/1713
f 2464/3442/1712 2903/4344/2058 2465/3443/1713
f 2905/4346/2060 2906/4347/384 1830/2248/1256
f 2907/4348/2061 2905/4346/2060 1830/2248/1256
f 2908/4349/2062 2909/4350/1717 775/819/513
f 2910/4351/1712 2908/4349/2062 775/819/513
f 1801/2212/1238 1725/2106/1182 2911/4352/2063
f 1946/4353/1342 1801/4354/1238 2911/4355/2063
f 2912/4356/513 2469/3452/1717 1399/1605/939
f 1402/1608/940 2912/4357/513 1399/2869/939
f 2500/3498/1747 616/654/384 2913/4358/2064
f 1225/1379/811 2500/3498/1747 2913/4358/2064
f 2603/3662/1807 1273/1439/384 2914/4359/2065
f 2692/3839/1746 2603/3662/1807 2914/4359/2065
f 2194/4360/6 2915/4361/6 2113/4362/6
f 5/4363/5 1816/4364/5 2916/4365/5
f 2917/4366/2066 1767/2166/1219 1252/2847/712
f 2918/4367/2067 2917/4366/2066 1252/2847/712
f 2193/4368/6 2919/4369/6 2116/4370/6
f 1217/4371/5 1817/4372/5 2920/4373/5
f 853/4374/4 1305/4339/4 1208/4341/4
f 853/4375/1 10/1481/1 1305/1480/1
f 2344/3252/1181 2343/3254/1608 2909/4350/1717
f 2908/4349/2062 2344/3252/1181 2909/4350/1717
f 1937/4376/1 1936/2452/1 852/2451/1
f 2257/3089/5 852/4377/5 846/3090/5
f 1690/2051/1151 1948/2476/1344 1949/2477/1345
f 2238/3016/1529 2253/4378/343 429/450/41
f 517/540/316 2355/3273/1461 2921/4379/8
f 518/541/9 517/540/316 2921/4379/8
f 425/446/248 427/448/250 2190/2940/1494
f 1396/1600/938 425/446/248 2190/2940/1494
f 1464/1701/991 2008/2577/1393 649/687/414
f 152/154/40 2009/2578/1226 2011/2580/41
f 2922/4380/2068 2235/4381/1527 2237/4382/1527
f 1614/1908/1097 1205/1357/794 1207/1359/796
f 2043/2634/1421 148/4383/60 150/4384/62
f 2923/4385/2069 2924/4386/2070 2925/4387/2071
f 1832/4388/2072 2923/4385/2069 2925/4387/2071
f 2258/4389/2073 2926/4390/2074 2927/4391/2075
f 2928/4392/1721 2258/4389/2073 2927/4391/2075
f 690/4393/2076 645/683/410 2303/3175/1568
f 149/1718/1002 690/4393/2076 2303/3175/1568
f 240/2878/1478 2168/2880/1480 2929/4394/1568
f 241/4395/2077 240/2878/1478 2929/4394/1568
f 2930/4396/2078 2284/3146/1562 2283/3145/1561
f 2931/4397/2079 65/4398/2080 64/4399/2079
f 1053/1157/677 1055/1159/452 1454/4400/981
f 1453/1687/980 1053/4401/677 1454/1688/981
f 2392/3345/1648 2394/3347/1650 420/441/244
f 419/440/243 2392/3345/1648 420/441/244
f 2904/4345/2059 590/4402/359 1842/2775/1266
f 2465/3443/1713 2904/4345/2059 1842/2775/1266
f 2932/4403/2079 553/4404/2079 538/4405/2079
f 2220/2987/1513 2219/2986/1512 2159/4406/2081
f 2159/2863/1 2140/2862/1 2220/4407/1
f 2495/4408/2082 2933/4409/2083 2743/3936/1926
f 2496/4410/2084 2495/4408/2082 2743/3936/1926
f 2871/4256/1892 2870/4255/1891 1742/4411/1195
f 2934/4412/2085 2871/4413/1892 1742/2131/1195
f 1852/2285/1276 1275/1441/848 1277/1443/849
f 770/4414/508 241/249/61 2579/4415/1786
f 2265/3110/794 419/440/243 421/442/245
f 2266/4214/1548 266/274/122 2267/4416/62
f 2935/4417/2070 2927/4391/2075 2936/4418/2086
f 2937/4419/2035 2935/4417/2070 2936/4418/2086
f 1611/1905/1094 2022/2592/1405 1612/1906/1095
f 921/1003/627 2023/2593/334 2025/2595/334
f 2938/4420/2 2939/4421/2087 2933/4409/2083
f 2495/4408/2082 2938/4420/2 2933/4409/2083
f 873/4422/2018 2135/2773/1449 2134/2772/1448
f 172/4423/2088 873/4422/2018 2134/2772/1448
f 2447/3499/818 1225/1379/811 2940/4424/819
f 933/1020/633 2447/3422/818 2940/4425/819
f 2941/4426/2089 2696/3848/1887 2697/3849/1888
f 2861/4246/2035 2941/4426/2089 2697/3849/1888
f 2942/4427/2090 2943/4428/2091 2699/3851/1890
f 2944/4429/2082 2942/4427/2090 2699/3851/1890
f 2924/4386/2070 2945/4430/2075 2946/4431/2092
f 2925/4387/2071 2924/4386/2070 2946/4431/2092
f 2947/4432/2 2948/4433/2093 2869/4254/2042
f 2949/4434/2082 2947/4432/2 2869/4254/2042
f 2950/4435/2094 2951/4436/2095 2952/4437/2096
f 2953/4438/2082 2950/4435/2094 2952/4437/2096
f 2854/4236/2028 2853/4235/2027 2865/4250/2039
f 2864/4249/2038 2854/4236/2028 2865/4250/2039
f 2954/4439/2097 2955/4440/2098 2943/4428/2091
f 2942/4427/2090 2954/4439/2097 2943/4428/2091
f 2956/4441/2099 2843/4442/2017 2945/4430/2075
f 2957/4443/1721 2956/4441/2099 2945/4430/2075
f 2958/4444/2100 2701/4445/1892 651/689/416
f 2959/4446/2101 2958/4444/2100 651/689/416
f 2960/4447/2038 2935/4417/2070 2937/4419/2035
f 2386/4448/2072 2960/4447/2038 2937/4419/2035
f 2953/4438/2082 2952/4437/2096 2961/4449/2102
f 1097/4450/2103 2953/4438/2082 2961/4449/2102
f 2948/4433/2093 2962/4451/2098 2963/4452/2104
f 2869/4254/2042 2948/4433/2093 2963/4452/2104
f 2843/4217/2017 1969/2513/1365 2964/4453/2105
f 2945/4430/2075 2843/4442/2017 2964/4454/2105
f 157/159/68 2474/3460/1443 158/160/69
f 1201/1351/6 2474/3462/6 157/2709/6
f 2951/4436/2095 2965/4455/2106 2966/4456/2107
f 2952/4437/2096 2951/4436/2095 2966/4456/2107
f 58/4457/2108 1907/4458/2109 2967/4459/2110
f 2196/4460/5 2968/4461/5 2122/4462/5
f 784/832/508 2424/3383/446 785/833/519
f 830/882/553 2424/3385/628 784/2085/1170
f 770/4414/508 239/247/115 241/249/61
f 874/945/6 239/2615/6 770/1301/6
f 2238/3016/1529 691/4463/80 2253/4378/343
f 2969/4464/2111 691/1409/831 2238/3017/1483
f 26/4465/2108 1892/4466/2109 2970/4467/2110
f 2195/4468/5 2971/4469/5 2119/4470/5
f 1098/1217/716 554/1219/717 2234/3011/1525
f 2234/3010/1524 554/586/333 2799/4076/467
f 2382/4471/2112 2698/3850/1889 2701/3853/1892
f 2972/4472/2113 2382/4473/2112 2701/4445/1892
f 70/4474/2114 1910/4475/2109 2973/4476/2110
f 2197/4477/5 2974/4478/5 2125/4479/5
f 555/2034/334 1712/2087/1172 1681/2035/78
f 1098/1217/716 1712/2086/1171 555/1218/6
f 2632/3749/12 278/286/132 1810/2221/1243
f 278/286/132 280/288/134 1810/2221/1243
f 1965/2503/1361 1964/2502/1360 1845/2277/1269
f 161/163/71 1281/1447/852 1283/1449/251
f 829/2951/1498 191/193/86 2198/2949/1496
f 829/881/83 154/156/65 156/158/67
f 2975/4480/2115 2976/4481/2116 2965/4482/2106
f 2977/4483/2117 2975/4484/2115 2965/4455/2106
f 2978/4485/2118 729/3114/480 2939/4421/2087
f 2938/4420/2 2978/4485/2118 2939/4421/2087
f 1905/4486/1310 2286/3148/1561 2979/4487/2119
f 2733/3920/1917 2732/3919/1916 1072/1179/695
f 2980/4488/2120 2733/3920/1917 1072/1179/695
f 2981/4489/2032 2982/4490/2121 2962/4491/2098
f 2983/4492/2118 2981/4493/2032 2962/4451/2098
f 2984/4494/2122 1379/1581/926 1378/1580/925
f 1910/4475/2109 70/4474/2114 1908/4495/2123
f 69/4496/2 1908/4497/2 70/4498/2
f 175/2607/1410 1689/2050/1150 2030/2608/1411
f 175/177/64 428/449/251 430/451/252
f 1696/3994/4 1576/4499/4 1939/3992/884
f 8/573/6 1576/1862/6 1696/2066/6
f 2985/4500/2124 1130/1254/738 1129/1253/737
f 2986/4501/2125 1358/3046/907 2247/3045/1535
f 2987/4502/2126 2986/4501/2125 2247/3045/1535
f 1907/4458/2109 58/4457/2108 1894/4503/2127
f 57/57/2 1894/4504/2 58/58/2
f 2988/4505/2128 92/4506/2128 91/4507/2128
f 1858/4508/2129 2989/4509/2130 2990/4510/2131
f 1859/4511/2132 1858/4508/2129 2990/4510/2131
f 1892/4466/2109 26/4465/2108 1890/4512/2127
f 6/6/2 1890/4513/2 26/26/2
f 2991/4514/2133 2937/4419/2035 2992/4515/168
f 2993/4516/2134 2991/4517/2133 2992/4518/168
f 1345/1543/2 1776/4519/2 1346/1544/2
f 1818/4333/5 1346/4332/5 1776/4520/5
f 1097/4450/2103 2961/4449/2102 2875/4521/1892
f 2762/4522/2135 1097/4523/2103 2875/4261/1892
f 1344/4524/2 1773/4525/2 5/4526/2
f 1816/4364/5 5/4363/5 1773/4527/5
f 1216/4528/2 1770/4529/2 1217/4530/2
f 1817/4372/5 1217/4371/5 1770/4531/5
f 2994/4532/2136 233/241/111 2995/4533/2137
f 2996/4534/2138 2994/4535/2136 2995/4536/2137
f 2997/4537/1017 2998/4538/2139 2999/4539/870
f 3000/4540/2140 2997/4537/1017 2999/4539/870
f 567/600/346 566/599/345 3001/4541/2141
f 1493/4542/1016 567/600/346 3001/4541/2141
f 2876/4262/2046 1664/2016/1132 1666/2019/1134
f 565/598/344 2876/4262/2046 1666/2019/1134
f 2839/4206/2013 1182/4207/773 3002/4543/2142
f 2615/3687/1819 2839/4206/2013 3002/4543/2142
f 3003/4544/2143 3004/4545/2144 2738/3925/1922
f 2737/3924/1921 3003/4544/2143 2738/3925/1922
f 3005/4546/2145 2162/2867/1156 2161/2866/1427
f 3006/4547/2146 3005/4546/2145 2161/2866/1427
f 3007/4548/2147 3008/4549/2148 2314/3218/1579
f 2789/4043/1966 3007/4548/2147 2314/3218/1579
f 3009/4550/2149 1145/4551/653 3010/4552/2150
f 1145/4551/653 3011/4553/2151 3010/4552/2150
f 3012/4554/2152 3013/4555/2147 364/380/195
f 368/4556/199 3012/4554/2152 364/380/195
f 3014/4557/2153 1479/1725/1003 1482/1724/228
f 3015/4558/2126 3014/4557/2153 1482/1724/228
f 3016/4559/2154 2786/4560/1630 2532/4561/1629
f 478/500/290 3016/4562/2154 2532/3532/1629
f 653/924/418 1446/1677/975 3017/4563/2155
f 3018/4564/2156 653/691/418 3017/4565/2155
f 1980/2531/1373 684/893/396 2143/2795/1457
f 2142/2794/1456 1980/2531/1373 2143/2795/1457
f 299/311/149 3019/4566/2147 3020/4567/2157
f 1460/4568/987 299/311/149 3020/4567/2157
f 773/817/511 3005/4546/2145 3006/4547/2146
f 1665/2018/1133 773/2017/511 3006/4569/2146
f 3021/4570/2158 3022/4571/2159 2850/4232/1910
f 2848/4230/4 3021/4570/2158 2850/4232/1910
f 1385/1588/932 3015/4558/2126 3023/4572/2160
f 427/1589/250 1385/1588/932 3023/4572/2160
f 3024/4573/2161 3025/4574/2162 331/344/176
f 1041/1143/666 3024/4573/2161 331/344/176
f 282/3306/136 1178/1317/769 1479/1721/1003
f 283/291/137 282/290/136 1479/1725/1003
f 3026/4575/2163 3027/4576/2125 2162/2867/1156
f 3005/4546/2145 3026/4575/2163 2162/2867/1156
f 1561/1842/1059 288/3928/138 3008/4549/2148
f 1562/1843/1060 1561/1842/1059 3008/4549/2148
f 595/3337/364 2386/3336/1642 3028/4577/2164
f 3029/4578/2150 595/3337/364 3028/4577/2164
f 336/349/180 2986/4501/2125 2987/4502/2126
f 561/594/340 336/349/180 2987/4502/2126
f 3030/4579/2165 3031/4580/2166 1618/1916/1100
f 1446/1677/975 3030/4579/2165 1618/1916/1100
f 298/310/148 3032/4581/1017 3019/4566/2147
f 299/311/149 298/310/148 3019/4566/2147
f 1697/2070/1157 1698/2071/1158 2261/4582/1547
f 1077/1184/593 1697/4583/1157 2261/4584/1547
f 1304/1479/873 1302/1477/871 3032/4581/1017
f 298/310/148 1304/1479/873 3032/4581/1017
f 3033/4585/2167 2876/4262/2046 565/598/344
f 3034/4586/2168 3033/4585/2167 565/598/344
f 268/276/124 2997/4537/1017 3000/4540/2140
f 269/277/125 268/276/124 3000/4540/2140
f 3035/4587/2169 1670/2023/1136 1121/1245/729
f 1120/1244/728 3035/4587/2169 1121/1245/729
f 322/334/167 3014/4557/2153 3015/4558/2126
f 1385/1588/932 322/334/167 3015/4558/2126
f 561/594/340 2987/4502/2126 3036/4588/2170
f 339/2062/183 561/594/340 3036/4588/2170
f 1653/1966/1060 1494/1743/1017 3013/4555/2147
f 1654/1967/1123 1653/1966/1060 3013/4555/2147
f 3037/4589/2171 1782/4590/1055 2531/4591/1753
f 2097/2706/561 3037/4592/2171 2531/3530/1753
f 867/4593/586 2308/3192/1572 3038/4594/688
f 3039/4595/2172 867/4593/586 3038/4594/688
f 2223/3325/1516 433/454/255 2380/3326/1636
f 433/454/255 1757/3825/1209 2380/3326/1636
f 712/756/465 2277/3137/1557 2748/3954/1931
f 304/3196/154 712/756/465 2748/3954/1931
f 1675/2028/1141 1677/2030/1142 2167/2877/1477
f 1276/1442/244 1675/2028/1141 2167/2877/1477
f 785/4596/2173 783/3855/1893 2702/3854/1648
f 2424/3383/446 783/831/121 785/833/519
f 1699/2072/1159 3040/4597/2174 3041/4598/2175
f 909/3368/615 2410/3367/1663 3042/4599/2176
f 910/4600/616 909/3368/615 3042/4599/2176
f 3043/4601/2177 2372/4602/1630 2371/4603/1629
f 2212/2972/1508 3043/4604/2177 2371/3546/1629
f 2045/4605/1280 869/940/588 868/939/587
f 1320/1508/385 2045/2639/1280 868/4606/587
f 1206/1358/795 1476/1717/1001 3044/4607/1881
f 1207/1359/796 1206/1358/795 3044/4607/1881
f 3018/4564/2156 3017/4565/2155 3045/4608/2178
f 3004/4545/2144 3018/4564/2156 3045/4608/2178
f 839/896/561 2210/2969/1507 2660/3793/1858
f 1976/3792/204 839/896/561 2660/3793/1858
f 1489/4609/1012 3046/4610/2150 3047/4611/2179
f 1490/4612/1013 1489/4609/1012 3047/4611/2179
f 796/4613/527 2645/4614/1849 2646/4615/540
f 797/845/528 796/844/527 2646/4616/540
f 1814/3806/1246 881/956/593 2670/3807/1867
f 881/956/593 1913/2424/1313 2670/3807/1867
f 3048/4617/2180 2464/3442/1712 3049/4618/2181
f 3050/4619/2182 3048/4620/2180 3049/4621/2181
f 413/434/237 415/436/239 1997/2564/1384
f 2279/4622/1559 413/434/237 1997/2564/1384
f 3043/4601/2177 610/648/379 2372/4602/1630
f 610/648/379 1156/3311/757 2372/4602/1630
f 412/433/55 2804/4097/1979 2807/4104/1981
f 1662/2006/1130 412/433/55 2807/4104/1981
f 592/2267/361 1917/4623/1316 3051/4624/2183
f 1841/2268/1265 592/2267/361 3051/4624/2183
f 39/4625/6 3052/4626/6 3053/4627/6
f 3053/4628/4 43/4629/4 39/4630/4
f 427/1589/250 3023/4572/2160 914/2658/620
f 2190/2940/1494 427/448/250 914/2941/620
f 1449/3098/976 2259/3100/1010 1782/4590/1055
f 3037/4589/2171 1449/3098/976 1782/4590/1055
f 23/4631/6 2761/4632/6 3054/4633/6
f 3054/4634/4 24/4635/4 23/4636/4
f 2756/3975/92 766/4637/93 2006/3976/94
f 874/945/6 766/947/6 2756/4638/6
f 251/3059/1543 2252/3058/1542 263/4639/1543
f 1485/1733/1008 1486/4640/1009 838/895/560
f 837/894/559 1485/1733/1008 838/895/560
f 325/337/170 1563/1844/149 3055/4641/2184
f 327/340/172 325/339/170 3055/4642/2184
f 148/150/60 688/730/446 149/151/61
f 3056/4643/2185 688/1006/628 148/4644/1170
f 3057/4645/2186 1552/4646/976 1555/3026/1054
f 3058/4647/2187 3057/4645/2186 1555/3026/1054
f 1338/1532/902 1340/1535/903 3059/4648/2188
f 1340/1535/903 2787/4040/1964 3059/4648/2188
f 629/2182/396 626/664/393 3060/4649/2189
f 1228/1383/814 629/1382/396 3060/4650/2189
f 1655/4172/2004 2830/4174/1510 950/1041/642
f 2722/4651/1909 1655/4172/2004 950/1041/642
f 1332/1520/897 1182/1323/773 1783/2186/1225
f 1182/1323/773 1184/1325/775 1783/2186/1225
f 2323/4652/1588 1796/2205/1234 1142/3228/750
f 274/282/130 2323/3227/1588 1142/1268/750
f 1244/4653/828 2217/2982/1052 1807/2218/1241
f 3061/4654/2190 1244/2300/828 1807/4655/1241
f 1943/2550/398 409/428/234 1989/4656/966
f 588/626/357 1943/2469/398 1989/4657/966
f 1590/1876/1082 1485/1733/1008 642/680/407
f 641/679/406 1590/1876/1082 642/680/407
f 3062/4658/6 995/4659/6 986/4660/6
f 3051/4624/2183 1917/4623/1316 3029/4578/2150
f 1917/4623/1316 595/3337/364 3029/4578/2150
f 1462/4661/1 1741/2129/1 53/1757/1
f 1741/4662/3 1462/4321/3 2894/4323/3
f 709/753/462 1806/2217/1054 1626/1926/235
f 3063/4663/2191 709/753/462 1626/1926/235
f 3016/4559/2154 1077/1184/593 2786/4560/1630
f 1077/1184/593 2261/4584/1547 2786/4560/1630
f 3064/4664/2192 567/600/346 1493/4542/1016
f 1492/1741/1015 3064/4665/2192 1493/1742/1016
f 481/503/293 1313/1490/261 1630/1930/1107
f 1313/1490/261 1315/1492/880 1630/1930/1107
f 1507/4666/1030 443/464/261 608/646/377
f 443/464/261 445/466/263 608/646/377
f 1317/1495/881 1432/1655/964 486/508/298
f 2830/4171/1510 1317/1495/881 486/508/298
f 1184/1325/775 434/4667/256 791/839/525
f 432/453/254 1184/1325/775 791/839/525
f 683/721/442 1813/4668/1245 1596/4669/1086
f 1920/2432/1319 683/721/442 1596/4669/1086
f 625/4670/392 477/499/289 1803/2214/1231
f 626/664/393 625/663/392 1803/4671/1231
f 1920/2432/1319 1596/4669/1086 1988/4672/1230
f 686/724/444 1920/4673/1319 1988/4674/1230
f 816/4675/543 478/500/290 477/499/289
f 625/4670/392 816/4675/543 477/499/289
f 635/673/402 1787/2192/1200 1786/3021/1227
f 2214/4202/1510 635/673/402 1786/3021/1227
f 1498/4676/1021 2722/4651/1909 3065/4677/2193
f 2722/4651/1909 950/1041/642 3065/4677/2193
f 2208/4161/1505 373/389/204 1435/4678/966
f 663/701/357 2208/2966/1505 1435/4679/966
f 631/1925/398 1874/3030/234 1873/4680/1293
f 632/670/399 631/669/398 1873/4681/1293
f 663/701/357 1435/4679/966 1433/1656/965
f 664/702/427 663/701/357 1433/1656/965
f 3066/4682/2194 2905/4346/2060 2907/4348/2061
f 3067/4683/2195 3066/4682/2194 2907/4348/2061
f 588/626/357 1989/4657/966 1623/3042/1103
f 589/627/358 588/626/357 1623/3042/1103
f 937/1024/454 1791/4684/1231 2217/4685/1052
f 1244/4653/828 937/4686/454 2217/2982/1052
f 1091/4687/709 1100/1223/719 1790/2198/1230
f 700/743/454 1091/1201/709 1790/4688/1230
f 1498/4676/1021 3065/4677/2193 1075/1182/698
f 1499/4187/1022 1498/4676/1021 1075/1182/698
f 2209/4181/1506 1976/3792/204 1754/4689/1206
f 640/678/405 2209/2967/1506 1754/4690/1206
f 700/743/454 1790/4688/1230 1553/4691/1052
f 3068/4692/2196 700/743/454 1553/4691/1052
f 2599/4693/864 2908/4349/2062 2910/4351/1712
f 2100/4694/1438 2599/4693/864 2910/4351/1712
f 907/988/613 1654/1967/1123 368/4556/199
f 367/383/198 907/2480/613 368/384/199
f 510/4695/310 3069/4696/2197 1794/2202/289
f 936/1023/636 510/533/310 1794/4697/289
f 1312/1489/879 1746/3024/1199 483/4698/295
f 1315/1492/880 1312/2323/879 483/4699/295
f 632/670/399 1873/4681/1293 2245/3040/965
f 1536/1815/483 632/670/399 2245/3040/965
f 1372/1574/920 246/4700/2198 3070/4701/2199
f 589/627/358 1623/3042/1103 2246/3041/1534
f 1157/1289/758 589/627/358 2246/3041/1534
f 1099/4702/718 2212/2972/1508 1100/1223/719
f 1091/4687/709 1099/4702/718 1100/1223/719
f 445/466/263 2206/4703/295 609/647/378
f 608/646/377 445/466/263 609/647/378
f 626/664/393 1803/4671/1231 1802/2997/1052
f 2226/2996/1518 626/664/393 1802/2997/1052
f 664/702/427 1433/1656/965 1432/1655/964
f 1317/1495/881 664/702/427 1432/1655/964
f 1396/1600/938 2190/2940/1494 2594/3646/1801
f 1397/1601/315 1396/1600/938 2594/3646/1801
f 936/1023/636 1794/4697/289 1791/4684/1231
f 937/1024/454 936/1023/636 1791/4684/1231
f 732/776/483 1185/2137/776 1747/2136/1200
f 735/779/485 732/776/483 1747/2136/1200
f 640/678/405 1754/4690/1206 1185/2137/776
f 732/776/483 640/678/405 1185/2137/776
f 2830/4171/1510 486/508/298 951/4704/256
f 950/1041/642 2830/4174/1510 951/1042/256
f 1210/1362/799 881/956/593 3071/4705/2200
f 3072/4706/2201 1210/1362/799 3071/4705/2200
f 1365/1567/2202 255/4707/2203 245/4708/2203
f 1536/1815/483 2245/3040/965 1787/2192/1200
f 635/673/402 1536/1815/483 1787/2192/1200
f 1157/1289/758 2246/3041/1534 2215/2977/1227
f 2207/4194/879 1157/1289/758 2215/2977/1227
f 686/724/444 1988/4674/1230 1599/4709/1088
f 1484/4183/1007 686/724/444 1599/4709/1088
f 3073/4710/2204 2223/3325/1516 3069/4711/2197
f 510/4695/310 3073/4712/2204 3069/4696/2197
f 3058/4647/2187 1555/3026/1054 410/429/235
f 789/837/523 3058/4647/2187 410/429/235
f 735/779/485 1747/2136/1200 1746/3024/1199
f 1312/1489/879 735/779/485 1746/3024/1199
f 815/1749/542 1500/1750/1023 478/4713/290
f 816/4675/543 815/4714/542 478/500/290
f 1082/3064/613 299/311/149 1460/4568/987
f 1459/1695/986 1082/1191/613 1460/1696/987
f 1484/4183/1007 1599/4709/1088 1486/4715/1009
f 1485/1733/1008 1484/1732/1007 1486/4640/1009
f 1428/1651/731 1711/2084/1169 1584/1870/1076
f 1583/1869/722 1428/1651/731 1584/1870/1076
f 1123/1247/731 1125/1249/733 2549/3577/1076
f 1103/1227/722 1123/1247/731 2549/3577/1076
f 1914/2425/462 1450/1681/977 2097/2706/561
f 1229/1386/816 1914/2425/462 2097/2706/561
f 2337/4716/1602 2336/4717/1601 1478/2995/650
f 897/978/422 2337/4718/1602 1478/1720/650
f 984/4719/5 3074/4720/5 3075/4721/5
f 1222/1375/808 786/2780/1451 1223/1376/809
f 1712/2087/1172 786/2089/520 1681/2035/78
f 459/480/272 2129/2762/1444 1178/1317/769
f 282/3306/136 459/480/272 1178/1317/769
f 2801/4722/1977 1421/4723/958 3076/4724/2205
f 1421/4723/958 2535/3540/1612 3076/4724/2205
f 645/683/410 176/2606/1409 646/684/411
f 2304/3176/1484 176/4219/72 2305/3177/1569
f 1475/2640/1000 1634/2642/1111 3077/4725/2206
f 1476/4726/1001 1475/2640/1000 3077/4725/2206
f 1315/1492/880 483/4699/295 880/955/592
f 879/954/591 1315/1492/880 880/955/592
f 2207/4194/879 2215/2977/1227 2206/4727/295
f 445/466/263 2207/2964/879 2206/4703/295
f 1507/4666/1030 608/646/377 2829/4168/2003
f 467/4167/281 1507/4666/1030 2829/4168/2003
f 2214/4202/1510 1786/3021/1227 434/4728/256
f 1184/1325/775 2214/2976/1510 434/4667/256
f 2730/3917/477 3078/4729/1896 3079/4730/2207
f 2674/3812/1870 3079/4730/2207 3078/4729/1896
f 3068/4692/2196 1553/4691/1052 1552/4731/976
f 3057/4645/2186 3068/4732/2196 1552/4646/976
f 3061/4654/2190 1807/4655/1241 1806/2217/1054
f 709/753/462 3061/4654/2190 1806/2217/1054
f 1547/1826/1048 1548/1827/1049 3004/4545/2144
f 613/651/381 1547/1826/1048 3004/4545/2144
f 1229/1386/816 2097/2706/561 373/389/204
f 2208/4161/1505 1229/1386/816 373/389/204
f 3040/4597/2174 1699/2072/1159 3080/4733/2208
f 141/143/55 3081/4734/2209 3082/4735/2210
f 1390/1594/934 141/143/55 3082/4735/2210
f 1012/4736/5 2404/4737/5 3083/4738/5
f 1869/2311/1289 2472/3456/1721 534/557/1
f 2170/2883/3 3084/4739/3 1869/2881/3
f 2255/4740/1545 3085/4741/688 3086/4742/2211
f 3087/4743/2212 2255/4740/1545 3086/4742/2211
f 1236/1393/823 114/114/38 2776/4744/1957
f 2775/4014/98 1236/4745/823 2776/4015/1957
f 431/452/253 433/454/255 2223/3325/1516
f 3073/4710/2204 431/452/253 2223/3325/1516
f 40/4746/5 3088/4747/5 677/4748/5
f 677/4749/3 41/4750/3 40/4751/3
f 3072/4706/2201 3071/4705/2200 1813/4752/1245
f 683/721/442 3072/4753/2201 1813/4668/1245
f 605/643/374 607/645/376 2212/4754/1508
f 1099/4702/718 605/4755/374 2212/2972/1508
f 1684/4756/1435 2175/4757/6 1175/4758/6
f 2175/4757/6 2174/4759/6 1175/4758/6
f 678/716/437 764/808/505 3089/4760/2213
f 2715/3878/1902 678/716/437 3089/4760/2213
f 789/837/523 410/429/235 409/428/234
f 1943/2550/398 789/837/523 409/428/234
f 643/681/408 839/896/561 1976/3792/204
f 2209/4181/1506 643/681/408 1976/3792/204
f 1337/4761/6 1683/4762/6 1684/4756/1435
f 1337/4761/6 1176/4763/6 1683/4762/6
f 2047/2644/1422 556/3209/1574 2048/2645/1423
f 554/586/333 556/588/335 2799/4076/467
f 2693/3840/1882 2692/3839/1746 3090/4764/2214
f 1730/2111/1187 2693/4765/1882 3090/4766/2214
f 17/4767/6 2600/4768/6 2601/4769/6
f 2601/4770/4 18/4771/4 17/4772/4
f 803/4773/534 946/4774/638 2359/3287/1619
f 237/3286/90 803/4773/534 2359/3287/1619
f 16/4775/5 2602/4776/5 2746/4777/5
f 2746/4778/3 102/4779/3 16/4780/3
f 22/4781/5 2667/4782/5 2666/4783/5
f 2666/4784/3 76/4785/882 22/4786/3
f 2563/3598/1778 1864/2305/1286 438/459/7
f 841/4787/563 2563/3598/1778 438/459/7
f 2389/4788/6 998/4789/6 997/4790/6
f 3091/4791/2215 1642/4792/1115 1798/2209/472
f 1797/2208/1235 3091/4791/2215 1798/2209/472
f 2836/4197/2010 917/4196/623 916/4793/622
f 319/4794/164 2836/4197/2010 916/4793/622
f 2336/4717/1601 777/823/515 1860/2294/1283
f 1478/2995/650 2336/4717/1601 1860/2294/1283
f 1176/4763/6 2174/4759/6 1683/4762/6
f 1176/4763/6 1175/4758/6 2174/4759/6
f 1851/4795/1275 2693/4765/1882 1730/2111/1187
f 1729/2110/1186 1851/4795/1275 1730/2111/1187
f 1290/1459/861 883/959/595 2156/2855/1469
f 883/959/595 2813/4119/1988 2156/2855/1469
f 2370/3307/1628 124/126/47 441/4796/260
f 440/461/33 2370/4797/1628 441/462/260
f 2584/4798/6 994/4799/6 980/4800/6
f 553/4404/2079 2932/4403/2079 2153/4801/2079
f 991/4802/5 3092/4803/5 1899/4804/5
f 92/4506/2128 2988/4505/2128 2033/4805/2128
f 1337/4761/6 1684/4756/1435 1341/4806/1435
f 1684/4756/1435 1175/4758/6 1341/4806/1435
f 3093/4807/2216 2838/4205/2012 414/4808/238
f 2838/4205/2012 894/4809/602 414/4808/238
f 65/4398/2080 2931/4397/2079 2036/4810/2080
f 870/3029/589 867/4593/586 3039/4595/2172
f 1323/1511/889 870/3029/589 3039/4595/2172
f 2751/4811/832 3094/4812/2217 1595/4813/1085
f 1594/1882/1084 2751/4814/832 1595/1883/1085
f 3095/4815/2218 1409/1615/947 1408/1614/946
f 3025/4816/2162 3095/4815/2218 1408/1614/946
f 3096/4817/2219 848/909/568 1307/1483/874
f 848/913/568 3096/4818/2219 2166/4061/1475
f 3009/4819/2220 2712/3875/1901 2982/4490/2121
f 2981/4489/2032 3009/4819/2220 2982/4490/2121
f 1113/4820/5 3097/4821/5 3098/4822/5
f 1942/2466/1339 3099/4823/2221 516/539/7
f 1271/1437/845 1942/2466/1339 516/539/7
f 3027/4576/2125 404/423/229 403/422/228
f 2162/2867/1156 3027/4576/2125 403/422/228
f 3031/4580/2166 2204/2960/1503 2203/2959/228
f 1618/1916/1100 3031/4580/2166 2203/2959/228
f 3100/4824/2222 2148/2839/1461 78/78/8
f 77/77/7 3100/4824/2222 78/78/8
f 2683/3828/337 3101/4825/2223 3102/4826/2224
f 2684/3829/1876 2683/3828/337 3102/4826/2224
f 3103/4827/2225 2728/4828/2226 2860/4829/1550
f 2307/3186/1571 1745/2134/1198 260/3187/119
f 1272/4830/846 2307/3186/1571 260/3187/119
f 2233/3009/1523 1097/1216/715 2762/3987/1947
f 2397/3986/1652 2233/3009/1523 2762/3987/1947
f 3063/4663/2191 1626/1926/235 1874/3030/234
f 631/1925/398 3063/4663/2191 1874/3030/234
f 2279/4622/1559 1997/2564/1384 1819/4831/1247
f 859/1938/578 2279/4832/1559 1819/2235/1247
f 655/693/420 2229/3003/981 2800/4084/600
f 278/286/132 655/693/420 2800/4084/600
f 849/910/569 2139/2859/1453 2158/2858/1471
f 849/912/569 824/935/551 2139/4833/1453
f 2381/3329/1637 2942/4834/2227 2944/4835/2228
f 2382/3330/1638 2381/3329/1637 2944/4835/2228
f 1031/1131/663 2572/3608/1782 2645/4836/1849
f 796/4613/527 1031/4837/663 2645/4614/1849
f 1947/4838/1343 1188/1329/779 1743/2132/1196
f 3104/4839/2229 1947/4840/1343 1743/4841/1196
f 2133/2769/1447 1647/1955/19 694/736/448
f 892/971/600 2133/2770/1447 694/972/448
f 3105/4842/2230 745/1690/489 821/871/548
f 820/870/547 3105/4842/2230 821/871/548
f 2311/4843/1576 2310/4844/1575 2484/3480/1732
f 2483/3479/1731 2311/4843/1576 2484/3480/1732
f 1422/1643/564 1424/1645/845 2566/3601/1779
f 1644/1950/1116 1422/1643/564 2566/3601/1779
f 3106/4845/2231 2655/3801/1854 2353/3271/1615
f 1071/1178/694 3106/4845/2231 2353/3271/1615
f 1190/3037/781 2947/4846/2227 2949/4847/2232
f 2244/3038/1533 1190/3037/781 2949/4847/2232
f 3047/4848/2233 3046/4849/4 3107/4850/2234
f 3046/4849/4 2723/3903/1910 3107/4850/2234
f 918/3596/624 2561/3595/1776 2622/3718/1826
f 1837/2261/1261 918/2260/624 2622/4851/1826
f 1635/4065/1112 2796/4067/1972 2573/4852/1359
f 717/761/469 1635/1939/1112 2573/3609/1359
f 1856/2290/1280 1674/2027/1140 2606/4853/1810
f 2906/4347/384 1856/4854/1280 2606/4855/1810
f 864/931/583 724/768/476 3108/4856/2235
f 843/900/565 845/902/567 841/4787/563
f 840/897/562 843/4857/565 841/898/563
f 2615/3687/1819 3002/4543/2142 1331/4099/896
f 2805/4098/1357 2615/3687/1819 1331/4099/896
f 1055/1159/452 2567/3602/1780 2647/3772/703
f 1454/4400/981 1055/1159/452 2647/3772/703
f 3109/4858/2236 3055/4642/2184 2543/3561/1762
f 2542/3560/1761 3109/4858/2236 2543/3561/1762
f 1838/2264/1262 173/1562/910 1363/1564/912
f 117/119/41 171/173/80 173/175/82
f 898/979/605 1962/4859/1358 1963/3607/1359
f 1640/1946/1114 898/979/605 1963/3607/1359
f 658/4860/423 2680/3821/1873 2560/3594/1359
f 1637/3593/1114 658/4860/423 2560/3594/1359
f 3110/4861/2237 2378/4180/1089 2379/4862/1635
f 1413/4863/950 3110/4861/2237 2379/4862/1635
f 718/762/470 2574/3610/1776 2654/3782/1849
f 3111/4864/2238 718/762/470 2654/3782/1849
f 1417/1638/954 1416/1637/953 3112/4865/2239
f 2351/4866/1602 818/868/545 817/867/544
f 1592/1878/422 2351/4867/1602 817/1879/544
f 1357/1557/526 1837/2263/1261 2358/3279/1617
f 2562/3597/1777 1357/1557/526 2358/3279/1617
f 1257/1422/837 2172/4868/2240 2169/4869/2241
f 534/4870/2242 2172/4868/2240 1257/1422/837
f 1600/1889/1089 1603/1892/694 3094/4812/2217
f 2751/4811/832 1600/1889/1089 3094/4812/2217
f 1249/1412/459 3113/4871/2243 2568/3603/1363
f 1646/1954/1116 1249/1412/459 2568/3603/1363
f 842/899/564 1966/2507/1362 1967/2506/1363
f 2570/3605/1116 842/899/564 1967/2506/1363
f 1511/2203/563 77/77/7 3113/4872/2243
f 1249/1412/459 1511/1766/563 3113/4871/2243
f 896/976/604 2133/2770/1447 892/971/600
f 415/436/239 896/976/604 892/971/600
f 2899/4335/2055 822/872/549 2900/4336/11
f 822/872/549 2357/3278/601 2900/4336/11
f 1593/1880/1083 1957/2495/1353 1960/2494/1356
f 1643/1949/1114 1593/1880/1083 1960/2494/1356
f 454/4873/267 453/4874/266 2185/4875/1491
f 2896/4327/2054 2185/2931/1491 453/4876/266
f 693/735/342 177/179/83 179/181/84
f 693/4877/2244 179/481/273 461/483/275
f 2152/2851/1465 2917/4366/2066 2918/4367/2067
f 1162/1294/761 2152/2851/1465 2918/4367/2067
f 2041/2632/1419 1383/1585/930 3114/4878/2245
f 1383/1585/930 2221/2988/1514 3114/4878/2245
f 781/829/116 197/199/92 782/830/347
f 830/882/553 197/884/6 781/3384/6
f 698/740/452 2565/3600/704 2132/2768/703
f 895/2767/603 698/740/452 2132/2768/703
f 811/861/470 2559/3592/1776 2653/3781/1853
f 812/862/540 811/861/470 2653/3781/1853
f 147/1555/59 1357/1557/526 3115/4879/2246
f 845/902/567 147/1555/59 3115/4879/2246
f 546/1881/332 1593/1880/1083 1643/1949/1114
f 1642/1948/1115 546/1881/332 1643/1949/1114
f 1713/4880/1173 3116/4881/2247 2362/3291/1623
f 290/4211/140 1713/4880/1173 2362/3291/1623
f 2674/3812/1870 3078/4729/1896 674/712/433
f 673/711/432 2674/3812/1870 674/712/433
f 275/283/131 1142/1268/750 3117/4882/2248
f 2752/4883/1934 275/283/131 3117/4882/2248
f 2057/2666/1432 3118/4884/2249 2058/2667/1433
f 2057/2666/1432 2139/2783/1453 3118/4884/2249
f 1061/1168/684 1289/1457/860 1919/2430/1318
f 1918/2429/1317 1061/1168/684 1919/2430/1318
f 656/694/421 658/696/423 1637/1941/1114
f 917/999/623 656/694/421 1637/1941/1114
f 860/1937/579 1635/1939/1112 717/761/469
f 716/760/468 860/1937/579 717/761/469
f 696/738/450 698/740/452 895/2767/603
f 894/974/602 696/4885/450 895/975/603
f 740/977/421 898/979/605 1640/1946/1114
f 1639/1945/1115 740/977/421 1640/1946/1114
f 2383/3332/1639 1192/2052/783 3119/4886/2250
f 3120/4887/2251 2383/3332/1639 3119/4886/2250
f 798/846/529 800/848/531 77/77/7
f 1511/2203/563 798/846/529 77/77/7
f 3111/4864/2238 2654/3782/1849 2655/4888/1854
f 3106/4845/2231 3111/4889/2238 2655/3801/1854
f 1831/2250/1257 1832/2252/1258 3011/4553/2151
f 1145/4551/653 1831/2250/1257 3011/4553/2151
f 946/1036/638 139/4890/54 1389/4891/103
f 2359/3287/1619 946/4774/638 1389/4892/103
f 679/717/438 678/716/437 2715/3878/1902
f 763/807/504 679/717/438 2715/3878/1902
f 330/749/175 705/748/459 1648/1956/1118
f 697/739/451 330/749/175 1648/1956/1118
f 1991/4893/211 1413/4863/950 329/342/174
f 1992/4894/1380 1991/4893/211 329/342/174
f 705/748/459 1271/1964/845 2564/3599/1779
f 1648/1956/1118 705/748/459 2564/3599/1779
f 532/1952/324 842/899/564 2570/3605/1116
f 2458/3640/451 532/1952/324 2570/3605/1116
f 744/1884/488 1422/1643/564 1644/1950/1116
f 1054/1158/678 744/1884/488 1644/1950/1116
f 1773/4525/2 1344/4524/2 1774/4895/2
f 2881/4289/2048 1774/4288/2047 1344/4896/2252
f 271/4897/127 2352/3268/1603 545/577/331
f 272/4898/128 271/4897/127 545/577/331
f 1152/4899/754 3087/4743/2212 2851/4900/2176
f 1153/4901/755 1152/4899/754 2851/4900/2176
f 3121/4902/127 2791/4052/1968 687/727/445
f 2054/4903/1429 3121/4902/127 687/727/445
f 558/4904/337 2854/4905/2223 2864/4906/2224
f 559/4907/338 558/4904/337 2864/4906/2224
f 1770/4529/2 1216/4528/2 1771/4908/2
f 2893/4319/2048 1771/4318/2047 1216/4909/2252
f 1368/4910/917 1973/2517/1369 1369/4911/917
f 380/4912/211 2346/3257/1610 531/554/323
f 381/4913/212 380/4912/211 531/554/323
f 1985/4914/1377 3122/4915/2253 743/787/368
f 742/786/173 1985/4914/1377 743/787/368
f 1215/1368/804 1135/4055/743 2597/3652/602
f 1214/1367/803 1215/1368/804 2597/3652/602
f 1454/4400/981 2647/3772/703 745/789/489
f 3105/4842/2230 1454/1688/981 745/1690/489
f 1799/3061/1236 1798/4916/472 1141/1265/749
f 1602/1891/1091 1799/3061/1236 1141/1265/749
f 1430/1653/962 2538/3550/1755 3123/4917/2254
f 2538/3550/1755 835/890/557 3123/4917/2254
f 601/1410/370 1249/1412/459 1646/1954/1116
f 1136/1260/744 601/1410/370 1646/1954/1116
f 1444/4918/973 2338/3246/1603 739/783/331
f 1445/4919/974 1444/4918/973 739/783/331
f 2186/2932/1492 2569/3604/704 2656/3787/703
f 1881/2933/1295 2186/2932/1492 2656/3787/703
f 2890/4311/5 1911/4310/5 69/4920/5
f 1908/4497/2 69/4496/2 1911/4921/2
f 2459/3641/1709 2571/3606/1781 2229/4083/981
f 2228/3002/602 2459/4922/1709 2229/3003/981
f 2858/4242/2032 2857/4241/2031 2955/4923/2098
f 2954/4439/2097 2858/4924/2032 2955/4440/2098
f 3124/4925/973 418/3141/242 858/925/577
f 2313/3217/1578 3124/4925/973 858/925/577
f 2847/4926/2255 930/4927/630 3125/4928/2256
f 930/4927/630 3021/4929/2257 3125/4928/2256
f 2046/2643/1221 2048/2645/1423 932/4930/632
f 2048/2645/1423 3126/4931/2258 932/4930/632
f 1977/2526/1370 2332/3240/1597 1765/2160/1217
f 1764/2159/1216 1977/2526/1370 1765/2160/1217
f 2888/4305/5 1895/4304/5 57/4932/5
f 1894/4504/2 57/57/2 1895/4933/2
f 1784/4021/1226 562/595/341 564/597/343
f 1785/2188/6 562/953/6 1784/2189/6
f 1000/1094/649 278/286/132 2631/3748/1836
f 1001/1095/650 1000/1094/649 2631/3748/1836
f 2998/4934/2139 1072/1179/695 1539/4935/1039
f 2999/4539/870 2998/4538/2139 1539/4936/1039
f 1512/1769/1034 1514/1771/1036 1922/2434/1321
f 1921/2433/1320 1512/1769/1034 1922/2434/1321
f 11/4937/2 1939/4938/2 1576/4939/2
f 1939/2457/5 11/4940/5 285/2832/5
f 2884/4296/5 1902/4295/5 6/4941/5
f 1890/4513/2 6/6/2 1902/4942/2
f 337/350/181 1886/4943/1299 1501/3167/1024
f 2732/3919/1916 337/350/181 1501/3167/1024
f 2635/4944/1839 2634/4945/1838 3127/4946/2259
f 947/1038/639 2635/4944/1839 3127/4946/2259
f 2099/4223/2018 159/2778/1450 103/103/27
f 2099/2708/83 157/159/68 159/161/67
f 2626/3734/1830 734/4063/354 733/4155/484
f 2627/3735/1831 2626/3734/1830 733/4155/484
f 1506/1759/1029 1286/1452/855 1285/1451/854
f 1506/4947/2260 3128/4948/2261 1286/1454/857
f 1776/4519/2 1345/1543/2 1777/4949/2
f 2878/4267/2048 1777/4266/2047 1345/4950/2252
f 2867/4252/2041 2866/4251/2040 3022/4951/2159
f 3021/4570/2158 2867/4952/2041 3022/4571/2159
f 2172/2890/4 534/4953/4 2173/2888/4
f 2470/3457/1 2173/4954/2262 534/557/1
f 24/4635/4 3054/4634/4 2667/4955/4
f 2667/4782/5 22/4781/5 24/4956/5
f 1748/2139/1201 317/329/162 2356/3275/1616
f 1302/3274/871 1748/2139/1201 2356/3275/1616
f 3052/4626/6 39/4625/6 41/4957/6
f 41/4750/3 677/4749/3 3052/4958/3
f 2600/4768/6 17/4767/6 102/4959/6
f 102/4779/3 2746/4778/3 2600/4960/3
f 2029/2605/1408 2028/2604/1407 3129/4961/2263
f 1861/4080/1 401/4962/1 400/4078/1
f 401/4963/6 1861/2298/6 397/618/6
f 3130/4964/2264 720/4965/472 2832/4178/2006
f 2831/4177/2005 3130/4964/2264 2832/4178/2006
f 2126/4308/6 72/4307/6 2124/4966/6
f 75/4967/1515 2124/4968/1 72/4969/1
f 2352/3268/1603 2351/3267/1602 1592/3171/422
f 545/577/331 2352/3268/1603 1592/3171/422
f 2111/4264/5 59/4263/5 2109/4970/5
f 59/4971/1 2192/4972/1515 2109/4973/1
f 1515/4074/1976 55/4974/1976 54/4072/1975
f 277/2834/5 55/4975/5 1515/1774/5
f 2557/3588/1774 376/4976/207 3131/4977/2265
f 376/4976/207 378/3437/209 3131/4977/2265
f 738/782/330 740/784/421 1639/4978/1115
f 3132/4979/2215 738/782/330 1639/4978/1115
f 3051/4980/2266 3029/4981/4 3133/4982/2267
f 3029/4981/4 2993/4516/2134 3133/4982/2267
f 2776/4983/1957 114/4984/38 1324/1512/700
f 114/4984/38 1325/1513/890 1324/1512/700
f 2651/4338/1852 402/420/227 203/419/98
f 2652/3780/1845 2651/3779/1852 203/4985/98
f 1280/3044/851 2496/3494/1744 2856/4986/1572
f 1065/1172/688 1280/3044/851 2856/4986/1572
f 1609/4987/3 2414/4988/3 2416/4989/3
f 1104/1228/723 2550/3578/1767 2793/4056/1970
f 137/139/52 1104/1228/723 2793/4056/1970
f 2117/4316/5 71/4315/5 2115/4990/5
f 71/71/1 2193/4991/1 2115/4992/1515
f 742/786/173 744/788/488 1054/3538/678
f 301/3537/151 742/786/173 1054/3538/678
f 138/140/53 2794/4057/1971 1923/2435/1322
f 1439/1665/968 138/140/53 1923/2435/1322
f 1997/2564/1384 415/436/239 1998/2565/549
f 415/436/239 892/971/600 1998/2565/549
f 2372/3309/1630 2766/3996/1951 1739/2127/1194
f 1739/2127/1194 2766/3996/1951 258/266/5
f 485/3656/297 2768/4000/1952 201/203/96
f 201/203/96 2768/4000/1952 202/204/97
f 3085/4993/3 2958/4444/2100 2959/4446/2101
f 3086/4994/2268 3085/4993/3 2959/4446/2101
f 1625/3948/1037 2772/4008/1955 492/515/189
f 492/515/189 2772/4008/1955 493/516/303
f 525/548/320 2771/4006/317 342/355/5
f 1488/3648/1011 2771/4006/317 525/548/320
f 328/341/173 330/343/175 697/3259/451
f 2347/3258/1611 328/341/173 697/3259/451
f 3134/4995/2158 2863/4996/2037 2723/3903/1910
f 3046/4849/4 3134/4995/2158 2723/3903/1910
f 530/553/173 532/555/324 2458/3435/451
f 1442/3434/971 530/553/173 2458/3435/451
f 347/360/190 2774/4013/1956 228/234/107
f 1876/3945/777 2774/4013/1956 347/360/190
f 544/576/330 546/578/332 1642/4792/1115
f 3091/4791/2215 544/576/330 1642/4792/1115
f 1756/2148/1208 2767/3998/96 228/234/107
f 1757/3826/1209 2767/3998/96 1756/2148/1208
f 1941/2461/1338 2334/3242/1599 2331/3239/1596
f 2330/3238/1595 1941/2461/1338 2331/3239/1596
f 341/354/185 2770/4004/1954 342/355/5
f 1598/3944/1087 2770/4004/1954 341/354/185
f 408/427/233 2773/4011/1955 202/204/97
f 1187/3947/778 2773/4011/1955 408/427/233
f 3122/4915/2253 2751/3959/832 1594/3182/1084
f 743/787/368 3122/4915/2253 1594/3182/1084
f 2123/4302/6 60/4301/6 2121/4997/6
f 67/67/1 2121/4998/1 60/60/1
f 418/3141/242 2279/3140/1559 859/926/578
f 858/925/577 418/3141/242 859/926/578
f 3074/4720/5 984/4719/5 989/4999/5
f 3092/4803/5 991/4802/5 993/5000/5
f 1673/2026/1139 1279/1445/850 1278/1444/710
f 1674/2027/1140 1673/2026/1139 1278/1444/710
f 1955/5001/1351 930/4927/630 2847/4926/2255
f 1715/5002/1174 1955/5001/1351 2847/4926/2255
f 1413/4863/950 2379/4862/1635 703/3174/457
f 329/342/174 1413/4863/950 703/3174/457
f 2338/3246/1603 2337/3245/1602 897/3179/422
f 739/783/331 2338/3246/1603 897/3179/422
f 2120/4293/6 2/4292/6 2118/5003/6
f 27/27/1 2118/5004/1 2/2/1
f 2740/5005/6 1170/5006/6 1169/5007/6
f 3009/4819/2220 3010/5008/4 2712/3875/1901
f 3010/5008/4 2709/3872/1898 2712/3875/1901
f 2895/5009/2269 3135/5010/2270 2059/2668/1434
f 2895/5009/2269 2059/2668/1434 2056/2665/1431
f 2688/5011/789 826/3942/1 1285/1756/1
f 2688/5012/2271 1285/1451/854 1284/1450/853
f 2791/4052/1968 999/4051/648 657/728/422
f 687/727/445 2791/4052/1968 657/728/422
f 3128/5013/2272 1545/5014/1044 2764/5015/1949
f 3128/4948/2261 1506/4947/2260 1545/5016/1045
f 390/4213/220 2364/3294/1624 1250/4190/832
f 2835/4189/2009 390/4213/220 1250/4190/832
f 2423/5017/4 1717/5018/4 1606/5019/4
f 1472/2637/998 2044/2638/34 140/5020/35
f 3136/5021/2273 1472/1711/998 140/5022/35
f 2837/4201/2011 716/4200/468 720/4965/472
f 3130/4964/2264 2837/4201/2011 720/4965/472
f 1705/2078/1164 1704/2077/1163 2325/3583/1590
f 2552/3582/1769 1705/2078/1164 2325/3583/1590
f 2410/5023/2132 3033/4585/2167 3034/4586/2168
f 3042/5024/2274 2410/5025/2132 3034/5026/2168
f 2114/4286/5 1/4285/5 2112/5027/5
f 1/1/1 2194/5028/1 2112/5029/1
f 2169/4869/2241 1870/2313/1291 1257/1422/837
f 1870/2313/1291 2169/4869/2241 1869/2312/1290
f 750/794/492 1196/1342/787 748/792/490
f 1196/1342/787 750/794/492 1197/1343/788
f 3137/5030/1570 2831/4177/2005 2378/4180/1089
f 3110/4861/2237 3137/5030/1570 2378/4180/1089
f 2013/5031/6 1111/5032/6 1110/5033/6
f 2365/5034/1472 738/782/330 3132/4979/2215
f 3116/4881/2247 2365/5034/1472 3132/4979/2215
f 2684/5035/2275 2861/4246/2035 2863/4248/2037
f 3134/4995/2158 2684/5036/2275 2863/4996/2037
f 3087/5037/2132 1549/1828/1050 2852/5038/2026
f 2851/4233/2025 3087/5039/2132 2852/4234/2026
f 3138/5040/1953 2477/3467/1725 2476/3466/1724
f 292/304/142 3138/5041/1953 2476/5042/1724
f 1305/5043/2276 3135/5010/2270 2895/5009/2269
f 3135/5044/1 1305/1480/1 1306/1482/1
f 1824/3553/1 1740/2128/1 1741/2129/1
f 1740/5045/2277 1824/2242/1251 1823/2241/1250
f 3139/5046/2278 3140/5047/2279 3141/5048/2280
f 3140/5047/2279 2787/4040/1964 3141/5048/2280
f 850/5049/1 2158/2861/1 1307/5050/1
f 850/911/570 849/910/569 2158/2858/1471
f 2460/3438/1710 1979/2530/1372 2461/3439/1711
f 1979/2530/1372 618/656/386 2461/3439/1711
f 1832/4388/2072 2925/4387/2071 2710/5051/1899
f 3011/5052/2281 1832/5053/2072 2710/3873/1899
f 490/513/301 2340/3248/1605 2316/3220/1581
f 2315/3219/1580 490/513/301 2316/3220/1581
f 169/5054/2282 1852/2285/1276 2578/3617/1097
f 1993/2558/1178 169/5054/2282 2578/3617/1097
f 2360/4034/1 1505/1755/1 53/1757/1
f 2360/3289/1621 1546/1825/1620 1505/5055/1028
f 2041/2632/1419 3142/5056/2283 1651/1959/1121
f 1651/1961/1122 2783/4032/1 206/1962/1
f 1717/5018/4 2423/5017/4 3143/5057/4
f 2308/5058/2284 2871/4413/1892 2934/4412/2085
f 3038/5059/3 2308/5058/2284 2934/4412/2085
f 2664/5060/1625 2466/3444/1714 223/5061/102
f 2665/3799/1862 2664/3798/1625 223/5062/102
f 2327/3232/1592 2326/3231/1591 2488/5063/1736
f 2487/3485/1735 2327/5064/1592 2488/3486/1736
f 590/628/359 592/630/361 1840/5065/1264
f 1842/2775/1266 590/4402/359 1840/5066/1264
f 1107/5067/5 3144/5068/5 2001/5069/5
f 3145/5070/1552 3146/5071/1551 3147/5072/1552
f 785/4596/2173 2702/3854/1648 2137/2781/1452
f 786/2780/1451 785/4596/2173 2137/2781/1452
f 715/5073/2285 1993/2558/1178 2778/4018/1958
f 713/5074/2286 715/5073/2285 2778/4018/1958
f 1148/2095/1176 1718/2097/1178 3148/5075/2287
f 104/104/28 1148/2095/1176 3148/5075/2287
f 3146/5071/1551 3145/5070/1552 1570/1851/1063
f 2993/4516/2134 2992/4518/168 3149/5076/2288
f 3133/4982/2267 2993/4516/2134 3149/5076/2288
f 199/5077/2289 1463/1700/990 2879/4270/2049
f 782/5078/2290 199/5077/2289 2879/4270/2049
f 1430/1653/962 2720/5079/1907 3150/5080/2291
f 1431/1654/963 1430/1653/962 3150/5080/2291
f 627/665/394 629/667/396 2819/4128/1992
f 2818/4127/1990 627/665/394 2819/4128/1992
f 2797/5081/3 1607/5082/3 1608/5083/3
f 43/4629/4 3053/4628/4 3088/5084/4
f 3088/4747/5 40/4746/5 43/5085/5
f 1199/1347/791 2896/5086/2054 453/474/266
f 2896/4328/1 1199/2310/1 534/557/1
f 3151/5087/1515 2164/2871/1 2058/2873/1
f 2058/2667/1433 3118/4884/2249 3151/5088/2292
f 2006/5089/2293 768/5090/2294 2755/3974/1942
f 569/2879/1479 2006/5089/2293 2755/3974/1942
f 3152/5091/2295 2407/3363/1661 3153/5092/2296
f 2545/5093/2297 1953/2485/1349 1951/2483/1347
f 217/559/1 1953/5094/2298 2545/4082/1
f 3154/5095/2299 1162/1294/761 1693/2060/1154
f 616/654/384 3154/5096/2299 1693/2489/1154
f 3038/5059/3 2934/4412/2085 3155/5097/2300
f 3039/5098/2268 3038/5059/3 3155/5097/2300
f 18/4771/4 2601/4770/4 2602/5099/4
f 2602/4776/5 16/4775/5 18/5100/5
f 3097/4821/5 1113/4820/5 1167/5101/5
f 1841/5102/2301 3156/5103/2302 729/773/480
f 2978/4485/2118 1841/5104/2301 729/3114/480
f 3157/5105/1304 1931/2446/1329 1930/2445/1328
f 2761/4632/6 23/4631/6 76/5106/6
f 76/4785/882 2666/4784/3 2761/5107/882
f 1859/4511/2132 2990/4510/2131 2926/5108/2074
f 2258/4389/2073 1859/5109/2132 2926/4390/2074
f 3139/5046/2278 3141/5048/2280 3158/5110/2303
f 1128/1252/736 3139/5046/2278 3158/5110/2303
f 768/5090/2294 1678/2031/1143 2004/2571/1390
f 2755/3974/1942 768/5090/2294 2004/2571/1390
f 1607/5082/3 2797/5081/3 3161/5111/3
f 1446/1677/975 1618/1916/1100 2390/3342/1646
f 3162/5112/2304 1446/1677/975 2390/3342/1646
f 3042/5024/2274 3034/5026/2168 3163/5113/2305
f 3101/5114/1 3042/5024/2274 3163/5113/2305
f 2700/3852/1891 291/303/141 857/923/576
f 3164/5115/1195 2700/3852/1891 857/923/576
f 994/4799/6 2584/4798/6 3165/5116/6
f 1170/5006/6 2740/5005/6 3166/5117/6
f 1282/5118/2306 1564/1845/912 2780/4020/1959
f 1964/2502/1360 1282/5118/2306 2780/4020/1959
f 1669/2022/55 2788/4042/1965 3167/5119/2307
f 1052/1156/676 1669/2022/55 3167/5119/2307
f 1584/1870/1076 3168/5120/2308 3169/5121/2309
f 3170/5122/2310 1584/1870/1076 3169/5121/2309
f 3047/4848/2233 3107/4850/2234 2976/4481/2116
f 2975/4480/2115 3047/4848/2233 2976/4481/2116
f 2549/3577/1076 2616/5123/1820 2618/5124/1822
f 2550/3578/1767 2549/3577/1076 2618/5124/1822
f 1494/1743/1017 1493/1742/1016 351/364/191
f 3013/4555/2147 1494/1743/1017 351/364/191
f 3086/4994/2268 2959/4446/2101 1549/1828/1050
f 3087/5037/2132 3086/4994/2268 1549/1828/1050
f 2404/4737/5 1012/4736/5 1015/5125/5
f 87/5126/16 2552/3582/1769 1268/1434/842
f 88/5127/17 87/5126/16 1268/1434/842
f 3171/5128/2311 3172/5129/2312 3108/5130/2313
f 754/798/496 3172/5129/2312 3171/5128/2311
f 1177/1316/768 2231/3005/1521 2050/2649/1425
f 2231/3005/1521 2230/3004/1520 2050/2649/1425
f 2273/3133/1553 1579/1865/1072 3173/5131/2314
f 1604/1893/1092 2802/4089/202 547/579/201
f 3174/5132/2315 1604/1893/1092 547/579/201
f 2336/4717/1601 2596/5133/1627 777/823/515
f 2596/5133/1627 778/824/516 777/823/515
f 1080/1189/702 1082/1191/613 1459/1695/986
f 1079/1188/701 1080/1189/702 1459/1695/986
f 995/4659/6 3062/4658/6 1935/5134/6
f 1951/2483/1347 1952/2484/1348 2441/5135/2316
f 2302/3168/1567 2441/5135/2316 1952/2484/1348
f 998/4789/6 2389/4788/6 3175/5136/6
f 2102/2713/1440 1472/1711/998 3136/5021/2273
f 946/1036/638 2102/2713/1440 3136/5021/2273
f 725/769/477 2707/3870/1896 726/770/478
f 761/805/502 726/770/478 2707/3870/1896
f 2184/2929/1490 3176/5137/2317 2185/2930/1491
f 3176/5138/2317 2184/3280/1490 1258/5139/2318
f 439/460/9 1356/1554/906 2466/3444/1714
f 2664/5060/1625 439/460/9 2466/3444/1714
f 1065/4240/3 2745/3938/1928 2989/4509/2130
f 1858/4508/2129 1065/4240/3 2989/4509/2130
f 1750/2141/1203 1752/2143/1205 3177/5140/2319
f 1880/5141/535 1750/2141/1203 3177/5140/2319
f 1427/1648/7 84/84/13 83/83/9
f 1424/2557/845 1427/1648/7 83/83/9
f 1551/1830/63 428/449/251 175/177/64
f 922/1004/6 428/3018/6 1551/1831/6
f 2760/5142/1943 1921/2433/1320 1327/1515/892
f 113/5143/37 2760/5142/1943 1327/1515/892
f 3056/4643/2185 148/4644/1170 2042/2635/1171
f 2042/2633/1420 148/4383/60 2043/2634/1421
f 723/767/475 722/766/474 3178/5144/2320
f 1981/2532/40 2009/2578/1226 152/154/40
f 2534/3534/6 2009/3536/6 1981/2533/6
f 2414/4988/3 1609/4987/3 1610/5145/3
f 2205/5146/1504 900/981/607 899/980/606
f 1619/1919/241 2205/5146/1504 899/980/606
f 671/709/430 3112/5147/2043 2860/4245/2321
f 2859/4244/2033 671/709/430 2860/4245/2034
f 1058/1163/681 1060/1165/683 3179/5148/2322
f 3108/5130/2313 3172/5129/2312 2659/3791/1857
f 2659/3791/1857 3180/5149/2044 3108/5130/2313
f 2763/5150/3 2874/4260/2045 2876/4262/2046
f 3181/5151/2268 2763/5150/3 2876/4262/2046
f 1845/2277/1269 1866/2307/1145 3035/5152/2169
f 1846/2278/1270 1845/2277/1269 3035/5152/2169
f 3182/5153/2323 1573/1854/1066 1572/1853/1065
f 2363/5154/693 795/843/526 2007/2574/1392
f 1251/1414/833 2363/5154/693 2007/2574/1392
f 2559/3592/1776 2652/3780/1845 142/144/21
f 2653/3781/1853 2559/3592/1776 142/144/21
f 2565/3600/704 2673/3811/1869 106/106/30
f 2132/2768/703 2565/3600/704 106/106/30
f 2807/4104/1981 3184/5155/2324 2448/5156/2325
f 2808/4105/1982 2807/4104/1981 2448/5156/2325
f 339/2062/183 1887/2343/1300 1886/2342/1299
f 337/350/181 339/352/183 1886/4943/1299
f 2572/3774/1782 2648/3776/580 188/1943/21
f 2645/3770/1849 2572/3774/1782 188/1943/21
f 80/80/10 2224/2993/549 81/81/11
f 2224/2993/549 780/826/518 81/81/11
f 1441/5157/1914 888/964/598 2873/4259/1857
f 2873/4259/1857 957/4258/2044 1441/5157/1914
f 3185/5158/2326 1578/1864/1071 1577/1863/1070
f 2287/3149/1564 1574/1855/1067 3186/5159/2327
f 2354/3800/1460 1087/1197/707 944/1033/487
f 2355/3273/1461 2354/3272/1460 944/5160/487
f 2632/3749/12 1810/2221/1243 831/885/554
f 2640/5161/1844 2632/3749/12 831/885/554
f 2561/3595/1776 2641/3764/1845 96/96/21
f 2622/3718/1826 2561/3595/1776 96/96/21
f 2640/5161/1844 831/885/554 308/5162/98
f 2641/3764/1845 2640/3763/1844 308/320/98
f 1999/2566/1385 1833/2256/1243 3187/5163/2328
f 2796/4064/1972 1999/2566/1385 3187/5163/2328
f 2567/3602/1780 801/849/532 236/244/30
f 2647/3772/703 2567/3602/1780 236/244/30
f 1480/1722/1004 376/392/207 2557/5164/1774
f 1481/5165/1005 1480/5166/1004 2557/5167/1774
f 1084/1193/704 2665/3799/1862 1645/1951/1117
f 94/94/19 1084/1193/704 1645/1951/1117
f 1636/1940/1113 98/98/23 122/124/45
f 371/725/202 1636/1940/1113 122/124/45
f 2569/3604/704 2367/3300/532 194/196/89
f 2656/3787/703 2569/3604/704 194/196/89
f 2407/3363/1661 3152/5091/2295 2405/3361/1659
f 2574/3747/1776 861/928/580 166/1935/76
f 2654/3782/1849 2574/3610/1776 166/3783/76
f 1837/3719/1261 1636/3721/1113 371/5168/202
f 2358/3279/1617 1837/2263/1261 371/387/202
f 3188/5169/2329 1709/2082/1168 1708/2081/1167
f 736/3692/486 2098/2707/84 2099/2708/83
f 878/951/6 2098/2710/6 736/952/6
f 861/928/580 2775/4014/98 314/326/22
f 166/1935/76 861/928/580 314/326/22
f 3051/4980/2266 3133/4982/2267 3156/5103/2302
f 1841/5102/2301 3051/4980/2266 3156/5103/2302
f 568/601/116 2756/3975/92 569/602/347
f 874/945/6 2756/4638/6 568/2614/6
f 1360/5170/909 1359/1685/908 1451/1684/978
f 417/2232/241 1360/5171/909 1451/2233/978
f 3189/5172/2330 2275/3135/1555 3190/5173/2326
f 168/170/77 769/813/507 169/171/78
f 3191/5174/6 769/1302/6 168/3551/6
f 876/949/590 2266/3111/1548 877/950/78
f 1201/1351/6 2266/4215/6 876/1352/6
f 2533/4191/341 827/5175/552 1292/4192/342
f 3192/5176/6 827/1221/6 2533/3535/6
f 692/734/447 177/179/83 693/735/342
f 1247/1404/6 177/3545/6 692/1408/765
f 2536/3543/1754 919/5177/625 1143/4009/751
f 1247/1404/6 919/1406/6 2536/3544/6
f 1752/5178/1205 145/147/57 2306/3185/1570
f 2345/3255/1609 1752/5178/1205 2306/3185/1570
f 2235/4381/1527 2922/4380/2068 955/1046/645
f 872/943/83 2106/2718/68 2136/2774/67
f 1165/1297/764 2106/2723/6 872/1298/6
f 94/94/19 1085/1194/705 3194/5179/2331
f 95/95/20 94/94/19 3194/5179/2331
f 737/781/116 2178/2901/1484 2395/3348/1569
f 1200/1348/6 2178/2905/6 737/1349/6
f 828/880/84 154/156/65 829/881/83
f 1098/1217/716 154/3012/1526 828/1220/6
f 2802/4088/202 807/857/45 1473/5180/999
f 547/579/201 2802/4089/202 1473/2482/999
f 689/731/116 2304/3176/1484 690/732/116
f 922/1004/6 2304/4220/6 689/1005/6
f 2744/3937/1927 560/593/339 338/592/182
f 3197/5181/2332 2744/3940/1927 338/351/182
f 198/5182/93 151/153/63 199/4271/94
f 830/882/553 151/2534/6 198/883/6
f 920/1002/626 2023/2593/334 921/1003/627
f 1247/1404/6 2023/2636/6 920/1405/6
f 2177/2898/1482 171/4221/831 2176/2899/1483
f 2176/2897/1481 171/173/80 117/119/41
f 2646/3771/540 1638/1942/1113 2147/2838/1460
f 3198/5183/2333 2646/4616/540 2147/2840/1460
f 2182/5184/1488 1377/1579/924 1132/1256/740
f 801/849/532 803/851/534 237/245/90
f 236/244/30 801/849/532 237/245/90
f 767/811/63 116/118/40 118/120/40
f 3199/5185/6 116/2900/6 767/946/6
f 1424/2557/845 83/83/9 802/1035/533
f 2566/3601/1779 1424/1645/845 802/850/533
f 3144/5068/5 1107/5067/5 1115/5186/5
f 1647/1955/19 108/108/32 446/467/264
f 694/736/448 1647/1955/19 446/467/264
f 2652/3780/1845 203/4985/98 143/145/56
f 142/144/21 2652/3780/1845 143/145/56
f 1146/1273/466 875/5187/334 1147/1274/334
f 1201/1351/6 875/1353/6 1146/3461/6
f 2729/3916/500 1417/3913/1913 3112/5147/2043
f 671/709/430 2729/3916/500 3112/5147/2043
f 165/167/75 167/169/23 1087/1197/707
f 2354/3800/1460 165/167/75 1087/1197/707
f 2107/5188/1443 714/758/466 713/757/66
f 2108/2721/6 714/3552/6 2107/2722/6
f 1629/1929/49 883/959/595 1290/1459/861
f 205/1458/50 1629/1929/49 1290/1459/861
f 349/1667/103 138/140/53 1439/1665/968
f 350/5189/104 349/1667/103 1439/1665/968
f 2872/5190/2334 1733/2114/954 1732/2113/1189
f 746/790/19 238/246/114 1266/1913/264
f 747/791/20 746/790/19 1266/1913/264
f 2641/3764/1845 308/320/98 97/97/22
f 96/96/21 2641/3764/1845 97/97/22
f 2648/3773/580 133/135/48 189/191/56
f 188/190/21 2648/3773/580 189/191/56
f 2665/3799/1862 223/5062/102 533/1195/325
f 1645/1951/1117 2665/3799/1862 533/1195/325
f 646/684/411 2031/5191/1412 1632/5192/1109
f 647/685/412 646/684/411 1632/5192/1109
f 1638/1942/1113 190/1944/85 394/410/224
f 2147/2838/1460 1638/1942/1113 394/410/224
f 2124/4968/1 75/4967/1515 2197/5193/1515
f 2974/4478/5 2197/4477/5 75/5194/5
f 2367/3300/532 348/5195/102 195/197/90
f 194/196/89 2367/3300/532 195/197/90
f 2701/3853/1892 2700/3852/1891 3164/5115/1195
f 651/689/416 2701/4445/1892 3164/5196/1195
f 160/162/70 2855/4237/2029 161/163/71
f 1200/1348/6 2855/4238/6 160/2904/6
f 2673/3811/1869 1272/5197/846 107/107/31
f 106/106/30 2673/3811/1869 107/107/31
f 2785/4036/1963 1847/2279/1271 792/840/39
f 1847/2279/1271 793/841/15 792/840/39
f 2427/3388/1679 2426/3387/1192 619/5198/363
f 618/656/386 2427/3459/1679 619/657/363
f 253/5199/2335 1407/1613/945 1373/1575/921
f 332/2554/177 1992/2556/1380 2347/5200/1611
f 333/5201/178 332/2554/177 2347/5200/1611
f 900/3470/607 3200/5202/2336 2131/2764/1446
f 3200/5202/2336 1882/2765/1296 2131/2764/1446
f 1881/2933/1295 2656/3787/703 602/640/371
f 779/825/517 1881/2329/1295 602/827/371
f 3198/5183/2333 2147/2840/1460 2148/2839/1461
f 3100/4824/2222 3198/5183/2333 2148/2839/1461
f 603/641/372 196/198/91 230/1910/108
f 604/642/373 603/641/372 230/1910/108
f 2801/4722/1977 3201/5203/2337 2369/5204/1627
f 3201/5203/2337 3202/5205/2338 2369/5204/1627
f 3203/5206/2339 2179/2922/1485 2613/3707/1817
f 2616/3694/1820 3203/5207/2339 2613/3695/1817
f 1641/1947/75 144/146/23 807/857/45
f 2802/4088/202 1641/1947/75 807/857/45
f 2897/4330/6 2192/4329/6 61/5208/6
f 2192/4972/1515 59/4971/1 61/5209/1515
f 3204/5210/2340 3205/5211/2341 2725/5212/1912
f 3167/5119/2342 3204/5210/2340 2725/5212/1912
f 1368/1570/917 1367/1569/916 3206/5213/2343
f 598/636/367 2785/4036/1963 133/5214/48
f 2648/3773/580 598/2501/367 133/135/48
f 2776/4983/1957 1324/1512/700 1508/1761/1031
f 315/5215/160 2776/4983/1957 1508/1761/1031
f 2118/5004/1 27/27/1 2195/5216/1
f 2971/4469/5 2195/4468/5 27/5217/5
f 2326/3231/1591 2589/3635/1796 2625/5218/1829
f 2488/5063/1736 2326/3231/1591 2625/5218/1829
f 2672/4106/1625 2307/3186/1571 1272/4830/846
f 2673/3811/1869 2672/3810/1625 1272/5197/846
f 1085/1194/705 1086/1196/706 489/2618/265
f 120/2617/43 1085/1194/705 489/2618/265
f 2357/3278/601 747/1691/20 86/116/15
f 2900/4336/11 2357/3278/601 86/116/15
f 916/998/622 918/1000/624 2200/5219/1500
f 146/1556/58 916/5220/622 2200/2955/1500
f 238/246/114 406/425/231 1617/1914/1099
f 1266/1913/264 238/246/114 1617/1914/1099
f 113/5143/37 1327/1515/892 1325/1513/890
f 114/4984/38 113/5143/37 1325/1513/890
f 98/98/23 2063/2672/161 123/125/46
f 122/124/45 98/98/23 123/125/46
f 144/146/23 2128/2759/1430 808/858/225
f 807/857/45 144/146/23 808/858/225
f 196/198/91 1047/1149/671 1616/1911/1099
f 230/1910/108 196/198/91 1616/1911/1099
f 3189/5172/2330 3190/5173/2326 1898/5221/1304
f 167/1936/23 316/328/161 1088/5222/708
f 1087/1197/707 167/169/23 1088/1198/708
f 1515/5223/3 1861/5224/882 1812/5225/3
f 51/1635/5 1515/1774/5 1812/2224/5
f 190/192/85 2055/2664/1430 395/5226/225
f 394/410/224 190/1944/85 395/411/225
f 2927/4391/2075 2994/4535/2136 2996/4534/2138
f 2936/4418/2086 2927/4391/2075 2996/4534/2138
f 2375/3314/1633 2846/5227/2022 2373/3312/1631
f 2846/4227/2022 2845/4226/2021 2373/5228/1631
f 2919/4369/6 2193/4368/6 73/5229/6
f 2193/4991/1 71/71/1 73/73/1
f 2915/4361/6 2194/4360/6 3/5230/6
f 2194/5028/1 1/1/1 3/3/1
f 2121/4998/1 67/67/1 2196/5231/1
f 2968/4461/5 2196/4460/5 67/5232/5
f 2571/3606/1781 1084/1193/704 1083/1192/703
f 2229/4083/981 2571/3606/1781 1083/1192/703
f 2857/4241/2031 3207/5233/2344 3208/5234/1080
f 3207/5233/2344 2241/3031/1079 3208/5234/1080
f 1437/5235/4 2891/5236/4 1972/5237/4
f 2413/3371/1666 3129/5238/2263 2028/5239/1407
f 1861/5224/882 1515/5223/3 1194/5240/882
f 1861/2298/6 1194/1338/6 52/616/6
f 108/108/32 2127/2758/706 447/468/265
f 446/467/264 108/108/32 447/468/265
f 2375/3314/1633 748/5241/490 2428/3389/1680
f 2375/3317/1633 2827/4158/2000 748/5242/490
f 396/2316/47 1123/1247/731 1103/1227/722
f 469/1226/260 396/2316/47 1103/1227/722
f 3209/5243/1005 1854/4086/1278 1173/1310/766
f 1172/1309/241 3209/5243/1005 1173/1310/766
f 231/2462/109 1941/2461/1338 2330/3238/1595
f 1471/5244/16 231/2462/109 2330/3238/1595
f 1032/1133/664 796/844/527 795/843/526
f 2363/5154/693 1032/1133/664 795/843/526
f 310/5245/157 2537/3549/1031 1429/1652/862
f 1710/2083/732 310/5245/157 1429/1652/862
f 1864/2305/1286 370/386/201 1355/1553/8
f 439/460/9 1864/2305/1286 1355/1553/8
f 319/4794/164 916/4793/622 146/148/58
f 145/147/57 319/4794/164 146/148/58
f 3210/5246/2345 1294/1463/864 1293/1462/863
f 649/5247/414 3210/5246/2345 1293/1462/863
f 224/2771/103 1669/2022/55 1051/1155/675
f 225/5248/104 224/2771/103 1051/1155/675
f 316/5249/161 1238/1395/734 1237/1394/824
f 1088/2525/708 316/5249/161 1237/1394/824
f 2128/5250/1430 205/1458/50 1288/1456/859
f 808/1167/225 2128/5250/1430 1288/1456/859
f 3211/5251/2346 2327/5252/1592 2487/5253/1735
f 3212/5254/2347 3211/5255/2346 2487/3485/1735
f 2044/5256/34 1918/2429/1317 343/356/186
f 140/142/35 2044/5256/34 343/356/186
f 3213/5257/432 761/805/502 669/707/428
f 727/771/479 3213/5257/432 669/707/428
f 1602/1891/1091 1141/1265/749 1603/1892/694
f 1600/1889/1089 1602/1891/1091 1603/1892/694
f 225/5248/104 1051/1155/675 1050/1154/674
f 1086/5258/706 225/5248/104 1050/1154/674
f 3214/5259/2348 2460/3438/1710 1218/1371/805
f 2679/5260/574 3214/5261/2348 1218/3034/805
f 163/165/73 1833/2256/1243 112/112/36
f 1833/2256/1243 1903/2411/1308 112/112/36
f 1377/1579/924 2182/5184/1488 2183/5262/1489
f 121/511/44 490/513/301 2315/3219/1580
f 2757/5263/1943 121/511/44 2315/3219/1580
f 1089/2527/538 1977/2526/1370 1764/2159/1216
f 110/5264/34 1089/2527/538 1764/2159/1216
f 1959/2493/1355 2899/4335/2055 2651/4338/1852
f 2650/3778/1851 1959/2496/1355 2651/3779/1852
f 309/1185/49 1078/1187/700 2537/3549/1031
f 310/5245/157 309/1185/49 2537/3549/1031
f 1086/5258/706 1050/1154/674 1834/2257/1259
f 489/512/265 1086/5258/706 1834/2257/1259
f 315/5215/160 1508/1761/1031 1238/1395/734
f 316/5249/161 315/5215/160 1238/1395/734
f 1471/5244/16 2330/3238/1595 1468/1705/995
f 794/5265/37 1471/5244/16 1468/1705/995
f 1478/2995/650 2225/2994/1517 1962/2498/1358
f 898/979/605 1478/1720/650 1962/4859/1358
f 110/5264/34 1764/2159/1216 1762/2157/1214
f 111/5266/35 110/5264/34 1762/2157/1214
f 2757/5263/1943 2315/3219/1580 1889/2345/892
f 3215/5267/2349 2757/5263/1943 1889/2345/892
f 214/3973/1940 2628/3972/1941 211/5268/2350
f 212/3740/1721 211/5269/1 2628/3741/1122
f 741/785/487 396/412/47 469/491/260
f 468/490/282 741/785/487 469/491/260
f 350/5189/104 1439/1665/968 1438/1664/967
f 1047/5270/671 350/5189/104 1438/1664/967
f 3104/4839/2229 1743/4841/1196 3216/5271/2351
f 865/936/584 3104/4839/2229 3216/5271/2351
f 2127/5272/706 259/2005/104 1513/1770/1035
f 447/1768/265 2127/5272/706 1513/1770/1035
f 1047/5270/671 1438/1664/967 1940/2460/1337
f 1616/2459/1099 1047/5270/671 1940/2460/1337
f 2055/5273/1430 1126/1250/734 1124/1248/732
f 395/2317/225 2055/5273/1430 1124/1248/732
f 406/5274/231 1391/1595/674 1702/2075/1035
f 1617/2463/1099 406/5274/231 1702/2075/1035
f 2284/3146/1562 2930/4396/2078 1927/5275/1325
f 809/1166/538 1061/1168/684 1918/2429/1317
f 2044/5256/34 809/1166/538 1918/2429/1317
f 2063/5276/161 310/5245/157 1710/2083/732
f 123/1650/46 2063/5276/161 1710/2083/732
f 2853/4235/2027 612/2118/380 1735/2117/1191
f 2865/4250/2039 2853/4235/2027 1735/2117/1191
f 1798/2865/472 811/861/470 810/860/539
f 1141/1265/749 1798/4916/472 810/1266/539
f 1001/1095/650 2631/3748/1836 2680/3820/1873
f 658/4860/423 1001/5277/650 2680/3821/1873
f 448/1767/44 1512/1769/1034 1921/2433/1320
f 2760/5142/1943 448/1767/44 1921/2433/1320
f 1267/2464/109 1705/2078/1164 2552/3582/1769
f 87/5126/16 1267/2464/109 2552/3582/1769
f 124/1649/47 1428/1651/731 1583/1869/722
f 441/5278/260 124/1649/47 1583/1869/722
f 135/5279/50 134/1531/49 1126/1250/734
f 2055/5273/1430 135/5279/50 1126/1250/734
f 2412/3370/1665 1707/2080/1166 3217/5280/2352
f 3093/4807/2216 414/4808/238 2278/3139/1558
f 1451/3138/978 3093/4807/2216 2278/3139/1558
f 378/3437/209 2459/3436/1709 2228/3591/602
f 2558/3589/1775 378/3437/209 2228/3591/602
f 2170/5281/2353 2472/5282/2354 3084/5283/2355
f 1869/2311/1289 3084/5284/1515 2472/3456/1721
f 3218/5285/2356 337/350/181 2731/3918/1915
f 515/538/315 3218/5285/2356 2731/3918/1915
f 2478/3468/1726 3200/5202/2336 900/3470/607
f 2204/3469/1503 2478/3468/1726 900/3470/607
f 2051/5286/1426 2384/5287/1640 2983/5288/2357
f 1221/5289/807 2051/5286/1426 2983/5288/2357
f 2286/3148/1561 1905/4486/1310 1928/5290/1326
f 1235/5291/822 2258/3096/1546 2928/5292/2358
f 2385/3335/1641 1235/5291/822 2928/5292/2358
f 910/4600/616 3042/4599/2176 3101/4825/2223
f 2683/3828/337 910/4600/616 3101/4825/2223
f 1203/5293/755 2956/5294/2359 2957/5295/2360
f 2923/5296/2361 1203/5293/755 2957/5295/2360
f 2699/3851/1890 2232/3006/1522 3219/5297/2362
f 2700/3852/1891 2699/3851/1890 3219/5297/2362
f 2377/3318/601 229/5298/42 793/841/15
f 81/81/11 2377/3318/601 793/841/15
f 3215/5267/2349 1889/2345/892 833/888/555
f 832/1186/38 3215/5267/2349 833/888/555
f 2875/4521/1892 3220/5299/2363 3221/5300/1927
f 1664/2016/1132 2875/4261/1892 3221/5301/1927
f 1111/5032/6 2013/5031/6 2027/5302/6
f 82/82/12 1847/2279/1271 2785/4036/1963
f 598/636/367 82/82/12 2785/4036/1963
f 1028/5303/660 1490/4612/1013 2977/5304/2357
f 1029/5305/661 1028/5303/660 2977/5304/2357
f 2479/3473/1727 1414/3472/951 3222/5306/2364
f 3223/5307/2365 1682/2037/1146 2551/3579/1768
f 855/5308/574 3223/5309/2365 2551/3581/1768
f 2869/4254/2042 2963/4452/2104 3224/5310/2366
f 2870/4255/1891 2869/4254/2042 3224/5310/2366
f 2962/4491/2098 458/479/271 457/478/270
f 2963/4452/2104 2962/4451/2098 457/5311/270
f 2933/4409/2083 2268/3113/1549 3225/5312/2362
f 2743/3936/1926 2933/4409/2083 3225/5312/2362
f 1978/2528/1371 1979/2530/1372 2460/3438/1710
f 3214/5259/2348 1978/2528/1371 2460/3438/1710
f 2865/4250/2039 1735/2117/1191 3226/5313/2367
f 2866/4251/2040 2865/4250/2039 3226/5313/2367
f 3129/5238/2263 2413/3371/1666 2399/3355/1653
f 2961/4449/2102 3227/5314/2368 3220/5299/2363
f 2875/4521/1892 2961/4449/2102 3220/5299/2363
f 2937/4419/2035 2936/4418/2086 3228/5315/2369
f 2992/4515/168 2937/4419/2035 3228/5315/2369
f 2945/4430/2075 2964/4454/2105 3229/5316/1191
f 2946/4431/2092 2945/4430/2075 3229/5316/1191
f 3067/4683/2195 2907/4348/2061 1231/3210/818
f 3230/5317/2370 3067/5318/2195 1231/1388/818
f 2679/5260/574 1218/3034/805 1724/2104/1181
f 1800/5319/1237 2679/5260/574 1724/2104/1181
f 2952/4437/2096 2966/4456/2107 3227/5314/2368
f 2961/4449/2102 2952/4437/2096 3227/5314/2368
f 2943/4428/2091 1558/3007/270 2232/3006/1522
f 2699/3851/1890 2943/4428/2091 2232/3006/1522
f 2743/3936/1926 3225/5312/2362 3231/5320/2363
f 2744/3937/1927 2743/3936/1926 3231/5320/2363
f 855/5308/574 2551/3581/1768 2467/3447/1715
f 856/5321/575 855/5322/574 2467/5323/1715
f 1627/4281/1105 1245/1402/829 227/233/106
f 227/233/106 1245/1402/829 3232/5324/5
f 370/386/201 2370/5325/1628 440/1152/33
f 1356/1554/906 370/386/201 440/1152/33
f 2786/4039/1630 953/1044/644 1723/2103/1180
f 1723/2103/1180 953/1044/644 222/228/5
f 2359/5326/1619 1389/1593/103 1391/1595/674
f 406/5274/231 2359/5326/1619 1391/1595/674
f 374/4269/205 1447/1678/106 221/227/101
f 221/227/101 1447/1678/106 222/228/5
f 3233/5327/2371 3234/5328/2372 2583/5329/1790
f 1440/5330/969 3233/5327/2371 2583/5329/1790
f 3235/5331/2373 2903/4344/2058 2464/3442/1712
f 3048/4617/2180 3235/5331/2373 2464/3442/1712
f 1788/4273/1228 346/359/189 571/604/232
f 571/604/232 346/359/189 228/234/107
f 2765/3995/1950 256/264/117 2766/3996/1951
f 2766/3996/1951 256/264/117 258/266/5
f 528/551/101 524/547/319 529/552/322
f 2661/3795/1859 524/547/319 528/551/101
f 307/319/156 1821/2239/1248 222/228/5
f 487/4278/299 1821/2239/1248 307/319/156
f 484/3999/296 407/426/232 2768/4000/1952
f 2768/4000/1952 407/426/232 202/204/97
f 257/265/118 491/514/302 493/516/303
f 2216/4283/296 491/514/302 257/265/118
f 523/546/318 519/542/158 521/544/5
f 1804/4275/1239 519/542/158 523/546/318
f 1119/1243/727 1856/4854/1280 2906/4347/384
f 2905/4346/2060 1119/1243/727 2906/4347/384
f 702/745/456 311/323/158 313/325/5
f 1789/4279/1229 311/323/158 702/745/456
f 1246/1403/317 938/1025/184 940/1027/5
f 1808/4282/1010 938/1025/184 1246/1403/317
f 441/5278/260 1583/1869/722 1581/1867/1074
f 442/5332/35 441/5278/260 1581/1867/1074
f 1782/2184/1055 522/545/317 1448/1679/320
f 1448/1679/320 522/545/317 521/544/5
f 2771/4006/317 340/353/184 342/355/5
f 1487/4005/1010 340/353/184 2771/4006/317
f 495/518/305 1828/2246/1255 493/516/303
f 411/4284/236 1828/2246/1255 495/518/305
f 436/3997/258 570/603/348 2767/3998/96
f 2767/3998/96 570/603/348 228/234/107
f 1829/2247/320 701/744/455 313/325/5
f 1556/4280/1055 701/744/455 1829/2247/320
f 604/642/373 230/1910/108 229/5333/42
f 2377/3318/601 604/828/373 229/5298/42
f 954/1045/96 306/318/118 222/228/5
f 2882/4291/2050 306/318/118 954/1045/96
f 939/1026/185 572/605/349 3236/5334/2374
f 1792/4277/1232 572/605/349 939/1026/185
f 3183/5335/2375 3237/5336/2376 2636/5337/1840
f 2642/5338/1846 3183/5335/2375 2636/5337/1840
f 1291/1460/862 2157/2856/1470 3238/5339/2377
f 1289/1457/860 1291/1460/862 3238/5339/2377
f 1624/4007/1104 494/517/304 2772/4008/1955
f 2772/4008/1955 494/517/304 493/516/303
f 1212/1364/801 200/202/95 202/204/97
f 2669/3805/1866 200/202/95 1212/1364/801
f 2774/4013/1956 226/232/105 228/234/107
f 1875/4012/1294 226/232/105 2774/4013/1956
f 2891/5236/4 1437/5235/4 1436/5340/4
f 1431/1654/963 3150/5080/2291 2104/5341/1442
f 3168/5120/2308 1431/1654/963 2104/5341/1442
f 79/79/9 78/78/8 2678/3818/1714
f 2366/3299/1625 79/79/9 2678/3818/1714
f 1597/4003/223 1211/1363/800 2770/4004/1954
f 2770/4004/1954 1211/1363/800 202/204/97
f 573/606/350 1755/2147/1207 574/607/351
f 392/4314/222 1755/2147/1207 573/606/350
f 2939/4421/2087 729/3114/480 2268/3113/1549
f 2933/4409/2083 2939/4421/2087 2268/3113/1549
f 1186/4010/777 527/550/100 2773/4011/1955
f 2773/4011/1955 527/550/100 529/552/322
f 1820/4276/1104 220/226/100 1822/2240/1249
f 1822/2240/1249 220/226/100 222/228/5
f 520/543/159 1722/2102/1179 521/544/5
f 479/4272/291 1722/2102/1179 520/543/159
f 312/324/159 1738/2126/1179 313/325/5
f 1101/4274/720 1738/2126/1179 312/324/159
f 437/458/259 439/460/9 2664/5060/1625
f 1967/2506/1363 437/2508/259 2664/3798/1625
f 1935/2450/1333 3062/5342/2378 3239/5343/2379
f 1239/1396/825 3193/5344/2380 2705/5345/2381
f 2332/3240/1597 1239/1396/825 2705/5345/2381
f 2857/4241/2031 3208/5234/1080 3240/5346/2382
f 2955/4923/2098 2857/4241/2031 3240/5346/2382
f 1365/1567/914 1364/1566/913 255/4707/2383
f 2866/4251/2040 3226/5313/2367 3241/5347/2384
f 3022/4951/2159 2866/4251/2040 3241/5347/2384
f 2157/2856/2385 2156/2855/2386 3212/5348/2387
f 2156/2855/2386 3211/5349/2346 3212/5348/2387
f 2725/3909/1912 2612/3911/1816 2539/5350/1757
f 3242/5351/2388 2725/3909/1912 2539/5350/1757
f 2595/3650/1802 2596/3651/1627 2336/3244/1601
f 2335/3243/1600 2595/3650/1802 2336/3244/1601
f 2897/5352/1721 1818/5353/1721 2110/5354/1721
f 2110/5354/1721 1818/5353/1721 1775/5355/1122
f 3181/5151/2268 2876/4262/2046 3033/4585/2167
f 2410/5023/2132 3181/5151/2268 3033/4585/2167
f 2312/3214/1577 2311/3216/1576 2483/5356/1731
f 2643/3767/1847 2312/5357/1577 2483/3768/1731
f 2677/3817/1440 468/2120/282 136/2119/51
f 2678/3818/1714 2677/3817/1440 136/2119/51
f 3243/5358/2389 1069/1176/692 704/2465/458
f 703/746/457 3243/5359/2389 704/747/458
f 3244/5360/2390 1263/5361/840 1262/2777/839
f 1567/1848/573 3244/5360/2390 1262/2777/839
f 3230/5317/2370 1231/1388/818 1230/1387/817
f 2020/2590/1403 3230/5317/2370 1230/1387/817
f 2355/3273/1461 944/5160/487 109/239/33
f 1744/2133/1197 2355/3273/1461 109/239/33
f 2915/5362/1721 1816/5363/2298 2113/5364/2391
f 2113/5364/2391 1816/5363/2298 1772/5365/789
f 2919/5366/1 1817/5367/1 2116/5368/1
f 2116/5368/1 1817/5367/1 1769/5369/2262
f 2100/4694/1438 2910/4351/1712 3245/5370/2392
f 3246/5371/2393 2100/5372/1438 3245/5373/2392
f 2745/3938/1928 2744/3940/1927 3197/5181/2332
f 2989/4509/2130 2745/3938/1928 3197/5181/2332
f 1893/5374/1 2122/5375/2262 1907/5376/1
f 1907/5376/1 2122/5375/2262 2968/5377/1
f 1071/1178/694 2353/3271/1615 3099/4823/2221
f 1942/2466/1339 1071/1178/694 3099/4823/2221
f 3247/5378/2394 1469/1706/996 3196/5379/2395
f 3195/5380/2396 3247/5378/2394 3196/5379/2395
f 3081/4734/2209 345/358/188 3248/5381/2397
f 3159/5382/2398 3081/4734/2209 3248/5381/2397
f 831/885/554 1811/2222/1244 832/886/38
f 1811/2222/1244 2758/3980/1944 832/886/38
f 1591/1877/1073 345/358/188 3081/4734/2209
f 141/143/55 1591/1877/1073 3081/4734/2209
f 933/1020/633 2940/4425/819 3249/5383/2399
f 3250/5384/2400 933/1020/633 3249/5383/2399
f 1541/1820/657 856/921/575 1294/5385/864
f 1542/1821/1041 1541/1820/657 1294/5385/864
f 2925/4387/2071 2946/4431/2092 3251/5386/2036
f 2710/5051/1899 2925/4387/2071 3251/5386/2036
f 1909/5387/1 2125/5388/789 1910/5389/1
f 1910/5389/1 2125/5388/789 2974/5390/1
f 856/5321/575 2467/5323/1715 2218/2985/1511
f 1294/1463/864 856/5321/575 2218/2985/1511
f 1073/5391/696 3130/4964/2264 2831/4177/2005
f 1074/5392/697 1073/5391/696 2831/4177/2005
f 2036/2623/1416 2931/5393/2401 3252/5394/2402
f 2518/3517/1668 1374/5395/922 2415/3373/1668
f 2884/5396/789 2120/5397/2403 1891/5398/2403
f 1891/5398/2403 2120/5397/2403 2119/5399/2298
f 2667/3803/1864 3054/5400/2404 760/804/501
f 762/806/503 2667/3803/1864 760/804/501
f 1677/5401/1142 1299/1474/729 912/1471/618
f 2167/5402/1477 1677/5403/1142 912/993/618
f 2965/4482/2106 711/755/464 710/754/463
f 2966/4456/2107 2965/4455/2106 710/5404/463
f 3253/5405/2405 3254/5406/2406 2581/5407/2407
f 3254/5406/2406 2657/5408/2408 2581/5407/2407
f 2116/5368/1 1769/5369/2262 2117/5409/2262
f 2893/5410/1515 2117/5409/2262 1769/5369/2262
f 1407/1613/2409 253/5199/2410 252/5411/2411
f 2113/5364/2391 1772/5365/789 2114/5412/789
f 2881/5413/789 2114/5412/789 1772/5365/789
f 1254/3331/834 2382/3330/1638 2972/5414/2412
f 1255/5415/835 1254/3331/834 2972/5414/2412
f 2801/4722/1977 2369/5204/1627 2350/3266/1614
f 2349/3265/1613 2801/4722/1977 2350/3266/1614
f 1891/5398/2403 2119/5399/2298 1892/5416/2298
f 1892/5416/2298 2119/5399/2298 2971/5417/1721
f 2888/5418/1 2123/5419/1 1893/5374/1
f 1893/5374/1 2123/5419/1 2122/5375/2262
f 1068/1466/691 1297/1468/867 2494/5420/1742
f 1280/2273/851 1068/1466/691 2494/5420/1742
f 246/4700/2198 1372/1574/920 247/5421/2413
f 2748/3954/1931 1420/1641/957 1419/1640/956
f 404/3197/229 2748/3954/1931 1419/1640/956
f 863/1683/582 164/166/74 2775/5422/98
f 861/928/580 863/930/582 2775/4014/98
f 2167/5402/1477 912/993/618 911/992/617
f 1885/5423/760 2167/5402/1477 911/992/617
f 2890/5424/1 2126/5425/1 1909/5387/1
f 1909/5387/1 2126/5425/1 2125/5388/789
f 2761/3985/1946 886/962/506 3054/5400/2404
f 760/804/501 3054/5400/2404 886/962/506
f 459/480/272 1079/1188/701 2129/2762/1444
f 1079/1188/701 1459/1695/986 2129/2762/1444
f 1912/2422/1312 2316/3220/1581 2592/5426/1799
f 3255/5427/2414 1912/2422/1312 2592/5426/1799
f 885/961/597 884/960/596 2600/3659/1804
f 2600/3659/1804 2746/3941/1929 885/961/597
f 680/718/439 765/809/506 3052/5428/2415
f 3052/5428/2415 677/715/436 680/718/439
f 2577/5429/1785 2820/5430/1993 3256/5431/2416
f 2590/3637/1797 2577/3616/1785 3256/5432/2416
f 566/599/345 2321/3225/1586 274/282/130
f 3001/4541/2141 566/599/345 274/282/130
f 1069/1176/692 1071/1178/694 1942/2466/1339
f 704/2465/458 1069/1176/692 1942/2466/1339
f 1356/1554/906 440/1152/33 1049/1151/673
f 2466/3444/1714 1356/1554/906 1049/1151/673
f 3120/4887/2251 3119/4886/2250 2031/5191/1412
f 646/684/411 3120/4887/2251 2031/5191/1412
f 1866/2307/1145 1868/2309/1288 1670/5433/1136
f 3035/5152/2169 1866/2307/1145 1670/5433/1136
f 3052/5428/2415 765/809/506 3053/5434/2417
f 2671/3809/1868 3053/5434/2417 765/809/506
f 3246/5371/2393 3245/5373/2392 2150/2843/1463
f 2149/2842/1462 3246/5371/2393 2150/2843/1463
f 2366/3299/1625 2678/3818/1714 348/5435/102
f 2367/3300/532 2366/3302/1625 348/5195/102
f 1919/2430/1318 2642/5338/1846 2431/5436/1684
f 344/357/187 1919/2430/1318 2431/5436/1684
f 893/973/601 694/972/448 1903/2411/1308
f 1833/2256/1243 893/973/601 1903/2411/1308
f 2170/5281/2418 2171/5437/2419 2471/3455/1720
f 2471/3455/1720 2171/5437/2419 2173/3453/1718
f 2685/3830/1877 2684/3829/1876 3134/5438/2420
f 1005/5439/653 2685/3830/1877 3134/5438/2420
f 1780/2181/1223 1779/2180/1222 2020/5440/1403
f 1779/2180/1222 3230/5441/2370 2020/5440/1403
f 204/421/99 1727/2108/1184 115/115/39
f 1727/2108/1184 86/116/15 115/115/39
f 1906/2415/1311 3074/5442/2421 1904/2413/1309
f 3143/5443/1368 2423/3382/1677 2422/3381/1676
f 1946/4353/1342 2911/4355/2063 3257/5444/2422
f 1947/2475/1343 1946/2474/1342 3257/5445/2422
f 3098/5446/2423 2457/3433/1708 2015/2584/1398
f 85/85/14 1472/1711/998 2102/2713/1440
f 83/83/9 85/85/14 2102/2713/1440
f 95/95/20 3194/5179/2331 119/5447/42
f 280/288/134 95/1670/20 119/5448/42
f 2863/4248/2037 2862/4247/2036 905/986/612
f 2723/3903/1910 2863/4996/2037 905/2479/612
f 3258/5449/2424 1766/2161/1218 3259/5450/2425
f 3184/5155/2324 3258/5449/2424 3259/5450/2425
f 1243/1400/88 1994/2559/1381 2736/3923/1920
f 1240/1397/826 1243/1400/88 2736/3923/1920
f 2014/2583/1397 3153/5451/2296 2012/2581/1395
f 2236/3014/1528 2262/3378/1673 1398/5452/1673
f 754/5453/954 1134/1258/742 1133/1257/741
f 1265/1431/449 1267/1433/109 87/87/16
f 86/86/15 1265/1431/449 87/87/16
f 3260/5454/2426 1440/1666/969 3261/5455/2427
f 2334/3242/1599 3260/5454/2426 3261/5455/2427
f 1338/1532/902 3059/4648/2188 1127/1251/735
f 1126/1250/734 1338/1532/902 1127/1251/735
f 1899/2407/1305 3092/5456/2421 1900/2408/1306
f 2612/5457/1816 2826/5458/1999 628/5459/395
f 2539/5460/1757 2612/5457/1816 628/5459/395
f 354/367/194 275/283/131 2752/4883/1934
f 353/5461/193 354/5462/194 2752/5463/1934
f 3262/5464/2428 3263/5465/2429 3234/5328/2372
f 3233/5327/2371 3262/5464/2428 3234/5328/2372
f 1696/5466/1 361/5467/1515 360/5468/1
f 1696/2066/6 360/5469/6 359/574/6
f 3044/5470/1881 2902/4343/2057 2425/3386/1678
f 2548/3575/1766 3044/5470/1881 2425/3386/1678
f 1563/1844/149 3007/4548/2147 2789/4043/1966
f 3055/4641/2184 1563/1844/149 2789/4043/1966
f 361/5467/1515 1696/5466/1 1938/5471/1515
f 361/5472/303 1938/2456/5 363/1729/5
f 1576/4939/2 12/5473/2 11/4937/2
f 10/1861/1069 12/5474/6 1576/1862/6
f 1220/1373/806 622/1270/389 621/5475/388
f 2387/3338/1643 1220/5476/806 621/659/388
f 2110/5354/1721 1775/5355/1122 2111/5477/1122
f 2878/5478/789 2111/5477/1122 1775/5355/1122
f 2703/5479/2430 2041/2632/1419 3114/4878/2245
f 2041/2632/1419 2703/5479/2430 2783/5480/2431
f 1934/2449/1332 1933/2448/1331 1573/5481/1066
f 2005/3627/1391 2151/2844/1464 1299/1474/729
f 1677/5401/1142 2005/3627/1391 1299/1474/729
f 1715/5002/1174 2847/4926/2255 2858/5482/2432
f 2954/5483/2433 1715/5002/1174 2858/5482/2432
f 1922/2434/1321 2662/5484/2434 2453/5485/2435
f 2620/5486/2436 1922/2434/1321 2453/5485/2435
f 1329/1517/894 1328/1516/893 2621/5487/2437
f 3264/5488/2438 1329/1517/894 2621/5487/2437
f 1394/1598/937 426/447/249 425/446/248
f 1970/2514/1366 1394/1598/937 425/446/248
f 2753/5489/2439 2472/5282/2354 2170/5281/2353
f 2753/5489/1938 2170/5281/2418 2471/3455/1720
f 442/5332/35 1581/1867/1074 1580/1866/1073
f 1668/2021/1135 442/5332/35 1580/1866/1073
f 111/5266/35 1762/2157/1214 1761/2156/1073
f 232/432/110 111/5266/35 1761/2156/1073
f 2244/5490/2084 2868/4253/1926 2871/4256/1892
f 2308/5058/2284 2244/5491/2084 2871/4413/1892
f 280/288/134 119/5448/42 2269/3129/15
f 1810/2221/1243 280/288/134 2269/3129/15
f 3039/5098/2268 3155/5097/2300 2842/4216/2016
f 1323/5492/2440 3039/5098/2268 2842/4216/2016
f 2417/3375/1670 3265/5493/2441 2263/5494/2442
f 1204/3065/793 1203/5293/755 2923/5296/2361
f 1832/2252/1258 1204/3065/793 2923/5296/2361
f 296/3277/146 1748/2139/1201 1302/3274/871
f 1304/1479/873 296/308/146 1302/1477/871
f 2694/3843/1883 3154/5096/2299 616/654/384
f 2500/3498/1747 2694/3843/1883 616/654/384
f 676/714/435 3079/4730/2207 884/960/596
f 2674/3812/1870 884/960/596 3079/4730/2207
f 2955/4923/2098 3240/5346/2382 1558/1839/270
f 2943/4428/2091 2955/4440/2098 1558/3007/270
f 3266/5495/2443 2430/3394/1683 2402/3358/1656
f 2306/3185/1570 147/149/59 844/5496/566
f 843/3256/565 2306/3185/1570 844/5496/566
f 695/3321/449 448/3323/44 2760/3982/1943
f 2759/3981/1945 695/3321/449 2760/3982/1943
f 2153/2852/1466 2932/5497/1466 2154/2853/1467
f 2166/2875/1475 1825/2243/1252 2165/2876/1476
f 1825/2243/1252 2166/2875/1475 3096/5498/2219
f 3074/5442/2421 1906/2415/1311 3075/5499/2444
f 2675/3813/1871 2674/3812/1870 673/711/432
f 885/961/597 2675/3813/1871 673/711/432
f 1466/1703/993 648/686/413 2735/5500/1919
f 1467/1704/994 1466/1703/993 2735/5500/1919
f 2817/4126/1991 3267/5501/2336 1924/2436/1323
f 3267/5501/2336 331/344/176 1924/2436/1323
f 2740/3930/1924 3268/5502/2445 3166/5503/2446
f 1765/2160/1217 2332/3240/1597 2437/5504/2447
f 1766/2161/1218 1765/2160/1217 2437/5504/2447
f 233/241/111 235/243/113 514/537/314
f 2995/4533/2137 233/241/111 514/537/314
f 1392/1596/935 1394/1598/937 1970/2514/1366
f 1969/2513/1365 1392/1596/935 1970/2514/1366
f 1234/5505/821 1857/2291/1155 2258/3096/1546
f 1235/5291/822 1234/5505/821 2258/3096/1546
f 2692/3839/1746 2914/4359/2065 903/984/610
f 1333/1521/898 2692/3839/1746 903/984/610
f 1663/2007/1131 2808/4105/1982 1944/2470/1340
f 1513/1770/1035 1663/2007/1131 1944/2470/1340
f 3269/5506/2448 3270/5507/2449 2179/2922/1485
f 3203/5206/2339 3269/5506/2448 2179/2922/1485
f 2018/5508/1401 2499/3497/1746 2447/3499/818
f 3271/5509/2450 2018/5510/1401 2447/3422/818
f 1983/2536/1375 3159/5382/2451 3160/5511/2452
f 3272/5512/2453 1983/2536/1375 3160/5511/2452
f 1390/1594/934 3082/4735/2210 1983/2536/1375
f 1391/1595/674 1390/1594/934 1983/2536/1375
f 559/4907/338 2864/4906/2224 2867/5513/2454
f 3021/4929/2257 559/4907/338 2867/5513/2454
f 2319/3404/1584 2436/3403/1689 2809/5514/1983
f 2527/3666/1749 2319/3404/1584 2809/5514/1983
f 819/869/546 820/870/547 1728/2109/1185
f 3273/5515/2455 819/869/546 1728/2109/1185
f 2386/4448/2072 2937/4419/2035 2991/4514/2133
f 3028/5516/2281 2386/5517/2072 2991/4517/2133
f 1568/2776/658 1264/1430/841 2903/4344/2058
f 3235/5331/2373 1568/2776/658 2903/4344/2058
f 1969/2513/1365 1971/2515/1367 1395/1599/314
f 2964/4453/2105 1969/2513/1365 1395/1599/314
f 779/825/517 602/827/371 3274/5518/2456
f 1849/2281/1273 779/825/517 3274/5518/2456
f 2894/5519/2457 2056/2665/1431 1741/3554/1756
f 2894/5519/2457 2895/5009/2269 2056/2665/1431
f 727/771/479 886/962/506 2668/3804/1865
f 2668/3804/1865 3213/5257/432 727/771/479
f 1295/1464/865 2912/5520/513 1402/2162/940
f 1293/1462/863 1295/1464/865 1402/2162/940
f 1161/3844/760 2694/3843/1883 2500/3498/1747
f 3275/5521/2458 1161/3844/760 2500/3498/1747
f 1476/4726/1001 3077/4725/2206 2902/4343/2057
f 3044/5470/1881 1476/4726/1001 2902/4343/2057
f 3276/5522/2459 3277/5523/2460 869/940/588
f 1634/1934/1111 3276/5522/2459 869/940/588
f 470/2301/35 1104/1228/723 137/139/52
f 136/138/51 470/2301/35 137/139/52
f 2738/3925/1922 3004/4545/2144 289/2575/139
f 288/3926/138 2738/3925/1922 289/2575/139
f 2976/4481/2116 1586/1872/1078 711/755/464
f 2965/4482/2106 2976/4481/2116 711/755/464
f 204/421/99 115/115/39 1629/5524/49
f 205/207/50 204/206/99 1629/5525/49
f 2024/5526/2461 1205/1357/794 1614/1908/1097
f 2025/5527/1177 2024/5526/2461 1614/1908/1097
f 1026/5528/658 2344/3252/1181 2908/4349/2062
f 2599/4693/864 1026/5528/658 2908/4349/2062
f 3278/5529/2462 3160/5530/2463 2885/5531/2051
f 1704/5532/1163 3278/5529/2462 2885/5531/2051
f 1742/4411/1195 320/332/165 426/1587/249
f 1394/1598/937 1742/2131/1195 426/447/249
f 2457/3433/1708 3098/5446/2423 3097/5533/2464
f 2385/3335/1641 2928/5292/2358 2960/5534/2465
f 2386/3336/1642 2385/3335/1641 2960/5534/2465
f 3118/5535/2249 824/874/551 3151/5536/2292
f 824/935/551 3118/5537/2249 2139/4833/1453
f 2852/5038/2026 1549/1828/1050 612/650/380
f 2853/4235/2027 2852/4234/2026 612/2118/380
f 1672/2025/1138 2145/2828/1459 1673/2026/1139
f 1121/1245/729 1672/2025/1138 1673/2026/1139
f 1944/2470/1340 2808/4105/1982 2676/5538/2466
f 1514/1771/1036 1944/2470/1340 2676/5538/2466
f 1096/1215/714 1029/5305/661 2953/5539/2467
f 1097/1216/715 1096/1215/714 2953/5539/2467
f 2049/5540/1424 2243/3036/1532 2308/3192/1572
f 867/4593/586 2049/5540/1424 2308/3192/1572
f 3279/5541/2468 2621/5487/2437 2657/5408/2408
f 3254/5406/2406 3279/5541/2468 2657/5408/2408
f 1321/1509/887 1323/1511/889 2956/5294/2359
f 1203/5293/755 1321/1509/887 2956/5294/2359
f 1885/5423/760 911/992/617 2603/3662/1807
f 2691/3838/1881 1885/5423/760 2603/3662/1807
f 1745/2134/1198 109/239/33 232/238/110
f 260/3187/119 1745/2134/1198 232/238/110
f 2906/4347/384 2606/4855/1810 1660/1973/847
f 1830/2248/1256 2906/4347/384 1660/1973/847
f 1800/5319/1237 1724/2104/1181 1801/2212/1238
f 2690/3836/1880 1800/5542/1237 1801/3837/1238
f 1401/5543/661 2954/5483/2433 2942/4834/2227
f 2381/3329/1637 1401/5543/661 2942/4834/2227
f 1029/5305/661 2977/5304/2357 2950/5544/2469
f 2953/5539/2467 1029/5305/661 2950/5544/2469
f 88/5127/17 1268/1434/842 882/958/594
f 115/957/39 88/5127/17 882/958/594
f 1224/1377/810 2018/2588/1401 3126/4931/2258
f 2048/2645/1423 1224/1377/810 3126/4931/2258
f 304/3196/154 2748/3954/1931 404/3197/229
f 305/317/155 304/316/154 404/423/229
f 1865/2306/1263 3235/5545/2373 3048/5546/2180
f 1868/2309/1288 1865/2306/1263 3048/5546/2180
f 261/431/103 412/433/55 1662/2006/1130
f 259/2005/104 261/431/103 1662/2006/1130
f 1153/4901/755 2851/4900/2176 2854/4905/2223
f 558/4904/337 1153/4901/755 2854/4905/2223
f 1692/5547/1153 559/4907/338 3021/4929/2257
f 930/4927/630 1692/5547/1153 3021/4929/2257
f 1221/5289/807 2983/5288/2357 2947/4846/2227
f 1190/3037/781 1221/5289/807 2947/4846/2227
f 1297/5548/867 2938/5549/2227 2495/3493/1743
f 2494/3492/1742 1297/5548/867 2495/3493/1743
f 1261/5550/661 2978/5551/2470 2938/5549/2227
f 1297/5548/867 1261/5550/661 2938/5549/2227
f 305/317/155 404/423/229 3027/4576/2125
f 2146/2837/180 305/317/155 3027/4576/2125
f 368/4556/199 364/380/195 1056/3203/679
f 369/385/200 368/384/199 1056/1161/679
f 1400/5552/660 1715/5002/1174 2954/5483/2433
f 1401/5543/661 1400/5552/660 2954/5483/2433
f 3056/4643/2185 922/1004/6 688/1006/628
f 1248/1407/830 1247/1404/6 692/1408/765
f 1117/1241/725 1119/1243/727 2905/4346/2060
f 3066/4682/2194 1117/1241/725 2905/4346/2060
f 2019/2589/1402 2021/2591/1404 2546/3572/1764
f 1263/3571/840 2019/2589/1402 2546/3572/1764
f 1405/3264/943 3095/4815/2218 3025/4816/2162
f 3024/4573/2161 1405/1611/943 3025/4574/2162
f 1323/5492/2440 2842/4216/2016 2843/4217/2017
f 2956/4441/2099 1323/5553/2440 2843/4442/2017
f 2964/4453/2105 1395/1599/314 295/3028/145
f 3229/5316/1191 2964/4454/2105 295/307/145
f 2959/4446/2101 651/689/416 1550/1829/1051
f 1549/1828/1050 2959/4446/2101 1550/1829/1051
f 3179/5554/2322 2498/3496/1745 2249/3053/1537
f 2263/5494/2442 3265/5493/2441 2264/5555/2471
f 1706/4028/1165 2741/3931/1397 1700/5556/1160
f 3102/5557/2472 2941/4426/2089 2861/4246/2035
f 2684/5035/2275 3102/5557/2472 2861/4246/2035
f 2983/4492/2118 2962/4451/2098 2948/4433/2093
f 2947/4432/2 2983/4492/2118 2948/4433/2093
f 3022/4951/2159 3241/5347/2384 323/335/168
f 2850/4232/1910 3022/4571/2159 323/3032/168
f 1260/3116/838 1841/2268/1265 2978/5551/2470
f 1261/5550/661 1260/3116/838 2978/5551/2470
f 2606/3671/1810 1063/3673/686 1857/2788/1155
f 1660/2787/847 2606/3671/1810 1857/2788/1155
f 1092/1211/710 2233/5558/1523 2397/3350/1652
f 2396/3349/1651 1092/1211/710 2397/3350/1652
f 2808/5559/2473 2448/3423/1699 2451/3426/1702
f 2676/3814/1872 2808/5559/2473 2451/3426/1702
f 1634/1934/1111 869/940/588 2045/4605/1280
f 3077/4725/2206 1634/2642/1111 2045/2639/1280
f 1863/3270/1285 601/639/370 1136/4054/744
f 2792/4053/1969 1863/3270/1285 1136/4054/744
f 1219/1372/655 1144/1271/752 622/1270/389
f 1220/1373/806 1219/1372/655 622/1270/389
f 2762/4522/2135 2875/4261/1892 2874/4260/2045
f 2763/5150/3 2762/4522/2135 2874/4260/2045
f 2957/4443/1721 2945/4430/2075 2924/4386/2070
f 2923/4385/2069 2957/4443/1721 2924/4386/2070
f 2976/4481/2116 3107/4850/2234 1586/1872/1078
f 3107/4850/2234 2723/3903/1910 1586/1872/1078
f 3280/5560/2474 2725/5212/1912 3242/5561/2388
f 3281/5562/2475 3280/5560/2474 3242/5561/2388
f 3167/5119/2342 2725/5212/1912 3280/5560/2474
f 1052/1156/2476 3167/5119/2342 3280/5560/2474
f 2154/2853/1467 2182/2926/1488 2155/2854/1468
f 3101/5114/1 3163/5113/2305 2941/4426/2089
f 3102/5557/2472 3101/5114/1 2941/4426/2089
f 2748/3954/1931 2749/3955/1932 1420/1641/957
f 2749/3955/1932 369/385/200 1420/1641/957
f 1406/5563/944 2421/3380/1675 1371/5564/919
f 2053/2660/1428 3121/5565/127 2054/5566/1429
f 914/2661/620 2053/5567/1428 2054/2662/1429
f 2463/3441/730 1162/1294/761 3154/5095/2299
f 2694/3843/1883 2463/3842/730 3154/5096/2299
f 1490/4612/1013 3047/4611/2179 2975/5568/2477
f 2977/5304/2357 1490/4612/1013 2975/5568/2477
f 2928/4392/1721 2927/4391/2075 2935/4417/2070
f 2960/4447/2038 2928/4392/1721 2935/4417/2070
f 2479/3473/1727 2797/4070/1973 2480/3474/1728
f 2033/2620/1413 2988/5569/2478 2034/2621/1414
f 1370/1572/918 1372/1574/920 3070/4701/2199
f 2062/5570/1515 2090/5571/1 2089/5572/1515
f 2535/3540/1612 1053/3539/677 3202/5205/2338
f 3201/5203/2337 2535/3540/1612 3202/5205/2338
f 2493/5573/1741 3282/5574/2479 2828/4165/2001
f 2529/5575/1751 2493/5573/1741 2828/4165/2001
f 2253/5576/2480 693/4877/2244 1948/2476/1344
f 429/5577/2306 2253/5576/2480 1948/2476/1344
f 3055/4641/2184 2789/4043/1966 1139/4044/747
f 2543/3561/1762 3055/4642/2184 1139/5578/747
f 3283/5579/2481 3255/5580/2414 2717/3887/1904
f 2720/5581/1907 3283/5579/2481 2717/3887/1904
f 2850/4232/1910 323/3032/168 2241/3031/1079
f 3207/5233/2344 2850/4232/1910 2241/3031/1079
f 623/5582/390 1145/4551/653 3009/4550/2149
f 2384/5287/1640 623/5582/390 3009/4550/2149
f 2695/3847/1886 3133/4982/2267 3284/5583/2482
f 3133/4982/2267 1043/1145/668 3284/5583/2482
f 2404/3360/1658 2403/3359/1657 3083/5584/2483
f 1128/1252/736 3158/5110/2303 3285/5585/2484
f 1125/1249/733 1128/1252/736 3285/5585/2484
f 2909/4350/1717 1006/5586/654 1491/2716/1014
f 775/819/513 2909/4350/1717 1491/2716/1014
f 2944/4429/2082 2699/3851/1890 2698/3850/1889
f 2382/4471/2112 2944/4429/2082 2698/3850/1889
f 1615/1909/1098 2548/5587/1766 2473/5588/1722
f 1612/1906/1095 1615/1909/1098 2473/5588/1722
f 1665/2018/1133 3006/4569/2146 2321/3225/1586
f 566/599/345 1665/2018/1133 2321/3225/1586
f 2949/4434/2082 2869/4254/2042 2868/4253/1926
f 2244/5490/2084 2949/4434/2082 2868/4253/1926
f 2977/4483/2117 2965/4455/2106 2951/4436/2095
f 2950/4435/2094 2977/4483/2117 2951/4436/2095
f 1481/5165/1005 2557/5167/1774 2141/2792/1455
f 1387/2791/241 1481/5165/1005 2141/2792/1455
f 825/5589/2485 3286/5590/2486 823/5591/1
f 825/875/3 851/934/571 3286/5592/2487
f 2374/3313/1632 2373/3312/1631 1382/5593/929
f 1382/5594/929 2373/5228/1631 3287/5595/2488
f 1255/5415/835 2972/5414/2412 3085/4741/688
f 2255/4740/1545 1255/5415/835 3085/4741/688
f 1872/2315/1292 1978/5596/1371 3214/5597/2348
f 2242/3035/1531 1872/2315/1292 3214/5597/2348
f 3034/4586/2168 565/598/344 1495/1744/1018
f 3163/5113/2305 3034/5026/2168 1495/2562/1018
f 2468/3580/1716 929/1016/629 1714/2487/654
f 2469/3452/1717 2468/5598/1716 1714/2091/654
f 1232/2122/819 1737/2124/1193 594/5599/363
f 3288/5600/2489 1232/1389/819 594/5601/363
f 775/819/513 1491/2716/1014 1027/1127/659
f 776/820/514 775/819/513 1027/1127/659
f 2537/3549/1031 1078/1187/700 2538/3550/1755
f 1078/1187/700 835/890/557 2538/3550/1755
f 2617/5602/1821 2613/5603/1817 2435/3402/1688
f 2318/3401/1583 2617/5602/1821 2435/3402/1688
f 269/277/125 3000/4540/2140 3095/4815/2218
f 1405/3264/943 269/277/125 3095/4815/2218
f 1896/2404/1302 1898/2406/1304 3190/5604/2326
f 3289/5605/2490 2687/3832/1879 2686/3831/1878
f 2636/3753/1840 3289/5605/2490 2686/3831/1878
f 2322/5606/1587 270/278/126 1796/5607/1234
f 2323/3227/1588 2322/3226/1587 1796/5608/1234
f 2496/4410/2084 2743/3936/1926 2742/3935/1925
f 2856/4239/2030 2496/5609/2084 2742/3939/1925
f 3162/5112/2304 2390/3342/1646 3290/5610/2491
f 3045/4608/2178 3162/5611/2304 3290/5612/2491
f 1318/1506/885 1320/1508/385 1855/2289/1279
f 2426/3387/1192 1318/1506/885 1855/2289/1279
f 3153/5451/2296 2014/2583/1397 3152/5613/2295
f 2911/5614/2063 2387/3338/1643 1189/2650/780
f 1188/1329/779 2911/4355/2063 1189/1330/780
f 2426/3387/1192 1855/2289/1279 3291/5615/2492
f 619/5198/363 2426/3387/1192 3291/5615/2492
f 2593/5616/1800 3292/5617/2493 2820/4130/1993
f 2577/5618/1785 2593/5616/1800 2820/4130/1993
f 2188/2936/1493 3293/5619/2494 2189/2937/1211
f 3293/5619/2494 2627/3735/1831 2189/2937/1211
f 3294/5620/2495 2025/5527/1177 2022/2592/1405
f 2025/5527/1177 1614/1908/1097 2022/2592/1405
f 1067/1174/690 1259/1425/659 1296/1465/866
f 1068/1175/691 1067/1174/690 1296/1465/866
f 1994/3893/1381 1731/2112/1188 2342/3250/1607
f 2736/5621/1920 1994/3893/1381 2342/3250/1607
f 1094/5622/712 1095/3729/713 2233/5623/1523
f 1092/1211/710 1094/1213/712 2233/5558/1523
f 388/5624/218 387/5625/217 599/637/368
f 1863/3270/1285 388/5624/218 599/637/368
f 2913/4358/2064 616/654/384 615/653/383
f 1225/1379/811 2913/4358/2064 615/653/383
f 2219/2986/1512 3096/5498/2219 2159/4406/2081
f 2219/2986/1512 1825/2243/1252 3096/5498/2219
f 1830/2248/1256 1660/1973/847 1233/1390/820
f 1737/2124/1193 1830/2248/1256 1233/1390/820
f 1680/2033/1145 3246/5626/2393 2149/5627/1462
f 2005/2572/1391 1680/2033/1145 2149/5627/1462
f 2972/4472/2113 2701/4445/1892 2958/4444/2100
f 3085/4993/3 2972/4472/2113 2958/4444/2100
f 1725/5628/1182 1220/5476/806 2387/3338/1643
f 2911/5614/2063 1725/5628/1182 2387/3338/1643
f 1934/2449/1332 1573/5481/1066 3182/5629/2323
f 794/5265/37 1468/1705/995 1339/1534/555
f 792/1533/39 794/5265/37 1339/1534/555
f 1195/5630/786 1975/3392/1682 2428/3391/1680
f 217/559/1 1975/2522/1 1195/1344/1
f 2456/3432/2496 2455/3431/2497 2806/5631/2498
f 2716/3885/2499 2456/3432/2496 2806/5631/2498
f 2469/3452/1717 1714/2091/654 1557/1838/1056
f 1399/1605/939 2469/3452/1717 1557/1838/1056
f 913/1473/619 1298/1472/868 1995/5632/1382
f 1273/1439/384 913/994/619 1995/2560/1382
f 292/304/142 2476/5042/1724 3031/4580/2166
f 293/305/143 292/304/142 3031/4580/2166
f 1880/5141/535 3177/5140/2319 3295/5633/2500
f 1879/2326/216 1880/2328/535 3295/5634/2500
f 751/795/493 748/792/490 3296/5635/2501
f 751/856/1 3296/5636/1721 209/558/1
f 2590/3637/1797 3256/5432/2416 1605/5637/1093
f 2608/3678/1812 2590/3637/1797 1605/5637/1093
f 2529/5575/1751 2828/4165/2001 2810/4111/1984
f 2811/4114/1986 2529/5575/1751 2810/4111/1984
f 2002/2569/1388 2001/2568/1387 3144/5638/2502
f 2914/4359/2065 1273/1439/384 908/989/614
f 903/984/610 2914/4359/2065 908/989/614
f 2398/3366/1545 2763/3988/1948 3181/5639/2211
f 2410/3367/1663 2398/3366/1545 3181/5639/2211
f 3240/5346/2382 383/399/214 382/398/213
f 1558/1839/270 3240/5346/2382 382/398/213
f 1901/2409/1307 1927/2442/1325 2930/5640/2078
f 162/5641/2293 1965/2503/1361 1844/2276/1268
f 2395/5642/2503 162/5641/2293 1844/2276/1268
f 2793/4056/1970 2550/3578/1767 3297/5643/2504
f 3262/5644/2428 2793/4056/1970 3297/5643/2504
f 2066/5645/1 2075/5646/1 2074/5647/1
f 105/105/29 1780/2181/1223 1263/5361/840
f 3244/5360/2390 105/105/29 1263/5361/840
f 1720/2099/796 3066/5648/2194 3067/5649/2195
f 1721/2100/1098 1720/2099/796 3067/5649/2195
f 2465/3443/1713 1842/2775/1266 1259/1425/659
f 1067/1174/690 2465/3443/1713 1259/1425/659
f 2498/3496/1745 3179/5554/2322 1060/5650/683
f 2010/5651/2480 1292/2950/1497 1540/1819/1040
f 2011/5652/2306 2010/5651/2480 1540/1819/1040
f 2078/5653/1 2072/5654/1 2071/5655/1
f 1143/5656/2286 3294/5620/2495 1871/2314/28
f 178/5657/2505 1143/5656/2286 1871/2314/28
f 1681/5658/2506 786/2780/1451 1222/1375/808
f 556/3209/1574 1681/5658/2506 1222/1375/808
f 1846/2278/1270 3035/5152/2169 1120/5659/728
f 2394/3347/1650 1846/2278/1270 1120/5659/728
f 2918/4367/2067 1252/2847/712 3298/5660/2507
f 1162/1294/761 2918/4367/2067 3298/5660/2507
f 152/5661/2508 2008/2577/1393 1464/1701/991
f 1463/1700/990 152/5661/2508 1464/1701/991
f 351/364/191 353/366/193 804/3180/535
f 365/381/196 351/364/191 804/3180/535
f 2035/2622/1415 2391/3344/1647 2985/5662/2124
f 2579/5663/2509 1275/1441/848 1852/2285/1276
f 169/5054/2282 2579/5663/2509 1852/2285/1276
f 2038/2625/1418 1379/3343/926 2984/5664/2122
f 2996/4534/2138 1659/3095/1128 423/444/144
f 2936/4418/2086 2996/4534/2138 423/444/144
f 1151/2846/535 390/406/220 387/5665/217
f 386/402/216 1151/1281/535 387/403/217
f 429/5577/2306 1948/2476/1344 1690/2051/1151
f 430/5666/2510 429/5577/2306 1690/2051/1151
f 3164/5115/1195 857/923/576 652/922/417
f 651/689/416 3164/5196/1195 652/690/417
f 713/5074/2286 2778/4018/1958 1241/1398/87
f 2136/5667/2511 713/5074/2286 1241/1398/87
f 1384/1586/931 1382/1584/929 3287/5668/2488
f 216/2521/1 1384/2990/1515 3287/5669/1721
f 1063/1170/686 1065/1172/688 1858/2292/1281
f 1857/2291/1155 1063/1170/686 1858/2292/1281
f 1542/1821/1041 1294/5385/864 3210/5670/2345
f 649/687/414 1542/1821/1041 3210/5670/2345
f 155/5671/2512 2047/2644/1422 192/194/87
f 156/5672/2513 155/5671/2512 192/194/87
f 3299/5673/1552 2281/3143/1552 2280/3142/1551
f 2728/4828/2514 3103/4827/2515 1158/1290/759
f 1730/2111/1187 1333/3049/898 1335/1523/900
f 1334/1522/899 1730/2111/1187 1335/1523/900
f 1973/2517/1369 1368/4910/917 1974/2518/1369
f 2804/4097/2516 3258/5449/2424 3184/5155/2324
f 2807/4104/1981 2804/4097/2516 3184/5155/2324
f 457/478/270 459/480/272 1726/3305/1183
f 2963/4452/2104 457/5311/270 1726/2107/1183
f 2604/5674/1809 1758/2151/1210 466/488/2517
f 465/487/279 2604/5674/1809 466/488/2517
f 712/756/465 1589/1875/1081 2277/3137/1557
f 1589/1875/1081 367/383/198 2277/3137/1557
f 3093/4807/2216 1926/5675/1324 2838/4205/2012
f 1926/5675/1324 1925/4204/152 2838/4205/2012
f 172/4423/2088 2134/2772/1448 1362/1563/911
f 173/1562/910 172/4423/2088 1362/1563/911
f 1458/1694/985 381/2065/212 1442/1672/971
f 377/1671/208 1458/1694/985 1442/1672/971
f 1766/5676/2518 2437/3409/1690 2440/3408/1693
f 3259/5677/2519 1766/5678/2518 2440/5679/1693
f 1735/2117/1191 614/2116/382 1560/1841/1058
f 3226/5313/2367 1735/2117/1191 1560/1841/1058
f 2247/3045/1535 1360/3047/909 417/438/241
f 1695/2063/1156 2247/3045/1535 417/438/241
f 1877/2324/946 1879/2326/216 379/395/210
f 1457/3201/984 1877/2324/946 379/395/210
f 1289/1457/2520 3183/5335/2375 2642/5338/1846
f 1919/2430/1318 1289/1457/2520 2642/5338/1846
f 1566/1847/657 1568/1849/658 3235/5545/2373
f 1865/2306/1263 1566/1847/657 3235/5545/2373
f 1382/5593/929 1381/5680/928 2374/3313/1632
f 2374/3315/1632 1381/5681/928 1650/5682/1120
f 2081/5683/1 2096/5684/1 2095/5685/1
f 2151/2844/1464 1093/1212/711 1300/1475/869
f 1299/1474/729 2151/2844/1464 1300/1475/869
f 1489/4609/1012 1005/5439/653 3046/4610/2150
f 1005/5439/653 3134/5438/2420 3046/4610/2150
f 1888/2344/1301 3124/5686/973 2313/5687/1578
f 2388/3339/1644 1888/5688/1301 2313/3340/1578
f 1828/2246/1255 313/325/5 493/516/303
f 257/265/118 493/516/303 258/266/5
f 1283/5689/2521 1282/5118/2306 1964/2502/1360
f 1965/2503/1361 1283/5689/2521 1964/2502/1360
f 2644/3769/1848 2486/3630/1734 2585/3629/1792
f 1469/3700/996 2644/3769/1848 2585/3629/1792
f 1853/2286/1277 2691/5690/1881 2693/5691/1882
f 1851/2284/1275 1853/2286/1277 2693/5691/1882
f 2268/3113/1549 1361/3048/365 728/772/135
f 3225/5312/2362 2268/3113/1549 728/772/135
f 1931/2446/1329 3157/5105/1304 3185/5692/2326
f 345/358/188 2434/5693/1687 2624/5694/1828
f 3248/5381/2397 345/358/188 2624/5694/1828
f 2134/2772/1448 1240/1397/826 1025/1125/573
f 1362/1563/911 2134/2772/1448 1025/1125/573
f 2343/3251/1608 1007/1103/655 1006/1102/654
f 2909/4350/1717 2343/3254/1608 1006/5586/654
f 2191/2942/1495 914/2941/620 318/330/163
f 1749/2140/1202 2191/2942/1495 318/330/163
f 1326/1514/891 1329/1517/894 3264/5488/2438
f 1509/1762/1032 1326/1514/891 3264/5488/2438
f 1716/2093/1175 3223/5695/2365 855/920/574
f 854/919/573 1716/2093/1175 855/920/574
f 2936/4418/2086 423/444/144 422/443/246
f 3228/5315/2369 2936/4418/2086 422/443/246
f 2840/5696/2014 319/4794/164 145/147/57
f 1752/5178/1205 2840/5696/2014 145/147/57
f 1721/2100/1098 3067/5649/2195 3230/5441/2370
f 1779/2180/1222 1721/2100/1098 3230/5441/2370
f 461/483/275 2242/3035/1531 1687/2048/1148
f 1686/2047/1061 461/483/275 1687/2048/1148
f 2288/3150/1565 2274/3134/1554 3300/5697/2522
f 265/5698/1893 2393/3346/1649 2392/3345/1648
f 266/5699/2523 265/5698/1893 2392/3345/1648
f 158/5700/2524 1148/2095/1176 104/104/28
f 159/2778/1450 158/5700/2524 104/104/28
f 103/103/27 105/105/29 3244/5360/2390
f 2844/4224/2019 103/103/27 3244/5360/2390
f 2710/5051/1899 3251/5386/2036 1081/3063/612
f 2711/3874/1900 2710/3873/1899 1081/1190/612
f 2486/3630/1734 2485/5701/1733 2821/5702/1994
f 2586/3631/1793 2486/3630/1734 2821/5702/1994
f 782/5078/2290 2879/4270/2049 2199/2952/1499
f 783/3855/1893 782/5078/2290 2199/2952/1499
f 2555/3714/1772 1980/2531/1373 2142/2794/1456
f 2144/2797/1458 2555/3714/1772 2142/2794/1456
f 3245/5370/2392 774/818/512 2101/2712/1439
f 2150/2843/1463 3245/5373/2392 2101/3833/1439
f 3219/5297/2362 385/401/135 291/303/141
f 2700/3852/1891 3219/5297/2362 291/303/141
f 1452/5703/979 1926/5675/1324 3093/4807/2216
f 1451/3138/978 1452/5703/979 3093/4807/2216
f 800/848/531 797/845/528 3100/4824/2222
f 77/77/7 800/848/531 3100/4824/2222
f 2839/4206/2013 2181/5704/1487 2825/4148/1998
f 2181/5704/1487 1954/2486/1350 2825/4148/1998
f 2992/4515/168 267/275/123 1044/2125/669
f 1043/1145/668 2992/4518/168 1044/1146/669
f 3228/5315/2369 422/443/246 267/275/123
f 2992/4515/168 3228/5315/2369 267/275/123
f 2813/4119/2525 1270/1436/844 3211/5349/2346
f 2156/2855/2386 2813/4119/2525 3211/5349/2346
f 2401/3357/1655 2400/3356/1654 3301/5705/2526
f 2303/3175/1568 647/685/412 1474/1715/244
f 1477/1719/243 2303/3175/1568 1474/1715/244
f 2168/2880/1480 1676/2029/992 1675/2028/1141
f 2929/4394/1568 2168/2880/1480 1675/2028/1141
f 750/794/492 749/793/491 1952/2484/1348
f 1952/2484/1348 749/793/491 751/795/493
f 2929/4394/1568 1675/2028/1141 1276/1442/244
f 1275/1441/848 2929/4394/1568 1276/1442/244
f 3082/4735/2210 3081/4734/2209 3159/5382/2451
f 1983/2536/1375 3082/4735/2210 3159/5382/2451
f 2305/5706/1479 176/2606/1409 645/683/410
f 690/4393/2076 2305/5706/1479 645/683/410
f 178/5657/2505 1871/2314/28 460/482/274
f 179/481/273 178/5657/2505 460/482/274
f 2702/3854/1648 1956/2490/1352 1159/1291/244
f 2137/2781/1452 2702/3854/1648 1159/1291/244
f 156/5672/2513 192/194/87 191/193/86
f 829/2951/1498 156/5672/2513 191/193/86
f 2242/3035/1531 3214/5597/2348 2679/3819/574
f 1687/2048/1148 2242/3035/1531 2679/3819/574
f 241/4395/2077 2929/4394/1568 1275/1441/848
f 2579/5663/2509 241/4395/2077 1275/1441/848
f 3224/5310/2366 281/289/135 321/333/166
f 2870/4255/1891 3224/5310/2366 321/333/166
f 2394/3347/1650 1120/5659/728 1118/2275/726
f 420/441/244 2394/3347/1650 1118/2275/726
f 563/4225/2020 2844/4224/2019 1565/1846/1061
f 564/5707/2480 563/4225/2020 1565/1846/1061
f 2934/4412/2085 1742/2131/1195 1393/1597/936
f 3155/5097/2300 2934/4412/2085 1393/1597/936
f 2897/5352/1721 2898/5708/1 1818/5353/1721
f 2046/2643/1221 932/4930/632 1682/5709/1146
f 193/195/88 2046/2643/1221 1682/5709/1146
f 2267/5710/2527 266/5699/2523 2265/3110/794
f 877/5711/2528 2267/5710/2527 2265/3110/794
f 266/5699/2523 2392/3345/1648 419/440/243
f 2265/3110/794 266/5699/2523 419/440/243
f 2198/2949/1496 1716/2093/1175 854/919/573
f 2795/4058/911 2198/2949/1496 854/919/573
f 3227/5314/2368 303/315/153 1342/1540/904
f 3220/5299/2363 3227/5314/2368 1342/1540/904
f 2072/5654/1 2078/5653/1 2077/5712/1
f 2844/4224/2019 3244/5360/2390 1567/1848/573
f 1565/1846/1061 2844/4224/2019 1567/1848/573
f 2862/4247/2036 1652/1965/1057 906/987/169
f 905/986/612 2862/4247/2036 906/987/169
f 1613/1907/1096 1612/1906/1095 1978/5596/1371
f 1872/2315/1292 1613/1907/1096 1978/5596/1371
f 3036/4588/2170 1695/2063/1156 1887/2343/1300
f 339/2062/183 3036/4588/2170 1887/2343/1300
f 1477/1719/243 1474/1715/244 1206/1358/795
f 1205/1357/794 1477/1719/243 1206/1358/795
f 2179/2922/1485 3270/5507/2449 2180/2923/1486
f 3270/5507/2449 2481/3477/1729 2180/2923/1486
f 3269/5506/2529 3141/5713/2530 3270/5507/2449
f 3141/5713/2530 3302/5714/2531 3270/5507/2449
f 3241/5347/2384 1559/1840/1057 324/336/169
f 323/335/168 3241/5347/2384 324/336/169
f 3001/4541/2141 274/282/130 273/281/129
f 1493/4542/1016 3001/4541/2141 273/281/129
f 1815/2423/222 2670/5715/1867 2669/3805/1866
f 2670/5715/1867 1913/3655/1313 2669/3805/1866
f 421/442/245 1117/2249/725 3066/5648/2194
f 1720/2099/796 421/442/245 3066/5648/2194
f 3225/5312/2362 728/772/135 334/347/166
f 3231/5320/2363 3225/5312/2362 334/347/166
f 2011/5652/2306 1540/1819/1040 2008/2577/1393
f 152/5661/2508 2011/5652/2306 2008/2577/1393
f 1956/2490/1352 1467/1704/994 1160/1292/726
f 1159/1291/244 1956/2490/1352 1160/1292/726
f 3071/4705/2200 881/956/593 1814/3806/1246
f 1813/4752/1245 3071/4705/2200 1814/3806/1246
f 1277/1443/849 1885/2341/760 2691/5690/1881
f 1853/2286/1277 1277/1443/849 2691/5690/1881
f 2982/4490/2121 1950/2481/1346 458/479/271
f 2962/4491/2098 2982/4490/2121 458/479/271
f 3197/5181/2332 338/351/182 1843/2274/1267
f 234/242/112 3197/5181/2332 1843/2274/1267
f 1688/2049/1149 1800/2211/1237 2690/5716/1880
f 1949/2477/1345 1688/2049/1149 2690/5716/1880
f 1892/5416/2298 2971/5417/1721 2970/5717/1
f 2390/3342/1646 1620/1918/1101 1443/1674/972
f 3290/5610/2491 2390/3342/1646 1443/1674/972
f 2714/3877/477 764/808/505 763/807/504
f 763/807/504 2715/3878/1902 2714/3877/477
f 1496/1745/1019 567/600/346 3064/4664/2192
f 1996/2561/1383 1496/2563/1019 3064/4665/2192
f 2730/3917/477 3079/4730/2207 676/714/435
f 676/714/435 675/713/434 2730/3917/477
f 2940/4424/819 1225/1379/811 557/1378/336
f 3249/5383/2399 2940/4425/819 557/5718/336
f 2528/5719/1750 2527/4110/1749 2814/4120/1989
f 2310/4844/1575 2528/5719/1750 2814/4120/1989
f 335/348/179 1358/3046/907 2986/4501/2125
f 336/349/180 335/348/179 2986/4501/2125
f 2706/3865/1895 2582/3621/1789 3303/5720/2532
f 2582/3621/1789 1987/3622/1379 3303/5720/2532
f 2550/3578/1767 2618/5124/1822 2317/5721/1582
f 3297/5643/2504 2550/3578/1767 2317/5721/1582
f 2697/3849/1888 1996/2561/1383 1652/1965/1057
f 2862/4247/2036 2697/3849/1888 1652/1965/1057
f 1363/1564/912 1024/1124/657 1839/2265/1263
f 1838/2264/1262 1363/1564/912 1839/2265/1263
f 2714/3877/477 2726/3912/1896 764/808/505
f 3089/4760/2213 764/808/505 2726/3912/1896
f 2999/4539/870 1539/4936/1039 1411/3172/948
f 1409/1615/947 2999/4539/870 1411/3172/948
f 2795/4058/911 854/919/573 1541/1820/657
f 1540/1819/1040 2795/4058/911 1541/1820/657
f 2870/4255/1891 321/333/166 320/332/165
f 1742/4411/1195 2870/4255/1891 320/332/165
f 1264/1430/841 2547/3574/1765 2904/4345/2059
f 2903/4344/2058 1264/1430/841 2904/4345/2059
f 1207/1359/796 3044/4607/1881 2548/5587/1766
f 1615/1909/1098 1207/1359/796 2548/5587/1766
f 2161/2866/1427 2163/2868/1473 270/278/126
f 2322/5606/1587 2161/2866/1427 270/278/126
f 1709/5722/1168 2017/2586/1400 2016/2585/1399
f 1024/1124/657 1026/1126/658 2599/3658/864
f 1839/2265/1263 1024/1124/657 2599/3658/864
f 2963/4452/2104 1726/2107/1183 281/289/135
f 3224/5310/2366 2963/4452/2104 281/289/135
f 430/5666/2510 1690/2051/1151 1689/2050/1150
f 175/2607/1410 430/5666/2510 1689/2050/1150
f 3220/5299/2363 1342/1540/904 1343/1541/905
f 3221/5300/1927 3220/5299/2363 1343/1541/905
f 3226/5313/2367 1560/1841/1058 1559/1840/1057
f 3241/5347/2384 3226/5313/2367 1559/1840/1057
f 564/5707/2480 1565/1846/1061 1564/1845/912
f 1282/5118/2306 564/5707/2480 1564/1845/912
f 2799/5723/2533 556/3209/1574 2047/2644/1422
f 155/5671/2512 2799/5723/2533 2047/2644/1422
f 725/769/477 3304/5724/499 2707/3870/1896
f 2708/3871/1897 2707/3870/1896 3304/5724/499
f 1142/5725/750 3091/4791/2215 1797/2208/1235
f 3117/5726/2248 1142/5725/750 1797/2208/1235
f 1482/1724/228 1481/1726/1005 1387/1591/241
f 2187/2935/1100 1482/1724/228 1387/1591/241
f 2136/5667/2511 1241/1398/87 2135/2773/1449
f 873/4422/2018 2136/5667/2511 2135/2773/1449
f 3028/5516/2281 2991/4517/2133 2993/4516/2134
f 3029/4981/4 3028/5516/2281 2993/4516/2134
f 2663/5727/1861 2529/3528/1751 2811/5728/1986
f 2454/3430/1705 2663/3797/1861 2811/5729/1986
f 2482/5730/1730 2812/4115/1987 1181/1320/772
f 1954/2486/1350 2482/5730/1730 1181/1320/772
f 1949/2477/1345 2690/5716/1880 1945/5731/1341
f 1192/2052/783 1949/2477/1345 1945/5731/1341
f 2491/5732/1739 2629/4150/1834 463/485/277
f 462/484/276 2491/5732/1739 463/485/277
f 3305/5733/1856 756/800/498 759/803/497
f 2873/4259/1857 3305/5733/1856 759/803/497
f 3184/5734/2534 2630/3880/1835 2449/3424/1700
f 2448/3423/1699 3184/5734/2534 2449/3424/1700
f 2878/5478/789 2877/5735/2262 2111/5477/1122
f 1910/5389/1 2974/5390/1 2973/5736/1
f 1907/5376/1 2968/5377/1 2967/5737/1
f 3013/4555/2147 351/364/191 365/381/196
f 364/380/195 3013/4555/2147 365/381/196
f 2285/3147/1563 2280/3142/1551 2282/3144/1560
f 2946/4431/2092 294/306/144 644/682/409
f 3251/5386/2036 2946/4431/2092 644/682/409
f 877/5711/2528 2265/3110/794 1719/2098/1097
f 1147/2096/1177 877/5711/2528 1719/2098/1097
f 3288/5600/2489 594/5601/363 593/1277/362
f 3306/5738/2535 3288/5600/2489 593/1277/362
f 3238/5339/2536 2157/2856/2537 3183/5335/2375
f 1289/1457/2520 3238/5339/2536 3183/5335/2375
f 2919/5366/1 2920/5739/1 1817/5367/1
f 2163/2868/1473 1174/3170/767 271/279/127
f 270/278/126 2163/2868/1473 271/279/127
f 118/5740/2538 1838/2264/1262 1678/2031/1143
f 768/5090/2294 118/5740/2538 1678/2031/1143
f 2445/3420/1697 2444/3419/1696 2826/5458/1999
f 2612/5457/1816 2445/3420/1697 2826/5458/1999
f 2859/4244/2033 2727/3914/598 672/710/431
f 672/710/431 671/709/430 2859/4244/2033
f 945/1034/637 3111/4889/2238 3106/4845/2231
f 1071/1178/694 945/1034/637 3106/4845/2231
f 1767/5741/1219 1402/1608/940 1253/1416/713
f 1252/2847/712 1767/2166/1219 1253/5742/713
f 597/635/366 2542/3560/1761 2477/3467/1725
f 3138/5040/1953 597/635/366 2477/3467/1725
f 2069/5743/1 2093/5744/1 2092/5745/1
f 1711/2084/1169 1431/1654/963 3168/5120/2308
f 1584/1870/1076 1711/2084/1169 3168/5120/2308
f 364/380/195 366/382/197 1984/2537/1376
f 1056/3203/679 364/380/195 1984/2537/1376
f 3045/4608/2178 3290/5612/2491 472/494/284
f 3004/4545/2144 3045/4608/2178 472/494/284
f 2232/3006/1522 596/2962/365 385/401/135
f 3219/5297/2362 2232/3006/1522 385/401/135
f 3019/4566/2147 1301/1476/870 1878/2325/196
f 3020/4567/2157 3019/4566/2147 1878/2325/196
f 403/422/228 3209/5746/1005 1172/3169/241
f 2162/2867/1156 403/422/228 1172/3169/241
f 3196/5379/2395 1469/1706/996 3307/5747/2539
f 3195/5380/2540 3196/5379/2395 3307/5747/2539
f 3308/5748/1552 2271/3131/1552 2270/3130/1551
f 2987/4502/2126 2247/3045/1535 1695/2063/1156
f 3036/4588/2170 2987/4502/2126 1695/2063/1156
f 1410/1616/216 1413/3173/950 1991/2552/211
f 1990/2551/210 1410/1616/216 1991/2552/211
f 3008/4549/2148 288/3928/138 1150/1279/191
f 2314/3218/1579 3008/4549/2148 1150/1279/191
f 333/5201/178 2347/5200/1611 1925/5749/152
f 1924/2436/1323 333/346/178 1925/2437/152
f 1365/1567/914 1414/1620/951 1366/1568/915
f 3309/5750/2541 3169/5751/2309 2611/3681/1815
f 2724/5752/1911 3309/5753/2541 2611/5754/1815
f 614/652/382 3003/4544/2143 2737/3924/1921
f 1561/1842/1059 614/2116/382 2737/3927/1921
f 647/685/412 1632/5192/1109 1475/1716/1000
f 1474/1715/244 647/685/412 1475/1716/1000
f 3160/5755/2463 2553/3584/2542 2886/4299/2052
f 2885/5531/2051 3160/5530/2463 2886/5756/2052
f 693/4877/2244 461/483/275 1686/2047/1061
f 1948/2476/1344 693/4877/2244 1686/2047/1061
f 3259/5677/2519 2440/5679/1693 2630/5757/1835
f 3184/5734/2534 3259/5758/2519 2630/3880/1835
f 1140/5759/748 1863/3270/1285 2792/4053/1969
f 1215/1368/804 1140/5759/748 2792/4053/1969
f 1397/1601/315 2594/3646/1801 1748/2139/1201
f 296/3277/146 1397/1601/315 1748/2139/1201
f 761/805/502 2707/3870/1896 670/708/429
f 669/707/428 761/805/502 670/708/429
f 1470/1707/997 1469/1706/996 3247/5378/2394
f 2787/4040/1964 1470/1707/997 3247/5378/2394
f 613/651/381 3004/4545/2144 3003/4544/2143
f 614/652/382 613/651/381 3003/4544/2143
f 150/5760/2509 149/1718/1002 1205/1357/794
f 2024/5526/2461 150/5760/2509 1205/1357/794
f 2706/3865/1895 3303/5720/2532 1758/5761/1210
f 2604/3866/1809 2706/3865/1895 1758/5761/1210
f 2884/5396/789 2883/5762/1 2120/5397/2403
f 3231/5320/2363 334/347/166 560/593/339
f 2744/3937/1927 3231/5320/2363 560/593/339
f 2623/5763/1827 2823/4142/1996 2822/4137/1995
f 836/891/558 2623/5763/1827 2822/4137/1995
f 2241/3031/1079 325/339/170 326/338/171
f 3208/5234/1080 2241/3031/1079 326/338/171
f 2075/5646/1 2066/5645/1 2065/5764/1
f 2334/3242/1599 3261/5455/2427 2643/5765/1847
f 2331/3239/1596 2334/3242/1599 2643/5765/1847
f 3000/4540/2140 2999/4539/870 1409/1615/947
f 3095/4815/2218 3000/4540/2140 1409/1615/947
f 2090/5571/1 2062/5570/1515 2061/5766/1
f 1503/5767/1026 2837/4201/2011 3130/4964/2264
f 1073/5391/696 1503/5767/1026 3130/4964/2264
f 3302/5714/2531 2619/3857/1823 2481/3477/1729
f 3270/5507/2449 3302/5714/2531 2481/3477/1729
f 2087/5768/1 2084/5769/1 2083/5770/1
f 2910/4351/1712 775/819/513 774/818/512
f 3245/5370/2392 2910/4351/1712 774/818/512
f 3221/5300/1927 1343/1541/905 771/815/509
f 1664/2016/1132 3221/5301/1927 771/3008/509
f 2915/5362/1721 2916/5771/1 1816/5363/2298
f 3155/5097/2300 1393/1597/936 1392/1596/935
f 2842/4216/2016 3155/5097/2300 1392/1596/935
f 366/382/197 806/3181/537 1985/2538/1377
f 1984/2537/1376 366/382/197 1985/2538/1377
f 2325/3230/1590 2639/3761/1843 2588/3633/1795
f 2326/3231/1591 2325/3230/1590 2588/3633/1795
f 1408/1614/946 1410/1616/216 1990/2551/210
f 332/3263/177 1408/1614/946 1990/2551/210
f 2817/4126/1991 2734/3921/1918 3267/5501/2336
f 2734/3921/1918 331/344/176 3267/5501/2336
f 3032/4581/1017 1302/1477/871 1301/1476/870
f 3019/4566/2147 3032/4581/1017 1301/1476/870
f 1620/1918/1101 1621/3178/933 1444/1675/973
f 1443/1674/972 1620/1918/1101 1444/1675/973
f 2901/4337/2056 2900/4336/11 2681/3823/1874
f 2900/4336/11 86/116/15 2681/3823/1874
f 3077/4725/2206 2045/2639/1280 1319/1507/886
f 2902/4343/2057 3077/4725/2206 1319/1507/886
f 3049/4618/2181 2464/3442/1712 1066/1173/689
f 1671/2024/1137 3049/4621/2181 1066/2829/689
f 3229/5316/1191 295/307/145 294/306/144
f 2946/4431/2092 3229/5316/1191 294/306/144
f 2890/5424/1 2889/5772/1 2126/5425/1
f 1860/2294/1283 777/823/515 1848/2280/1272
f 777/823/515 779/825/517 1848/2280/1272
f 2084/5769/1 2087/5768/1 2086/5773/1
f 3240/5346/2382 3208/5234/1080 383/399/214
f 3208/5234/1080 326/338/171 383/399/214
f 416/437/240 418/439/242 3124/5686/973
f 1888/2344/1301 416/437/240 3124/5686/973
f 715/5073/2285 2779/5774/2543 1993/2558/1178
f 2779/5774/2543 169/5054/2282 1993/2558/1178
f 714/758/466 170/172/79 2779/4019/334
f 170/172/79 169/171/78 2779/4019/334
f 2907/4348/2061 1830/2248/1256 1736/2123/1192
f 1231/3210/818 2907/4348/2061 1736/2123/1192
f 3117/5726/2248 1797/2208/1235 2254/3062/1544
f 2752/3961/1934 3117/5726/2248 2254/3062/1544
f 2966/4456/2107 2211/2970/1183 303/315/153
f 3227/5314/2368 2966/4456/2107 303/315/153
f 2395/5642/2503 1844/2276/1268 2393/3346/1649
f 265/5698/1893 2395/5642/2503 2393/3346/1649
f 3273/5515/2455 1728/2109/1185 1957/2491/1353
f 1593/1880/1083 3273/5775/2455 1957/2495/1353
f 2145/2828/1459 1068/2830/691 1279/1445/850
f 1673/2026/1139 2145/2828/1459 1279/1445/850
f 2888/5418/1 2887/5776/1 2123/5419/1
f 2203/2959/228 2205/2961/1504 1619/1917/241
f 1618/1916/1100 2203/2959/228 1619/1917/241
f 1386/1590/240 1388/1592/933 3121/5565/127
f 2053/2660/1428 1386/1590/240 3121/5565/127
f 1879/2326/216 3295/5634/2500 380/396/211
f 379/395/210 1879/2326/216 380/396/211
f 3256/5777/2416 2820/4130/1993 659/697/424
f 1605/1895/1093 3256/5777/2416 659/697/424
f 3310/5778/6 2287/3149/1564 3186/5159/2327
f 902/5779/609 2683/5780/337 2475/3464/1723
f 1336/3463/901 902/5779/609 2475/3464/1723
f 1514/1771/1036 2676/5538/2466 2662/5484/2434
f 1922/2434/1321 1514/1771/1036 2662/5484/2434
f 845/902/567 2562/3597/1777 2563/3598/1778
f 841/4787/563 845/902/567 2563/3598/1778
f 2093/5744/1 2069/5743/1 2068/5781/1
f 2314/3218/1579 1151/1281/535 386/402/216
f 1862/2302/1284 2314/3218/1579 386/402/216
f 922/1004/6 2969/4464/2111 2238/3017/1483
f 1739/2127/1194 258/266/5 313/325/5
f 956/1047/646 955/1046/645 2922/4380/2068
f 1656/5782/2544 1658/5783/1127 2227/3000/1519
f 1658/5783/1127 474/496/286 2227/3000/1519
f 1674/2027/1140 1278/1444/710 2605/3668/1651
f 2606/4853/1810 1674/2027/1140 2605/3668/1651
f 3311/5784/2545 2320/3667/1585 2526/3525/1748
f 2583/3623/1790 3311/5784/2545 2526/3525/1748
f 2752/3961/1934 2254/3062/1544 2750/3956/1933
f 2751/3959/832 2752/3961/1934 2750/3956/1933
f 1200/1348/6 1785/2188/6 2855/4238/6
f 878/951/6 1201/1351/6 2098/2710/6
f 1201/1351/6 1200/1348/6 2266/4215/6
f 2989/4509/2130 3197/5181/2332 234/242/112
f 2990/4510/2131 2989/4509/2130 234/242/112
f 2597/5785/602 1135/2934/743 778/824/516
f 2596/5133/1627 2597/5785/602 778/824/516
f 2881/5413/789 2880/5786/1 2114/5412/789
f 2982/4490/2121 2712/3875/1901 1950/2481/1346
f 2712/3875/1901 2711/3874/1900 1950/2481/1346
f 3251/5386/2036 644/682/409 297/309/147
f 1081/3063/612 3251/5386/2036 297/309/147
f 3132/4979/2215 1639/4978/1115 1030/4017/662
f 2777/4016/1235 3132/4979/2215 1030/4017/662
f 2248/3055/1539 2250/3054/1538 2497/5787/2471
f 3011/5052/2281 2710/3873/1899 2709/3872/1898
f 3010/5008/4 3011/5052/2281 2709/3872/1898
f 1311/1488/878 3068/4732/2196 3057/4645/2186
f 788/836/522 1311/1488/878 3057/4645/2186
f 1125/1249/733 3285/5585/2484 2616/5123/1820
f 2549/3577/1076 1125/1249/733 2616/5123/1820
f 1936/2455/1336 3128/5013/2272 2764/5015/1949
f 1936/2452/1 2764/3990/1 10/1481/1
f 2833/4185/2007 1313/2938/261 481/5788/293
f 480/4140/292 2833/4185/2007 481/5788/293
f 3277/5523/2460 3104/4839/2229 865/936/584
f 869/940/588 3277/5523/2460 865/936/584
f 730/774/481 1916/2427/1315 3312/5789/2546
f 1916/2427/1315 1045/1147/670 3312/5789/2546
f 1694/5790/1155 2255/4740/1545 3087/4743/2212
f 1152/4899/754 1694/5790/1155 3087/4743/2212
f 2421/3380/1675 1406/5563/944 2747/3953/1930
f 1860/2294/1283 1849/2281/1273 2224/2993/549
f 1849/2281/1273 3274/5518/2456 2224/2993/549
f 1164/1296/763 1255/1418/835 2255/5791/1545
f 1693/2058/1154 1164/5792/763 2255/3066/1545
f 1178/1317/769 2130/2763/1445 3313/5793/2547
f 2130/2763/1445 1456/2760/983 3313/5793/2547
f 3261/5794/2427 1440/3215/969 2312/3214/1577
f 2643/5795/1847 3261/5794/2427 2312/3214/1577
f 3015/4558/2126 1482/1724/228 2187/2935/1100
f 3023/4572/2160 3015/4558/2126 2187/2935/1100
f 2594/3646/1801 2191/2942/1495 1749/2140/1202
f 1748/2139/1201 2594/3646/1801 1749/2140/1202
f 2103/2714/1441 3314/5796/2548 1657/1970/1126
f 3314/5796/2548 3315/5797/2549 1657/1970/1126
f 1430/1653/962 3123/4917/2254 2720/5079/1907
f 3123/4917/2254 3283/5798/2481 2720/5079/1907
f 2103/5799/1441 2720/3890/1907 3314/5800/2548
f 2720/3890/1907 2719/3892/1906 3314/5800/2548
f 2450/3425/1701 2449/3424/1700 2493/3491/1741
f 2451/3426/1702 2450/3425/1701 2493/3491/1741
f 1376/5801/2550 2328/5802/2550 2184/5803/2550
f 2328/3233/1593 1376/5804/2551 536/3234/4
f 2893/5410/1515 2892/5805/1515 2117/5409/2262
f 2141/5806/1455 2557/3588/1774 2790/4049/1967
f 1388/5807/933 2141/5806/1455 2790/4049/1967
f 2719/3905/1906 475/3907/287 3315/5797/2549
f 3314/5796/2548 2719/3905/1906 3315/5797/2549
f 153/5808/2552 152/5661/2508 1463/1700/990
f 199/5077/2289 153/5808/2552 1463/1700/990
f 2218/3450/1511 2469/3452/1717 2912/4356/513
f 1295/1464/865 2218/2985/1511 2912/5520/513
f 1008/1104/656 1005/1101/653 1489/5809/1012
f 1006/1737/654 1008/5810/656 1489/1738/1012
f 3148/5075/2287 1718/2097/1178 1779/2180/1222
f 1718/2097/1178 1721/2100/1098 1779/2180/1222
f 2159/4406/2081 3096/5498/2219 1307/5811/874
f 1307/5050/1 2158/2861/1 2159/2863/1
f 952/1043/643 951/1042/256 1697/4583/1157
f 1077/1184/593 952/1043/643 1697/4583/1157
f 2236/3014/1528 2235/3013/1527 2420/3379/1674
f 1303/3276/872 1751/3183/1204 1750/5812/1203
f 1301/1476/870 1303/1478/872 1750/2327/1203
f 2716/3885/2499 2806/5631/2498 584/5813/2553
f 1987/3622/2554 2716/3886/2499 584/5814/2553
f 2735/3922/1919 2152/2851/1465 2462/3440/729
f 1467/3933/994 2735/3922/1919 2462/3440/729
f 1374/1576/922 3316/5815/2555 1375/1577/923
f 1180/1319/771 376/392/207 1480/1722/1004
f 1479/1721/1003 1180/1319/771 1480/1722/1004
f 2857/4241/2031 2849/4231/2024 3207/5233/2344
f 2849/4231/2024 2850/4232/1910 3207/5233/2344
f 1127/1251/735 3140/5047/2556 3139/5046/2278
f 1128/1252/736 1127/1251/735 3139/5046/2278
f 161/163/71 1283/1449/251 1965/5816/64
f 162/164/72 161/163/71 1965/5816/64
f 2614/3686/1818 2181/5704/1487 2839/4206/2013
f 2615/3687/1819 2614/3686/1818 2839/4206/2013
f 1270/1436/844 2324/5817/1589 2327/5818/1592
f 3211/5349/2346 1270/1436/844 2327/5818/1592
f 2368/3303/1626 820/870/547 818/868/545
f 2351/4866/1602 2368/3303/1626 818/868/545
f 2350/5819/1614 2369/3304/1627 2368/3303/1626
f 2351/5820/1602 2350/5821/1614 2368/5822/1626
f 2017/2586/1400 1709/5722/1168 3188/5823/2329
f 1057/2540/680 1986/2542/1378 301/313/151
f 300/312/150 1057/2540/680 301/313/151
f 3187/5163/2328 1833/2256/1243 163/165/73
f 862/1682/581 3187/5163/2328 163/165/73
f 473/3296/285 2365/3298/1472 3116/5824/2247
f 1713/2090/1173 473/495/285 3116/5825/2247
f 3023/4572/2160 2187/2935/1100 2052/2659/1427
f 914/2658/620 3023/4572/2160 2052/2659/1427
f 288/300/138 290/302/140 389/405/219
f 1150/1279/191 288/3928/138 389/1280/219
f 424/445/247 2980/5826/2120 2997/4537/1017
f 268/276/124 424/445/247 2997/4537/1017
f 597/635/366 384/400/215 2542/3560/1761
f 384/400/215 327/340/172 2542/3560/1761
f 1587/1873/1079 907/2480/613 367/383/198
f 1588/1874/1080 1587/1873/1079 367/383/198
f 2732/3919/1916 1501/3167/1024 3317/5827/2557
f 1072/1179/695 2732/3919/1916 3317/5827/2557
f 3317/5827/2557 1501/3167/1024 1504/1754/1027
f 1072/1179/695 3317/5827/2557 1504/1754/1027
f 2715/3878/1902 3089/4760/2213 2658/3790/1856
f 2713/3876/431 2715/3878/1902 2658/3790/1856
f 1328/1516/893 1922/2434/1321 2620/5486/2436
f 2621/5487/2437 1328/1516/893 2620/5486/2436
f 1134/1258/742 754/5453/954 3171/5828/954
f 2587/5829/1794 2586/4134/1793 2812/4115/1987
f 2482/5730/1730 2587/5829/1794 2812/4115/1987
f 3127/4946/2259 2144/2797/1458 948/1039/640
f 947/1038/639 3127/4946/2259 948/1039/640
f 2185/5830/1491 2803/5831/1978 454/475/267
f 454/475/267 2803/5831/1978 456/477/269
f 1193/1334/784 1947/4840/1343 3104/4839/2229
f 1631/1931/1108 1193/1334/784 3104/4839/2229
f 1122/1246/730 1121/1245/729 1856/2290/1280
f 1119/1243/727 1122/2786/730 1856/4854/1280
f 730/774/481 3312/5789/2546 1040/1142/665
f 1361/1561/365 730/774/481 1040/1142/665
f 617/5832/385 1693/2058/1154 1152/2057/754
f 615/653/383 617/655/385 1152/1282/754
f 3114/4878/2245 2221/2988/1514 2222/5833/2558
f 2222/2989/789 2221/5834/2559 1384/2990/1515
f 1045/1147/670 1405/1611/943 3024/4573/2161
f 3312/5789/2546 1045/1147/670 3024/4573/2161
f 2489/5835/1737 2488/5836/1736 2627/5837/1831
f 2490/3488/1738 2489/3487/1737 2627/5838/1831
f 1074/5392/697 2831/4177/2005 3137/5030/1570
f 1412/5839/949 1074/5392/697 3137/5030/1570
f 3318/5840/2560 234/242/112 233/241/111
f 2994/4532/2136 3318/5840/2560 233/241/111
f 2990/4510/2131 234/242/112 3318/5840/2560
f 2994/4532/2136 2990/4510/2131 3318/5840/2560
f 2530/3529/1752 2529/3528/1751 2663/5727/1861
f 2662/3796/1860 2530/3816/1752 2663/3797/1861
f 518/541/9 1744/2133/1197 2307/3186/1571
f 2672/4106/1625 518/541/9 2307/3186/1571
f 2146/2837/180 3027/4576/2125 3026/4575/2163
f 772/816/510 2146/2837/180 3026/4575/2163
f 2273/3133/1553 3173/5131/2314 3319/5841/2522
f 455/476/268 1257/1422/837 1870/2313/1291
f 1257/1422/837 455/476/268 456/477/269
f 3089/4760/2213 2726/3912/1896 752/796/494
f 2658/3790/1856 3089/4760/2213 752/796/494
f 1049/1151/673 442/1153/35 1668/5842/1135
f 224/3445/103 1049/1151/673 1668/5842/1135
f 1650/5682/1120 2376/3316/1634 2374/3315/1632
f 2376/4160/1 1650/1960/1 209/558/1
f 3263/5843/2429 2317/3221/1582 2320/3224/1585
f 3234/5844/2561 3263/5843/2429 2320/3224/1585
f 3297/5845/2504 2317/3221/1582 3263/5843/2429
f 3262/5846/2428 3297/5845/2504 3263/5843/2429
f 3320/5847/2562 2592/3639/1799 2718/5848/1905
f 2717/3887/1904 3320/5849/2562 2718/3888/1905
f 834/889/2563 1912/2422/1312 3255/5427/2414
f 835/890/2564 834/889/2563 3255/5427/2414
f 3255/5580/2414 2592/5850/1799 3320/5849/2562
f 2717/3887/1904 3255/5580/2414 3320/5849/2562
f 1679/2032/1144 2100/2711/1438 3246/5626/2393
f 1680/2033/1145 1679/2032/1144 3246/5626/2393
f 1569/1850/1062 2430/5851/1683 3266/5852/2443
f 293/305/143 3031/4580/2166 3030/4579/2165
f 1446/1677/975 293/305/143 3030/4579/2165
f 2901/4337/2056 2681/3823/1874 402/420/227
f 2651/4338/1852 2901/4337/2056 402/420/227
f 2769/4001/1953 3321/5853/2565 1358/1558/907
f 335/348/179 2769/4002/1953 1358/3046/907
f 710/754/463 712/756/465 2211/3195/1183
f 2966/4456/2107 710/5404/463 2211/2970/1183
f 2800/4084/600 93/1669/18 279/287/133
f 278/286/132 2800/4084/600 279/287/133
f 682/2228/441 1210/1362/799 3072/4706/2201
f 683/721/442 682/720/441 3072/4753/2201
f 823/5591/1 3286/5590/2486 3151/5087/1515
f 3151/5536/2292 824/874/551 823/873/550
f 3090/4764/2214 2692/3839/1746 1333/1521/898
f 1730/2111/1187 3090/4766/2214 1333/3049/898
f 2164/2871/1 3151/5087/1515 3286/5590/2486
f 3286/5592/2487 851/934/571 2164/4060/1474
f 1445/4919/974 739/783/331 738/782/330
f 2365/5034/1472 1445/4919/974 738/782/330
f 2637/5854/1841 2188/2936/1493 2834/4186/2008
f 2432/4139/1685 2637/5854/1841 2834/4186/2008
f 1287/2454/1335 3128/5013/2272 1936/2455/1336
f 1286/1454/857 3128/4948/2261 1287/1455/858
f 193/195/88 1682/5709/1146 3223/5695/2365
f 1716/2093/1175 193/195/88 3223/5695/2365
f 1703/2076/1162 1983/2536/1375 3272/5512/2453
f 1704/2077/1163 1703/2076/1162 3272/5512/2453
f 3272/5512/2453 3160/5511/2452 3278/5855/2462
f 1704/2077/1163 3272/5512/2453 3278/5855/2462
f 3159/5382/2398 3248/5381/2397 3322/5856/2566
f 3160/5511/2567 3159/5382/2398 3322/5856/2566
f 3322/5857/2568 3248/5858/2569 2553/5859/2542
f 3160/5530/2463 3322/5860/2568 2553/5861/2542
f 1886/2342/1299 1888/2344/1301 2388/5862/1644
f 1501/3167/1024 1886/4943/1299 2388/5863/1644
f 3323/5864/2570 1190/1331/781 2243/3190/1532
f 866/3189/585 3323/5864/2570 2243/3190/1532
f 2531/5865/1753 1782/2184/1055 1781/2183/1224
f 374/4269/205 2531/5865/1753 1781/2183/1224
f 1971/2515/1367 425/446/248 1396/1600/938
f 1395/1599/314 1971/2515/1367 1396/1600/938
f 2682/3824/1875 1232/1389/819 3288/5600/2489
f 2021/2591/1404 2682/3824/1875 3288/5600/2489
f 2783/5480/2431 3142/5056/2283 2041/2632/1419
f 1651/1961/1122 3142/5866/352 2783/4032/1
f 1995/3352/1382 2398/3354/1545 2409/5867/1155
f 1274/5868/847 1995/3352/1382 2409/5867/1155
f 1654/1967/1123 3013/4555/2147 3012/4554/2152
f 368/4556/199 1654/1967/1123 3012/4554/2152
f 1174/5869/767 2349/3265/1613 2352/3268/1603
f 271/4897/127 1174/5869/767 2352/3268/1603
f 2430/5851/1683 1569/1850/1062 1571/1852/1064
f 2096/5684/1 2081/5683/1 2080/5870/1
f 750/794/492 1953/2485/1349 1197/1343/788
f 217/559/1 1197/1345/789 1953/5094/2298
f 1226/1380/812 1153/1283/755 558/5871/337
f 557/589/336 1226/5872/812 558/590/337
f 1493/4542/1016 273/281/129 352/2439/192
f 351/364/191 1493/1742/1016 352/365/192
f 748/5242/490 2827/4158/2000 3296/5873/2501
f 3296/5636/1721 2827/4159/1 209/558/1
f 2283/3145/1561 2270/3130/1551 2272/3132/1551
f 2007/2574/1392 795/843/526 799/847/530
f 798/846/529 2007/2574/1392 799/847/530
f 868/5874/587 870/5875/589 1322/3675/888
f 1320/3674/385 868/5874/587 1322/3675/888
f 2740/3930/1924 2739/3929/1923 3268/5502/2445
f 1704/2077/1163 2885/5876/2051 2639/5877/1843
f 2325/3583/1590 1704/2077/1163 2639/5877/1843
f 3294/5620/2495 2022/2592/1405 1611/1905/1094
f 1871/2314/28 3294/5620/2495 1611/1905/1094
f 2105/5878/839 2341/3253/1606 2344/3252/1181
f 1026/5528/658 2105/5878/839 2344/3252/1181
f 2736/5621/1920 2342/3250/1607 2341/3249/1606
f 2105/5878/839 2736/5879/1920 2341/3253/1606
f 3192/5176/6 1098/1217/716 827/1221/6
f 1098/1217/716 830/882/553 784/2085/1170
f 2534/3534/6 3192/5176/6 2533/3535/6
f 3158/5880/2303 3141/5881/2571 3269/5882/2572
f 3285/5883/2484 3158/5880/2303 3269/5882/2572
f 2886/4299/2052 2553/3584/1770 2556/3587/1773
f 2635/3752/1839 2886/4299/2052 2556/3587/1773
f 1378/1580/925 1732/2113/1189 1734/2115/1190
f 2995/4533/2137 514/537/314 1659/1972/1128
f 2996/4534/2138 2995/4536/2137 1659/3095/1128
f 772/816/510 3026/4575/2163 3005/4546/2145
f 773/817/511 772/816/510 3005/4546/2145
f 1733/5884/2573 888/964/598 1441/5157/1914
f 758/802/500 888/964/598 1733/5884/2574
f 2003/2570/1389 2002/2569/1388 2029/2605/1408
f 1000/1094/649 2050/2649/1425 654/692/419
f 2050/2649/1425 2230/3004/1520 654/692/419
f 2921/4379/8 2355/3273/1461 1744/2133/1197
f 518/541/9 2921/4379/8 1744/2133/1197
f 1819/4831/1247 1997/2564/1384 2000/2567/1386
f 1635/1939/1112 1819/2235/1247 2000/5885/1386
f 1903/2411/1308 695/2412/449 2759/3984/1945
f 112/112/36 1903/2411/1308 2759/3984/1945
f 3264/5488/2438 2621/5487/2437 3279/5541/2468
f 3254/5406/2575 3264/5488/2438 3279/5541/2468
f 1219/1372/655 2461/3439/1711 1144/1271/752
f 2461/3439/1711 618/656/386 1144/1271/752
f 1500/1750/1023 1077/1184/593 3016/4559/2154
f 478/4713/290 1500/1750/1023 3016/4559/2154
f 1374/5395/922 2518/3517/1668 3316/5886/2555
f 1196/5887/787 2428/3389/1680 748/5241/490
f 2428/3391/1680 1196/5888/787 1195/5630/786
f 3290/5610/2491 1443/1674/972 1968/5889/1364
f 472/494/284 3290/5612/2491 1968/2857/1364
f 731/775/482 730/774/481 1361/1561/365
f 2268/3113/1549 731/3115/482 1361/3048/365
f 2788/5890/1965 3324/5891/2576 3204/5892/2577
f 3167/5893/2307 2788/5894/1965 3204/5895/2577
f 2054/4903/1429 687/727/445 2309/3208/1573
f 915/5896/621 2054/4903/1429 2309/3208/1573
f 899/5897/606 3325/5898/2578 2335/3243/1600
f 1621/5899/933 899/5897/606 2335/3243/1600
f 1562/1843/1060 3008/4549/2148 3007/4548/2147
f 1563/1844/149 1562/1843/1060 3007/4548/2147
f 620/5900/387 619/2253/363 1831/5901/1257
f 1145/1272/653 620/658/387 1831/5902/1257
f 2418/3376/1671 2452/3428/1703 3178/5903/2320
f 2455/3431/2497 2454/3430/2579 2824/5904/2580
f 2806/5631/2498 2455/3431/2497 2824/5904/2580
f 1130/1254/738 2985/4500/2124 2391/5905/1647
f 3265/5493/2441 2417/3375/1670 2419/3377/1672
f 3195/5906/2540 3307/5907/2539 3302/5714/2531
f 3141/5713/2530 3195/5906/2540 3302/5714/2531
f 117/5908/2581 173/1562/910 1838/2264/1262
f 118/5740/2538 117/5908/2581 1838/2264/1262
f 708/752/461 709/753/462 3063/4663/2191
f 631/1925/398 708/752/461 3063/4663/2191
f 1129/1253/737 1416/1637/953 1418/1639/955
f 2819/4128/1992 629/667/396 1227/5909/813
f 1667/4129/311 2819/4128/1992 1227/5909/813
f 1824/3553/1 2058/2873/1 2165/2872/1
f 2165/2876/1476 1825/2243/1252 1824/2242/1251
f 3116/4881/2247 3132/4979/2215 2777/4016/1235
f 2362/3291/1623 3116/4881/2247 2777/4016/1235
f 1502/5910/1025 2313/3217/1578 2837/4201/2011
f 1503/5767/1026 1502/5910/1025 2837/4201/2011
f 904/985/611 910/991/616 2683/5911/337
f 902/5779/609 904/5912/611 2683/5780/337
f 1732/2113/1189 1378/1580/925 1380/1582/927
f 2160/5913/1472 272/4898/128 3091/4791/2215
f 1142/5725/750 2160/5913/1472 3091/4791/2215
f 2794/4057/1971 2793/4056/1970 3262/5644/2428
f 1923/2435/1322 2794/4057/1971 3262/5644/2428
f 721/2045/473 718/762/470 3111/4864/2238
f 945/1034/637 721/765/473 3111/4889/2238
f 1403/1609/941 1401/2870/661 2381/5914/1637
f 1253/1416/713 1403/1609/941 2381/5914/1637
f 1460/4568/987 1877/2324/946 1457/3201/984
f 1456/2760/983 1460/1696/987 1457/5915/984
f 1763/2158/1215 1766/2161/1218 3258/5449/2424
f 2804/4097/2516 1763/2158/1215 3258/5449/2424
f 3326/5916/2582 602/827/371 780/826/518
f 2224/2993/549 3326/5916/2582 780/826/518
f 3274/5518/2456 602/827/371 3326/5916/2582
f 2224/2993/549 3274/5518/2456 3326/5916/2582
f 2758/3979/1944 2757/3978/1943 3215/5917/2349
f 832/886/38 2758/3980/1944 3215/5918/2349
f 3315/5797/2549 475/3907/287 474/2602/286
f 1657/1970/1126 3315/5797/2549 474/2602/286
f 675/713/434 674/712/433 3305/5733/1856
f 887/963/431 675/713/434 3305/5733/1856
f 2339/3247/1604 1052/1156/2476 2575/5919/1783
f 2340/3248/1605 2339/3247/1604 2575/5919/1783
f 2375/3314/1633 2429/3390/1681 2846/5227/2022
f 1975/3392/1682 2846/4227/2022 2429/3393/1681
f 1173/5920/766 2801/4722/1977 2349/3265/1613
f 1174/5869/767 1173/5920/766 2349/3265/1613
f 723/767/475 3178/5144/2320 2452/5921/1703
f 841/4787/563 438/459/7 1966/2505/1362
f 842/899/564 841/898/563 1966/2507/1362
f 353/5461/193 2752/5463/1934 805/853/536
f 804/852/535 353/5461/193 805/853/536
f 3148/5075/2287 1779/2180/1222 1778/2179/1221
f 104/104/28 3148/5075/2287 1778/2179/1221
f 2406/3362/1660 3327/5922/2583 3328/5923/2583
f 2433/3723/1686 2432/3756/1685 2823/5924/1996
f 2623/3724/1827 2433/3723/1686 2823/5924/1996
f 3114/4878/2245 2704/5925/2584 2703/5479/2430
f 2222/5833/2558 2704/5925/2584 3114/4878/2245
f 2708/3871/1897 3304/5724/499 2729/3916/500
f 671/709/430 2708/3871/1897 2729/3916/500
f 525/548/320 342/355/5 526/549/321
f 2770/4004/1954 202/204/97 342/355/5
f 524/547/319 526/549/321 529/552/322
f 2773/4011/1955 529/552/322 202/204/97
f 2713/3876/431 3172/5129/2312 753/797/495
f 754/798/496 753/797/495 3172/5129/2312
f 2659/3791/1857 3172/5129/2312 2713/3876/431
f 2713/3876/431 2658/3790/1856 2659/3791/1857
f 2333/3241/1598 1440/1666/969 3260/5454/2426
f 2334/3242/1599 2333/3241/1598 3260/5454/2426
f 2618/3697/1822 2617/3699/1821 2318/3222/1583
f 2317/3221/1582 2618/3697/1822 2318/3222/1583
f 2471/3455/1720 2754/5926/1939 2753/5489/1938
f 2471/3455/1720 2470/3454/1719 2754/5926/1939
f 2695/3847/1886 3284/5583/2482 1915/2426/1314
f 3284/5583/2482 1043/1145/668 1915/2426/1314
f 2230/3004/1520 2229/3003/981 655/693/420
f 654/692/419 2230/3004/1520 655/693/420
f 1923/2435/1322 3262/5644/2428 3233/5927/2585
f 1440/1666/969 1923/2435/1322 3233/5927/2585
f 2185/2930/1491 3176/5137/2317 2781/4094/1960
f 3176/5138/2317 2782/5928/1961 2781/5929/1960
f 1166/1300/6 874/945/6 770/1301/6
f 2177/2898/1482 1165/1297/764 171/4221/831
f 2730/3917/477 757/801/499 3078/4729/1896
f 756/800/498 3078/4729/1896 757/801/499
f 3242/5351/2388 2539/5350/1757 2598/5930/1803
f 2576/3612/1784 3242/5931/2388 2598/5932/1803
f 1450/1681/977 1449/1680/976 3037/4592/2171
f 2097/2706/561 1450/1681/977 3037/4592/2171
f 3168/5933/2308 2104/3883/1442 2638/3882/1842
f 3169/5751/2309 3168/5933/2308 2638/3882/1842
f 2140/2784/1454 2059/2668/1434 3135/5010/2270
f 3135/5044/1 2220/4407/1 2140/2862/1
f 1156/5934/757 1155/3628/258 2765/3995/1950
f 2372/3309/1630 1156/5934/757 2765/3995/1950
f 2801/4722/1977 3076/4724/2205 3201/5203/2337
f 3076/4724/2205 2535/3540/1612 3201/5203/2337
f 3060/4649/2189 626/664/393 2226/2996/1518
f 1228/1383/814 3060/4650/2189 2226/2999/1518
f 762/806/503 761/805/502 3213/5257/432
f 2668/3804/1865 762/806/503 3213/5257/432
f 2476/3466/1724 2478/3468/1726 2204/3469/1503
f 3031/4580/2166 2476/5042/1724 2204/2960/1503
f 2373/5228/1631 2845/4226/2021 3287/5595/2488
f 216/2521/1 3287/5669/1721 2845/4228/1
f 3216/5271/2351 3323/5935/2570 866/937/585
f 865/936/584 3216/5271/2351 866/937/585
f 2969/4464/2111 1248/1407/830 691/1409/831
f 2879/4270/2049 1466/1703/993 1465/1702/992
f 2199/2952/1499 2879/4270/2049 1465/1702/992
f 1247/1404/6 3056/4643/2185 2042/2635/1171
f 2926/5108/2074 2990/4510/2131 2994/4532/2136
f 2927/4391/2075 2926/4390/2074 2994/4535/2136
f 2478/3468/1726 2544/3562/1763 3200/5202/2336
f 2544/3562/1763 1138/5936/746 3200/5202/2336
f 2384/5287/1640 3009/4550/2149 2981/5937/2586
f 2983/5288/2357 2384/5287/1640 2981/5937/2586
f 2591/3638/1798 2590/3637/1797 2608/3678/1812
f 2607/3677/1811 2591/3638/1798 2608/3678/1812
f 674/712/433 3078/4729/1896 756/800/498
f 3305/5733/1856 674/712/433 756/800/498
f 283/291/137 1479/1725/1003 3014/4557/2153
f 322/334/167 283/291/137 3014/4557/2153
f 1178/1317/769 3313/5793/2547 1179/1318/770
f 3313/5793/2547 1456/2760/983 1179/1318/770
f 1758/2151/1210 3303/5938/2532 1759/2152/1211
f 3303/5938/2532 1987/2543/1379 1759/2152/1211
f 2755/3974/1942 2004/2571/1390 1676/2029/992
f 2168/2880/1480 2755/3974/1942 1676/2029/992
f 1138/5936/746 1140/5939/748 1882/2765/1296
f 3200/5202/2336 1138/5936/746 1882/2765/1296
f 835/890/2564 3255/5427/2414 3283/5798/2481
f 3123/4917/2254 835/890/2564 3283/5798/2481
f 2787/4040/1964 3247/5378/2394 3195/5380/2396
f 3141/5048/2280 2787/4040/1964 3195/5380/2396
f 2873/4259/1857 888/964/598 887/963/431
f 887/963/431 3305/5733/1856 2873/4259/1857
f 3006/4547/2146 2161/2866/1427 2322/5606/1587
f 2321/3225/1586 3006/4569/2146 2322/3226/1587
f 1258/5139/2318 2782/5928/1961 3176/5138/2317
f 534/557/1 2782/4027/789 1258/1423/1
f 3329/5940/2587 1258/5139/2318 2184/3280/1490
f 1258/1423/1 3329/5941/1 535/1424/1
f 2592/3639/1799 2591/3638/1798 2607/3677/1811
f 2718/5848/1905 2592/3639/1799 2607/3677/1811
f 1708/2081/1167 1707/2080/1166 2411/3369/1664
f 2633/3750/1837 2632/3749/12 2640/5161/1844
f 2560/3594/1359 2633/3822/1837 2640/3763/1844
f 1448/1679/320 521/544/5 222/228/5
f 1723/2103/1180 222/228/5 521/544/5
f 1455/1689/982 1454/1688/981 3105/4842/2230
f 820/870/547 1455/1689/982 3105/4842/2230
f 2980/4488/2120 1072/1179/695 2998/4934/2139
f 2997/4537/1017 2980/5826/2120 2998/4538/2139
f 1538/3206/1038 2733/3920/1917 2980/4488/2120
f 424/445/247 1538/1817/1038 2980/5826/2120
f 2470/3454/1719 2628/5942/1941 2754/5926/1939
f 2472/3456/1721 2628/3741/1122 2470/3457/1
f 1996/2561/1383 3064/4665/2192 1492/1741/1015
f 1652/1965/1057 1996/2561/1383 1492/1741/1015
f 2364/5943/1624 2363/5154/693 1251/1414/833
f 1250/5944/832 2364/5945/1624 1251/5946/833
f 2225/2994/1517 2224/2993/549 80/80/10
f 1962/2498/1358 2225/2994/1517 80/80/10
f 3271/5509/2450 2447/3422/818 2446/3421/1698
f 932/1019/632 3271/5509/2450 2446/3421/1698
f 3126/5947/2258 2018/5948/1401 3271/5949/2450
f 932/1019/632 3126/5950/2258 3271/5509/2450
f 2543/3561/1762 1139/5578/747 1138/5936/746
f 2544/3562/1763 2543/3561/1762 1138/5936/746
f 2832/5951/2006 720/2044/472 719/5952/471
f 1070/1177/693 2832/5953/2006 719/763/471
f 3202/5954/2338 1053/5955/677 1453/5956/980
f 2369/3304/1627 3202/5957/2338 1453/1687/980
f 788/836/522 3057/4645/2186 3058/4647/2187
f 789/837/523 788/836/522 3058/4647/2187
f 3156/5103/2302 3133/4982/2267 2695/3847/1886
f 729/773/480 3156/5103/2302 2695/3847/1886
f 1546/1825/1620 1506/5958/1029 1505/5055/1028
f 1506/5958/2260 1546/1825/1046 1545/1824/1045
f 1992/4894/1380 329/342/174 328/341/173
f 2347/3258/1611 1992/4894/1380 328/341/173
f 3307/5959/2588 1469/3700/996 2619/3701/1823
f 3302/5714/2531 3307/5907/2588 2619/3857/1823
f 3174/5132/2315 547/579/201 84/84/13
f 1427/1648/7 3174/5132/2315 84/84/13
f 1426/1647/961 1604/1893/1092 3174/5132/2315
f 1427/1648/7 1426/1647/961 3174/5132/2315
f 1868/5960/1288 3048/5961/2180 3050/5962/2182
f 1670/2023/1136 1868/5963/1288 3050/4619/2182
f 3050/4619/2182 3049/4621/2181 1671/2024/1137
f 1670/2023/1136 3050/4619/2182 1671/2024/1137
f 2439/3743/1692 465/5964/279 2816/5965/1696
f 2629/3744/1834 2439/3743/1692 2816/5965/1696
f 344/357/187 2431/5436/1684 2434/5693/1687
f 345/358/188 344/357/187 2434/5693/1687
f 596/634/365 597/635/366 3138/5040/1953
f 292/304/142 596/2962/365 3138/5041/1953
f 2547/3573/1765 591/629/360 590/628/359
f 2904/4345/2059 2547/3574/1765 590/4402/359
f 900/3470/607 2131/2764/1446 1213/5966/802
f 2131/2764/1446 1215/2766/804 1213/5966/802
f 3275/5521/2458 2500/3498/1747 2499/3497/1746
f 2018/5508/1401 3275/5521/2458 2499/3497/1746
f 1760/5967/1213 1161/3844/760 3275/5521/2458
f 2018/5948/1401 1760/5968/1213 3275/5969/2458
f 3020/4567/2157 1878/2325/196 1877/2324/946
f 1460/4568/987 3020/4567/2157 1877/2324/946
f 302/5970/152 301/3537/151 2535/3540/1612
f 1421/4723/958 302/5970/152 2535/3540/1612
f 2584/3626/1791 1929/2444/1327 3165/5971/2589
f 1414/3472/951 1415/5972/952 3222/5306/2364
f 672/710/431 2727/3914/598 3304/5724/499
f 2729/3916/500 3304/5724/499 2727/3914/598
f 642/680/407 1485/1733/1008 837/894/559
f 643/681/408 642/680/407 837/894/559
f 1416/1637/953 1129/1253/737 1131/1255/739
f 2329/3235/1594 3329/5940/2587 2184/3280/1490
f 3329/5941/1 2329/3236/1 535/1424/1
f 1986/5973/1378 1985/4914/1377 742/786/173
f 301/3537/151 1986/5973/1378 742/786/173
f 1595/4813/1085 3094/4812/2217 1423/2441/959
f 1422/1643/564 1595/1883/1085 1423/1644/959
f 1780/5974/1223 2020/5975/1403 2019/5976/1402
f 1263/5977/840 1780/5974/1223 2019/5976/1402
f 2037/2624/1417 2036/2623/1416 3252/5394/2402
f 2634/4945/1838 2555/3714/1772 2144/2797/1458
f 3127/4946/2259 2634/4945/1838 2144/2797/1458
f 515/538/315 2731/3918/1915 2733/3920/1917
f 1538/3206/1038 515/538/315 2733/3920/1917
f 1982/5978/1374 1590/1876/1082 641/679/406
f 949/5979/641 1982/5980/1374 641/5981/406
f 3253/5405/2405 2581/5407/2407 3193/5344/2380
f 1239/1396/825 3253/5405/2405 3193/5344/2380
f 572/605/349 574/607/351 3236/5334/2374
f 1756/2148/1208 228/234/107 574/607/351
f 3321/5853/2565 2734/3921/1918 2817/4126/1991
f 1358/1558/907 3321/5853/2565 2817/4126/1991
f 1042/1144/667 2734/3921/1918 3321/5853/2565
f 2769/4001/1953 1042/1144/667 3321/5853/2565
f 2443/5982/1695 1497/1746/1020 1961/2497/1357
f 2444/4157/1696 2443/5982/1695 1961/2497/1357
f 607/645/376 610/648/379 3043/4601/2177
f 2212/4754/1508 607/645/376 3043/4601/2177
f 2686/3831/1878 2490/3488/1738 2649/3777/1850
f 2636/3753/1840 2686/3831/1878 2649/3777/1850
f 272/4898/128 545/577/331 544/576/330
f 3091/4791/2215 272/4898/128 544/576/330
f 1897/2405/1303 1935/2450/1333 3239/5343/2379
f 3002/5983/2142 1182/1323/773 1332/1520/897
f 1331/2472/896 3002/5984/2142 1332/5985/897
f 1278/1444/710 1280/1446/851 1064/3669/687
f 2605/3668/1651 1278/1444/710 1064/3669/687
f 2847/4926/2255 3125/4928/2256 2848/5986/2590
f 3125/4928/2256 3021/4929/2257 2848/5986/2590
f 1269/1435/843 2325/3583/1590 2324/5817/1589
f 1270/1436/844 1269/1435/843 2324/5817/1589
f 915/5896/621 2309/3208/1573 2836/4197/2010
f 319/4794/164 915/5896/621 2836/4197/2010
f 2841/4212/2015 2362/3291/1623 2364/3294/1624
f 390/4213/220 2841/4212/2015 2364/3294/1624
f 513/536/313 1244/2300/828 3061/4654/2190
f 709/753/462 513/536/313 3061/4654/2190
f 387/5625/217 390/4213/220 2835/4189/2009
f 599/637/368 387/5625/217 2835/4189/2009
f 381/4913/212 531/554/323 530/553/173
f 1442/3434/971 381/4913/212 530/553/173
f 3253/5987/2405 1509/5988/1032 3254/5989/2575
f 1509/5990/1032 3264/5991/2438 3254/5992/2575
f 2356/3275/1616 317/329/162 1751/3183/1204
f 1303/3276/872 2356/3275/1616 1751/3183/1204
f 1461/1697/988 1460/1696/987 1456/2760/983
f 2130/2763/1445 1461/1697/988 1456/2760/983
f 3295/5993/2500 2345/3255/1609 2346/3257/1610
f 380/4912/211 3295/5993/2500 2346/3257/1610
f 3177/5994/2319 1752/5178/1205 2345/3255/1609
f 3295/5993/2500 3177/5994/2319 2345/3255/1609
f 2143/2795/1457 684/893/396 1483/5995/1006
f 1590/2796/1082 2143/2795/1457 1483/5995/1006
f 3161/5996/2591 2797/4070/1973 2798/4071/1974
f 1578/1864/1071 3185/5158/2326 3157/5997/1304
f 830/882/553 2534/3534/6 1981/2533/6
f 1004/5998/652 2475/3827/1723 2685/3830/1877
f 1005/5439/653 1004/5998/652 2685/3830/1877
f 3248/5999/2397 2624/3897/1828 2554/3585/1771
f 2553/3584/1770 3248/5999/2397 2554/3585/1771
f 2389/3341/1645 1932/2447/1330 3175/6000/2592
f 1633/1933/1110 1631/1931/1108 3276/5522/2459
f 1634/1934/1111 1633/1933/1110 3276/5522/2459
f 929/1016/629 3250/5384/2400 2202/2958/1502
f 3250/5384/2400 3249/5383/2399 2202/2958/1502
f 2257/6001/2593 2256/3845/1884 1937/2453/1334
f 2257/6002/1 1937/4376/1 852/2451/1
f 3285/5883/2484 3269/5882/2448 3203/5207/2339
f 2616/3694/1820 3285/5883/2484 3203/5207/2339
f 2557/3588/1774 3131/4977/2265 2558/3589/1775
f 3131/4977/2265 378/3437/209 2558/3589/1775
f 1388/5807/933 2790/4049/1967 2791/4052/1968
f 3121/4902/127 1388/5807/933 2791/4052/1968
f 758/802/500 1733/5884/2574 2872/4257/2043
f 759/803/497 758/802/500 2872/4257/2043
f 3136/5021/2273 140/5022/35 139/4890/54
f 946/1036/638 3136/5021/2273 139/4890/54
f 1412/5839/949 3137/5030/1570 3110/4861/2237
f 1413/4863/950 1412/5839/949 3110/4861/2237
f 797/845/528 2646/4616/540 3198/5183/2333
f 3100/4824/2222 797/845/528 3198/5183/2333
f 2310/4844/2594 2814/4120/1989 2815/4123/1990
f 2484/3480/1732 2310/4844/2594 2815/4123/1990
f 864/931/583 3108/4856/2235 3180/6003/970
f 2438/6004/1691 2604/3869/1809 465/6005/279
f 2439/3743/1692 2438/6006/1691 465/5964/279
f 1137/1261/745 1646/1954/1116 2186/2932/1492
f 1135/1259/743 1137/1261/745 2186/2932/1492
f 3193/6007/2595 2581/6008/2596 2580/6009/2597
f 2705/6010/2598 3193/6007/2595 2580/6009/2597
f 931/1018/631 930/1017/630 1955/6011/1351
f 1714/2091/654 931/6012/631 1955/2488/1351
f 3330/6013/2599 822/872/549 2899/4335/2055
f 1959/2493/1355 3330/6013/2599 2899/4335/2055
f 1728/2109/1185 822/872/549 1958/2492/1354
f 1957/2491/1353 1728/2109/1185 1958/2492/1354
f 1958/2492/1354 822/872/549 3330/6013/2599
f 1959/2493/1355 1958/2492/1354 3330/6013/2599
f 1628/6014/1106 1627/4281/1105 2541/3558/1760
f 1875/4012/1294 1628/6014/1106 2541/3558/1760
f 3149/5076/2288 2992/4518/168 1043/1145/668
f 3133/4982/2267 3149/5076/2288 1043/1145/668
f 1298/1472/868 1092/1211/710 2396/3349/1651
f 1995/5632/1382 1298/1472/868 2396/3349/1651
f 2286/3148/1561 2285/3147/1563 2979/4487/2119
f 3113/4872/2243 77/77/7 1795/2204/1233
f 2568/3603/1363 3113/4871/2243 1795/3301/1233
f 929/1016/629 934/1021/634 3250/5384/2400
f 934/1021/634 933/1020/633 3250/5384/2400
f 755/799/497 754/798/496 3180/5149/2044
f 2659/3791/1857 755/799/497 3180/5149/2044
f 2137/2781/1452 1159/1291/244 2138/2782/795
f 1223/1376/809 2137/2781/1452 2138/2782/795
f 2278/6015/1558 414/435/238 413/434/237
f 2279/6016/1559 2278/6017/1558 413/6018/237
f 3150/6019/2291 2720/3890/1907 2103/5799/1441
f 2104/6020/1442 3150/6021/2291 2103/6022/1441
f 3298/5660/2507 1252/2847/712 1163/1295/762
f 1162/1294/761 3298/5660/2507 1163/1295/762
f 2778/4018/1958 1729/2282/1186 1242/1399/827
f 1241/1398/87 2778/4018/1958 1242/1399/827
f 2829/4168/2003 608/646/377 606/644/375
f 2213/4169/1509 2829/4168/2003 606/644/375
f 939/1026/185 3236/5334/2374 940/1027/5
f 227/233/106 3232/5324/5 228/234/107
f 1245/1402/829 940/1027/5 3232/5324/5
f 3282/5574/2479 2491/5732/1739 462/484/276
f 2828/4165/2001 3282/5574/2479 462/484/276
f 2492/6023/1740 2491/3879/1739 3282/6024/2479
f 2493/3491/1741 2492/3490/1740 3282/6025/2479
f 1127/1251/735 3059/4648/2188 3140/5047/2556
f 3059/4648/2188 2787/4040/1964 3140/5047/2556
f 2718/5848/1905 2607/3677/1811 2610/3680/1814
f 2719/3889/1906 2718/3888/1905 2610/6026/1814
f 3234/5844/2561 2320/3224/1585 3311/6027/2600
f 2583/6028/2601 3234/6029/2561 3311/6030/2600
f 1548/1827/1049 653/691/418 3018/4564/2156
f 3004/4545/2144 1548/1827/1049 3018/4564/2156
f 3088/6031/2602 3053/5434/2417 2671/3809/1868
f 677/715/436 3088/6031/2602 2671/3809/1868
f 3025/4816/2162 1408/1614/946 1404/3262/942
f 331/344/176 3025/4574/2162 1404/1610/942
f 2578/3617/1097 1853/2286/1277 1850/2283/1274
f 1993/2558/1178 2578/3617/1097 1850/2283/1274
f 1698/6032/1158 488/3709/300 2882/4291/2050
f 2261/3105/1547 1698/6032/1158 2882/4291/2050
f 806/3962/537 2751/3959/832 3122/4915/2253
f 1985/4914/1377 806/3962/537 3122/4915/2253
f 1631/1931/1108 3104/4839/2229 3277/5523/2460
f 3276/5522/2459 1631/1931/1108 3277/5523/2460
f 711/755/464 1588/1874/1080 1589/1875/1081
f 1588/1874/1080 367/383/198 1589/1875/1081
f 3249/5383/2399 557/5718/336 1691/2053/1152
f 2202/2958/1502 3249/5383/2399 1691/2053/1152
f 1165/1297/764 2108/2721/6 2106/2723/6
f 3191/5174/6 1166/1300/6 769/1302/6
f 2108/2721/6 3191/5174/6 168/3551/6
f 3327/5922/2583 2406/3362/1660 2408/3364/1662
f 1306/6033/2603 1826/2244/1253 2220/2987/1513
f 2220/4407/1 3135/5044/1 1306/1482/1
f 1699/2072/1159 1701/2074/1161 3080/4733/2208
f 3017/4563/2155 1446/1677/975 3162/5112/2304
f 3045/4608/2178 3017/4565/2155 3162/5611/2304
f 3146/5071/1551 1570/1851/1063 1575/1856/1068
f 2200/5219/1500 918/1000/624 1836/6034/1260
f 1357/1557/526 2200/2955/1500 1836/2262/1260
f 405/2288/230 1854/2287/1278 3209/6035/1005
f 403/422/228 405/424/230 3209/5746/1005
f 3094/4812/2217 1603/1892/694 1425/1646/960
f 1423/2441/959 3094/4812/2217 1425/1646/960
f 2796/4064/1972 3187/5163/2328 862/1682/581
f 2573/3746/1359 2796/6036/1972 862/929/581
f 2331/3239/1596 2643/5765/1847 2644/6037/1848
f 1469/1706/996 2331/3239/1596 2644/6037/1848
f 1257/1422/837 1256/1421/836 534/4870/2242
f 534/557/1 1256/6038/2604 456/4026/1
f 1768/2164/1220 1767/2166/1219 2917/4366/2066
f 2152/2851/1465 1768/2164/1220 2917/4366/2066
f 650/2850/415 1293/2165/863 1768/2164/1220
f 2152/2851/1465 650/2850/415 1768/2164/1220
f 2275/3135/1555 3189/5172/2330 2276/3136/1556
f 164/166/74 112/112/36 1236/1393/823
f 2775/5422/98 164/166/74 1236/1393/823
f 1367/1569/916 2251/3057/1541 3206/5213/2343
f 1274/5868/847 2409/5867/1155 909/6039/615
f 908/989/614 1274/1440/847 909/990/615
f 1510/1763/1033 1509/1762/1032 3253/5405/2405
f 1239/1396/825 1510/1763/1033 3253/5405/2405
f 1960/2494/1356 1959/2496/1355 2650/3778/1851
f 2559/3592/1776 1960/2494/1356 2650/3778/1851
f 1040/1142/665 3312/5789/2546 1041/1143/666
f 3312/5789/2546 3024/4573/2161 1041/1143/666
f 3331/6040/2605 1192/1333/783 1191/1332/782
f 2031/2609/1412 3331/6040/2605 1191/1332/782
f 3119/6041/2250 1192/1333/783 3331/6040/2605
f 2031/2609/1412 3119/6041/2250 3331/6040/2605
f 2342/3250/1607 1731/2112/1188 1334/1522/899
f 1731/2112/1188 1730/2111/1187 1334/1522/899
f 3205/5211/2341 3309/5753/2541 2724/5752/1911
f 2725/5212/1912 3205/5211/2341 2724/5752/1911
f 3324/6042/2576 3170/5122/2310 3205/5211/2341
f 3204/5210/2577 3324/6042/2576 3205/5211/2341
f 1582/1868/1075 1585/1871/1077 3324/6042/2576
f 2788/4042/1965 1582/1868/1075 3324/6042/2576
f 591/629/360 2021/2591/1404 3306/5738/2535
f 2021/2591/1404 3288/5600/2489 3306/5738/2535
f 591/629/360 3306/5738/2535 1149/1276/753
f 3306/5738/2535 593/1277/362 1149/1276/753
f 2689/6043/2606 2688/5012/2271 1284/1450/853
f 2256/3846/1885 2689/6044/2607 1284/1453/856
f 2251/3057/1541 1367/1569/916 2252/3058/1542
f 3237/6045/2608 3212/5254/2347 3289/5605/2490
f 2636/6046/1840 3237/6047/2608 3289/6048/2490
f 2157/2856/2385 3212/5348/2387 3237/5336/2376
f 3183/5335/2375 2157/2856/2385 3237/5336/2376
f 3194/5179/2331 1085/1194/705 120/2617/43
f 119/5447/42 3194/5179/2331 120/2617/43
f 3281/5562/2475 3242/5561/2388 2576/6049/1784
f 2575/5919/1783 3281/5562/2475 2576/6049/1784
f 1052/1156/2476 3280/5560/2474 3281/5562/2475
f 2575/5919/1783 1052/1156/2476 3281/5562/2475
f 2213/4169/1509 606/644/375 605/643/374
f 1099/2975/718 2213/2974/1509 605/6050/374
f 3163/5113/2305 1495/2562/1018 2696/3848/1887
f 2941/4426/2089 3163/5113/2305 2696/3848/1887
f 3291/5615/2492 1855/2289/1279 1202/1354/792
f 619/5198/363 3291/5615/2492 1202/1354/792
f 235/243/113 337/350/181 3218/5285/2356
f 515/538/315 235/243/113 3218/5285/2356
f 2435/3688/1688 2615/3687/1819 2805/4098/1357
f 2436/4101/1689 2435/3688/1688 2805/4098/1357
f 482/504/294 1630/1930/1107 879/954/591
f 1630/1930/1107 1315/1492/880 879/954/591
f 431/452/253 1783/2186/1225 432/453/254
f 1783/2186/1225 1184/1325/775 432/453/254
f 327/340/172 3055/4642/2184 3109/4858/2236
f 2542/3560/1761 327/340/172 3109/4858/2236
f 2030/2608/1411 2383/3332/1639 3332/6051/2609
f 646/684/411 2030/2608/1411 3332/6051/2609
f 3170/5122/2310 3169/5121/2309 3309/5753/2541
f 3205/5211/2341 3170/5122/2310 3309/5753/2541
f 1585/1871/1077 1584/1870/1076 3170/5122/2310
f 3324/6042/2576 1585/1871/1077 3170/5122/2310
f 2780/4020/1959 1865/2306/1263 1867/2308/1287
f 1964/2502/1360 2780/4020/1959 1867/2308/1287
f 2660/6052/1858 2210/3647/1507 2661/3795/1859
f 1753/2144/206 2660/6052/1858 2661/3795/1859
f 3169/5751/2309 2638/3882/1842 2442/3682/1694
f 2611/3681/1815 3169/5751/2309 2442/3682/1694
f 2188/3754/1493 2490/3488/1738 3293/6053/2494
f 2490/3488/1738 2627/5838/1831 3293/6053/2494
f 3099/4823/2221 2353/3271/1615 3333/6054/2610
f 516/539/7 3099/4823/2221 3333/6054/2610
f 3333/6054/2610 2353/3271/1615 517/540/316
f 516/539/7 3333/6054/2610 517/540/316
f 1621/5899/933 2335/3243/1600 2338/3246/1603
f 1444/4918/973 1621/5899/933 2338/3246/1603
f 2711/3874/1900 1081/1190/612 3334/6055/2611
f 1950/2481/1346 2711/3874/1900 3334/6055/2611
f 3334/6055/2611 1081/1190/612 1080/1189/702
f 1950/2481/1346 3334/6055/2611 1080/1189/702
f 1158/1290/759 3103/4827/2515 1059/1164/682
f 2254/3062/1544 1799/2210/1236 1601/3957/1090
f 2750/3956/1933 2254/3062/1544 1601/3957/1090
f 3332/6051/2609 2383/3332/1639 3120/4887/2251
f 646/684/411 3332/6051/2609 3120/4887/2251
f 672/710/431 3304/5724/499 725/769/477
f 725/769/477 669/707/428 672/710/431
f 3292/5617/2493 627/665/1758 2818/4127/1990
f 2820/4130/1993 3292/5617/2493 2818/4127/1990
f 2540/3643/1759 627/6056/1758 3292/6057/2493
f 2593/3644/1800 2540/3643/1759 3292/6057/2493
f 1870/2313/1291 1198/1346/790 455/476/268
f 1199/1347/791 1198/1346/790 1870/2313/1291
f 482/504/294 879/954/591 1210/1362/799
f 682/2228/441 482/504/294 1210/1362/799
f 1785/2188/6 878/951/6 562/953/6
f 921/1003/627 2025/2595/334 3294/6058/467
f 1143/1269/751 921/1003/627 3294/6058/467
f 372/726/203 122/124/45 2370/3307/1628
f 370/386/201 372/388/203 2370/5325/1628
f 1075/1182/698 3065/4677/2193 1076/1183/699
f 3065/4677/2193 950/1041/642 1076/1183/699
f 3289/5605/2490 3212/5254/2347 2687/3832/1879
f 3212/5254/2347 2487/3485/1735 2687/3832/1879
f 1330/2992/895 431/452/253 3073/4710/2204
f 510/533/310 1330/1518/895 3073/6059/2204
f 3115/4879/2246 1357/1557/526 2562/3597/1777
f 845/902/567 3115/4879/2246 2562/3597/1777
f 3069/4711/2197 2223/3325/1516 391/6060/221
f 1794/2202/289 3069/4696/2197 391/407/221
f 2379/6061/1635 1069/6062/692 3243/6063/2389
f 703/6064/457 2379/6061/1635 3243/6063/2389
f 609/647/378 2206/4703/295 1154/3310/756
f 610/648/379 609/647/378 1154/3310/756
f 2043/2634/1421 150/4384/62 2024/2594/78
f 2023/2593/334 2043/2634/1421 2024/2594/78
f 901/6065/608 1214/1367/803 3325/5898/2578
f 899/5897/606 901/6065/608 3325/5898/2578
f 3325/5898/2578 1214/1367/803 2595/3650/1802
f 2335/3243/1600 3325/5898/2578 2595/3650/1802
f 1656/5782/2544 2227/3000/1519 2721/3894/1908
f 1497/1746/1020 1656/5782/2544 2721/3894/1908
f 2784/6066/1 2360/4034/1 1740/2128/1
f 2784/6067/2612 2361/3290/1622 2360/3289/1621
f 817/867/544 819/869/546 3273/5515/2455
f 1593/1880/1083 817/1879/544 3273/5775/2455
f 874/945/6 3199/5185/6 767/946/6
f 3199/5185/6 2177/2898/1482 116/2900/6
f 1310/4198/877 700/743/454 3068/4692/2196
f 1311/1488/878 1310/1487/877 3068/4732/2196
f 3257/5444/2422 2911/4355/2063 1188/1329/779
f 1947/4838/1343 3257/5444/2422 1188/1329/779
f 1743/2132/1196 1190/1331/781 3323/5864/2570
f 3216/5271/2351 1743/4841/1196 3323/5935/2570
f 3004/4545/2144 472/494/284 471/493/283
f 289/2575/139 3004/4545/2144 471/493/283
f 2348/3261/1612 696/3260/450 894/4809/602
f 2838/4205/2012 2348/3261/1612 894/4809/602
