# Blender v3.1.2 OBJ File: '2a11bfd4-f3df-4ef2-9d0b-6536b0c6510a.blend'
# www.blender.org
mtllib 5.mtl
o Others_raw_model.029
v 1.990231 1.177170 -2.128731
v 1.984121 1.217220 -2.121751
v 1.985941 0.756290 -2.134971
v 1.992801 0.756260 -2.142251
v 1.990881 0.961570 -2.156981
v 1.980561 1.173630 -2.165381
v 1.992051 1.177170 -2.150291
v 1.975031 1.230000 -2.168891
v 1.987471 1.226470 -2.161881
v 1.939361 1.391010 -2.127341
v 1.953561 1.381480 -2.120841
v 1.951631 1.413270 -2.123151
v 1.945481 1.437650 -2.127551
v 1.983491 1.411350 -2.131581
v 1.980571 1.439600 -2.155111
v 1.982581 1.478200 -2.153461
v 1.971731 1.220200 -2.118511
v 1.976331 1.242720 -2.124821
v 1.974331 1.270570 -2.116461
v 1.968901 1.300120 -2.113081
v 1.943591 1.299630 -2.121311
v 1.938761 1.324270 -2.111201
v 1.938491 1.319030 -2.127531
v 1.942171 1.270610 -2.128511
v 1.972061 1.348770 -2.169571
v 1.958191 1.301370 -2.166541
v 1.957501 1.349220 -2.170231
v 1.950281 1.401120 -2.167641
v 1.937871 1.401180 -2.143161
v 1.944311 1.437840 -2.152961
v 1.953021 1.440840 -2.163531
v 1.986491 1.243160 -2.134671
v 1.986581 1.244790 -2.152001
v 1.988631 1.294620 -2.149531
v 1.988401 1.314320 -2.134531
v 1.990491 1.237510 -2.132101
v 2.015371 1.263580 -2.144151
v 2.012341 1.261730 -2.126721
v 2.000711 1.429780 -2.144561
v 2.057711 1.468800 -2.130051
v 1.997881 1.432580 -2.130301
v 1.936471 0.961570 -2.165101
v 1.939191 1.150330 -2.157891
v 1.952091 1.173760 -2.169461
v 1.946781 0.756330 -2.180771
v 1.943941 1.225440 -2.168621
v 1.935721 1.207210 -2.162291
v 1.938501 1.230400 -2.155161
v 1.873301 1.363820 -2.091731
v 1.899691 1.349310 -2.108461
v 1.913821 1.351940 -2.097291
v 1.853271 1.378290 -2.057761
v 2.022991 1.254640 -2.060901
v 2.027521 1.272830 -2.019201
v 1.988691 1.245900 -2.083761
v 1.996701 1.227070 -2.106361
v 1.940241 1.486450 -2.149991
v 1.945431 1.481560 -2.161321
v 1.983961 1.478220 -2.134941
v 1.981741 1.473710 -2.123971
v 1.995951 1.493550 -2.130231
v 1.999641 1.488630 -2.113031
v 1.895491 1.270430 -2.222161
v 1.916941 1.255920 -2.199441
v 1.908691 1.258510 -2.183411
v 1.858311 1.284900 -2.235341
v 1.944581 1.386520 -2.198801
v 1.933451 1.386720 -2.185101
v 1.911261 1.422140 -2.211961
v 1.907171 1.431510 -2.244981
v 1.987661 1.372160 -2.137481
v 1.982431 1.300800 -2.159651
v 1.986741 1.373210 -2.151991
v 1.944861 1.378170 -2.122661
v 1.957501 1.325490 -2.118271
v 1.960421 1.375220 -2.118861
v 1.905661 1.424440 -2.173101
v 1.938601 1.397780 -2.157421
v 1.904351 1.426910 -2.156401
v 1.947421 1.370390 -2.213411
v 1.930361 1.364400 -2.210591
v 1.917931 1.386170 -2.240021
v 1.922901 1.404130 -2.278311
v 2.034651 1.330510 -2.283091
v 2.012421 1.329050 -2.239411
v 2.000421 1.322770 -2.249111
v 2.020671 1.324880 -2.289471
v 1.997481 1.325110 -2.084631
v 2.003691 1.332030 -2.048681
v 1.970541 1.323480 -2.090201
v 1.974441 1.310850 -2.116691
v 2.049561 1.285410 -2.206641
v 2.088171 1.296470 -2.209121
v 2.029101 1.276570 -2.172651
v 2.023051 1.270010 -2.188821
v 1.926601 1.529790 -2.196001
v 1.913011 1.524240 -2.187371
v 1.891911 1.544260 -2.207821
v 1.882501 1.560820 -2.242161
v 2.107321 1.369480 -2.157661
v 2.062391 1.391090 -2.149491
v 2.061481 1.384100 -2.165831
v 2.103021 1.364370 -2.173301
v 2.049101 1.509640 -2.104941
v 2.040351 1.504170 -2.091391
v 1.945661 1.300780 -2.125581
v 1.960581 1.300980 -2.118121
v 1.984891 1.300840 -2.131521
v 1.982091 1.325500 -2.126801
v 1.976581 1.413200 -2.124381
v 1.967311 1.459050 -2.114341
v 1.955671 1.463130 -2.116181
v 1.951481 1.461230 -2.122671
v 1.954601 1.406510 -2.084471
v 1.936361 1.430570 -2.042971
v 1.931261 1.416710 -2.072741
v 1.937721 1.402240 -2.092541
v 1.969371 1.440840 -2.167161
v 1.966351 1.401470 -2.171391
v 1.870221 1.233270 -2.048371
v 1.912201 1.231720 -2.098901
v 1.904501 1.238650 -2.062791
v 1.860391 1.229620 -2.008711
v 1.952641 1.220500 -2.121511
v 1.940611 1.214380 -2.127361
v 1.939761 0.961590 -2.133171
v 1.940911 1.217490 -2.128361
v 1.937371 1.150320 -2.136581
v 1.934521 0.961560 -2.142251
v 1.960321 1.481520 -2.194531
v 1.976481 1.485820 -2.194201
v 1.973551 1.458110 -2.167061
v 1.961751 1.459210 -2.169541
v 1.959131 0.959470 -2.118811
v 1.960941 1.149770 -2.117481
v 1.949631 1.150800 -2.121351
v 1.955821 0.756530 -2.185361
v 1.968841 0.754990 -2.186961
v 1.836491 1.565080 -2.239401
v 1.788501 1.567700 -2.278981
v 1.848981 1.563030 -2.251591
v 1.734101 1.340940 -2.197991
v 1.802011 1.334670 -2.187461
v 1.770261 1.335040 -2.171891
v 1.732561 1.331750 -2.177761
v 2.075161 1.265520 -2.008411
v 2.097721 1.250310 -1.965531
v 2.071321 1.260920 -1.977521
v 2.058101 1.265670 -2.001561
v 1.959401 1.230380 -2.172391
v 1.945811 1.217680 -2.166251
v 1.948361 1.243770 -2.168061
v 1.959701 1.270560 -2.173611
v 1.980561 1.270560 -2.168961
v 1.969621 1.243720 -2.171741
v 1.991891 1.150340 -2.139361
v 1.995741 0.756310 -2.153681
v 1.994581 0.756270 -2.165091
v 1.943321 0.614780 -2.193441
v 1.961231 0.541820 -2.193101
v 1.944341 0.541550 -2.181501
v 1.933981 0.614710 -2.183791
v 2.017181 1.587360 -2.174251
v 2.046571 1.633690 -2.208331
v 2.007331 1.590830 -2.187971
v 2.015371 1.451570 -2.226871
v 2.047331 1.461790 -2.242731
v 2.010401 1.443480 -2.190581
v 1.999321 1.437410 -2.202251
v 2.075501 1.559080 -2.138821
v 2.119541 1.575610 -2.118651
v 2.070481 1.558920 -2.118311
v 2.028281 1.535800 -2.142151
v 1.935861 1.268910 -2.139971
v 1.934331 1.323980 -2.144131
v 1.963581 1.323000 -2.187021
v 1.951151 1.300560 -2.173431
v 1.940621 1.341240 -2.190761
v 1.958151 1.342670 -2.194121
v 2.163311 1.157770 -2.104881
v 2.168521 1.157640 -2.085941
v 2.112181 1.196130 -2.098551
v 2.114521 1.190620 -2.115811
v 2.112111 1.175180 -1.861421
v 2.086871 1.231690 -1.911811
v 2.101611 1.218930 -1.919751
v 2.122041 1.174840 -1.880491
v 1.858211 1.570570 -2.193481
v 1.826051 1.588320 -2.229621
v 1.869771 1.570300 -2.207891
v 1.900121 1.545690 -2.171451
v 1.797731 1.143890 -2.160771
v 1.833661 1.181810 -2.157121
v 1.830871 1.187350 -2.139851
v 1.789531 1.142960 -2.144051
v 1.935051 1.174830 -2.147561
v 1.933391 1.220550 -2.140161
v 1.935691 1.265600 -2.151631
v 1.933221 1.200050 -2.147921
v 1.866371 1.334970 -2.143471
v 1.868801 1.326540 -2.162171
v 1.900191 1.308080 -2.159161
v 1.932371 1.292390 -2.139191
v 1.947401 1.266450 -2.167061
v 1.931651 1.285530 -2.151801
v 1.909421 1.307220 -2.175701
v 1.938531 1.264950 -2.153121
v 1.942571 1.300100 -2.164811
v 2.033071 1.509600 -2.076601
v 1.990111 1.493210 -2.099781
v 2.216491 1.495790 -2.028571
v 2.256591 1.478200 -2.014841
v 2.244791 1.472790 -2.004021
v 2.171221 1.499310 -2.030131
v 1.810981 1.850960 -2.337501
v 1.887451 1.735930 -2.236021
v 1.875691 1.741900 -2.223971
v 1.801891 1.864090 -2.333731
v 1.947161 1.511350 -2.145981
v 1.935161 1.600430 -2.152281
v 1.950681 1.556390 -2.161601
v 1.950991 1.516290 -2.160191
v 2.116551 1.195900 -2.133201
v 2.172791 1.157410 -2.120531
v 1.997581 1.227600 -2.153231
v 1.992591 1.224640 -2.134401
v 2.375671 1.358420 -2.127021
v 2.364641 1.355300 -2.141121
v 2.394661 1.317410 -2.135891
v 2.401981 1.322090 -2.124781
v 2.151041 1.475060 -2.147101
v 2.189011 1.480380 -2.135151
v 2.121351 1.484360 -2.131421
v 2.111321 1.474610 -2.145141
v 2.049491 1.744230 -2.338641
v 2.001101 1.666640 -2.241091
v 1.985551 1.671580 -2.247561
v 2.041261 1.753850 -2.344981
v 1.976941 1.527460 -2.147441
v 1.961541 1.492940 -2.154331
v 1.965241 1.558890 -2.165501
v 1.987711 1.589320 -2.164891
v 1.898571 1.609230 -2.333451
v 1.911541 1.597900 -2.289261
v 1.895881 1.602840 -2.283131
v 1.872721 1.619150 -2.370081
v 1.946531 1.513240 -2.168991
v 1.955521 1.537680 -2.189011
v 1.961281 1.485840 -2.162031
v 1.950191 1.489320 -2.161121
v 1.754121 1.442800 -2.087811
v 1.706811 1.451300 -2.092971
v 1.803691 1.436650 -2.117581
v 1.799521 1.431140 -2.098941
v 1.938141 1.411450 -2.136901
v 1.939841 1.438430 -2.138351
v 1.937961 1.373020 -2.134501
v 1.938711 1.352000 -2.145221
v 1.939641 1.300800 -2.146361
v 2.115611 1.689670 -2.269161
v 2.079001 1.669020 -2.241211
v 2.067551 1.675250 -2.253501
v 2.106581 1.696410 -2.282411
v 2.001021 1.577990 -2.164151
v 1.972801 1.514290 -2.164601
v 1.992641 1.577010 -2.178661
v 2.031191 1.828550 -2.031371
v 1.997201 1.744170 -2.079061
v 2.005311 1.739080 -2.096581
v 2.056801 1.863760 -2.021791
v 1.931111 1.609730 -2.155101
v 1.906331 1.666300 -2.144231
v 1.932781 1.606220 -2.136511
v 1.974501 1.150800 -2.117731
v 1.962741 0.754550 -2.127181
v 1.982711 0.541890 -2.140981
v 1.999391 0.541540 -2.152341
v 1.996061 0.614740 -2.134141
v 1.958481 1.344210 -2.166901
v 1.984001 1.396940 -2.161801
v 1.980651 1.411510 -2.160231
v 1.986891 1.410890 -2.146541
v 1.987091 1.390500 -2.144251
v 1.968281 1.210530 -2.041631
v 1.965041 1.225990 -1.973941
v 1.948521 1.218030 -1.983921
v 1.950681 1.206470 -2.034291
v 1.948231 1.198310 -1.869241
v 1.965851 1.203910 -1.866491
v 1.969071 1.116990 -1.741151
v 1.950801 1.111990 -1.741111
v 2.068521 1.294760 -2.238531
v 2.120751 1.290230 -2.278471
v 2.105811 1.292520 -2.242401
v 2.078431 1.291810 -2.224491
v 2.233331 1.223190 -2.342771
v 2.247861 1.223240 -2.331021
v 2.212851 1.252750 -2.299451
v 2.199261 1.251030 -2.313221
v 2.055921 1.348030 -2.186131
v 2.097721 1.366220 -2.182611
v 1.998981 1.326880 -2.148901
v 2.025671 1.333780 -2.175061
v 1.986931 1.293610 -2.160131
v 1.899881 1.424880 -1.950181
v 1.867491 1.372960 -1.858111
v 1.866941 1.396130 -1.906401
v 1.883111 1.419240 -1.952571
v 1.904801 1.433440 -2.058071
v 1.920751 1.428600 -2.050791
v 1.893961 1.440680 -2.034831
v 2.053501 1.611250 -2.019041
v 2.019331 1.586580 -2.054221
v 2.037641 1.586720 -2.064741
v 2.066571 1.607370 -2.033911
v 1.828821 1.780700 -2.074621
v 1.879831 1.711460 -2.107831
v 1.848531 1.756260 -2.111221
v 1.822571 1.790150 -2.091301
v 1.699981 1.730030 -2.202891
v 1.823671 1.667270 -2.177401
v 1.822021 1.673460 -2.160691
v 1.695301 1.740020 -2.193711
v 1.941501 1.540170 -2.169741
v 1.945801 1.506340 -2.150021
v 1.924301 1.570980 -2.156641
v 1.929801 1.572060 -2.172471
v 1.767381 1.561700 -2.322131
v 1.711021 1.559530 -2.389641
v 1.838721 1.567250 -2.284891
v 2.021441 1.416560 -2.112961
v 2.063991 1.440100 -2.060081
v 2.007961 1.421770 -2.100731
v 1.984601 1.389960 -2.131181
v 2.006021 1.382750 -2.058011
v 2.027611 1.396990 -1.999521
v 2.009861 1.389590 -2.001961
v 1.993591 1.378950 -2.045381
v 2.050831 1.371450 -1.904741
v 2.066941 1.376660 -1.908801
v 2.114711 1.296670 -1.803831
v 2.099071 1.292040 -1.797181
v 1.877301 1.671560 -1.852631
v 1.915851 1.576700 -1.984971
v 1.932461 1.582770 -1.982271
v 1.885941 1.683190 -1.847001
v 2.186621 1.823320 -1.947971
v 2.082491 1.728450 -2.038291
v 2.091881 1.734530 -2.052241
v 2.195341 1.834950 -1.953471
v 1.995631 1.596850 -2.114361
v 1.983451 1.598770 -2.102831
v 1.972421 1.558640 -2.113251
v 1.985251 1.556390 -2.124711
v 1.893741 1.527800 -2.075861
v 1.913421 1.512090 -2.104451
v 1.923751 1.510350 -2.089861
v 1.907411 1.523700 -2.066211
v 1.959841 1.485300 -2.114971
v 1.949381 1.480490 -2.120961
v 1.737301 1.613640 -2.303511
v 1.835021 1.550880 -2.222031
v 1.825051 1.557000 -2.209811
v 1.728231 1.623600 -2.298371
v 1.950921 1.416510 -2.155691
v 1.954541 1.366770 -2.153271
v 1.945351 1.367870 -2.147261
v 1.941851 1.415060 -2.149521
v 1.959261 1.440640 -2.504501
v 1.963071 1.481730 -2.380941
v 1.942911 1.489920 -2.383741
v 1.944811 1.448050 -2.510431
v 1.961201 1.495420 -2.246471
v 1.981041 1.500950 -2.242181
v 1.970771 0.686350 -2.198221
v 1.973401 0.613470 -2.201571
v 1.955691 0.615070 -2.199421
v 1.953941 0.688200 -2.196191
v 2.005651 0.614690 -2.143651
v 2.009811 0.614780 -2.158871
v 2.005681 0.687920 -2.155201
v 2.001881 0.687840 -2.140281
v 2.089551 1.357340 -2.198281
v 2.209491 1.312320 -2.236371
v 2.251921 1.268230 -2.248931
v 2.268751 1.268570 -2.235541
v 2.214471 1.325080 -2.220391
v 1.598401 1.276070 -2.209221
v 1.530931 1.228940 -2.244981
v 1.592791 1.291230 -2.227681
v 1.910861 1.565850 -2.102111
v 1.898441 1.560120 -2.114091
v 1.936661 1.501370 -2.126781
v 1.948041 1.500710 -2.116981
v 1.627521 1.693820 -2.017411
v 1.773051 1.643230 -2.069081
v 1.781831 1.650530 -2.054681
v 1.627631 1.703760 -2.007001
v 1.836771 1.454790 -2.378541
v 1.823581 1.440810 -2.363301
v 1.795061 1.426010 -2.405671
v 1.804771 1.438920 -2.424721
v 1.939011 1.418250 -2.230961
v 1.968141 1.373070 -2.185581
v 1.705901 1.321330 -2.008881
v 1.748701 1.356160 -2.038071
v 1.759861 1.349200 -2.019531
v 1.723011 1.318860 -1.995441
v 1.730071 1.398750 -2.269871
v 1.774361 1.430790 -2.252241
v 1.765911 1.424350 -2.234001
v 1.728571 1.396430 -2.249711
v 1.886171 1.441890 -2.199891
v 1.918001 1.426190 -2.186031
v 1.879321 1.437800 -2.184631
v 1.908641 1.274870 -2.234411
v 1.936371 1.257810 -2.206821
v 1.782211 1.227950 -2.370681
v 1.819041 1.262770 -2.334231
v 1.802961 1.255820 -2.319741
v 1.772281 1.225470 -2.351321
v 1.978571 1.684490 -2.105981
v 1.965881 1.618610 -2.126071
v 1.980171 1.653200 -2.131971
v 1.838361 1.656540 -2.110621
v 1.880191 1.620950 -2.129931
v 1.882111 1.619500 -2.108431
v 1.845901 1.649420 -2.092431
v 1.932191 1.550330 -2.132201
v 1.914941 1.579030 -2.146281
v 1.936511 1.521980 -2.155571
v 1.949811 1.489460 -2.139571
v 1.973361 1.828550 -1.980551
v 1.964561 1.744170 -2.038441
v 1.979701 1.739080 -2.050421
v 1.991891 1.863760 -1.960441
v 1.972921 1.580620 -2.112311
v 1.973241 1.653200 -2.093341
v 1.957821 1.618610 -2.094531
v 1.961151 1.542260 -2.106981
v 1.943391 1.485140 -2.138061
v 1.939601 1.511250 -2.141781
v 1.941171 1.507810 -2.153971
v 1.945621 1.469130 -2.150661
v 1.751221 1.079790 -1.913751
v 1.784301 1.156950 -1.961571
v 1.796761 1.147180 -1.947611
v 1.771631 1.086890 -1.910411
v 1.948131 1.364080 -2.154581
v 1.957821 1.360900 -2.160051
v 1.954891 1.397200 -2.172721
v 1.943761 1.401960 -2.165411
v 1.917481 1.487620 -2.272941
v 1.933431 1.481130 -2.278321
v 1.908581 1.531710 -2.400931
v 1.898401 1.541300 -2.401491
v 2.144361 1.261790 -1.920221
v 2.137261 1.260200 -1.900661
v 2.066591 1.317480 -1.976011
v 2.078411 1.313430 -1.989201
v 2.039071 1.326660 -2.033771
v 2.053791 1.330050 -2.043381
v 2.071821 1.431830 -2.074521
v 2.162561 1.390410 -2.002641
v 2.193971 1.349860 -1.976751
v 2.192361 1.350230 -1.956841
v 2.152871 1.402230 -1.990451
v 1.985511 1.499730 -2.143611
v 1.983741 1.500370 -2.130591
v 1.980081 1.458380 -2.134541
v 1.982361 1.459570 -2.147231
v 2.335021 1.205380 -2.006891
v 2.337921 1.210840 -1.986901
v 2.217021 1.297530 -2.029351
v 2.216761 1.291700 -2.046821
v 1.977231 1.589600 -1.998581
v 1.960501 1.583050 -1.997611
v 1.955521 1.617180 -1.871421
v 1.965371 1.625360 -1.868011
v 1.980401 1.528050 -2.105101
v 1.964431 1.500970 -2.120441
v 1.963431 1.540360 -2.084191
v 1.978351 1.569860 -2.046201
v 2.010841 1.229830 -2.116381
v 2.056771 1.264810 -2.038851
v 1.777851 1.596610 -2.230171
v 1.781601 1.599290 -2.248251
v 1.917411 1.331710 -1.762961
v 1.912481 1.349760 -1.802811
v 1.929021 1.361240 -1.800091
v 1.939851 1.318120 -1.719131
v 1.971411 1.301110 -2.118151
v 1.972281 1.324980 -2.115831
v 1.977801 1.300830 -2.165211
v 2.009161 1.275930 -2.201501
v 2.163831 1.582640 -2.137511
v 2.167671 1.585300 -2.119451
v 2.020881 1.708360 -2.144121
v 2.044611 1.763050 -2.123941
v 2.012291 1.709700 -2.124571
v 1.989811 1.644910 -2.146011
v 1.967411 1.564050 -2.148161
v 1.960781 1.567020 -2.130421
v 1.974331 1.515330 -2.132121
v 1.980371 1.520920 -2.148311
v 1.880391 1.153070 -2.451361
v 1.874741 1.113480 -2.484731
v 1.890481 1.129940 -2.495461
v 1.895871 1.162820 -2.468781
v 2.165571 1.258590 -1.923301
v 2.190431 1.223650 -1.897781
v 2.173021 1.222740 -1.892681
v 1.983441 1.515960 -2.220451
v 1.991721 1.490570 -2.200151
v 2.019211 1.553620 -2.253381
v 2.003581 1.559130 -2.259401
v 1.978481 1.333460 -2.155681
v 1.986311 1.436310 -2.158271
v 1.970831 1.397040 -2.162801
v 1.969531 1.334040 -2.163841
v 1.808921 1.510040 -2.123581
v 1.807751 1.503800 -2.140331
v 1.761711 1.523610 -2.141641
v 1.760391 1.530310 -2.125661
v 1.948561 1.347050 -2.147841
v 1.944171 1.378210 -2.149351
v 1.941891 1.377060 -2.137031
v 1.950271 1.329610 -2.134641
v 1.906971 1.204080 -2.422161
v 1.889561 1.197670 -2.409021
v 1.932281 1.238600 -2.333151
v 1.923081 1.238980 -2.300171
v 1.901281 1.225740 -2.364321
v 1.922271 1.230820 -2.368041
v 2.122051 1.394340 -2.408181
v 2.138761 1.394390 -2.403401
v 2.120461 1.421550 -2.364071
v 2.103821 1.419950 -2.370921
v 2.065151 1.453380 -2.302281
v 2.065591 1.446320 -2.342121
v 2.091471 1.421910 -2.386441
v 1.929711 0.687920 -2.166251
v 1.929871 0.614780 -2.169131
v 1.930901 0.614690 -2.153241
v 1.930931 0.687840 -2.150611
v 2.239851 1.219700 -2.200161
v 2.250491 1.217620 -2.184731
v 2.220711 1.269700 -2.179011
v 2.214131 1.264610 -2.194161
v 2.148261 1.334150 -2.181581
v 2.159551 1.334080 -2.167241
v 1.810581 1.157220 -1.938651
v 1.762391 1.032000 -1.867341
v 1.675761 1.598880 -2.112901
v 1.662621 1.610370 -2.131131
v 1.715401 1.599530 -2.136451
v 1.724161 1.589520 -2.117201
v 1.851421 1.522660 -2.127031
v 1.795841 1.557010 -2.141491
v 1.873861 1.502220 -2.148381
v 1.840101 1.518020 -2.050341
v 1.855431 1.514620 -2.037791
v 1.885271 1.495470 -2.067741
v 1.874121 1.495000 -2.085671
v 1.949421 1.384910 -2.139911
v 1.945171 1.412120 -2.137241
v 1.952151 1.411560 -2.126851
v 1.957871 1.369810 -2.129061
v 2.099171 1.577520 -2.254351
v 2.069411 1.567800 -2.252861
v 2.156341 1.568060 -2.324781
v 2.205301 1.569260 -2.345661
v 2.011451 1.526530 -2.199661
v 2.044711 1.556330 -2.203561
v 1.992241 1.506300 -2.162751
v 1.995981 1.502540 -2.184321
v 1.929971 1.225980 -1.976521
v 1.947921 1.219800 -1.939811
v 1.930151 1.226570 -1.938651
v 1.991451 1.627960 -1.996771
v 1.973561 1.604940 -2.042441
v 1.994511 1.605410 -2.045081
v 2.009251 1.624560 -2.005451
v 1.975481 1.553150 -2.106601
v 1.959141 1.553630 -2.102921
v 1.955091 1.527560 -2.115321
v 1.969841 1.499660 -2.128001
v 1.955391 1.292490 -2.114841
v 1.961181 1.203270 -2.116471
v 1.932571 1.338810 -2.030571
v 1.915251 1.368500 -1.918181
v 1.904301 1.361810 -1.974931
v 1.915431 1.343450 -2.040321
v 2.032501 1.388780 -2.160661
v 2.033301 1.393110 -2.144351
v 1.533371 1.399770 -2.028501
v 1.532981 1.396810 -2.042881
v 1.573541 1.417960 -2.049161
v 1.575521 1.421360 -2.031731
v 1.711391 1.447450 -2.077541
v 1.897931 1.220630 -2.168561
v 1.931391 1.200020 -2.148231
v 1.893641 1.215380 -2.151321
v 1.897251 1.411120 -2.339641
v 1.893561 1.406580 -2.302061
v 1.841881 1.405130 -2.407301
v 1.858021 1.408000 -2.417871
v 1.890271 1.401960 -2.264651
v 1.905921 1.399350 -2.271761
v 1.901521 1.389330 -2.232521
v 1.977681 1.516030 -2.035071
v 1.989001 1.543010 -1.928781
v 1.967121 1.536920 -1.975921
v 1.961381 1.520370 -2.037971
v 1.902831 1.537060 -2.030151
v 1.869361 1.529470 -1.979981
v 1.872541 1.532250 -2.014621
v 1.889611 1.531400 -2.039531
v 1.795261 1.484660 -1.935971
v 1.821021 1.516700 -1.976081
v 1.837311 1.510260 -1.964301
v 1.814761 1.482340 -1.930651
v 2.114821 1.319410 -2.065671
v 2.111321 1.311420 -2.084911
v 2.151801 1.313180 -2.069821
v 2.149711 1.320070 -2.053371
v 1.971281 1.758830 -2.278331
v 1.977131 1.728790 -2.229661
v 1.956201 1.728980 -2.232421
v 1.951861 1.754130 -2.274481
v 1.959171 1.664750 -2.168091
v 1.975921 1.665660 -2.167521
v 1.976721 1.635470 -2.154521
v 1.959561 1.634260 -2.155491
v 2.262841 1.033340 -2.084561
v 2.266911 1.031060 -2.064821
v 2.234701 1.087660 -2.071751
v 2.234561 1.082170 -2.089481
v 2.136161 1.101190 -1.822461
v 2.144521 1.094380 -1.836551
v 2.149441 1.056430 -1.827271
v 2.144691 1.028610 -1.812921
v 1.996641 1.396970 -1.988961
v 2.025211 1.391210 -1.964391
v 2.010411 1.397520 -1.956951
v 2.048931 1.444660 -2.151941
v 2.115781 1.480600 -2.175751
v 2.106841 1.477380 -2.193431
v 2.042851 1.443770 -2.170671
v 1.987201 1.413250 -2.165741
v 1.984181 1.375940 -2.150341
v 1.995751 1.408300 -2.154661
v 2.158431 1.582390 -2.100041
v 2.113541 1.561740 -2.110371
v 2.115681 1.567970 -2.127031
v 2.162851 1.589130 -2.115461
v 1.998931 1.469730 -2.135311
v 1.986751 1.430030 -2.139391
v 1.997341 1.474120 -2.149421
v 2.028281 1.499830 -2.146901
v 1.732291 1.008010 -2.169281
v 1.720701 0.956970 -2.191221
v 1.747851 1.065780 -2.183311
v 1.748811 1.060410 -2.166261
v 2.150171 1.700850 -2.295261
v 2.205241 1.706720 -2.335031
v 2.213901 1.705890 -2.326831
v 2.129751 1.694760 -2.257361
v 2.019961 1.211590 -2.136911
v 2.032541 1.221810 -2.116641
v 1.991801 1.200010 -2.125181
v 1.995031 1.199110 -2.139021
v 2.285701 1.426440 -2.147631
v 2.294211 1.433620 -2.133231
v 2.220621 1.472400 -2.135521
v 2.214111 1.464460 -2.149211
v 1.976761 1.324830 -2.185111
v 1.972271 1.291290 -2.173941
v 1.958111 1.299620 -2.173581
v 1.983081 1.292780 -2.163881
v 1.986181 1.313700 -2.180521
v 1.986491 1.310520 -2.161161
v 1.927961 1.537450 -2.028461
v 1.942681 1.479450 -2.077651
v 1.946541 1.535740 -2.032931
v 1.969531 1.407290 -2.115191
v 1.956671 1.404640 -2.115391
v 1.961731 1.360990 -2.124921
v 1.973361 1.357010 -2.126221
v 1.945811 1.348730 -2.160881
v 1.942871 1.300830 -2.154611
v 1.967871 1.394090 -2.136541
v 1.979981 1.397470 -2.142811
v 1.983771 1.335530 -2.130331
v 2.001531 1.541390 -2.059011
v 1.983201 1.481520 -2.100841
v 1.969111 1.505930 -2.084071
v 1.983051 1.546770 -2.054291
v 1.875751 1.675360 -1.963691
v 1.896181 1.655560 -2.004981
v 1.911881 1.661800 -1.999041
v 1.889721 1.682070 -1.955811
v 1.856351 1.685880 -1.924981
v 1.824611 1.690870 -1.864911
v 1.813231 1.689970 -1.868431
v 1.857841 1.680250 -1.967991
v 1.675871 1.332290 -2.208621
v 1.684151 1.319190 -2.187571
v 1.637031 1.299840 -2.198771
v 1.623951 1.311360 -2.220091
v 1.904381 1.528920 -2.172171
v 1.859501 1.558820 -2.218591
v 2.221021 1.546540 -2.378581
v 2.193071 1.560700 -2.355321
v 2.211491 1.546050 -2.389421
v 2.096421 1.569990 -2.297031
v 2.152471 1.568430 -2.344891
v 1.903301 1.435740 -2.009561
v 1.912261 1.434820 -1.983621
v 1.975921 1.642450 -2.344851
v 1.972891 1.629140 -2.298891
v 1.956121 1.635460 -2.298441
v 1.960021 1.648930 -2.346891
v 1.979011 1.647830 -2.388041
v 1.985291 1.646060 -2.455691
v 1.997151 1.644650 -2.456771
v 1.994141 1.645710 -2.347821
v 2.108691 1.240800 -2.474821
v 2.138841 1.172100 -2.533131
v 2.120751 1.239790 -2.464501
v 1.975161 1.418970 -2.557621
v 1.982031 1.479100 -2.385011
v 1.811491 1.668540 -1.921681
v 1.879621 1.616990 -2.028021
v 1.894611 1.622140 -2.020381
v 1.818391 1.676860 -1.913841
v 1.901151 1.594450 -2.062791
v 1.925931 1.559640 -2.101221
v 1.919641 1.594960 -2.060861
v 2.083381 1.647700 -2.363121
v 2.076551 1.659570 -2.370001
v 1.931901 1.567100 -2.108621
v 1.958551 1.504640 -2.119951
v 1.945851 1.566180 -2.099341
v 1.937731 1.591120 -2.084341
v 1.898221 1.630230 -2.056391
v 1.922071 1.592290 -2.093141
v 1.974271 1.487660 -2.184941
v 2.019561 1.548100 -2.230321
v 1.979621 1.560470 -2.189511
v 1.959961 1.507600 -2.168961
v 1.963181 1.560050 -2.192701
v 1.964921 1.580480 -2.209661
v 1.988071 1.610420 -2.251041
v 1.982771 1.580930 -2.207571
v 2.097791 1.623630 -2.000051
v 2.087381 1.627660 -1.984831
v 1.879971 1.609940 -2.445861
v 1.914641 1.613110 -2.342501
v 1.886591 1.613370 -2.375071
v 1.869201 1.610620 -2.440741
v 2.200901 1.492220 -1.998951
v 2.100641 1.514590 -2.038921
v 2.133261 1.507400 -2.044261
v 2.311581 1.194580 -2.251721
v 2.299341 1.187770 -2.262611
v 2.309401 1.149820 -2.265681
v 2.322571 1.122000 -2.258271
v 1.717021 1.311420 -2.542291
v 1.757461 1.389380 -2.489151
v 1.728541 1.343630 -2.507191
v 2.047211 1.318580 -2.336371
v 2.065851 1.321520 -2.337541
v 2.091851 1.290770 -2.408291
v 2.076881 1.298340 -2.411491
v 1.645791 1.534550 -2.417011
v 1.650151 1.537000 -2.430991
v 1.702831 1.554600 -2.375061
v 1.930871 1.693560 -2.216281
v 1.911841 1.692970 -2.207041
v 1.902011 1.744560 -2.249431
v 2.000081 1.418090 -2.172281
v 1.978221 1.399020 -2.169501
v 1.843041 1.451160 -2.182251
v 1.787411 1.443560 -2.205531
v 1.822021 1.446340 -2.209011
v 1.849731 1.445490 -2.197011
v 1.962901 0.685790 -2.120971
v 1.937781 0.687890 -2.138911
v 1.938021 0.614740 -2.141591
v 1.964291 0.612930 -2.124141
v 1.744991 1.189070 -2.381321
v 1.753001 1.189380 -2.400201
v 1.736441 1.153820 -2.418691
v 1.725741 1.151230 -2.404661
v 1.705451 1.086930 -2.435281
v 1.713991 1.086110 -2.444751
v 1.688351 1.282450 -1.974381
v 1.671341 1.282770 -1.985841
v 1.650041 1.247210 -1.973111
v 1.661761 1.244620 -1.959931
v 1.627841 1.180320 -1.945861
v 1.620171 1.179500 -1.956041
v 2.092661 1.672320 -2.233641
v 2.102241 1.667240 -2.219791
v 2.223881 1.745160 -2.284641
v 2.221991 1.754870 -2.294921
v 1.920171 1.576130 -2.126031
v 1.980741 1.304980 -2.197661
v 1.975451 1.291750 -2.180851
v 1.970581 1.319290 -2.222141
v 1.982061 1.556120 -1.882771
v 2.012401 1.541430 -1.795421
v 2.029061 1.549470 -1.796801
v 2.048831 1.516540 -1.691781
v 2.048401 1.502080 -1.650991
v 1.989801 0.615070 -2.195291
v 1.986291 0.688200 -2.191761
v 1.997211 0.687930 -2.182291
v 2.001141 0.614780 -2.186021
v 1.980771 0.756530 -2.181961
v 1.951461 1.031480 -1.664001
v 1.951591 1.072330 -1.698311
v 1.969421 1.072630 -1.694631
v 1.964221 1.033320 -1.660001
v 2.216361 1.311330 -1.958061
v 2.228801 1.275840 -1.947621
v 2.226761 1.282140 -1.932481
v 2.213081 1.315290 -1.941041
v 2.258101 1.194260 -2.367881
v 2.286051 1.145090 -2.404531
v 2.271761 1.196070 -2.356681
v 1.885401 1.079810 -2.524121
v 1.872801 1.069700 -2.512711
v 1.873911 1.020170 -2.533611
v 2.149861 1.490700 -2.209861
v 2.160171 1.493960 -2.194551
v 2.190401 1.496070 -2.225111
v 2.260421 1.492900 -2.237341
v 2.254481 1.494310 -2.247661
v 1.845041 1.345810 -1.843031
v 1.854171 1.371480 -1.869301
v 1.856621 1.350010 -1.833901
v 1.933431 1.452980 -2.139301
v 1.933211 1.459100 -2.151341
v 1.943181 1.463750 -2.141191
v 1.942631 1.433740 -2.140791
v 2.111091 1.566630 -2.090741
v 2.158381 1.587490 -2.081631
v 2.200581 1.593570 -2.090121
v 2.266361 1.599440 -2.073131
v 2.265571 1.598610 -2.061231
v 1.792981 1.448850 -1.900361
v 1.774281 1.449180 -1.904031
v 1.775661 1.414050 -1.878581
v 1.752001 1.354900 -1.854461
v 1.741671 1.354130 -1.860441
v 1.947561 1.773930 -2.320331
v 1.965061 1.778820 -2.326091
v 1.943731 1.784450 -2.363471
v 1.939171 1.789440 -2.431251
v 1.950711 1.788540 -2.434241
v 1.694681 1.362940 -2.265311
v 1.694711 1.363270 -2.284371
v 1.669991 1.328140 -2.278161
v 1.641811 1.268990 -2.296791
v 1.645701 1.268230 -2.308061
v 1.806291 1.508510 -2.160071
v 1.758131 1.528490 -2.159711
v 1.718431 1.534120 -2.143091
v 1.649041 1.538220 -2.158651
v 1.650601 1.539110 -2.146831
v 1.822631 1.528680 -2.005451
v 1.807051 1.532130 -2.015341
v 1.791641 1.534640 -1.975211
v 1.732421 1.532300 -1.935871
v 1.742011 1.533650 -1.928811
v 1.903231 1.390250 -2.123981
v 1.901091 1.395260 -2.140361
v 2.024931 1.638620 -1.962141
v 2.009451 1.642070 -1.952111
v 2.039471 1.644580 -1.921351
v 2.060891 1.643590 -1.856881
v 2.050461 1.642240 -1.851121
v 1.960091 1.684490 -2.070871
v 2.002121 1.635040 -2.195561
v 1.970421 1.587030 -2.176151
v 1.986521 1.634520 -2.209771
v 1.933341 1.374480 -1.907401
v 1.928931 1.374840 -1.857001
v 1.912061 1.367180 -1.863531
v 1.896381 1.374450 -1.913031
v 1.983041 1.386660 -2.131341
v 1.978541 1.463200 -2.118311
v 2.127341 1.217980 -1.732121
v 2.115121 1.255560 -1.761211
v 2.131731 1.255850 -1.764551
v 2.139781 1.219690 -1.733341
v 2.406051 1.124870 -1.982051
v 2.408271 1.127790 -1.967391
v 2.379351 1.166470 -1.974551
v 2.374511 1.165720 -1.993471
v 1.731481 0.990340 -1.876481
v 1.753781 1.033230 -1.883321
v 1.743881 0.988010 -1.868001
v 2.134001 1.367720 -2.438351
v 2.144491 1.322500 -2.479431
v 2.149791 1.369390 -2.433741
v 1.959041 1.687400 -2.103941
v 1.946581 1.620560 -2.125361
v 2.143741 1.797220 -1.963021
v 2.202101 1.837280 -1.917041
v 1.741801 1.712530 -2.211281
v 1.673921 1.737190 -2.221791
v 1.932701 1.517390 -2.366521
v 1.915701 1.536040 -2.432321
v 1.994271 1.206150 -2.153281
v 2.020241 1.216570 -2.154911
v 1.939901 1.512820 -2.085391
v 2.065801 1.464860 -2.145171
v 1.760501 1.375620 -2.553891
v 1.770641 1.378220 -2.565891
v 1.813971 1.402710 -2.498681
v 1.799761 1.397410 -2.487691
v 1.963131 1.242180 -2.238141
v 1.980351 1.214450 -2.202081
v 1.959601 1.214890 -2.207011
v 1.945721 1.233580 -2.235981
v 1.916191 1.247290 -2.266651
v 1.882081 1.231830 -2.356131
v 1.933151 1.241580 -2.268841
v 1.873051 1.645460 -1.897881
v 1.855661 1.685530 -1.825641
v 2.007381 1.554440 -2.101151
v 1.981311 1.446710 -2.145771
v 1.982871 1.511890 -2.139721
v 1.975881 1.483410 -2.133261
v 1.976981 1.444700 -2.135811
v 2.283191 0.984380 -2.082811
v 2.271111 1.031050 -2.100991
v 2.289661 0.985520 -2.099711
v 1.943371 1.601200 -2.141831
v 1.944021 1.669250 -2.161391
v 1.958461 1.603210 -2.149261
v 1.974481 1.504930 -2.123401
v 1.976901 1.447120 -2.131941
v 1.966941 1.461070 -2.124721
v 1.632021 1.600610 -2.107911
v 1.627241 1.611280 -2.126141
v 1.927441 1.459600 -2.226891
v 1.950521 1.421100 -2.194381
v 1.941981 1.458000 -2.238771
v 1.818651 1.654170 -1.963711
v 1.784521 1.674400 -1.904191
v 1.992931 1.527690 -2.143941
v 2.025331 1.589500 -2.158181
v 2.000101 1.559150 -2.165971
v 1.971841 1.493040 -2.154031
v 1.971461 1.445690 -2.158901
v 1.974701 1.488270 -2.141191
v 2.006361 1.523990 -2.158911
v 2.048011 1.551470 -2.158341
v 1.995831 1.195170 -2.139281
v 1.989091 1.222480 -2.129311
v 2.194491 1.723740 -2.250021
v 2.258251 1.756600 -2.287961
v 1.535401 1.219310 -2.232051
v 1.820971 1.620200 -2.086831
v 1.876761 1.583660 -2.106711
v 1.837781 1.622670 -2.075461
v 1.937621 1.632220 -2.176711
v 1.980701 1.574090 -2.090361
v 2.112191 1.828190 -2.137791
v 2.168741 1.873940 -2.119781
v 2.077311 1.805010 -2.123371
v 2.079081 1.795350 -2.140781
v 1.997021 1.578320 -2.024221
v 2.033611 1.626990 -1.939631
v 2.025081 1.596370 -1.998831
v 2.013241 1.572520 -2.030241
v 1.957771 1.289380 -2.114571
v 1.952601 1.315390 -2.102991
v 1.961781 1.313890 -2.111601
v 1.966641 1.172060 -2.172631
v 1.943481 1.214640 -2.198291
v 1.966551 1.171560 -2.170531
v 2.161641 1.274230 -2.283981
v 2.148891 1.279660 -2.300451
v 2.193601 1.253110 -2.333811
v 1.941071 1.582140 -2.111161
v 1.940291 1.620560 -2.102601
v 1.867541 1.523440 -2.196461
v 1.904101 1.481060 -2.168071
v 1.862981 1.523860 -2.180141
v 2.092541 1.673910 -2.226791
v 1.993401 1.795630 -2.050901
v 2.013741 1.837350 -2.026421
v 2.257701 1.174650 -2.205981
v 2.257101 1.175720 -2.222821
v 1.966181 1.367100 -2.074841
v 1.982951 1.363030 -2.077191
v 1.971221 1.324270 -2.119221
v 2.178311 1.351740 -2.208981
v 2.146991 1.354310 -2.217661
v 2.172741 1.341880 -2.225461
v 2.164321 1.635640 -1.907541
v 2.126991 1.632270 -1.968071
v 2.171691 1.636370 -1.916911
v 1.961501 1.454670 -2.167451
v 1.962381 1.486620 -2.171311
v 1.969451 1.478910 -2.175431
v 1.950691 1.463490 -2.165071
v 2.018711 1.635310 -2.115541
v 2.051741 1.687490 -2.086201
v 2.009491 1.631210 -2.101381
v 1.884481 1.523620 -2.206401
v 1.938331 1.456280 -2.163761
v 1.812551 1.276660 -2.282251
v 1.848501 1.279730 -2.270901
v 1.871131 1.278800 -2.247121
v 1.949751 1.540040 -2.136991
v 1.941251 1.576740 -2.157121
v 1.966291 1.468770 -2.191221
v 1.959391 1.483550 -2.075201
v 1.939561 1.322850 -2.163551
v 1.877371 1.713960 -2.130111
v 1.909371 1.661860 -2.125491
v 1.721461 0.905950 -2.176341
v 1.715381 0.904890 -2.161851
v 1.721091 0.854370 -2.169571
v 1.677731 1.599570 -2.278641
v 1.680961 1.598410 -2.290101
v 1.863851 1.639830 -2.169761
v 1.908611 1.597450 -2.160401
v 1.868791 1.640360 -2.151811
v 2.274991 1.583360 -2.133351
v 2.276631 1.582290 -2.121541
v 1.954901 1.498200 -2.078881
v 1.968561 1.477530 -2.099461
v 1.972641 1.496560 -2.076321
v 2.123401 1.319480 -2.096591
v 2.065321 1.299860 -2.103471
v 2.061611 1.304100 -2.121821
v 2.001491 1.265020 -2.111811
v 1.978491 1.509470 -2.151011
v 1.972251 1.467000 -2.163631
v 1.951291 1.501210 -2.163251
v 1.981661 1.378340 -2.165511
v 1.912661 1.230090 -2.127411
v 1.968701 1.633050 -2.211231
v 1.980541 1.516370 -2.131411
v 1.965521 1.510710 -2.124971
v 1.757371 1.704630 -2.076661
v 1.722531 1.727750 -2.046521
v 1.687521 1.741400 -2.049121
v 2.204281 1.149320 -1.864001
v 2.191351 1.185950 -1.875761
v 2.206501 1.190140 -1.879621
v 2.223501 1.120470 -1.860721
v 1.934611 1.425950 -2.188651
v 1.960351 1.514390 -2.125381
v 1.941051 1.563410 -2.093771
v 1.950421 1.511520 -2.129291
v 1.965011 1.446740 -2.127191
v 1.963391 1.482780 -2.128871
v 1.952851 1.484810 -2.131851
v 1.892431 1.559910 -2.129411
v 1.933791 1.495640 -2.140921
v 1.947971 1.499690 -2.129681
v 1.961481 1.458050 -2.119521
v 1.886111 1.589460 -2.092541
v 1.958201 1.689690 -2.185121
v 1.920641 1.464150 -2.099211
v 2.304581 1.425200 -1.988351
v 2.320211 1.403260 -1.976441
v 2.270771 1.451340 -1.982331
v 2.277671 1.450210 -1.994991
v 1.973071 1.503120 -2.164231
v 1.960171 1.466340 -2.167831
v 1.778481 1.596240 -2.288711
v 1.723721 1.620810 -2.331381
v 1.929851 1.601870 -2.296811
v 1.802991 1.871520 -2.371661
v 1.848171 1.816040 -2.314731
v 2.041341 1.263950 -2.030221
v 2.046011 1.273640 -1.988511
v 1.960821 0.988950 -1.633861
v 1.950801 0.994130 -1.639641
v 2.076831 1.619640 -2.320181
v 2.111791 1.663830 -2.383831
v 2.071041 1.897090 -1.974871
v 2.058161 1.899500 -1.974121
v 1.983421 1.897100 -1.912141
v 1.971591 1.899500 -1.917291
v 1.955561 1.837350 -1.984011
v 2.072701 1.755710 -2.355301
v 2.048581 1.721800 -2.299881
v 1.743981 1.065740 -2.149251
v 1.724971 1.005090 -2.151411
v 1.980381 1.501220 -2.289251
v 1.962871 1.491850 -2.339691
v 1.666691 1.449180 -2.083321
v 1.667361 1.444270 -2.067411
v 1.618871 1.433880 -2.057221
v 1.568551 1.422080 -2.065091
v 1.941341 1.505300 -2.288461
v 1.944431 1.498080 -2.345921
v 1.833871 1.334290 -2.165691
v 1.831401 1.339970 -2.146211
v 1.736551 1.338280 -2.156911
v 1.936651 1.378090 -2.149001
v 1.939701 1.370150 -2.134931
v 2.295011 0.936930 -2.083551
v 2.301041 0.937780 -2.097091
v 2.310511 0.836890 -2.091351
v 1.954501 1.635080 -2.188731
v 1.945751 1.597190 -2.167201
v 2.131381 1.367020 -2.194921
v 2.120871 1.359060 -2.209271
v 2.125551 1.426760 -2.012161
v 2.116151 1.429050 -2.040681
v 2.135341 1.417610 -2.025051
v 1.888581 1.449680 -2.301871
v 1.890421 1.441290 -2.268441
v 1.851911 1.447660 -2.321721
v 1.870011 1.456900 -2.330451
v 2.150741 1.155990 -1.701441
v 2.135541 1.183630 -1.711251
v 1.664611 1.678510 -2.048041
v 1.588751 1.697560 -2.017571
v 1.939611 1.171410 -2.100201
v 1.948101 1.149500 -2.124391
v 1.960981 1.142430 -2.118011
v 1.953541 1.189150 -2.070631
v 1.766941 1.576350 -2.139521
v 1.769891 1.574310 -2.120661
v 1.930861 1.309470 -2.099021
v 1.947121 1.304390 -2.092211
v 1.858091 1.479720 -2.122661
v 1.897221 1.439370 -2.135741
v 1.850031 1.478660 -2.139511
v 1.768771 1.839020 -2.046571
v 1.770271 1.835550 -2.034201
v 1.950671 1.482150 -2.161471
v 1.947081 1.508320 -2.165061
v 1.984121 1.217680 -2.120691
v 2.267451 1.131010 -2.210861
v 2.267701 1.131800 -2.224691
v 2.278271 1.038660 -2.223211
v 1.975081 1.382830 -2.168801
v 1.899321 1.335580 -1.758271
v 1.894221 1.356690 -1.803971
v 2.006231 1.542000 -1.758431
v 1.872551 1.639810 -2.188991
v 1.913241 1.598860 -2.177751
v 2.034541 1.448850 -2.185701
v 1.985301 1.368350 -2.151971
v 1.618211 1.436660 -2.039281
v 1.673931 1.448910 -2.052231
v 1.940441 1.606120 -1.911231
v 1.941161 1.618250 -1.842711
v 1.967251 0.540460 -2.137891
v 2.045621 1.643000 -2.215261
v 2.006571 1.602540 -2.188501
v 2.028751 1.643890 -2.223281
v 2.054371 1.642860 -2.196031
v 2.016691 1.603800 -2.173671
v 1.914581 1.630420 -2.043041
v 1.933261 1.631470 -2.043331
v 1.877631 1.660260 -2.011891
v 1.770281 1.404930 -2.442261
v 1.748241 1.378070 -2.476531
v 1.783931 1.421040 -2.453981
v 1.777941 1.370060 -2.055661
v 1.816491 1.373110 -2.054911
v 1.790261 1.366390 -2.038711
v 2.090671 1.440830 -2.040731
v 2.096311 1.433420 -2.056281
v 1.933501 0.687860 -2.180741
v 1.940051 0.756270 -2.173371
v 1.937111 0.756310 -2.162211
v 1.834851 1.376010 -2.087551
v 1.844151 1.372190 -2.072601
v 1.972341 1.338820 -2.158681
v 1.978851 1.336780 -2.148911
v 1.941571 1.487510 -2.153211
v 1.927791 1.515780 -2.165941
v 1.950791 1.389960 -2.118961
v 1.925581 1.437790 -2.020021
v 1.970471 1.610760 -2.256681
v 1.953351 1.613150 -2.249341
v 1.958711 1.439900 -2.129221
v 1.967161 1.315240 -2.155391
v 1.969621 1.361720 -2.160721
v 1.955571 1.316720 -2.155481
v 1.963731 1.391470 -2.118581
v 1.974391 1.390610 -2.122681
v 1.994551 1.470630 -2.121961
v 1.973591 1.361660 -2.131121
v 1.978381 1.363880 -2.140001
v 2.002871 1.320130 -2.211661
v 1.913531 1.533200 -2.147291
v 1.875571 1.562310 -2.164551
v 1.966101 1.388040 -2.123461
v 1.961781 1.414910 -2.120701
v 1.863811 1.368230 -2.107001
v 1.895631 1.351160 -2.127251
v 1.923821 1.581890 -2.248801
v 1.934801 1.554930 -2.202751
v 1.910191 1.583390 -2.236101
v 1.967131 1.456180 -2.116341
v 1.973581 1.478170 -2.115431
v 1.987481 1.498260 -2.082271
v 1.944081 1.406800 -2.121511
v 1.951401 1.356200 -2.131411
v 2.184501 1.312450 -2.041091
v 2.185221 1.305190 -2.058031
v 1.998211 1.366960 -2.082251
v 1.944891 1.582600 -2.250101
v 1.952281 1.556280 -2.206861
v 1.987731 1.562160 -2.177141
v 1.962021 1.329280 -2.127701
v 1.953081 1.394710 -2.135641
v 2.072261 1.535720 -2.119481
v 2.067571 1.536530 -2.137621
v 1.972101 1.563160 -2.150861
v 1.963021 1.563990 -2.136401
v 1.955911 1.542490 -2.150991
v 1.943651 1.563060 -2.136371
v 1.939021 1.539230 -2.149111
v 1.942811 1.369610 -2.136911
v 1.937151 1.417620 -2.139961
v 1.880591 1.437560 -1.998081
v 1.992951 0.687890 -2.130881
v 1.992681 1.632350 -2.299641
v 1.993551 1.555410 -2.089681
v 1.977601 1.508920 -2.129161
v 1.956261 1.494880 -2.126731
v 1.975351 1.457550 -2.125701
v 1.952381 1.403900 -2.597761
v 1.936071 1.364320 -2.681221
v 1.955951 1.383170 -2.639171
v 1.967231 1.403250 -2.600401
v 1.833971 1.212570 -2.001251
v 1.806241 1.196940 -1.992331
v 1.834001 1.229490 -2.031671
v 1.850061 1.225830 -2.022961
v 1.546021 1.596530 -2.111071
v 1.983691 1.215690 -2.163381
v 1.802831 1.443570 -2.238971
v 1.796171 1.440160 -2.220681
v 1.839481 1.529480 -2.001501
v 1.856161 1.526060 -1.991471
v 1.928701 1.415780 -2.150791
v 1.855321 1.478470 -2.159951
v 1.967251 1.442140 -2.130481
v 1.945241 1.480670 -2.141581
v 1.949231 1.442310 -2.140331
v 1.930321 1.218890 -1.900931
v 1.948131 1.211800 -1.903511
v 1.930221 1.203940 -1.865611
v 1.482771 1.132470 -2.257861
v 1.505111 1.188600 -2.252971
v 2.001721 0.541550 -2.174551
v 1.987581 0.541820 -2.190311
v 1.974881 0.540850 -2.194761
v 1.939071 1.459050 -2.125981
v 1.859351 1.532620 -2.112861
v 1.550201 1.589380 -2.098651
v 1.461421 1.550480 -2.083851
v 1.505331 1.579880 -2.100921
v 1.905061 1.317710 -1.728751
v 1.927811 1.290910 -1.701601
v 2.064971 1.570430 -2.222471
v 2.050621 1.561540 -2.236621
v 2.084701 1.509620 -2.066261
v 1.987111 1.491520 -2.156121
v 2.131421 1.287380 -2.260961
v 1.969851 1.488130 -2.145461
v 1.962351 1.445730 -2.162921
v 1.859741 1.018570 -2.535301
v 1.867901 0.963720 -2.550001
v 1.841871 1.276670 -2.308881
v 1.827591 1.273000 -2.293551
v 2.024121 1.390450 -1.925051
v 2.038431 1.383860 -1.933731
v 2.036731 1.376690 -1.895101
v 2.048041 1.689210 -2.067451
v 1.908471 1.546070 -2.187361
v 1.965731 1.218910 -1.900731
v 2.168831 1.874640 -2.131341
v 2.111561 1.836700 -2.152621
v 2.169871 1.882930 -2.141041
v 1.984621 1.200140 -2.185661
v 2.050151 1.458110 -2.277371
v 2.049661 1.456030 -2.313381
v 1.977261 1.149430 -2.120141
v 1.970751 1.193380 -2.069211
v 2.071161 1.306920 -2.375451
v 2.107061 1.295350 -2.403701
v 2.062671 1.635000 -2.198081
v 2.043981 1.629090 -1.944551
v 2.053291 1.637170 -1.947421
v 2.038221 1.605380 -2.005511
v 1.943891 1.486090 -2.191141
v 2.019801 1.460200 -2.260791
v 2.033401 1.457460 -2.252351
v 1.988331 1.316610 -2.221861
v 2.054511 1.390470 -1.937761
v 1.965321 1.448640 -2.096791
v 1.948451 1.795630 -2.015031
v 1.943121 1.744310 -2.047701
v 1.955191 1.556600 -2.147641
v 1.975511 1.598280 -2.146691
v 1.971111 1.553810 -2.143671
v 2.136511 1.132950 -1.852291
v 2.126111 1.137210 -1.836831
v 2.282361 1.226340 -2.257751
v 2.295561 1.230600 -2.244601
v 1.928801 1.234520 -2.091271
v 1.818561 1.190600 -1.979391
v 1.832601 1.197220 -1.969401
v 2.149681 1.169280 -2.526431
v 2.005091 1.548350 -1.835311
v 1.995991 1.547660 -1.887011
v 2.020211 1.556490 -1.841881
v 1.973561 1.434070 -2.168081
v 2.001091 1.468260 -2.173671
v 1.973901 1.744310 -2.077641
v 1.943341 0.756290 -2.141161
v 1.938071 0.756260 -2.150211
v 2.336991 1.400190 -2.130131
v 2.327141 1.392470 -2.145011
v 1.933231 1.207200 -2.133181
v 1.999021 1.486160 -2.107901
v 2.016931 1.547850 -2.065551
v 2.012181 1.249130 -2.158351
v 2.162081 1.223520 -1.878941
v 1.867401 1.687250 -1.824941
v 1.847311 1.712630 -1.767581
v 2.207641 1.839010 -1.927411
v 2.251381 1.864390 -1.885181
v 1.977661 1.487160 -2.135311
v 1.970081 1.455840 -2.128551
v 1.981171 1.459270 -2.135551
v 1.867571 1.215870 -2.136191
v 1.867871 1.207700 -2.153781
v 1.894051 1.220640 -2.133681
v 1.941691 0.541540 -2.158801
v 1.964331 1.309470 -2.088431
v 1.948951 1.343410 -2.030231
v 2.000881 1.402940 -2.136261
v 2.025941 1.414360 -2.128161
v 2.208821 1.124250 -2.112491
v 2.202501 1.122910 -2.096211
v 1.673811 1.739520 -2.210131
v 1.616561 1.754350 -2.225241
v 2.068221 1.219470 -2.144161
v 2.069771 1.212060 -2.125981
v 2.038581 1.217150 -2.133111
v 2.036961 1.221820 -2.151461
v 1.982821 1.442900 -2.208061
v 1.895981 1.548930 -2.486551
v 1.904961 1.538740 -2.427651
v 1.769901 1.104840 -2.163701
v 2.237481 1.275690 -1.959151
v 2.245201 1.211710 -1.945461
v 2.236301 1.240930 -1.941531
v 2.257261 1.510310 -2.420541
v 2.244881 1.528210 -2.398751
v 2.184561 1.302090 -2.188331
v 2.192951 1.303580 -2.173671
v 2.306341 1.780720 -2.323281
v 2.250611 1.758040 -2.296891
v 1.961491 1.566810 -2.038501
v 1.737841 0.946100 -1.858911
v 1.727451 0.913690 -1.859461
v 1.999851 1.551830 -1.789741
v 1.990451 1.557100 -1.833481
v 1.962201 1.454870 -2.125711
v 2.443741 1.057940 -1.961411
v 2.432221 1.083770 -1.959811
v 2.428351 1.087520 -1.973421
v 2.063911 1.219620 -2.110431
v 1.795361 1.676330 -1.899841
v 1.760551 1.690130 -1.850851
v 1.948661 1.485520 -2.153201
v 1.948421 1.444940 -2.137761
v 2.027011 1.536310 -2.124241
v 1.929531 1.241980 -2.233961
v 2.093921 1.314570 -1.997741
v 1.784281 1.581030 -2.107141
v 1.730911 1.597710 -2.102871
v 1.801851 1.557450 -2.122701
v 2.030611 1.547690 -2.218101
v 2.279731 1.144740 -2.415701
v 2.229451 1.223720 -2.362801
v 1.680711 1.322670 -2.168391
v 1.629821 1.298650 -2.182141
v 1.529591 1.221410 -2.220221
v 2.150651 1.333860 -2.198441
v 2.211821 1.269530 -2.209651
v 1.897911 1.706630 -2.101271
v 1.937221 1.635100 -2.124851
v 1.818271 1.808750 -2.050491
v 1.952611 1.367070 -2.182251
v 1.943951 1.373250 -2.167521
v 1.837351 1.318840 -1.822081
v 1.823581 1.297160 -1.810751
v 1.831411 1.349280 -1.849331
v 1.871461 1.215850 -2.170981
v 1.945681 1.458240 -2.145591
v 1.952011 1.455250 -2.157631
v 1.908691 1.464690 -2.112631
v 1.973211 1.442870 -2.146471
v 2.432851 1.256800 -2.120641
v 2.424151 1.281380 -2.119561
v 2.415941 1.283050 -2.130331
v 1.970871 1.607720 -2.148081
v 1.964511 1.610620 -2.129471
v 2.117551 1.479370 -2.160631
v 2.182921 1.475030 -2.164441
v 2.213491 1.466930 -2.164911
v 2.283571 1.427740 -2.163411
v 1.933481 1.210600 -2.046581
v 1.935971 1.193530 -2.075351
v 2.116271 1.516980 -2.067271
v 1.893871 1.372280 -1.862341
v 1.942741 1.385480 -2.155021
v 2.050821 1.303970 -2.091971
v 2.032331 1.282540 -2.118031
v 2.025291 1.287020 -2.106691
v 1.974811 1.201230 -2.117421
v 2.048591 1.325880 -1.995081
v 2.134951 1.322190 -2.486731
v 2.111411 1.394870 -2.423871
v 1.596021 1.700840 -2.008161
v 1.529501 1.712060 -1.988901
v 1.947141 1.628670 -1.782731
v 1.856671 1.112380 -2.481761
v 1.868761 1.198320 -2.407681
v 1.779371 1.398610 -2.487161
v 1.736651 1.364120 -2.571811
v 1.957981 1.573210 -2.131661
v 1.985741 1.406220 -2.115371
v 1.969521 1.442870 -2.153531
v 1.676531 1.605210 -2.098481
v 1.551491 1.596400 -2.089121
v 1.508901 1.577690 -2.084841
v 1.948301 1.443010 -2.150871
v 1.870341 1.556380 -2.230381
v 1.974411 1.382820 -2.049571
v 1.733171 1.376860 -2.473811
v 1.777911 1.423840 -2.400641
v 1.716681 1.344360 -2.502981
v 1.702211 1.302630 -2.532371
v 2.166780 1.089290 -2.581901
v 2.084021 1.358200 -2.215081
v 2.117411 1.358910 -2.227321
v 2.163801 1.343690 -2.241291
v 1.754371 1.447320 -2.071071
v 1.807201 1.434240 -2.084011
v 1.910141 1.395050 -2.109041
v 1.953641 1.244880 -2.270911
v 2.107191 1.682200 -2.409211
v 2.100361 1.664990 -2.387101
v 2.135061 1.693590 -2.437031
v 1.685611 1.555740 -2.367141
v 1.619021 1.523970 -2.423461
v 1.933721 1.072880 -1.689881
v 1.931121 1.117250 -1.734431
v 2.013701 1.331600 -2.189451
v 1.943361 1.453330 -2.139171
v 1.957771 1.460750 -2.119191
v 1.999051 1.408620 -2.140691
v 1.894841 1.437760 -2.234151
v 1.841031 1.451800 -2.305221
v 2.286941 1.457870 -2.004101
v 2.190981 1.312240 -2.073071
v 2.157401 1.320000 -2.086611
v 1.941741 1.687400 -2.077871
v 2.204661 1.124480 -2.078201
v 2.049161 1.759220 -2.159701
v 1.956701 0.929850 -1.608921
v 1.944091 0.964420 -1.621741
v 2.056061 1.468730 -2.159611
v 2.004171 1.537710 -2.128691
v 1.941641 1.486360 -2.131671
v 2.108411 1.433270 -2.068371
v 2.142941 1.419280 -2.040171
v 2.081901 1.432630 -2.087541
v 1.941201 1.502860 -2.240491
v 2.068771 1.258350 -1.945131
v 2.083891 1.248490 -1.953741
v 1.981311 1.269000 -2.123441
v 1.982221 1.313880 -2.125941
v 1.998291 1.323480 -2.111241
v 1.965351 1.226620 -1.937341
v 2.116781 1.220530 -1.722621
v 2.084651 1.296930 -1.784321
v 1.969481 1.429200 -2.133811
v 1.981661 1.433630 -2.141281
v 2.411961 1.126560 -1.992461
v 2.380951 1.165840 -2.008531
v 1.870571 1.334950 -2.179901
v 1.836331 1.337550 -2.184951
v 1.989221 0.756330 -2.174591
v 1.980051 1.511690 -2.147181
v 2.001581 1.600390 -2.129941
v 2.151851 1.124330 -1.686881
v 2.126961 1.180030 -1.701131
v 1.505151 1.181160 -2.235511
v 1.909301 1.537890 -2.038341
v 1.896101 1.584320 -1.987821
v 2.031261 1.689640 -2.054631
v 2.071651 1.736070 -2.021531
v 1.898661 1.443960 -2.118951
v 1.919161 1.418880 -2.118791
v 1.944741 1.380010 -2.125501
v 2.057741 1.311620 -2.382471
v 1.953701 1.486400 -2.169931
v 1.939001 1.536540 -2.186221
v 2.041031 1.397570 -1.968631
v 1.689841 1.238740 -2.567181
v 1.928181 1.400690 -2.110031
v 1.825891 1.672470 -2.197021
v 1.846261 1.556250 -2.235421
v 1.808281 1.442890 -2.353431
v 2.168091 1.279440 -2.265061
v 2.017801 1.518920 -2.206001
v 2.037421 1.561810 -2.245321
v 2.215921 1.902350 -2.124041
v 1.963161 1.457700 -2.238891
v 1.952461 1.485350 -2.284481
v 2.285611 0.984690 -2.063311
v 2.303441 0.888000 -2.074911
v 2.297931 0.936130 -2.067631
v 1.958881 1.314570 -2.160911
v 1.973261 1.312030 -2.152901
v 1.856271 1.064840 -2.516251
v 1.932061 1.504520 -2.156201
v 2.032651 1.574270 -2.098181
v 2.044171 1.587670 -2.082211
v 2.006311 1.548520 -1.925111
v 1.991231 1.520360 -2.040321
v 2.004171 0.687860 -2.169951
v 1.494341 1.373040 -2.027431
v 1.915281 1.369240 -2.199361
v 1.844871 1.411610 -2.355241
v 1.834791 1.187320 -2.174581
v 1.793451 1.142940 -2.178701
v 1.969451 1.610300 -2.166101
v 2.016921 1.705200 -2.161111
v 1.967071 1.565700 -2.165461
v 1.945781 1.319010 -2.150271
v 1.947401 1.301220 -2.146011
v 1.963491 1.297160 -2.149251
v 1.940301 1.269130 -1.656981
v 1.815981 1.618700 -2.106691
v 1.868881 1.583520 -2.122751
v 1.982171 1.328150 -2.248461
v 2.039131 1.288950 -2.221351
v 1.966981 1.558560 -2.170871
v 1.965951 1.510540 -2.163671
v 2.008371 0.614710 -2.173631
v 2.222441 1.297220 -2.061941
v 2.338151 1.210200 -2.023541
v 2.068671 1.635410 -2.177841
v 2.114071 1.673560 -2.203701
v 2.266870 1.174940 -2.190171
v 2.277801 1.085950 -2.206421
v 2.275751 1.130250 -2.198261
v 1.693211 1.024110 -2.457411
v 1.603771 1.117510 -1.938061
v 1.760881 1.646260 -2.085401
v 2.001081 1.454870 -2.235671
v 1.965581 1.540730 -2.161841
v 1.940651 1.410930 -2.600011
v 1.950601 1.451430 -2.160171
v 1.961511 1.449640 -2.159721
v 2.067511 1.561100 -2.155621
v 1.886281 1.594460 -2.077771
v 1.862061 1.621290 -2.037071
v 1.986971 1.460090 -2.161151
v 1.979261 1.514720 -2.164041
v 1.981091 1.489580 -2.148021
v 1.851821 1.602610 -2.502781
v 1.949581 1.459240 -2.158231
v 1.961751 1.455770 -2.163201
v 1.727891 0.799670 -2.185971
v 1.723421 0.855550 -2.190951
v 2.098471 1.369270 -2.188961
v 2.053611 1.390970 -2.180861
v 2.024491 1.393140 -2.175801
v 2.327131 1.596250 -2.057861
v 2.255791 1.703530 -2.372051
v 2.036561 1.286970 -2.133181
v 2.214171 1.634370 -1.869461
v 1.953521 1.500720 -2.123071
v 1.945531 1.539510 -2.085791
v 1.954751 1.473510 -2.127901
v 1.587881 1.535360 -2.149871
v 1.795651 1.687120 -1.809201
v 1.934551 1.785680 -2.493901
v 1.876341 1.695550 -1.821431
v 1.733931 1.296710 -1.838761
v 1.622941 1.210810 -2.311521
v 2.214571 1.847300 -1.934061
v 2.340001 1.576590 -2.131281
v 2.230441 1.556610 -2.369501
v 1.756031 1.227810 -2.341261
v 1.728231 1.189230 -2.373071
v 1.698651 1.111770 -2.420281
v 1.710001 1.153730 -2.397161
v 1.729771 1.321190 -1.977571
v 1.693241 1.282620 -1.956351
v 1.641251 1.205160 -1.936321
v 1.666121 1.247120 -1.943051
v 1.951331 1.539210 -2.155121
v 1.974881 1.457690 -2.118661
v 1.954221 1.429690 -2.132291
v 2.088191 1.779020 -2.404631
v 2.061721 1.757060 -2.358991
v 2.053221 1.764000 -2.363961
v 1.619261 1.593700 -2.306641
v 1.970211 1.321140 -2.152911
v 1.975981 1.317040 -2.136111
v 2.170031 1.394920 -2.018701
v 2.211021 1.343150 -1.985901
v 1.945111 1.538810 -2.117501
v 1.926251 1.575280 -2.140211
v 1.907161 1.601930 -2.143611
v 1.978931 1.581450 -2.187961
v 1.994881 1.607100 -2.200641
v 2.078271 1.901690 -1.984051
v 1.994021 1.901690 -1.917071
v 1.941721 1.694280 -2.181641
v 1.940451 1.730040 -2.222361
v 1.988461 1.558120 -2.116891
v 1.995771 1.578940 -2.097841
v 2.007231 1.607640 -2.058691
v 1.947171 1.565080 -2.188491
v 1.948121 1.585360 -2.208881
v 1.852861 1.653780 -2.076731
v 1.722501 1.737540 -2.035741
v 1.632391 1.768220 -2.021941
v 1.693461 1.742190 -2.038711
v 1.695321 1.749130 -2.028921
v 1.962261 1.570690 -2.097081
v 1.953581 1.595720 -2.078641
v 1.957331 1.346950 -2.148041
v 1.948811 1.350820 -2.135321
v 1.902951 1.497700 -2.061871
v 1.933731 1.469000 -2.088641
v 1.948001 1.448190 -2.103281
v 1.750601 0.990010 -1.853471
v 2.303431 1.097140 -2.434251
v 1.937801 1.361730 -1.965211
v 1.886681 0.885830 -2.559581
v 1.885371 0.974030 -2.555731
v 2.081441 1.635880 -1.796381
v 1.942321 1.552710 -2.116851
v 1.927631 1.578810 -2.108901
v 1.894751 1.617940 -2.095411
v 1.695641 1.525950 -1.884871
v 1.935381 1.760360 -2.271281
v 1.931531 1.780640 -2.319711
v 2.314731 1.486080 -2.269321
v 1.990791 1.637830 -2.519501
v 1.941061 1.564920 -2.043751
v 1.940741 1.584430 -1.996401
v 1.904001 1.690600 -2.190501
v 1.779401 1.839100 -2.028011
v 2.004581 1.329500 -2.292431
v 1.675721 1.638190 -2.364351
v 1.717771 1.623130 -2.322351
v 1.710371 1.630570 -2.316401
v 1.987471 1.313660 -2.146881
v 1.723031 0.955990 -2.172921
v 1.716571 0.955980 -2.154841
v 2.180021 1.189360 -1.865721
v 2.205761 1.120280 -1.850831
v 1.670911 1.746970 -2.200891
v 2.018211 1.673070 -2.232161
v 2.199621 1.317210 -2.252661
v 2.254091 1.260940 -2.269661
v 2.115711 1.223820 -1.932541
v 2.142791 1.167550 -1.882311
v 2.157911 1.094230 -1.844291
v 2.159831 1.024710 -1.827311
v 2.294291 1.187620 -2.277241
v 2.311341 1.118100 -2.275891
v 2.140161 1.240970 -2.465431
v 2.155451 1.207720 -2.495941
v 2.165031 1.171030 -2.526451
v 2.202841 1.600930 -2.104621
v 2.140451 1.708210 -2.306261
v 2.063121 1.535640 -2.100471
v 1.944611 1.453960 -2.151971
v 1.869921 1.693210 -1.919421
v 1.929251 1.791780 -2.361071
v 1.718321 1.398610 -2.235191
v 1.683341 1.363120 -2.252141
v 1.659221 1.330460 -2.266001
v 1.719051 1.541460 -2.128441
v 1.827061 1.484520 -1.917821
v 1.803751 1.449030 -1.886711
v 1.785541 1.416370 -1.865681
v 1.895371 1.546040 -2.426591
v 1.988081 1.462540 -2.124301
v 2.024431 1.630870 -2.012611
v 2.040321 1.645120 -1.966681
v 1.868271 1.520930 -2.027001
v 1.833181 1.535180 -1.993371
v 1.598361 1.708470 -1.998851
v 1.949281 1.202410 -2.121141
v 1.964731 1.314330 -2.124731
v 1.985061 1.460180 -2.147551
v 2.246971 1.765020 -2.305931
v 2.148691 1.278070 -2.511501
v 2.041021 1.561960 -2.250771
v 1.721341 1.345460 -2.615851
v 1.963311 1.489200 -2.162421
v 1.937071 1.034220 -1.659051
v 1.938131 0.990220 -1.633231
v 2.099421 1.483700 -2.208481
v 1.792611 1.262690 -2.303871
v 1.773461 1.356080 -2.006331
v 1.798491 1.370050 -2.021791
v 1.490641 1.373830 -2.047271
v 1.824991 1.266550 -1.784401
v 1.847001 1.397490 -1.905901
v 1.868451 1.426730 -1.965151
v 1.802581 1.541810 -1.965431
v 2.052921 1.651740 -1.927201
v 1.729371 0.871630 -1.844551
v 2.145071 1.497180 -2.225171
v 2.184321 1.503210 -2.238461
v 1.964331 1.654970 -2.388101
v 1.968211 1.397830 -2.173761
v 1.763741 1.909320 -2.413361
v 1.795481 1.872650 -2.362411
v 1.777831 1.893590 -2.377141
v 1.589901 1.506990 -2.455631
v 1.947991 1.503860 -2.135861
v 1.947231 1.460390 -2.133051
v 1.976151 1.690850 -2.185851
v 2.364661 1.352650 -2.156151
v 1.802991 1.682560 -1.893661
v 2.247191 1.175590 -1.931511
v 2.288321 1.491590 -2.434251
v 1.924611 1.636100 -2.163691
v 1.961641 0.964080 -1.623421
v 1.856441 1.449050 -2.211981
v 1.876201 1.534950 -2.048971
v 1.853721 1.516620 -1.957891
v 1.762741 1.430710 -2.216671
v 1.972631 1.463630 -2.162031
v 1.922391 1.538620 -2.125501
v 1.942291 1.512520 -2.138301
v 1.968531 1.509880 -2.121661
v 1.976681 1.464050 -2.149981
v 1.894341 1.485380 -2.155801
v 1.910951 1.458600 -2.144561
v 1.878081 1.238640 -2.085931
v 1.718691 0.906670 -2.191271
v 1.963521 1.574630 -2.085111
v 2.352511 1.377500 -1.977771
v 1.911381 1.560800 -2.111751
v 1.740861 0.913310 -1.844241
v 1.962311 1.627910 -1.842791
v 2.331061 1.407310 -1.991601
v 1.952081 1.455130 -2.129861
v 2.270411 1.516600 -2.406951
v 2.237401 1.215330 -1.927481
v 2.137131 1.638330 -1.978751
v 2.181791 1.640280 -1.922221
v 2.077841 1.612550 -2.046401
v 1.925491 1.482040 -2.083061
v 1.857751 1.613960 -2.440531
v 1.876081 1.408780 -2.295261
v 1.953541 1.590300 -2.183461
v 1.947521 1.561610 -2.169841
v 2.435451 1.082200 -1.980781
v 2.458011 1.023380 -1.969491
v 1.959381 1.437240 -2.171551
v 1.958921 1.335090 -2.165941
v 1.997401 1.633790 -2.088021
v 2.169971 1.131270 -2.552001
v 2.395961 1.316910 -2.147131
v 2.419201 1.276550 -2.138281
v 2.441751 1.222970 -2.126951
v 1.925241 1.540430 -2.177011
v 1.979781 1.498670 -2.137261
v 1.813981 1.590900 -2.195041
v 1.733271 1.606910 -2.234801
v 1.858811 1.572600 -2.174881
v 1.670381 1.603150 -2.269871
v 2.116661 1.577910 -2.155171
v 2.206541 1.591730 -2.151191
v 1.979261 1.462260 -2.158891
v 1.982961 1.503000 -2.155641
v 2.238751 1.087490 -2.105771
v 1.944621 1.460180 -2.147671
v 2.278211 1.586710 -2.144341
v 1.840911 1.297340 -1.800521
v 1.941631 1.558920 -2.141691
v 2.143501 1.290140 -2.246001
v 1.997541 1.431510 -2.158311
v 1.947241 1.506640 -2.164931
v 1.449731 1.344590 -2.033561
v 2.080941 1.455950 -2.293861
v 1.971861 1.502540 -2.118271
v 1.973041 1.460450 -2.117531
v 1.956911 1.311890 -2.130661
v 1.884041 1.282620 -2.259101
v 1.961371 1.511880 -2.172451
v 1.980971 1.385520 -2.153281
v 1.981081 1.315330 -2.127241
v 1.630081 1.178190 -1.933091
v 1.693351 1.084800 -2.430641
v 2.200951 1.711500 -2.345531
v 2.271691 1.604220 -2.083131
v 1.965001 1.357220 -2.121641
v 1.758601 1.352940 -1.844291
v 1.833111 1.695600 -1.857401
v 1.633081 1.267030 -2.288371
v 1.647321 1.543840 -2.135971
v 1.928001 1.794160 -2.433181
v 1.984381 1.460610 -2.133341
v 1.949111 1.469420 -2.164861
v 1.949671 1.349460 -2.123911
v 1.952561 1.315220 -2.124911
v 1.953091 1.311430 -2.143041
v 2.296921 1.143270 -2.397791
v 1.954251 1.445720 -2.129391
v 1.955721 1.485590 -2.129421
v 1.747541 1.538020 -1.918871
v 1.951351 1.488780 -2.157151
v 1.945601 1.527500 -2.164191
v 2.072231 1.647960 -1.857751
v 1.974551 1.650390 -2.459451
v 2.253411 1.498630 -2.258991
v 1.745051 1.360690 -2.597621
v 1.986251 1.410180 -2.144121
v 1.920031 1.269050 -1.662391
v 1.932051 1.238170 -1.624161
v 2.156321 1.320800 -2.477611
v 1.962601 1.469280 -2.170851
v 1.952001 1.449200 -2.160361
v 1.943921 1.454060 -2.139741
v 1.934211 1.324740 -2.154981
v 1.953291 1.353150 -2.135171
v 1.617031 1.520870 -2.448681
v 2.058271 1.648660 -1.896501
v 1.982701 1.457000 -2.136341
v 1.964281 1.446490 -2.166831
v 1.953151 1.446570 -2.165631
v 1.977311 1.365440 -2.148371
v 1.973311 1.315010 -2.125211
v 2.226351 1.081480 -1.845471
v 2.030861 1.518590 -1.689591
v 2.088021 1.918890 -1.954851
v 1.989541 1.918890 -1.886621
v 1.964851 1.310820 -2.123761
v 1.749711 1.853100 -2.016531
v 2.155771 0.986020 -1.813001
v 2.324611 1.079410 -2.269171
v 1.965271 1.537460 -2.131111
v 1.974271 1.540230 -2.116931
v 2.056281 0.619930 -2.281931
v 2.035721 0.619930 -2.294511
v 2.036901 0.688070 -2.296841
v 2.057811 0.688070 -2.284041
v 1.965981 0.619930 -2.004021
v 1.941951 0.619930 -2.005931
v 1.943491 0.535810 -2.015641
v 1.965981 0.535810 -2.013861
v 1.900711 0.535810 -2.285761
v 1.881461 0.535810 -2.273971
v 1.875681 0.619930 -2.281931
v 1.896241 0.619930 -2.294511
v 2.102731 0.535810 -2.113211
v 2.107991 0.535810 -2.135151
v 2.117701 0.619930 -2.133621
v 2.112081 0.619930 -2.110171
v 1.814261 0.619930 -2.181681
v 1.819881 0.619930 -2.205121
v 1.829231 0.535810 -2.202081
v 1.823971 0.535810 -2.180141
v 1.916631 0.700460 -2.141611
v 1.924001 0.700390 -2.127141
v 1.965981 0.708430 -2.157651
v 2.007051 0.451100 -2.127811
v 1.965981 0.451100 -2.157651
v 2.014261 0.451100 -2.173331
v 1.844261 0.461230 -2.118101
v 1.851951 0.461230 -2.099551
v 1.837871 0.535810 -2.092371
v 1.829231 0.535810 -2.113211
v 2.058711 0.698690 -2.110401
v 2.104321 0.689450 -2.087161
v 2.089781 0.692760 -2.117421
v 2.064970 0.697030 -2.125481
v 2.056281 0.619930 -2.033361
v 2.035721 0.619930 -2.020781
v 2.031250 0.535810 -2.029541
v 2.050501 0.535810 -2.041321
v 2.031250 0.535810 -2.285761
v 2.010411 0.535810 -2.294401
v 2.013451 0.619930 -2.303751
v 2.059261 0.451080 -2.225421
v 2.001611 0.451080 -2.267301
v 1.988471 0.535810 -2.015641
v 2.010411 0.535810 -2.020891
v 2.013451 0.619930 -2.011541
v 1.990011 0.619930 -2.005931
v 1.930351 0.451080 -2.047991
v 1.902891 0.698150 -2.203491
v 1.881781 0.697710 -2.218821
v 1.873251 0.697410 -2.204891
v 1.896501 0.699580 -2.193051
v 1.941951 0.619930 -2.309361
v 1.965981 0.619930 -2.311271
v 1.965981 0.535810 -2.301441
v 1.943491 0.535810 -2.299661
v 2.068771 0.697480 -2.173931
v 2.094541 0.693060 -2.178011
v 2.089781 0.691980 -2.197871
v 2.064970 0.698600 -2.189811
v 2.117701 0.619930 -2.181681
v 2.120270 0.688070 -2.182081
v 2.122211 0.688070 -2.157651
v 2.119601 0.619930 -2.157651
v 1.826791 0.688070 -2.086721
v 1.829111 0.619930 -2.087911
v 1.841701 0.619930 -2.067351
v 1.839591 0.688070 -2.065821
v 1.860671 0.693810 -2.081131
v 1.889461 0.693840 -2.052331
v 1.892391 0.697550 -2.084061
v 1.881781 0.696320 -2.096471
v 1.884461 0.451080 -2.076131
v 1.875491 0.461230 -2.067151
v 1.862441 0.461230 -2.082421
v 1.872701 0.451080 -2.089881
v 2.082311 0.535810 -2.242161
v 2.067651 0.535810 -2.259311
v 2.074601 0.619930 -2.266261
v 2.090261 0.619930 -2.247941
v 2.081280 0.451080 -2.157651
v 2.093971 0.461230 -2.157651
v 2.092381 0.461230 -2.137631
v 2.079851 0.451080 -2.139611
v 2.036461 0.689470 -2.295981
v 2.013961 0.689570 -2.305321
v 2.006211 0.692730 -2.281451
v 2.025071 0.694580 -2.273621
v 1.933821 0.697580 -2.256631
v 1.925751 0.693780 -2.281451
v 1.906891 0.694670 -2.273621
v 1.918731 0.699160 -2.250381
v 1.986001 0.461230 -2.031241
v 1.984011 0.451080 -2.043781
v 2.001611 0.451080 -2.047991
v 2.005531 0.461230 -2.035921
v 2.087701 0.461230 -2.118101
v 1.837871 0.535810 -2.222921
v 1.829111 0.619930 -2.227381
v 1.884461 0.451080 -2.239171
v 1.875491 0.461230 -2.248141
v 1.890751 0.461230 -2.261191
v 1.898211 0.451080 -2.250921
v 2.102851 0.619930 -2.087911
v 2.094090 0.535810 -2.092371
v 1.811681 0.688070 -2.182081
v 1.817391 0.688070 -2.205921
v 1.873251 0.695810 -2.110401
v 1.850001 0.693770 -2.098551
v 2.069520 0.461230 -2.232871
v 2.024081 0.461230 -2.271671
v 2.005531 0.461230 -2.279371
v 1.907881 0.461230 -2.271671
v 1.913641 0.451080 -2.260371
v 2.018321 0.451080 -2.260371
v 2.057250 0.689160 -2.032031
v 2.042490 0.693880 -2.052331
v 2.025071 0.694440 -2.041671
v 2.036461 0.689490 -2.019311
v 1.965981 0.694680 -2.027471
v 1.990271 0.689420 -2.004301
v 1.986341 0.694230 -2.029081
v 1.864311 0.535810 -2.055981
v 1.881461 0.535810 -2.041321
v 1.875681 0.619930 -2.033361
v 1.857361 0.619930 -2.049031
v 1.898211 0.451080 -2.064371
v 1.890751 0.461230 -2.054101
v 1.857361 0.619930 -2.266261
v 1.864311 0.535810 -2.259311
v 1.895061 0.688070 -2.296841
v 1.917701 0.688070 -2.306231
v 1.918511 0.619930 -2.303751
v 1.809751 0.688070 -2.157651
v 1.812361 0.619930 -2.157651
v 1.814261 0.619930 -2.133621
v 1.811681 0.688070 -2.133211
v 1.817391 0.688070 -2.109371
v 1.819881 0.619930 -2.110171
v 2.067651 0.535810 -2.055981
v 2.082311 0.535810 -2.073131
v 2.090261 0.619930 -2.067351
v 2.074601 0.619930 -2.049031
v 2.041211 0.461230 -2.054101
v 2.033751 0.451080 -2.064371
v 2.047501 0.451080 -2.076131
v 2.056471 0.461230 -2.067151
v 2.113651 0.689340 -2.205631
v 2.119331 0.688780 -2.181931
v 2.076441 0.688070 -2.268111
v 2.092371 0.688070 -2.249481
v 1.822191 0.535810 -2.157651
v 1.839581 0.461230 -2.177671
v 1.837991 0.461230 -2.157651
v 1.936231 0.451100 -2.249201
v 1.869721 0.451100 -2.157651
v 1.870911 0.451100 -2.172701
v 2.107991 0.535810 -2.180141
v 2.102731 0.535810 -2.202081
v 2.112081 0.619930 -2.205121
v 2.109771 0.535810 -2.157651
v 1.904801 0.697080 -2.073441
v 1.906891 0.692630 -2.041671
v 1.918731 0.698510 -2.064921
v 1.918511 0.619930 -2.011541
v 1.896241 0.619930 -2.020781
v 1.900711 0.535810 -2.029541
v 1.921551 0.535810 -2.020891
v 2.059261 0.451080 -2.089881
v 2.069520 0.461230 -2.082421
v 2.068701 0.451080 -2.105311
v 1.926431 0.461230 -2.035921
v 1.947941 0.451080 -2.043781
v 1.945961 0.461230 -2.031241
v 1.965981 0.451080 -2.042351
v 1.965981 0.461230 -2.029661
v 1.998141 0.696910 -2.256631
v 1.990081 0.698680 -2.231821
v 2.001381 0.698080 -2.227131
v 2.013231 0.698180 -2.250381
v 1.989541 0.700020 -2.111411
v 2.002671 0.699680 -2.120951
v 1.850001 0.694990 -2.216741
v 1.827641 0.689450 -2.228131
v 1.818311 0.689730 -2.205631
v 1.842181 0.693640 -2.197871
v 1.812631 0.689200 -2.181931
v 1.810711 0.688790 -2.157651
v 1.835801 0.692810 -2.157651
v 1.837421 0.694270 -2.178011
v 1.990011 0.619930 -2.309361
v 1.988471 0.535810 -2.299661
v 1.990271 0.689350 -2.310991
v 1.986341 0.693120 -2.286211
v 1.855521 0.688070 -2.268111
v 1.874151 0.688070 -2.284041
v 1.826791 0.688070 -2.228571
v 1.839591 0.688070 -2.249481
v 1.841701 0.619930 -2.247941
v 1.921551 0.535810 -2.294401
v 1.945961 0.461230 -2.284051
v 1.947941 0.451080 -2.271511
v 1.930351 0.451080 -2.267301
v 1.926431 0.461230 -2.279371
v 1.862441 0.461230 -2.232871
v 1.872701 0.451080 -2.225421
v 1.863261 0.451080 -2.209991
v 1.851951 0.461230 -2.215751
v 1.852111 0.451080 -2.175681
v 1.850681 0.451080 -2.157651
v 2.021121 0.699210 -2.102511
v 2.015331 0.700590 -2.141611
v 1.998141 0.698390 -2.058661
v 1.990081 0.699300 -2.083481
v 1.978181 0.699680 -2.080621
v 1.982261 0.697490 -2.054861
v 1.965981 0.689630 -2.002381
v 2.080011 0.461230 -2.215751
v 2.068701 0.451080 -2.209991
v 2.033751 0.451080 -2.250921
v 2.041211 0.461230 -2.261191
v 2.056471 0.461230 -2.248141
v 2.047501 0.451080 -2.239171
v 1.914731 0.700250 -2.165761
v 1.914091 0.700870 -2.157651
v 1.957861 0.699980 -2.208901
v 1.949941 0.700180 -2.207001
v 1.823971 0.535810 -2.135151
v 1.839581 0.461230 -2.137631
v 1.849651 0.535810 -2.073131
v 2.058021 0.694590 -2.065611
v 2.075761 0.689170 -2.047861
v 2.091601 0.689330 -2.066381
v 2.071290 0.693810 -2.081131
v 1.855521 0.688070 -2.047181
v 1.840361 0.689910 -2.066381
v 1.856201 0.689460 -2.047861
v 2.091601 0.689600 -2.248911
v 2.071290 0.693980 -2.234161
v 2.081961 0.692960 -2.216741
v 2.104321 0.689340 -2.228131
v 1.856331 0.451080 -2.122021
v 1.863261 0.451080 -2.105311
v 1.852111 0.451080 -2.139611
v 2.080011 0.461230 -2.099551
v 2.075631 0.451080 -2.122021
v 1.895491 0.688950 -2.295981
v 1.918001 0.689150 -2.305321
v 1.860671 0.693840 -2.234161
v 1.840361 0.689370 -2.248911
v 2.094541 0.694840 -2.137281
v 2.068771 0.697010 -2.141371
v 2.120270 0.688070 -2.133211
v 1.897921 0.451100 -2.225711
v 1.849651 0.535810 -2.242161
v 1.895491 0.689520 -2.019311
v 1.874711 0.689400 -2.032031
v 1.941691 0.689140 -2.004301
v 1.945621 0.693790 -2.029081
v 1.925751 0.693200 -2.033841
v 1.918001 0.689600 -2.009981
v 2.102851 0.619930 -2.227381
v 2.094090 0.535810 -2.222921
v 2.114561 0.688070 -2.205921
v 2.092381 0.461230 -2.177671
v 2.087701 0.461230 -2.197201
v 2.050501 0.535810 -2.273981
v 1.941541 0.688070 -2.311941
v 1.965981 0.688070 -2.313881
v 1.965981 0.695150 -2.287821
v 1.949701 0.697270 -2.260441
v 1.965981 0.697140 -2.261731
v 2.039571 0.697250 -2.084061
v 2.011821 0.698960 -2.094551
v 2.027161 0.697990 -2.073441
v 2.013231 0.699810 -2.064921
v 1.930581 0.699690 -2.227131
v 1.941881 0.699450 -2.231821
v 2.017231 0.700750 -2.149531
v 2.017231 0.699880 -2.165761
v 2.040151 0.700810 -2.181751
v 2.058711 0.699000 -2.204891
v 2.035460 0.700720 -2.193051
v 1.902891 0.699730 -2.111811
v 1.896501 0.700910 -2.122241
v 1.863191 0.698120 -2.173931
v 1.888961 0.699430 -2.169851
v 1.891811 0.700270 -2.181741
v 1.866991 0.697410 -2.189811
v 2.042490 0.693880 -2.262961
v 2.027161 0.699800 -2.241851
v 2.039571 0.697840 -2.231241
v 2.058021 0.693840 -2.249691
v 1.873941 0.691420 -2.249691
v 1.889461 0.693680 -2.262961
v 1.874711 0.690010 -2.283261
v 1.856201 0.689630 -2.267431
v 1.984011 0.451080 -2.271511
v 1.986001 0.461230 -2.284051
v 1.856331 0.451080 -2.193271
v 1.844261 0.461230 -2.197201
v 1.880211 0.451100 -2.201351
v 1.874431 0.451100 -2.187391
v 2.018321 0.451080 -2.054921
v 2.024081 0.461230 -2.043621
v 2.075631 0.451080 -2.193271
v 1.895061 0.688070 -2.018451
v 1.874151 0.688070 -2.031251
v 1.965981 0.461230 -2.285631
v 2.057811 0.688070 -2.031251
v 2.036901 0.688070 -2.018451
v 2.014261 0.688070 -2.009061
v 1.990421 0.688070 -2.003351
v 1.818311 0.688950 -2.109671
v 1.842181 0.695630 -2.117421
v 1.990421 0.688070 -2.311941
v 2.014261 0.688070 -2.306231
v 2.105170 0.688070 -2.228571
v 1.941541 0.688070 -2.003351
v 1.917701 0.688070 -2.009061
v 1.910841 0.698040 -2.102511
v 1.929291 0.700660 -2.120951
v 1.930581 0.699920 -2.088161
v 1.920141 0.697900 -2.094551
v 1.965981 0.688070 -2.001421
v 2.114561 0.688070 -2.109371
v 2.105170 0.688070 -2.086721
v 2.092371 0.688070 -2.065821
v 2.076441 0.688070 -2.047181
v 1.907881 0.461230 -2.043621
v 2.011821 0.698760 -2.220741
v 1.892391 0.698080 -2.231241
v 1.904801 0.697660 -2.241851
v 1.910841 0.698710 -2.212791
v 1.888961 0.699310 -2.145451
v 1.863191 0.697710 -2.141371
v 1.866991 0.697590 -2.125481
v 1.891811 0.700610 -2.133551
v 2.079851 0.451080 -2.175681
v 1.965981 0.451080 -2.272941
v 1.812631 0.689350 -2.133361
v 1.837421 0.694700 -2.137281
v 1.957861 0.700710 -2.106401
v 1.965981 0.697460 -2.053571
v 1.982011 0.699930 -2.108291
v 2.096151 0.695480 -2.157651
v 2.007961 0.701440 -2.188151
v 2.050181 0.697390 -2.218821
v 1.974101 0.700260 -2.208901
v 2.006211 0.692350 -2.033841
v 2.013961 0.689580 -2.009981
v 2.043001 0.699270 -2.169851
v 2.043001 0.699550 -2.145451
v 1.982261 0.698010 -2.260441
v 1.978181 0.699640 -2.234671
v 1.953781 0.699170 -2.080621
v 1.949701 0.698140 -2.054861
v 1.887991 0.698520 -2.157651
v 1.861901 0.699050 -2.157651
v 2.119331 0.688700 -2.133361
v 2.121251 0.689390 -2.157651
v 1.827641 0.689120 -2.087161
v 1.935481 0.701140 -2.199631
v 1.919751 0.699800 -2.181201
v 2.113651 0.689600 -2.109671
v 1.942421 0.700100 -2.111411
v 1.941691 0.689270 -2.310991
v 1.965981 0.689500 -2.312921
v 2.001381 0.698950 -2.088161
v 2.050181 0.697460 -2.096471
v 2.075761 0.689400 -2.267431
v 1.915841 0.451100 -2.149711
v 2.057250 0.688970 -2.283261
v 1.965981 0.700280 -2.235631
v 1.933821 0.698960 -2.058661
v 1.941881 0.700750 -2.083481
v 1.914731 0.700990 -2.149531
v 2.040151 0.699440 -2.133551
v 2.015331 0.700240 -2.173681
v 2.142910 0.625800 -2.067501
v 2.141061 0.552650 -2.068441
v 2.152881 0.552650 -2.096921
v 2.156141 0.698000 -2.095861
v 1.771901 0.552650 -2.188381
v 1.775261 0.481600 -2.187851
v 1.772871 0.481600 -2.157651
v 1.769461 0.552650 -2.157651
v 2.118001 0.619910 -2.181721
v 2.108281 0.535760 -2.180191
v 2.110071 0.535760 -2.157651
v 2.119901 0.619910 -2.157651
v 1.828841 0.619910 -2.087771
v 1.837601 0.535760 -2.092231
v 1.828941 0.535760 -2.113121
v 1.819591 0.619910 -2.110081
v 2.128340 0.201600 -2.157651
v 2.139081 0.271600 -2.157651
v 2.136940 0.271600 -2.130571
v 2.126331 0.201600 -2.132251
v 1.811561 0.201600 -2.107471
v 1.821321 0.201600 -2.083941
v 1.811751 0.271600 -2.079061
v 1.801351 0.271600 -2.104151
v 1.898511 0.249000 -2.290061
v 1.878621 0.249000 -2.277881
v 1.884121 0.189030 -2.270311
v 1.902761 0.189030 -2.281721
v 2.096180 0.359000 -2.063051
v 2.076341 0.308970 -2.047281
v 2.079771 0.359000 -2.043851
v 2.035851 0.619910 -2.294781
v 2.056451 0.619910 -2.282171
v 2.058221 0.698200 -2.284601
v 2.037220 0.698200 -2.297451
v 2.026711 0.552650 -2.344541
v 1.996721 0.552650 -2.351731
v 1.997041 0.625800 -2.353771
v 2.027771 0.698000 -2.347811
v 1.943441 0.535760 -2.299951
v 1.941901 0.619910 -2.309661
v 1.918411 0.619910 -2.304041
v 1.921451 0.535760 -2.294681
v 2.031391 0.535760 -2.029271
v 2.035851 0.619910 -2.020511
v 2.056451 0.619910 -2.033121
v 2.050671 0.535760 -2.041071
v 2.000571 0.054780 -2.264111
v 2.016801 0.054780 -2.257381
v 2.024230 0.129960 -2.271961
v 2.005630 0.129960 -2.279681
v 1.851661 0.129960 -2.099401
v 1.862171 0.129960 -2.082231
v 1.875411 0.054780 -2.091851
v 1.866241 0.054780 -2.106831
v 1.919191 0.368940 -2.301651
v 1.965981 0.368940 -2.157651
v 1.919191 0.368940 -2.204441
v 1.874231 0.308970 -2.031371
v 1.878621 0.249000 -2.037411
v 1.860901 0.249000 -2.052561
v 1.855621 0.308970 -2.047281
v 1.841451 0.619910 -2.067171
v 1.849411 0.535760 -2.072951
v 1.920751 0.450800 -2.180691
v 1.852011 0.450800 -2.139601
v 1.965981 0.450800 -2.157651
v 1.918411 0.619910 -2.011261
v 1.921451 0.535760 -2.020611
v 1.900571 0.535760 -2.029271
v 1.896101 0.619910 -2.020511
v 1.876771 0.552650 -1.982561
v 1.878321 0.481600 -1.985601
v 1.906311 0.481600 -1.973991
v 1.905251 0.552650 -1.970751
v 1.950311 0.045990 -2.256601
v 1.965981 0.045990 -2.157651
v 1.973121 0.045990 -2.202731
v 2.033451 0.249000 -2.025241
v 2.053341 0.249000 -2.037411
v 2.047841 0.189030 -2.044981
v 2.029201 0.189030 -2.033571
v 2.072741 0.341600 -2.304591
v 2.076601 0.411600 -2.309911
v 2.099051 0.411600 -2.290721
v 2.094401 0.341600 -2.286071
v 2.069391 -0.000000 -2.210331
v 2.080611 -0.000000 -2.139491
v 1.965981 -0.000000 -2.157651
v 2.100881 0.368940 -2.226381
v 2.073040 0.368940 -2.264701
v 2.057730 0.308970 -2.283921
v 2.053340 0.249000 -2.277881
v 2.071061 0.249000 -2.262731
v 2.076341 0.308970 -2.268011
v 2.079021 -0.000000 -2.120921
v 2.016150 0.201600 -2.003231
v 2.019471 0.271600 -1.993011
v 1.993061 0.271600 -1.986691
v 1.991381 0.201600 -1.997291
v 1.876771 0.552650 -2.332731
v 1.878321 0.481600 -2.329701
v 1.852471 0.481600 -2.313881
v 1.850471 0.552650 -2.316631
v 1.857151 0.619910 -2.266481
v 1.864101 0.535760 -2.259531
v 1.881291 0.535760 -2.274221
v 1.875501 0.619910 -2.282171
v 1.834621 0.201600 -2.253081
v 1.821321 0.201600 -2.231351
v 1.811751 0.271600 -2.236231
v 1.825941 0.271600 -2.259391
v 1.852931 0.000000 -2.194381
v 1.883921 0.000000 -2.239711
v 2.013551 0.619910 -2.011261
v 2.010511 0.535760 -2.020611
v 1.988521 0.535760 -2.015341
v 1.990061 0.619910 -2.005631
v 2.106391 0.625800 -2.017231
v 2.083511 0.698000 -1.995891
v 2.081491 0.552650 -1.998661
v 2.104931 0.552650 -2.018701
v 2.068800 0.450800 -2.210031
v 1.965981 0.450800 -2.273051
v 2.094351 0.535760 -2.223061
v 2.103121 0.619910 -2.227521
v 2.090511 0.619910 -2.248121
v 2.082551 0.535760 -2.242341
v 2.002911 0.045990 -2.184481
v 2.009391 0.045990 -2.171751
v 2.098431 0.189030 -2.114611
v 2.103521 0.189030 -2.135861
v 2.092700 0.129960 -2.137571
v 2.088011 0.129960 -2.118001
v 1.875411 0.054780 -2.223451
v 1.886831 0.054780 -2.236801
v 1.875261 0.129960 -2.248371
v 1.862171 0.129960 -2.233071
v 1.939151 0.045990 -2.194571
v 1.907091 0.045990 -2.238711
v 1.887401 0.271600 -2.311871
v 1.892271 0.201600 -2.302301
v 1.870540 0.201600 -2.289001
v 1.864231 0.271600 -2.297691
v 1.965981 0.201600 -2.320011
v 1.965981 0.271600 -2.330751
v 1.993061 0.271600 -2.328611
v 1.991381 0.201600 -2.318001
v 1.876981 0.368940 -2.035151
v 1.816441 0.368940 -2.133961
v 1.814561 0.368940 -2.157651
v 1.809891 0.308970 -2.157651
v 1.817361 0.249000 -2.157651
v 1.819201 0.249000 -2.180891
v 1.811821 0.308970 -2.182061
v 2.122831 0.700000 -2.182491
v 2.124801 0.700000 -2.157651
v 2.161520 0.700000 -2.188621
v 2.117031 0.700000 -2.206721
v 2.079491 0.481600 -2.313881
v 2.081491 0.552650 -2.316631
v 2.104931 0.552650 -2.296591
v 2.102520 0.481600 -2.294191
v 1.837601 0.535760 -2.223061
v 1.828841 0.619910 -2.227521
v 1.819591 0.619910 -2.205211
v 1.828941 0.535760 -2.202171
v 1.872621 0.450800 -2.225481
v 1.856231 0.450800 -2.193311
v 1.848451 0.698000 -2.319411
v 1.875831 0.625800 -2.334581
v 1.782321 0.481600 -2.217321
v 1.779081 0.552650 -2.218371
v 1.938901 0.271600 -1.986691
v 1.937571 0.341600 -1.978271
v 1.909851 0.341600 -1.984911
v 1.912491 0.271600 -1.993011
v 1.947391 0.000000 -2.040261
v 1.912021 0.000000 -2.051751
v 1.896111 0.000000 -2.061491
v 2.044561 0.271600 -2.003421
v 2.048431 0.341600 -1.995831
v 2.022110 0.341600 -1.984911
v 2.113861 0.132650 -2.134221
v 2.115710 0.132650 -2.157651
v 1.827031 0.552650 -2.018701
v 1.807001 0.552650 -2.042141
v 1.809751 0.481600 -2.044141
v 1.829441 0.481600 -2.021111
v 1.814931 0.700000 -2.108571
v 1.809131 0.700000 -2.132801
v 1.767991 0.700000 -2.157651
v 1.849601 0.700000 -1.997471
v 2.136940 0.271600 -2.184721
v 2.126331 0.201600 -2.183041
v 2.120400 0.201600 -2.207821
v 2.130610 0.271600 -2.211141
v 2.142381 0.700000 -2.067771
v 2.154281 0.700000 -2.096461
v 2.161520 0.700000 -2.126681
v 1.904801 0.700000 -1.969351
v 1.916901 0.700000 -2.006601
v 1.893881 0.700000 -2.016151
v 2.038081 0.700000 -2.016151
v 2.015061 0.700000 -2.006601
v 1.965981 0.700000 -1.962341
v 1.907091 0.045990 -2.076591
v 1.900181 0.054780 -2.067081
v 1.915161 0.054780 -2.057911
v 1.920491 0.045990 -2.068381
v 1.965981 0.054780 -2.045701
v 1.948471 0.054780 -2.047091
v 1.945911 0.129960 -2.030921
v 1.965981 0.129960 -2.029331
v 2.100881 0.368940 -2.088911
v 2.109370 0.359000 -2.084591
v 2.088480 0.368940 -2.068651
v 2.122071 0.308970 -2.157651
v 2.114601 0.249000 -2.157651
v 2.112761 0.249000 -2.134401
v 2.120131 0.308970 -2.133231
v 1.849601 0.700000 -2.317821
v 1.837491 0.700000 -2.251001
v 1.853691 0.700000 -2.269941
v 1.904801 0.700000 -2.345951
v 1.789581 0.700000 -2.247531
v 1.807161 0.700000 -2.157651
v 1.996951 0.700000 -2.353181
v 1.965981 0.700000 -2.316471
v 1.990821 0.700000 -2.314501
v 2.055861 0.700000 -2.334041
v 2.103121 0.619910 -2.087771
v 2.094351 0.535760 -2.092231
v 2.082551 0.535760 -2.072951
v 2.090511 0.619910 -2.067171
v 2.059331 0.700000 -2.029161
v 2.105971 0.700000 -2.017661
v 1.834621 0.201600 -2.062211
v 1.851181 0.201600 -2.042851
v 1.843591 0.271600 -2.035251
v 1.825941 0.271600 -2.055901
v 1.886301 0.065800 -2.047981
v 1.904451 0.065800 -2.036881
v 1.898011 0.132650 -2.024241
v 1.877971 0.132650 -2.036511
v 2.050020 -0.000000 -2.241691
v 2.062140 -0.000000 -2.227511
v 2.059880 -0.000000 -2.225871
v 2.031341 0.368940 -2.147291
v 2.117391 0.368940 -2.157651
v 1.989231 0.249000 -2.010871
v 1.987761 0.189030 -2.020111
v 1.965981 0.189030 -2.018381
v 1.965981 0.249000 -2.009031
v 1.876981 0.368940 -2.280141
v 1.871381 0.359000 -2.287851
v 1.892920 0.359000 -2.301041
v 1.897241 0.368940 -2.292551
v 1.942731 0.249000 -2.304421
v 1.944201 0.189030 -2.295191
v 1.965981 0.189030 -2.296911
v 1.965981 0.249000 -2.306271
v 1.913591 0.450800 -2.054831
v 1.898151 0.450800 -2.064281
v 1.890601 0.461080 -2.053891
v 1.907761 0.461080 -2.043391
v 1.941901 0.619910 -2.005631
v 1.943441 0.535760 -2.015341
v 2.015061 0.700000 -2.308691
v 2.038081 0.700000 -2.299151
v 2.059330 0.700000 -2.286131
v 2.126161 0.700000 -2.274021
v 2.105971 0.700000 -2.297641
v 1.837491 0.700000 -2.064291
v 1.824481 0.700000 -2.085551
v 2.149641 0.481600 -2.217321
v 2.152881 0.552650 -2.218371
v 2.160061 0.552650 -2.188391
v 2.156701 0.481600 -2.187851
v 2.025651 0.481600 -1.973991
v 2.053641 0.481600 -1.985601
v 2.055191 0.552650 -1.982561
v 2.026711 0.552650 -1.970751
v 1.935771 0.481600 -1.966931
v 1.935241 0.552650 -1.963571
v 2.033811 0.450800 -2.064281
v 2.018371 0.450800 -2.054831
v 2.024201 0.461080 -2.043391
v 2.041361 0.461080 -2.053891
v 2.112370 0.619910 -2.110081
v 2.103021 0.535760 -2.113121
v 1.795021 0.271600 -2.130571
v 1.786601 0.341600 -2.129241
v 1.784351 0.341600 -2.157651
v 1.792881 0.271600 -2.157651
v 1.832581 0.132650 -2.225621
v 1.844841 0.132650 -2.245661
v 1.856321 0.065800 -2.237321
v 1.845211 0.065800 -2.219181
v 1.988521 0.535760 -2.299951
v 1.990061 0.619910 -2.309661
v 1.965981 0.619910 -2.311571
v 1.965981 0.535760 -2.301741
v 2.047570 0.450800 -2.239241
v 2.059340 0.450800 -2.225481
v 2.069731 0.461080 -2.233031
v 2.056661 0.461080 -2.248321
v 2.016150 0.201600 -2.312071
v 2.019470 0.271600 -2.322281
v 2.044560 0.271600 -2.311871
v 2.039690 0.201600 -2.302301
v 2.035841 -0.000000 -2.253811
v 2.002711 -0.000000 -2.270691
v 2.019941 -0.000000 -2.263541
v 2.071851 0.132650 -2.051781
v 2.061821 0.065800 -2.061811
v 2.075640 0.065800 -2.077971
v 2.087121 0.132650 -2.069631
v 2.122211 0.481600 -2.044141
v 2.124961 0.552650 -2.042141
v 2.102521 0.481600 -2.021111
v 1.884921 0.045990 -2.216541
v 1.866241 0.054780 -2.208461
v 1.870691 0.045990 -2.188611
v 1.826711 0.189030 -2.157651
v 1.828441 0.189030 -2.179431
v 1.821981 0.368940 -2.204431
v 1.898511 0.249000 -2.025241
v 1.920051 0.249000 -2.016301
v 1.922941 0.189030 -2.025201
v 1.902761 0.189030 -2.033571
v 1.813961 0.619910 -2.181721
v 1.823671 0.535760 -2.180191
v 1.809131 0.700000 -2.182491
v 1.814931 0.700000 -2.206721
v 2.039371 0.045990 -2.120251
v 2.055251 0.045990 -2.112161
v 2.061270 0.045990 -2.126681
v 1.965981 0.045990 -2.112001
v 2.080301 0.129960 -2.099401
v 2.090060 0.189030 -2.094431
v 1.965981 0.481600 -2.350761
v 1.935771 0.481600 -2.348371
v 1.935241 0.552650 -2.351731
v 1.965981 0.552650 -2.354161
v 1.804221 0.698000 -2.040121
v 1.787841 0.698000 -2.066881
v 1.789051 0.625800 -2.067501
v 1.780101 0.411600 -2.128211
v 1.775261 0.481600 -2.127441
v 1.777771 0.411600 -2.157651
v 2.064451 0.189030 -2.256121
v 2.078650 0.189030 -2.239511
v 2.086221 0.249000 -2.245001
v 2.047040 0.045990 -2.216541
v 2.056551 0.054780 -2.223451
v 2.045130 0.054780 -2.236801
v 2.036821 0.045990 -2.228491
v 2.107481 0.700000 -2.085551
v 2.117031 0.700000 -2.108571
v 1.997041 0.625800 -1.961521
v 1.996721 0.552650 -1.963571
v 2.027771 0.698000 -1.967491
v 1.996951 0.700000 -1.962111
v 2.027161 0.700000 -1.969351
v 1.824481 0.700000 -2.229741
v 1.805801 0.700000 -2.274021
v 1.789051 0.625800 -2.247801
v 1.804221 0.698000 -2.275171
v 1.807001 0.552650 -2.273151
v 1.790901 0.552650 -2.246861
v 2.011211 0.450800 -2.134601
v 2.075731 0.450800 -2.193311
v 2.112370 0.619910 -2.205211
v 2.103021 0.535760 -2.202171
v 2.149641 0.481600 -2.097971
v 2.156701 0.481600 -2.127441
v 2.160061 0.552650 -2.126911
v 2.162111 0.625800 -2.188711
v 2.165920 0.698000 -2.157651
v 2.162491 0.552650 -2.157651
v 1.823671 0.535760 -2.135111
v 1.813961 0.619910 -2.133571
v 1.851721 0.461080 -2.215861
v 1.844011 0.461080 -2.197281
v 1.863161 0.450800 -2.210031
v 2.018671 -0.000000 -2.054241
v 2.019941 -0.000000 -2.051751
v 2.086751 0.065800 -2.096111
v 2.099380 0.132650 -2.089671
v 1.941141 0.700000 -2.314501
v 2.079771 0.359000 -2.271441
v 2.054981 0.368940 -2.280141
v 2.060580 0.359000 -2.287851
v 1.991150 0.359000 -2.316591
v 1.989661 0.368940 -2.307181
v 1.965981 0.368940 -2.309061
v 1.965981 0.359000 -2.318591
v 1.981650 0.045990 -2.256601
v 1.965981 0.054780 -2.269591
v 1.948470 0.054780 -2.268201
v 1.945911 0.129960 -2.284371
v 1.965981 0.129960 -2.285961
v 1.817531 0.308970 -2.205881
v 1.824630 0.249000 -2.203571
v 1.833571 0.249000 -2.225111
v 1.826921 0.308970 -2.228501
v 1.858921 0.368940 -2.264701
v 1.852190 0.359000 -2.271441
v 2.096180 0.359000 -2.252241
v 2.088480 0.368940 -2.246651
v 2.124931 0.359000 -2.132471
v 2.115520 0.368940 -2.133961
v 2.126920 0.359000 -2.157651
v 1.926351 0.461080 -2.035681
v 1.930321 0.450800 -2.047891
v 1.896111 0.000000 -2.253811
v 1.965981 0.045990 -2.057451
v 1.950311 0.045990 -2.058691
v 1.981651 0.045990 -2.058691
v 1.983491 0.054780 -2.047091
v 2.000571 0.054780 -2.051181
v 1.996940 0.045990 -2.062351
v 2.098431 0.189030 -2.200681
v 2.107331 0.249000 -2.203571
v 2.098391 0.249000 -2.225111
v 2.090060 0.189030 -2.220871
v 2.072451 0.054780 -2.192241
v 2.076540 0.054780 -2.175161
v 2.092700 0.129960 -2.177721
v 2.088011 0.129960 -2.197301
v 1.825571 0.625800 -2.298061
v 1.827031 0.552650 -2.296591
v 1.843590 0.271600 -2.280041
v 1.851181 0.201600 -2.272451
v 2.088371 0.271600 -2.280041
v 2.080781 0.201600 -2.272451
v 2.061420 0.201600 -2.289001
v 2.067730 0.271600 -2.297691
v 2.045650 0.065800 -2.267311
v 2.020831 0.001460 -2.265301
v 2.027511 0.065800 -2.278411
v 1.867511 0.189030 -2.059181
v 1.853311 0.189030 -2.075791
v 1.845741 0.249000 -2.070291
v 1.807031 0.359000 -2.132471
v 1.805041 0.359000 -2.157651
v 1.818101 0.132650 -2.181071
v 1.832111 0.065800 -2.178851
v 1.830431 0.065800 -2.157651
v 1.816251 0.132650 -2.157651
v 1.869821 0.000000 -2.087781
v 1.860080 0.000000 -2.103691
v 1.862571 0.000000 -2.104961
v 2.138031 0.481600 -2.245311
v 2.141061 0.552650 -2.246861
v 2.154281 0.700000 -2.218831
v 2.142380 0.700000 -2.247531
v 1.942291 0.368940 -2.008111
v 1.940801 0.359000 -1.998701
v 1.916251 0.359000 -2.004581
v 1.919191 0.368940 -2.013641
v 1.991151 0.359000 -1.998701
v 1.989661 0.368940 -2.008111
v 2.012771 0.368940 -2.013641
v 2.015711 0.359000 -2.004581
v 1.855421 0.054780 -2.175161
v 1.854030 0.054780 -2.157651
v 1.865781 0.045990 -2.157651
v 1.876711 0.045990 -2.112161
v 2.073040 0.368940 -2.050591
v 1.916901 0.700000 -2.308691
v 1.934921 0.625800 -2.353771
v 1.965981 0.698000 -2.357591
v 2.050671 0.535760 -2.274221
v 2.031391 0.535760 -2.286021
v 2.024201 0.461080 -2.271911
v 2.010511 0.535760 -2.294681
v 2.005610 0.461080 -2.279621
v 2.031780 0.054780 -2.248211
v 2.056700 0.129960 -2.248371
v 2.041400 0.129960 -2.261451
v 1.989401 0.132650 -2.009771
v 1.987181 0.065800 -2.023771
v 2.007871 0.065800 -2.028731
v 2.012251 0.132650 -2.015241
v 1.924091 0.065800 -2.028731
v 1.919711 0.132650 -2.015241
v 2.098391 0.249000 -2.090181
v 2.078650 0.189030 -2.075791
v 2.086221 0.249000 -2.070291
v 2.031780 0.054780 -2.067081
v 2.016801 0.054780 -2.057911
v 2.024230 0.129960 -2.043331
v 2.041401 0.129960 -2.053841
v 1.851721 0.461080 -2.099431
v 1.862221 0.461080 -2.082261
v 1.872621 0.450800 -2.089811
v 1.863161 0.450800 -2.105261
v 1.837731 0.461080 -2.157651
v 1.839321 0.461080 -2.137581
v 2.061270 0.045990 -2.188611
v 2.064930 0.045990 -2.173321
v 2.047040 0.045990 -2.098751
v 2.056551 0.054780 -2.091851
v 2.065721 0.054780 -2.106831
v 1.930321 0.450800 -2.267401
v 1.947931 0.450800 -2.271621
v 1.945921 0.461080 -2.284301
v 1.926351 0.461080 -2.279621
v 1.841451 0.619910 -2.248121
v 1.849411 0.535760 -2.242341
v 2.092261 0.308970 -2.249391
v 2.105041 0.308970 -2.228501
v 2.109370 0.359000 -2.230711
v 2.022110 0.341600 -2.330381
v 2.048430 0.341600 -2.319461
v 2.025651 0.481600 -2.341301
v 2.055191 0.552650 -2.332731
v 2.053641 0.481600 -2.329701
v 2.020831 0.001460 -2.050001
v 2.027511 0.065800 -2.036881
v 2.053991 0.132650 -2.036511
v 2.045650 0.065800 -2.047981
v 1.895141 0.045990 -2.228491
v 1.931391 0.054780 -2.264111
v 1.935021 0.045990 -2.252941
v 2.087950 0.461080 -2.118021
v 2.092641 0.461080 -2.137581
v 2.079951 0.450800 -2.139601
v 2.075731 0.450800 -2.121981
v 2.001641 0.450800 -2.267401
v 2.018371 0.450800 -2.260461
v 1.965981 0.065800 -2.293201
v 1.944780 0.065800 -2.291521
v 1.942561 0.132650 -2.305531
v 1.965981 0.132650 -2.307381
v 1.898010 0.132650 -2.291051
v 1.904451 0.065800 -2.278411
v 1.886301 0.065800 -2.267311
v 1.877971 0.132650 -2.278781
v 2.094471 0.700000 -2.251001
v 2.107481 0.700000 -2.229741
v 1.884121 0.189030 -2.044981
v 1.895141 0.045990 -2.086801
v 1.886831 0.054780 -2.078501
v 1.917751 0.308970 -2.306091
v 1.895121 0.308970 -2.296711
v 1.920051 0.249000 -2.298991
v 1.916251 0.359000 -2.310711
v 1.990401 0.308970 -2.311801
v 1.965981 0.308970 -2.313731
v 2.033451 0.249000 -2.290061
v 2.011900 0.249000 -2.298991
v 2.009011 0.189030 -2.290101
v 2.029201 0.189030 -2.281721
v 2.071851 0.132650 -2.263521
v 2.061821 0.065800 -2.253491
v 2.053991 0.132650 -2.278781
v 2.075640 0.065800 -2.237321
v 2.087121 0.132650 -2.245661
v 2.099380 0.132650 -2.225621
v 2.086751 0.065800 -2.219181
v 1.807031 0.359000 -2.182821
v 1.816441 0.368940 -2.181331
v 1.822591 0.359000 -2.230711
v 1.831081 0.368940 -2.226381
v 1.812921 0.359000 -2.207381
v 2.074811 0.619910 -2.048811
v 2.067861 0.535760 -2.055771
v 2.078271 0.700000 -2.045351
v 1.852471 0.481600 -2.001421
v 1.850471 0.552650 -1.998661
v 1.915811 0.201600 -2.003231
v 1.887401 0.271600 -2.003421
v 1.892271 0.201600 -2.012991
v 2.081381 0.450800 -2.157651
v 2.094231 0.461080 -2.157651
v 2.092641 0.461080 -2.177711
v 2.080240 0.461080 -2.215861
v 1.819201 0.249000 -2.134401
v 1.824630 0.249000 -2.111721
v 1.833531 0.189030 -2.114611
v 1.828441 0.189030 -2.135861
v 1.826921 0.308970 -2.086791
v 1.822591 0.359000 -2.084591
v 1.835771 0.359000 -2.063051
v 1.839701 0.308970 -2.065901
v 2.034711 0.368940 -2.292551
v 1.965981 0.065800 -2.022091
v 1.965981 0.132650 -2.007911
v 1.942561 0.132650 -2.009771
v 1.944781 0.065800 -2.023771
v 2.002711 0.000000 -2.044601
v 1.782321 0.481600 -2.097971
v 1.793931 0.481600 -2.069981
v 1.790901 0.552650 -2.068441
v 1.779081 0.552650 -2.096921
v 1.986041 0.461080 -2.030991
v 2.005610 0.461080 -2.035681
v 2.001641 0.450800 -2.047891
v 1.984031 0.450800 -2.043671
v 1.917751 0.308970 -2.009201
v 1.895121 0.308970 -2.018581
v 1.965981 0.308970 -2.001561
v 1.990401 0.308970 -2.003491
v 2.036821 0.045990 -2.086801
v 2.045130 0.054780 -2.078501
v 2.011461 0.045990 -2.068381
v 1.862221 0.461080 -2.233031
v 1.875301 0.461080 -2.248321
v 1.884381 0.450800 -2.239241
v 1.852191 0.359000 -2.043851
v 1.858921 0.368940 -2.050591
v 1.871381 0.359000 -2.027441
v 1.892921 0.359000 -2.014261
v 1.897241 0.368940 -2.022751
v 1.803611 0.201600 -2.157651
v 1.795021 0.271600 -2.184721
v 1.805621 0.201600 -2.183041
v 1.801351 0.271600 -2.211141
v 1.811561 0.201600 -2.207821
v 2.097341 0.201600 -2.062211
v 2.106021 0.271600 -2.055901
v 2.088371 0.271600 -2.035251
v 2.080781 0.201600 -2.042851
v 2.138721 0.341600 -2.101521
v 2.145360 0.341600 -2.129241
v 2.151850 0.411600 -2.128211
v 2.144971 0.411600 -2.099491
v 1.965981 0.481600 -1.964541
v 1.996191 0.481600 -1.966931
v 1.965981 0.552650 -1.961131
v 1.965981 0.271600 -1.984541
v 1.965981 0.201600 -1.995281
v 1.874231 0.308970 -2.283921
v 1.855621 0.308970 -2.268011
v 1.860901 0.249000 -2.262731
v 1.845741 0.249000 -2.245001
v 1.853311 0.189030 -2.239511
v 1.867511 0.189030 -2.256111
v 1.771901 0.552650 -2.126911
v 1.777681 0.700000 -2.096461
v 1.789581 0.700000 -2.067771
v 1.857151 0.619910 -2.048811
v 1.864101 0.535760 -2.055771
v 1.872631 0.700000 -2.029161
v 1.853691 0.700000 -2.045351
v 2.115520 0.368940 -2.181331
v 2.124931 0.359000 -2.182821
v 1.965981 0.619910 -2.003721
v 1.965981 0.535760 -2.013561
v 1.941141 0.700000 -2.000791
v 1.965981 0.700000 -1.998831
v 1.965981 0.698000 -1.957701
v 1.934701 0.698000 -1.960181
v 1.934921 0.625800 -1.961521
v 1.846650 0.001460 -2.138751
v 1.832111 0.065800 -2.136441
v 1.845151 0.001460 -2.157651
v 1.837061 0.065800 -2.115761
v 1.845211 0.065800 -2.096111
v 1.832581 0.132650 -2.089671
v 1.823570 0.132650 -2.111381
v 1.870691 0.045990 -2.126681
v 1.855421 0.054780 -2.140131
v 1.859511 0.054780 -2.123051
v 1.892591 0.045990 -2.120251
v 1.906311 0.481600 -2.341301
v 1.905251 0.552650 -2.344541
v 1.938901 0.271600 -2.328611
v 1.940580 0.201600 -2.318001
v 1.915811 0.201600 -2.312061
v 1.912490 0.271600 -2.322281
v 1.839261 0.129960 -2.177721
v 1.837671 0.129960 -2.157651
v 1.851660 0.129960 -2.215891
v 2.120211 0.271600 -2.236231
v 2.110641 0.201600 -2.231351
v 2.097341 0.201600 -2.253081
v 2.106020 0.271600 -2.259391
v 2.133661 0.411600 -2.243081
v 2.118241 0.411600 -2.268271
v 2.122211 0.481600 -2.271151
v 2.056131 0.625800 -2.334581
v 2.067731 0.271600 -2.017601
v 2.072741 0.341600 -2.010711
v 2.079491 0.481600 -2.001421
v 2.069731 0.461080 -2.082261
v 2.080240 0.461080 -2.099431
v 2.068800 0.450800 -2.105261
v 2.059340 0.450800 -2.089811
v 1.860111 0.132650 -2.051781
v 1.844841 0.132650 -2.069631
v 2.014210 0.308970 -2.009201
v 2.036841 0.308970 -2.018581
v 2.011901 0.249000 -2.016301
v 2.039041 0.359000 -2.014261
v 2.034721 0.368940 -2.022751
v 2.054981 0.368940 -2.035151
v 2.060580 0.359000 -2.027441
v 2.101531 0.065800 -2.157651
v 2.099851 0.065800 -2.136441
v 2.094901 0.065800 -2.199531
v 2.108381 0.132650 -2.203921
v 2.113861 0.132650 -2.181071
v 2.099851 0.065800 -2.178851
v 1.856231 0.450800 -2.121981
v 1.884381 0.450800 -2.076051
v 1.844011 0.461080 -2.118021
v 1.900181 0.054780 -2.248211
v 1.890561 0.129960 -2.261451
v 1.926331 0.129960 -2.279681
v 1.986051 0.129960 -2.030921
v 1.875501 0.619910 -2.033121
v 1.881291 0.535760 -2.041071
v 2.077920 0.054780 -2.157651
v 2.076540 0.054780 -2.140131
v 2.094290 0.129960 -2.157651
v 2.064930 0.045990 -2.141971
v 2.011461 0.045990 -2.246911
v 2.024871 0.045990 -2.238711
v 1.843481 0.368940 -2.068651
v 1.831081 0.368940 -2.088911
v 2.120400 0.201600 -2.107471
v 2.130610 0.271600 -2.104151
v 2.120211 0.271600 -2.079061
v 2.110641 0.201600 -2.083941
v 2.074811 0.619910 -2.266481
v 2.067861 0.535760 -2.259531
v 2.078271 0.700000 -2.269941
v 1.821891 0.535760 -2.157651
v 1.812061 0.619910 -2.157651
v 2.118001 0.619910 -2.133571
v 2.108281 0.535760 -2.135111
v 2.122831 0.700000 -2.132801
v 2.092261 0.308970 -2.065901
v 2.105041 0.308970 -2.086791
v 2.109981 0.368940 -2.110861
v 2.119040 0.359000 -2.107911
v 1.896101 0.619910 -2.294781
v 1.900571 0.535760 -2.286021
v 1.872631 0.700000 -2.286131
v 1.893881 0.700000 -2.299151
v 1.837561 0.341600 -2.029231
v 1.819041 0.341600 -2.050891
v 1.859221 0.341600 -2.010711
v 1.883531 0.341600 -1.995831
v 1.880541 0.411600 -1.989971
v 1.855351 0.411600 -2.005381
v 2.112761 0.249000 -2.180891
v 2.103521 0.189030 -2.179431
v 2.109981 0.368940 -2.204441
v 2.119040 0.359000 -2.207381
v 1.839261 0.129960 -2.137571
v 1.843951 0.129960 -2.118001
v 1.931391 0.054780 -2.051181
v 1.926331 0.129960 -2.035611
v 1.907731 0.129960 -2.043331
v 1.890561 0.129960 -2.053841
v 1.986041 0.461080 -2.284301
v 2.069791 0.129960 -2.233071
v 2.080301 0.129960 -2.215891
v 2.065721 0.054780 -2.208471
v 2.007870 0.065800 -2.286561
v 2.012250 0.132650 -2.300051
v 2.033951 0.132650 -2.291051
v 1.989401 0.132650 -2.305531
v 1.987180 0.065800 -2.291521
v 1.835771 0.359000 -2.252241
v 1.843481 0.368940 -2.246651
v 2.041361 0.461080 -2.261401
v 1.809751 0.481600 -2.271151
v 1.793931 0.481600 -2.245311
v 1.811821 0.308970 -2.133231
v 1.821981 0.368940 -2.110861
v 1.812921 0.359000 -2.107911
v 2.036840 0.308970 -2.296711
v 2.039041 0.359000 -2.301041
v 2.012771 0.368940 -2.301651
v 2.015711 0.359000 -2.310711
v 1.942731 0.249000 -2.010871
v 1.941561 0.308970 -2.003491
v 1.965981 0.368940 -2.006231
v 1.965981 0.359000 -1.996701
v 1.837061 0.065800 -2.199531
v 1.823570 0.132650 -2.203921
v 1.860080 0.000000 -2.211601
v 1.851071 0.001460 -2.194981
v 1.858330 0.001460 -2.212501
v 1.859221 0.341600 -2.304581
v 1.855350 0.411600 -2.309911
v 1.880541 0.411600 -2.325331
v 1.883530 0.341600 -2.319461
v 1.832911 0.411600 -2.290721
v 1.813721 0.411600 -2.268271
v 1.829441 0.481600 -2.294181
v 1.929251 0.000000 -2.044601
v 2.048351 0.045990 -2.157651
v 2.011621 0.045990 -2.157651
v 1.875301 0.461080 -2.066971
v 2.013541 0.619910 -2.304041
v 2.014471 0.698200 -2.306891
v 1.965981 0.698200 -2.314571
v 1.941431 0.698200 -2.312631
v 2.056700 0.129960 -2.066921
v 2.069791 0.129960 -2.082231
v 1.956711 -0.000000 -2.216171
v 1.947821 -0.000000 -2.272271
v 1.924091 0.065800 -2.286561
v 1.919711 0.132650 -2.300051
v 1.940581 0.201600 -1.997291
v 2.124961 0.552650 -2.273161
v 2.127741 0.698000 -2.275171
v 2.144121 0.698000 -2.248411
v 2.142910 0.625800 -2.247801
v 2.159091 0.481600 -2.157651
v 2.138031 0.481600 -2.069981
v 2.133661 0.411600 -2.072211
v 2.127800 0.341600 -2.075201
v 1.996191 0.481600 -2.348371
v 1.965981 0.341600 -2.339271
v 1.965981 0.411600 -2.345851
v 1.995421 0.411600 -2.343521
v 1.994390 0.341600 -2.337021
v 1.775821 0.698000 -2.095861
v 1.768511 0.698000 -2.126371
v 1.769851 0.625800 -2.126581
v 1.936541 0.411600 -1.971771
v 1.907821 0.411600 -1.978651
v 1.856321 0.065800 -2.077971
v 1.870141 0.065800 -2.061811
v 1.843951 0.129960 -2.197301
v 1.859511 0.054780 -2.192241
v 1.833531 0.189030 -2.200681
v 1.841901 0.189030 -2.220871
v 2.083370 -0.000000 -2.176241
v 2.079021 -0.000000 -2.194381
v 2.085310 0.001460 -2.176551
v 2.105241 0.189030 -2.157651
v 1.922940 0.189030 -2.290101
v 1.907731 0.129960 -2.271961
v 1.915161 0.054780 -2.257381
v 1.798301 0.411600 -2.072211
v 1.813721 0.411600 -2.047021
v 1.770441 0.700000 -2.188621
v 2.094901 0.065800 -2.115761
v 2.108381 0.132650 -2.111381
v 2.085310 0.001460 -2.138751
v 2.086811 0.001460 -2.157651
v 2.107331 0.249000 -2.111721
v 1.944201 0.189030 -2.020111
v 1.935011 0.700000 -2.353181
v 1.965981 0.700000 -2.355641
v 1.894961 0.001460 -2.255401
v 1.880551 0.001460 -2.243081
v 1.870141 0.065800 -2.253491
v 1.860111 0.132650 -2.263511
v 2.094401 0.341600 -2.029231
v 2.051421 0.411600 -1.989971
v 2.024141 0.411600 -1.978651
v 1.995421 0.411600 -1.971771
v 1.965981 0.411600 -1.969441
v 1.909851 0.341600 -2.330381
v 1.907821 0.411600 -2.336641
v 1.936541 0.411600 -2.343521
v 1.937571 0.341600 -2.337021
v 1.965981 0.450800 -2.042241
v 1.947931 0.450800 -2.043671
v 1.945921 0.461080 -2.030991
v 1.965981 0.461080 -2.029401
v 1.965981 0.450800 -2.106881
v 1.793241 0.341600 -2.101521
v 1.786981 0.411600 -2.099491
v 1.852011 0.450800 -2.175701
v 1.839321 0.461080 -2.177711
v 2.147611 0.341600 -2.157651
v 2.162111 0.625800 -2.126581
v 1.825991 0.700000 -2.017661
v 1.824611 0.698000 -2.016271
v 1.848451 0.698000 -1.995891
v 1.965981 0.461080 -2.285891
v 1.875261 0.129960 -2.066921
v 1.890601 0.461080 -2.261401
v 1.907761 0.461080 -2.271911
v 2.056131 0.625800 -1.980721
v 1.997251 0.698000 -1.960181
v 1.965981 -0.000000 -2.276511
v 1.984571 -0.000000 -2.275041
v 2.092931 0.698200 -2.065411
v 2.105791 0.698200 -2.086411
v 2.058221 0.698200 -2.030691
v 2.076931 0.698200 -2.046691
v 1.870541 0.201600 -2.026291
v 1.864231 0.271600 -2.017601
v 2.034200 -0.000000 -2.063751
v 2.062140 -0.000000 -2.087781
v 2.050020 -0.000000 -2.073601
v 1.839701 0.308970 -2.249391
v 2.014210 0.308970 -2.306091
v 1.989231 0.249000 -2.304421
v 1.986050 0.129960 -2.284371
v 1.987761 0.189030 -2.295191
v 1.833571 0.249000 -2.090181
v 2.071061 0.249000 -2.052561
v 1.825991 0.700000 -2.297641
v 1.986701 0.045990 -2.198311
v 1.958840 0.045990 -2.202731
v 1.920491 0.045990 -2.246911
v 2.056661 0.461080 -2.066971
v 1.935021 0.045990 -2.062351
v 2.005630 0.129960 -2.035611
v 2.055251 0.045990 -2.203131
v 2.118241 0.411600 -2.047021
v 2.144971 0.411600 -2.215811
v 2.024141 0.411600 -2.336641
v 2.014471 0.698200 -2.008401
v 1.990531 0.698200 -2.002671
v 2.037221 0.698200 -2.017841
v 1.839031 0.698200 -2.065411
v 1.855031 0.698200 -2.046691
v 1.873741 0.698200 -2.030691
v 1.894741 0.698200 -2.017841
v 1.983491 0.054780 -2.268201
v 2.072451 0.054780 -2.123051
v 1.775821 0.698000 -2.219431
v 1.768511 0.698000 -2.188921
v 1.777681 0.700000 -2.218831
v 1.965981 0.698200 -2.000721
v 1.965981 0.700000 -1.959661
v 1.935011 0.700000 -1.962111
v 1.825571 0.625800 -2.017231
v 1.805801 0.700000 -2.041271
v 2.107351 0.698000 -2.299021
v 2.114431 0.308970 -2.205881
v 2.120131 0.308970 -2.182061
v 2.071881 -0.000000 -2.103691
v 2.094471 0.700000 -2.064291
v 1.990531 0.698200 -2.312631
v 1.934701 0.698000 -2.355121
v 2.126161 0.700000 -2.041271
v 2.107351 0.698000 -2.016271
v 2.127741 0.698000 -2.040121
v 2.033951 0.132650 -2.024241
v 2.039690 0.201600 -2.012991
v 1.818101 0.132650 -2.134221
v 1.805621 0.201600 -2.132251
v 1.965981 0.341600 -1.976021
v 1.994391 0.341600 -1.978271
v 1.917491 0.698200 -2.008401
v 1.941431 0.698200 -2.002671
v 1.941561 0.308970 -2.311801
v 1.942291 0.368940 -2.307181
v 1.940801 0.359000 -2.316591
v 2.051420 0.411600 -2.325331
v 2.047841 0.189030 -2.270311
v 2.009011 0.189030 -2.025201
v 1.904191 0.698000 -2.347811
v 2.083501 0.698000 -2.319411
v 2.082350 0.700000 -2.317821
v 2.056751 0.698000 -2.335791
v 1.766031 0.698000 -2.157651
v 1.832911 0.411600 -2.024571
v 2.163970 0.700000 -2.157651
v 2.163451 0.698000 -2.188921
v 2.156141 0.698000 -2.219431
v 2.033811 0.450800 -2.251011
v 1.898151 0.450800 -2.251011
v 1.913591 0.450800 -2.260461
v 2.057731 0.308970 -2.031371
v 1.817531 0.308970 -2.109411
v 2.114431 0.308970 -2.109411
v 1.904191 0.698000 -1.967491
v 1.876101 0.700000 -1.981251
v 1.875211 0.698000 -1.979511
v 2.145360 0.341600 -2.186061
v 2.151850 0.411600 -2.187091
v 2.154191 0.411600 -2.157651
v 1.819041 0.341600 -2.264401
v 1.804161 0.341600 -2.240101
v 1.798301 0.411600 -2.243081
v 1.837561 0.341600 -2.286071
v 1.804161 0.341600 -2.075201
v 1.917491 0.698200 -2.306891
v 1.894741 0.698200 -2.297451
v 1.873741 0.698200 -2.284601
v 1.855031 0.698200 -2.268601
v 1.816741 0.698200 -2.109151
v 1.826171 0.698200 -2.086411
v 1.839031 0.698200 -2.249881
v 1.826171 0.698200 -2.228881
v 1.816741 0.698200 -2.206141
v 1.811001 0.698200 -2.182191
v 2.092931 0.698200 -2.249881
v 2.076931 0.698200 -2.268601
v 1.809061 0.698200 -2.157651
v 1.811001 0.698200 -2.133101
v 2.115221 0.698200 -2.109151
v 2.120961 0.698200 -2.133101
v 2.122900 0.698200 -2.157651
v 2.120961 0.698200 -2.182191
v 2.115221 0.698200 -2.206141
v 2.105791 0.698200 -2.228881
v 1.847121 0.000000 -2.157651
v 1.848590 0.000000 -2.139051
v 1.824611 0.698000 -2.299021
v 2.163451 0.698000 -2.126371
v 1.965981 0.001460 -2.036821
v 1.928641 0.001460 -2.042731
v 2.082361 0.700000 -1.997471
v 2.055861 0.700000 -1.981251
v 2.056751 0.698000 -1.979511
v 1.928640 0.001460 -2.272561
v 1.947391 -0.000000 -2.275041
v 1.912021 -0.000000 -2.263541
v 1.911131 0.001460 -2.265301
v 2.027161 0.700000 -2.345951
v 1.997251 0.698000 -2.355121
v 2.047570 0.450800 -2.076051
v 2.064451 0.189030 -2.059181
v 1.841901 0.189030 -2.094431
v 2.080891 0.001460 -2.194981
v 2.138721 0.341600 -2.213771
v 2.127800 0.341600 -2.240101
v 2.112921 0.341600 -2.050891
v 2.099051 0.411600 -2.024571
v 2.112921 0.341600 -2.264401
v 1.780101 0.411600 -2.187091
v 1.786601 0.341600 -2.186061
v 1.793241 0.341600 -2.213771
v 1.786981 0.411600 -2.215811
v 1.869820 0.000000 -2.227511
v 1.868231 0.001460 -2.228671
v 1.990821 0.700000 -2.000791
v 1.965981 0.000000 -2.038781
v 1.984571 0.000000 -2.040261
v 1.984881 0.001460 -2.038321
v 1.880551 0.001460 -2.072211
v 1.894961 0.001460 -2.059891
v 1.787841 0.698000 -2.248411
v 1.875211 0.698000 -2.335781
v 1.876101 0.700000 -2.334041
v 2.037000 0.001460 -2.255401
v 1.928581 0.045990 -2.084251
v 2.061420 0.201600 -2.026291
v 2.076601 0.411600 -2.005381
v 1.922571 0.045990 -2.171751
v 1.947080 0.001460 -2.276981
v 1.965981 0.001460 -2.278471
v 1.868231 0.001460 -2.086631
v 1.858330 0.001460 -2.102801
v 1.851071 0.001460 -2.120311
v 1.852931 0.000000 -2.120921
v 2.080891 0.001460 -2.120311
v 2.073631 0.001460 -2.102801
v 2.106390 0.625800 -2.298061
v 1.911131 0.001460 -2.050001
v 2.051410 0.001460 -2.243081
v 2.063730 0.001460 -2.228671
v 2.144121 0.698000 -2.066881
v 2.063730 0.001460 -2.086631
v 2.051410 0.001460 -2.072211
v 2.087950 0.461080 -2.197281
v 2.037001 0.001460 -2.059891
v 1.846650 0.001460 -2.176551
v 1.848590 0.000000 -2.176241
v 2.003320 0.001460 -2.272561
v 1.984881 0.001460 -2.276981
v 1.769851 0.625800 -2.188711
v 1.875831 0.625800 -1.980721
v 2.001871 0.450800 -2.121751
v 1.770441 0.700000 -2.126681
v 2.084841 -0.000000 -2.157651
v 2.073631 0.001460 -2.212501
v 2.071881 -0.000000 -2.211601
v 1.936231 0.450800 -2.249201
v 2.003320 0.001460 -2.042731
v 1.925310 0.045990 -2.136931
v 2.032620 0.045990 -2.206071
v 1.849910 0.000000 -2.157651
v 1.872081 0.000000 -2.225871
v 1.933711 0.045990 -2.189921
v 2.011060 0.045990 -2.164791
v 1.991441 0.045990 -2.235991
v 2.082041 -0.000000 -2.157651
v 2.032620 0.045990 -2.109231
vt 0.707500 0.486200
vt 0.723400 0.489000
vt 0.540000 0.483700
vt 0.540000 0.480800
vt 0.621700 0.474900
vt 0.706100 0.471600
vt 0.707500 0.477600
vt 0.670800 0.362100
vt 0.693200 0.359900
vt 0.691800 0.364900
vt 0.294900 0.804000
vt 0.291200 0.798400
vt 0.303800 0.799100
vt 0.313500 0.801600
vt 0.958000 0.720000
vt 0.969900 0.711400
vt 0.985200 0.713200
vt 0.689500 0.388300
vt 0.698500 0.386500
vt 0.709500 0.387300
vt 0.721300 0.389400
vt 0.936000 0.113400
vt 0.946300 0.110800
vt 0.943300 0.117000
vt 0.924200 0.114700
vt 0.611600 0.534000
vt 0.592800 0.528500
vt 0.611800 0.528200
vt 0.943300 0.480200
vt 0.943300 0.470500
vt 0.957900 0.474400
vt 0.959100 0.478600
vt 0.960800 0.123100
vt 0.962400 0.116300
vt 0.981900 0.120100
vt 0.988800 0.127100
vt 0.759000 0.438400
vt 0.757400 0.430500
vt 0.768900 0.433600
vt 0.767700 0.440600
vt 0.720100 0.544200
vt 0.742800 0.550000
vt 0.719000 0.549900
vt 0.586400 0.344600
vt 0.661500 0.345700
vt 0.670900 0.350800
vt 0.504700 0.348700
vt 0.691400 0.347600
vt 0.684200 0.344300
vt 0.693400 0.345400
vt 0.376300 0.447900
vt 0.388700 0.447800
vt 0.391100 0.454600
vt 0.362400 0.455100
vt 0.774500 0.958400
vt 0.759300 0.951700
vt 0.789200 0.951200
vt 0.795400 0.958400
vt 0.977200 0.473200
vt 0.975300 0.477700
vt 0.984700 0.720500
vt 0.982600 0.724800
vt 0.990600 0.722800
vt 0.988200 0.729500
vt 0.589700 0.958200
vt 0.577300 0.958000
vt 0.574900 0.951200
vt 0.603700 0.951200
vt 0.464100 0.799800
vt 0.462100 0.793100
vt 0.475900 0.791700
vt 0.487700 0.797700
vt 0.942700 0.716600
vt 0.914900 0.705800
vt 0.943500 0.710800
vt 0.289800 0.801800
vt 0.268900 0.796800
vt 0.288700 0.795600
vt 0.019500 0.887000
vt 0.005900 0.892100
vt 0.015100 0.882000
vt 0.731100 0.625800
vt 0.733000 0.619300
vt 0.745700 0.619900
vt 0.758600 0.628400
vt 0.506700 0.530400
vt 0.488300 0.536700
vt 0.487500 0.530600
vt 0.504500 0.524700
vt 0.781600 0.981700
vt 0.769300 0.973900
vt 0.790400 0.975200
vt 0.797200 0.983400
vt 0.747000 0.820300
vt 0.760000 0.828500
vt 0.732400 0.826500
vt 0.734300 0.819800
vt 0.769000 0.367300
vt 0.770300 0.361100
vt 0.782000 0.360700
vt 0.794400 0.367500
vt 0.787400 0.674300
vt 0.769200 0.674400
vt 0.770000 0.667900
vt 0.786800 0.667900
vt 0.239400 0.756200
vt 0.245300 0.759900
vt 0.223400 0.768200
vt 0.221900 0.761900
vt 0.259000 0.801500
vt 0.259100 0.795600
vt 0.914200 0.717000
vt 0.923800 0.719500
vt 0.303800 0.789200
vt 0.322000 0.792900
vt 0.323600 0.797500
vt 0.563200 0.533300
vt 0.583300 0.533400
vt 0.582100 0.535800
vt 0.098100 0.834600
vt 0.081600 0.827300
vt 0.093400 0.825300
vt 0.101300 0.827900
vt 0.648300 0.526400
vt 0.648300 0.532900
vt 0.632600 0.531700
vt 0.632500 0.525300
vt 0.945500 0.084200
vt 0.971500 0.081400
vt 0.959300 0.089600
vt 0.931700 0.092900
vt 0.689600 0.395900
vt 0.721100 0.399500
vt 0.709600 0.400100
vt 0.687200 0.400700
vt 0.622200 0.613400
vt 0.724100 0.615100
vt 0.697300 0.617400
vt 0.622100 0.617000
vt 0.746000 0.384300
vt 0.745600 0.390700
vt 0.734800 0.389200
vt 0.736000 0.384500
vt 0.586600 0.401000
vt 0.585700 0.393300
vt 0.661500 0.392600
vt 0.661900 0.397100
vt 0.504800 0.352300
vt 0.504200 0.357500
vt 0.806300 0.353500
vt 0.830900 0.350700
vt 0.806400 0.360500
vt 0.886200 0.185900
vt 0.913200 0.190100
vt 0.900500 0.196300
vt 0.885500 0.193900
vt 0.746100 0.966000
vt 0.726800 0.965200
vt 0.736200 0.958500
vt 0.747100 0.958700
vt 0.693400 0.353700
vt 0.688300 0.348300
vt 0.698700 0.349300
vt 0.709400 0.353800
vt 0.709400 0.362100
vt 0.698700 0.357800
vt 0.696800 0.481900
vt 0.540000 0.476200
vt 0.540000 0.471700
vt 0.448400 0.347300
vt 0.419400 0.354400
vt 0.419300 0.347700
vt 0.448400 0.343600
vt 0.741800 0.913000
vt 0.766300 0.920700
vt 0.741800 0.919900
vt 0.786700 0.585300
vt 0.800300 0.589600
vt 0.775300 0.594300
vt 0.775300 0.587900
vt 0.659000 0.797200
vt 0.676500 0.805300
vt 0.657000 0.805400
vt 0.640200 0.795900
vt 0.922900 0.119100
vt 0.944400 0.123800
vt 0.730300 0.355400
vt 0.721300 0.350400
vt 0.737500 0.346200
vt 0.738100 0.353200
vt 0.979900 0.021900
vt 0.982000 0.029400
vt 0.959500 0.024400
vt 0.960500 0.017600
vt 0.397700 0.741200
vt 0.426300 0.754800
vt 0.419900 0.760200
vt 0.397400 0.749700
vt 0.557700 0.198100
vt 0.576900 0.198900
vt 0.558600 0.205400
vt 0.539800 0.204000
vt 0.536000 0.543100
vt 0.556900 0.542800
vt 0.558300 0.549900
vt 0.534100 0.550200
vt 0.621800 0.626100
vt 0.706900 0.622100
vt 0.697000 0.625900
vt 0.903800 0.116500
vt 0.921000 0.123500
vt 0.895300 0.118400
vt 0.938800 0.207600
vt 0.939800 0.200100
vt 0.952300 0.201300
vt 0.965100 0.209300
vt 0.920400 0.129600
vt 0.928800 0.124700
vt 0.936000 0.135300
vt 0.920600 0.124100
vt 0.933800 0.130600
vt 0.219700 0.755700
vt 0.238200 0.749800
vt 0.155300 0.795000
vt 0.140300 0.802600
vt 0.140400 0.796300
vt 0.168200 0.782400
vt 0.481600 0.450500
vt 0.420800 0.455400
vt 0.419000 0.450300
vt 0.484200 0.445700
vt 0.906900 0.981300
vt 0.942300 0.983800
vt 0.924800 0.987500
vt 0.908800 0.986900
vt 0.961300 0.010600
vt 0.983700 0.015700
vt 0.899000 0.961800
vt 0.905900 0.962200
vt 0.903000 0.970200
vt 0.897800 0.969200
vt 0.377200 0.724700
vt 0.381300 0.730600
vt 0.362700 0.735900
vt 0.360400 0.730800
vt 0.779900 0.543200
vt 0.795100 0.548000
vt 0.768100 0.549400
vt 0.764100 0.544000
vt 0.418700 0.564000
vt 0.377900 0.578500
vt 0.375300 0.572400
vt 0.418100 0.559900
vt 0.838400 0.330000
vt 0.824700 0.323900
vt 0.850900 0.325400
vt 0.863000 0.334300
vt 0.747700 0.865700
vt 0.729400 0.865800
vt 0.728700 0.859100
vt 0.764500 0.859800
vt 0.899400 0.504400
vt 0.908700 0.509000
vt 0.888000 0.509100
vt 0.889800 0.504900
vt 0.861600 0.648300
vt 0.843700 0.642400
vt 0.883400 0.640800
vt 0.880200 0.647700
vt 0.947400 0.468000
vt 0.958100 0.468600
vt 0.932100 0.467100
vt 0.923700 0.471300
vt 0.903300 0.471800
vt 0.627000 0.327100
vt 0.608600 0.326900
vt 0.608000 0.320200
vt 0.627400 0.320700
vt 0.406000 0.795100
vt 0.381100 0.790500
vt 0.406600 0.789300
vt 0.714700 0.578500
vt 0.674200 0.572700
vt 0.671400 0.565200
vt 0.732000 0.574900
vt 0.620600 0.496700
vt 0.643100 0.501100
vt 0.619200 0.504100
vt 0.504900 0.382700
vt 0.661900 0.387200
vt 0.504200 0.391900
vt 0.419600 0.384000
vt 0.419400 0.377300
vt 0.448500 0.378600
vt 0.609800 0.528600
vt 0.953200 0.707600
vt 0.958900 0.708600
vt 0.958300 0.714000
vt 0.950100 0.714400
vt 0.761700 0.753400
vt 0.734800 0.752100
vt 0.738800 0.745600
vt 0.758800 0.746400
vt 0.693100 0.745500
vt 0.692000 0.752500
vt 0.642100 0.753700
vt 0.642100 0.746500
vt 0.760500 0.814500
vt 0.786700 0.813800
vt 0.773400 0.822000
vt 0.760400 0.821300
vt 0.838000 0.819500
vt 0.839900 0.826700
vt 0.821300 0.828600
vt 0.820100 0.821000
vt 0.901900 0.542200
vt 0.917200 0.548700
vt 0.875700 0.549300
vt 0.889000 0.542700
vt 0.982100 0.115800
vt 0.044600 0.812800
vt 0.008000 0.799900
vt 0.027200 0.799700
vt 0.045600 0.806100
vt 0.087600 0.814800
vt 0.084700 0.821100
vt 0.078300 0.810500
vt 0.672700 0.812900
vt 0.692200 0.812100
vt 0.690400 0.820300
vt 0.673600 0.820700
vt 0.688700 0.528800
vt 0.661100 0.515600
vt 0.678900 0.514200
vt 0.692400 0.522100
vt 0.035200 0.910000
vt 0.084400 0.920100
vt 0.083800 0.926800
vt 0.033300 0.913700
vt 0.292800 0.825600
vt 0.279400 0.817700
vt 0.305100 0.820400
vt 0.305500 0.826700
vt 0.849100 0.356600
vt 0.884000 0.359100
vt 0.818700 0.366700
vt 0.215800 0.917800
vt 0.188900 0.915400
vt 0.216000 0.910600
vt 0.949500 0.719600
vt 0.919100 0.751900
vt 0.894200 0.751200
vt 0.897800 0.745000
vt 0.916200 0.745500
vt 0.855800 0.745600
vt 0.854900 0.752200
vt 0.809100 0.754200
vt 0.808900 0.747400
vt 0.160900 0.873700
vt 0.213500 0.889000
vt 0.212500 0.895600
vt 0.158600 0.877100
vt 0.601100 0.873700
vt 0.655700 0.868800
vt 0.657100 0.875400
vt 0.600200 0.877700
vt 0.183900 0.959500
vt 0.184200 0.964400
vt 0.167800 0.967100
vt 0.167500 0.962000
vt 0.532600 0.703700
vt 0.546100 0.700900
vt 0.545000 0.708000
vt 0.533800 0.710200
vt 0.868800 0.954500
vt 0.867700 0.963400
vt 0.864300 0.960300
vt 0.867500 0.953300
vt 0.211900 0.979000
vt 0.161600 0.984500
vt 0.160800 0.978200
vt 0.212900 0.975000
vt 0.915600 0.182800
vt 0.896700 0.176700
vt 0.898500 0.173500
vt 0.916500 0.179300
vt 0.869200 0.388200
vt 0.820100 0.388000
vt 0.821400 0.380000
vt 0.871800 0.382500
vt 0.766600 0.385400
vt 0.764600 0.393200
vt 0.476900 0.358200
vt 0.447900 0.359300
vt 0.448500 0.352200
vt 0.477600 0.351500
vt 0.483600 0.480200
vt 0.483700 0.474200
vt 0.512800 0.475600
vt 0.512700 0.481600
vt 0.916100 0.541700
vt 0.511100 0.129900
vt 0.487900 0.138800
vt 0.481900 0.132600
vt 0.511600 0.121500
vt 0.076400 0.980100
vt 0.041000 0.975600
vt 0.076200 0.970300
vt 0.409100 0.635600
vt 0.406700 0.642400
vt 0.379800 0.633400
vt 0.379800 0.627500
vt 0.495100 0.846400
vt 0.556500 0.846800
vt 0.557800 0.853400
vt 0.493700 0.850300
vt 0.547400 0.804200
vt 0.545300 0.796500
vt 0.565600 0.796500
vt 0.569800 0.804000
vt 0.476000 0.805100
vt 0.454500 0.804600
vt 0.302300 0.440500
vt 0.322900 0.439700
vt 0.322800 0.448300
vt 0.305300 0.448700
vt 0.095700 0.863500
vt 0.078400 0.871300
vt 0.075500 0.863800
vt 0.090400 0.857500
vt 0.032500 0.888800
vt 0.019800 0.894100
vt 0.030100 0.882700
vt 0.589600 0.965300
vt 0.574000 0.965600
vt 0.663500 0.966800
vt 0.642900 0.967300
vt 0.643200 0.958600
vt 0.660700 0.958600
vt 0.959900 0.055600
vt 0.933700 0.047600
vt 0.947500 0.045300
vt 0.981600 0.059400
vt 0.978500 0.440500
vt 0.996800 0.439600
vt 0.994300 0.447800
vt 0.978600 0.448300
vt 0.963500 0.796900
vt 0.974100 0.804000
vt 0.951100 0.804500
vt 0.939100 0.796400
vt 0.908100 0.770400
vt 0.874400 0.772700
vt 0.872600 0.766600
vt 0.922400 0.763500
vt 0.809500 0.767100
vt 0.838400 0.768000
vt 0.824400 0.773600
vt 0.794100 0.771200
vt 0.785000 0.429800
vt 0.795300 0.431300
vt 0.794000 0.436100
vt 0.778600 0.434800
vt 0.068100 0.945000
vt 0.098800 0.958200
vt 0.094900 0.963100
vt 0.070900 0.953100
vt 0.633400 0.666800
vt 0.632100 0.662900
vt 0.646600 0.664100
vt 0.648500 0.668500
vt 0.691800 0.648400
vt 0.689700 0.654700
vt 0.640900 0.644800
vt 0.640600 0.640800
vt 0.693900 0.981300
vt 0.690000 0.974000
vt 0.731100 0.973200
vt 0.731800 0.980200
vt 0.755500 0.980400
vt 0.754400 0.987400
vt 0.190900 0.921600
vt 0.344500 0.681800
vt 0.328400 0.671500
vt 0.328500 0.663600
vt 0.349200 0.676900
vt 0.928100 0.061200
vt 0.928300 0.066300
vt 0.911600 0.064800
vt 0.912100 0.059700
vt 0.928000 0.159100
vt 0.929200 0.167100
vt 0.881100 0.150200
vt 0.881000 0.143200
vt 0.606100 0.921200
vt 0.606700 0.914600
vt 0.656900 0.914300
vt 0.658200 0.918300
vt 0.563600 0.921000
vt 0.557800 0.914400
vt 0.572200 0.914500
vt 0.587100 0.921000
vt 0.796100 0.965300
vt 0.760200 0.965700
vt 0.590400 0.185200
vt 0.594500 0.191300
vt 0.474200 0.418200
vt 0.490100 0.416200
vt 0.489000 0.422800
vt 0.456800 0.427100
vt 0.913900 0.722300
vt 0.923300 0.723900
vt 0.592600 0.536300
vt 0.092400 0.893700
vt 0.069300 0.884500
vt 0.070900 0.878800
vt 0.095900 0.886700
vt 0.694200 0.797800
vt 0.695700 0.805000
vt 0.855800 0.709700
vt 0.877600 0.717700
vt 0.856400 0.717500
vt 0.830600 0.708900
vt 0.798400 0.708100
vt 0.799600 0.715100
vt 0.779000 0.714500
vt 0.781300 0.708000
vt 0.420700 0.694400
vt 0.400200 0.696600
vt 0.401700 0.688900
vt 0.418400 0.686800
vt 0.800900 0.893000
vt 0.784100 0.896400
vt 0.786600 0.889900
vt 0.805500 0.885800
vt 0.900900 0.939600
vt 0.891500 0.934600
vt 0.918200 0.928200
vt 0.919200 0.934700
vt 0.829100 0.928900
vt 0.869900 0.933000
vt 0.853400 0.936300
vt 0.828700 0.932500
vt 0.542800 0.885800
vt 0.542100 0.892500
vt 0.523800 0.892400
vt 0.523500 0.886000
vt 0.958200 0.640700
vt 0.970600 0.640100
vt 0.970100 0.645000
vt 0.951200 0.646000
vt 0.737100 0.436200
vt 0.740900 0.445500
vt 0.716400 0.451400
vt 0.713400 0.443000
vt 0.510000 0.976900
vt 0.498700 0.969400
vt 0.525600 0.969000
vt 0.524500 0.977400
vt 0.867400 0.562900
vt 0.870800 0.568900
vt 0.854700 0.575100
vt 0.851900 0.568500
vt 0.821800 0.577500
vt 0.833000 0.566200
vt 0.852600 0.560700
vt 0.512900 0.622800
vt 0.483800 0.622900
vt 0.484000 0.616600
vt 0.513100 0.616600
vt 0.960200 0.598100
vt 0.960300 0.591900
vt 0.981100 0.592600
vt 0.978300 0.598300
vt 0.805100 0.667800
vt 0.808500 0.674200
vt 0.857500 0.797200
vt 0.887400 0.796700
vt 0.890800 0.803600
vt 0.830300 0.804100
vt 0.683700 0.771200
vt 0.679300 0.763500
vt 0.700400 0.763600
vt 0.703100 0.771500
vt 0.753800 0.773000
vt 0.732400 0.764900
vt 0.763600 0.765400
vt 0.861400 0.858700
vt 0.860800 0.866600
vt 0.844000 0.866800
vt 0.841900 0.858700
vt 0.602900 0.581100
vt 0.613500 0.583300
vt 0.612900 0.587400
vt 0.596400 0.584800
vt 0.806700 0.693700
vt 0.797300 0.686500
vt 0.842200 0.686800
vt 0.862500 0.693000
vt 0.979500 0.265600
vt 0.989800 0.271700
vt 0.964100 0.272200
vt 0.968200 0.264500
vt 0.735800 0.738200
vt 0.721200 0.745300
vt 0.720800 0.738300
vt 0.645000 0.928700
vt 0.664500 0.928200
vt 0.662600 0.936400
vt 0.645800 0.936500
vt 0.238300 0.848800
vt 0.238300 0.855300
vt 0.227900 0.856500
vt 0.217000 0.850300
vt 0.718300 0.394800
vt 0.682800 0.392500
vt 0.580700 0.424200
vt 0.536000 0.417300
vt 0.558600 0.413000
vt 0.584600 0.417400
vt 0.739700 0.668200
vt 0.758300 0.668000
vt 0.757400 0.674400
vt 0.739100 0.674000
vt 0.770800 0.653100
vt 0.771800 0.647500
vt 0.788100 0.648400
vt 0.787500 0.655300
vt 0.844200 0.648700
vt 0.086000 0.800500
vt 0.070900 0.798000
vt 0.072700 0.792400
vt 0.087700 0.793600
vt 0.785000 0.629900
vt 0.772200 0.622000
vt 0.818800 0.621900
vt 0.819800 0.629500
vt 0.759400 0.614300
vt 0.759200 0.621200
vt 0.745900 0.612800
vt 0.723000 0.709900
vt 0.680500 0.707000
vt 0.700500 0.701600
vt 0.725200 0.703700
vt 0.522500 0.719300
vt 0.499100 0.724400
vt 0.509600 0.715300
vt 0.521300 0.712900
vt 0.465700 0.716500
vt 0.484200 0.712100
vt 0.485600 0.720000
vt 0.469800 0.723400
vt 0.840400 0.135700
vt 0.839000 0.128100
vt 0.855100 0.134100
vt 0.854300 0.140600
vt 0.726700 0.942800
vt 0.707200 0.943800
vt 0.708900 0.935600
vt 0.725700 0.935000
vt 0.503100 0.599700
vt 0.503500 0.606300
vt 0.491400 0.606700
vt 0.491000 0.599800
vt 0.636000 0.982700
vt 0.635000 0.974800
vt 0.657600 0.977600
vt 0.655400 0.984700
vt 0.406200 0.594900
vt 0.403500 0.600500
vt 0.388400 0.596800
vt 0.377300 0.591100
vt 0.895000 0.738200
vt 0.881600 0.745100
vt 0.881100 0.738500
vt 0.479100 0.559900
vt 0.505700 0.569400
vt 0.502100 0.576500
vt 0.476700 0.567400
vt 0.941900 0.943500
vt 0.926200 0.940000
vt 0.939900 0.938000
vt 0.816900 0.423800
vt 0.799000 0.419700
vt 0.799900 0.413000
vt 0.818600 0.417600
vt 0.633100 0.573500
vt 0.617300 0.571900
vt 0.634900 0.567900
vt 0.645100 0.568900
vt 0.537400 0.772200
vt 0.517100 0.763500
vt 0.560400 0.766600
vt 0.558300 0.773400
vt 0.644200 0.327400
vt 0.671200 0.328400
vt 0.671900 0.333100
vt 0.628500 0.334300
vt 0.922800 0.009200
vt 0.927800 0.017200
vt 0.911600 0.013800
vt 0.912900 0.008300
vt 0.833500 0.543000
vt 0.836900 0.548700
vt 0.807600 0.547800
vt 0.805000 0.542400
vt 0.731000 0.360600
vt 0.717600 0.358800
vt 0.720900 0.353200
vt 0.982000 0.114300
vt 0.991100 0.108900
vt 0.988800 0.116400
vt 0.348800 0.706800
vt 0.325700 0.701000
vt 0.348100 0.699500
vt 0.297000 0.690300
vt 0.296000 0.695400
vt 0.278600 0.693400
vt 0.277000 0.688800
vt 0.922400 0.477600
vt 0.903400 0.475100
vt 0.160200 0.949800
vt 0.161500 0.954600
vt 0.136900 0.956100
vt 0.218800 0.963200
vt 0.195000 0.955900
vt 0.204700 0.950300
vt 0.220900 0.955900
vt 0.192700 0.834400
vt 0.209900 0.828300
vt 0.212800 0.834300
vt 0.194500 0.840500
vt 0.176400 0.840200
vt 0.150700 0.848600
vt 0.148400 0.844400
vt 0.188700 0.828200
vt 0.112600 0.972700
vt 0.114500 0.982900
vt 0.094700 0.980500
vt 0.091100 0.970100
vt 0.768300 0.354400
vt 0.794000 0.354400
vt 0.875700 0.687000
vt 0.861200 0.686900
vt 0.875500 0.681200
vt 0.816800 0.680000
vt 0.846200 0.679700
vt 0.068300 0.814200
vt 0.057900 0.817700
vt 0.509200 0.823200
vt 0.490900 0.822000
vt 0.490700 0.815300
vt 0.510000 0.816900
vt 0.526300 0.824400
vt 0.553300 0.826900
vt 0.553700 0.831600
vt 0.510300 0.830400
vt 0.563200 0.686400
vt 0.525400 0.686000
vt 0.564000 0.680200
vt 0.890200 0.395200
vt 0.821400 0.395600
vt 0.905300 0.522700
vt 0.954200 0.511100
vt 0.956400 0.517500
vt 0.905100 0.526900
vt 0.970000 0.507100
vt 0.987700 0.503000
vt 0.974700 0.512800
vt 0.515100 0.756500
vt 0.514500 0.749600
vt 0.577300 0.747300
vt 0.581100 0.751900
vt 0.854700 0.167100
vt 0.829800 0.156500
vt 0.854300 0.161500
vt 0.243800 0.817000
vt 0.224700 0.814100
vt 0.241700 0.810200
vt 0.766000 0.687900
vt 0.757400 0.688600
vt 0.750900 0.682900
vt 0.776300 0.680600
vt 0.977600 0.707200
vt 0.985400 0.390200
vt 0.964300 0.382400
vt 0.985200 0.383700
vt 0.455400 0.818800
vt 0.471800 0.828000
vt 0.454500 0.825900
vt 0.655300 0.820900
vt 0.653500 0.813800
vt 0.792700 0.870900
vt 0.749400 0.872800
vt 0.764900 0.865600
vt 0.792000 0.866200
vt 0.151100 0.782300
vt 0.190300 0.764700
vt 0.182800 0.775500
vt 0.635900 0.204000
vt 0.633200 0.208900
vt 0.618100 0.204900
vt 0.607000 0.199700
vt 0.481700 0.913800
vt 0.518500 0.906200
vt 0.500700 0.914300
vt 0.525000 0.518600
vt 0.530700 0.523400
vt 0.557700 0.510300
vt 0.554300 0.505300
vt 0.580900 0.495900
vt 0.581500 0.502200
vt 0.909900 0.348000
vt 0.912700 0.353100
vt 0.882100 0.352800
vt 0.954000 0.825500
vt 0.955300 0.818100
vt 0.974100 0.812100
vt 0.976200 0.818500
vt 0.083900 0.943200
vt 0.073000 0.940100
vt 0.074400 0.936500
vt 0.096200 0.936200
vt 0.039400 0.871600
vt 0.061400 0.862100
vt 0.052900 0.873000
vt 0.041800 0.877600
vt 0.476800 0.391800
vt 0.477700 0.401800
vt 0.448500 0.401700
vt 0.447800 0.391300
vt 0.993600 0.280700
vt 0.992300 0.289400
vt 0.971800 0.282200
vt 0.972100 0.274000
vt 0.955800 0.269600
vt 0.953700 0.276300
vt 0.927100 0.267900
vt 0.928100 0.263200
vt 0.325500 0.770400
vt 0.324200 0.779000
vt 0.303700 0.771900
vt 0.304000 0.763700
vt 0.287700 0.759200
vt 0.285600 0.766000
vt 0.259000 0.757600
vt 0.260100 0.752800
vt 0.708600 0.415000
vt 0.709900 0.421600
vt 0.657700 0.438500
vt 0.655300 0.435100
vt 0.991500 0.799900
vt 0.974000 0.795900
vt 0.992100 0.791300
vt 0.467700 0.539900
vt 0.461500 0.543300
vt 0.454500 0.540500
vt 0.471500 0.530100
vt 0.663000 0.701100
vt 0.626600 0.706900
vt 0.626000 0.713500
vt 0.583500 0.714000
vt 0.567500 0.711000
vt 0.448500 0.365800
vt 0.477600 0.364400
vt 0.477500 0.368800
vt 0.448400 0.370300
vt 0.540100 0.465000
vt 0.169500 0.819100
vt 0.185800 0.819100
vt 0.185900 0.826200
vt 0.170300 0.824200
vt 0.313100 0.664000
vt 0.298900 0.659900
vt 0.301400 0.653900
vt 0.314600 0.657300
vt 0.976300 0.935200
vt 0.949500 0.934100
vt 0.977300 0.928200
vt 0.379600 0.695300
vt 0.380100 0.701400
vt 0.360400 0.709800
vt 0.519300 0.583000
vt 0.523400 0.576900
vt 0.535400 0.589100
vt 0.563200 0.593900
vt 0.560900 0.598000
vt 0.867400 0.588200
vt 0.882400 0.587300
vt 0.881400 0.594100
vt 0.867500 0.594300
vt 0.786800 0.771500
vt 0.787200 0.766700
vt 0.968200 0.469700
vt 0.956200 0.469600
vt 0.957800 0.464300
vt 0.967200 0.462300
vt 0.798000 0.427500
vt 0.816900 0.431100
vt 0.833700 0.427700
vt 0.859800 0.434500
vt 0.859500 0.439200
vt 0.323300 0.847500
vt 0.322100 0.855500
vt 0.303200 0.848900
vt 0.303500 0.841300
vt 0.932800 0.967400
vt 0.909300 0.958000
vt 0.909000 0.953900
vt 0.946800 0.966800
vt 0.744000 0.934600
vt 0.745800 0.941700
vt 0.761300 0.934200
vt 0.788300 0.934300
vt 0.789200 0.939000
vt 0.333800 0.737800
vt 0.332900 0.745900
vt 0.319600 0.739600
vt 0.319700 0.732100
vt 0.305700 0.734500
vt 0.282200 0.727100
vt 0.281900 0.722600
vt 0.541200 0.900300
vt 0.522100 0.899500
vt 0.506500 0.892300
vt 0.478700 0.897600
vt 0.479500 0.892900
vt 0.879100 0.866100
vt 0.880600 0.858900
vt 0.896300 0.865600
vt 0.924000 0.859500
vt 0.923300 0.864200
vt 0.922700 0.646500
vt 0.923200 0.640000
vt 0.627400 0.936500
vt 0.625800 0.929300
vt 0.610200 0.936400
vt 0.583200 0.935600
vt 0.582500 0.930900
vt 0.850600 0.773600
vt 0.964300 0.670900
vt 0.941800 0.662200
vt 0.965800 0.662700
vt 0.531700 0.424500
vt 0.511700 0.422800
vt 0.514200 0.416100
vt 0.533900 0.409800
vt 0.948200 0.719400
vt 0.978300 0.726700
vt 0.958600 0.722900
vt 0.808000 0.798700
vt 0.823700 0.797600
vt 0.822200 0.804100
vt 0.807500 0.803700
vt 0.961800 0.620700
vt 0.963000 0.614900
vt 0.978400 0.617800
vt 0.978100 0.625300
vt 0.032500 0.937200
vt 0.049600 0.946000
vt 0.031600 0.942100
vt 0.294700 0.745900
vt 0.276700 0.741700
vt 0.295400 0.739600
vt 0.767400 0.468300
vt 0.792200 0.480200
vt 0.765500 0.475800
vt 0.617200 0.865600
vt 0.587900 0.869600
vt 0.051800 0.906700
vt 0.024800 0.902500
vt 0.654500 0.654400
vt 0.628400 0.647600
vt 0.912600 0.002600
vt 0.923000 0.002000
vt 0.561000 0.706100
vt 0.548400 0.713700
vt 0.746000 0.544000
vt 0.885500 0.618400
vt 0.888000 0.624100
vt 0.856400 0.627900
vt 0.854900 0.620900
vt 0.470300 0.976900
vt 0.454500 0.979000
vt 0.458900 0.971700
vt 0.471600 0.970100
vt 0.486800 0.962600
vt 0.524900 0.960700
vt 0.485600 0.969300
vt 0.178900 0.872000
vt 0.150100 0.865100
vt 0.709200 0.821100
vt 0.127800 0.908800
vt 0.153800 0.911200
vt 0.142400 0.913800
vt 0.127000 0.912800
vt 0.616500 0.982000
vt 0.635000 0.989200
vt 0.616900 0.988700
vt 0.477800 0.593400
vt 0.504900 0.593600
vt 0.478600 0.599400
vt 0.284700 0.881900
vt 0.261700 0.882000
vt 0.267300 0.878300
vt 0.283200 0.877800
vt 0.666200 0.771400
vt 0.665100 0.764000
vt 0.710100 0.652300
vt 0.723100 0.661500
vt 0.705400 0.658100
vt 0.919000 0.512700
vt 0.892700 0.520300
vt 0.937700 0.280600
vt 0.962300 0.286300
vt 0.950200 0.289400
vt 0.923900 0.284600
vt 0.905000 0.286500
vt 0.922000 0.279500
vt 0.631500 0.789300
vt 0.648100 0.789500
vt 0.623200 0.795300
vt 0.886100 0.967300
vt 0.890500 0.961700
vt 0.888000 0.972900
vt 0.897000 0.971300
vt 0.894900 0.974300
vt 0.675700 0.439600
vt 0.647200 0.447400
vt 0.041500 0.982200
vt 0.576800 0.846700
vt 0.600400 0.846900
vt 0.581600 0.853300
vt 0.929500 0.823100
vt 0.681400 0.937400
vt 0.821700 0.202100
vt 0.844200 0.209300
vt 0.807800 0.207800
vt 0.808500 0.200900
vt 0.890500 0.711000
vt 0.894300 0.717900
vt 0.828300 0.950800
vt 0.862000 0.965300
vt 0.838400 0.962000
vt 0.825900 0.957200
vt 0.951700 0.123100
vt 0.958200 0.119500
vt 0.958300 0.131000
vt 0.951600 0.133900
vt 0.725600 0.387200
vt 0.726800 0.392300
vt 0.670200 0.356600
vt 0.687100 0.347400
vt 0.670000 0.356600
vt 0.801100 0.821600
vt 0.800900 0.813300
vt 0.823100 0.813100
vt 0.809600 0.779800
vt 0.824900 0.780600
vt 0.145300 0.986700
vt 0.127000 0.989300
vt 0.141900 0.980900
vt 0.609300 0.334700
vt 0.611600 0.523600
vt 0.837400 0.482100
vt 0.818600 0.473700
vt 0.854800 0.472500
vt 0.855700 0.480200
vt 0.942200 0.597900
vt 0.941700 0.604600
vt 0.821600 0.334300
vt 0.805900 0.327900
vt 0.821600 0.327400
vt 0.268400 0.791300
vt 0.951000 0.548600
vt 0.940200 0.541500
vt 0.950900 0.541700
vt 0.610200 0.815900
vt 0.638000 0.821000
vt 0.611000 0.820600
vt 0.850300 0.412300
vt 0.860900 0.419400
vt 0.856800 0.420100
vt 0.848900 0.417100
vt 0.968100 0.479200
vt 0.974000 0.235400
vt 0.994700 0.247100
vt 0.972300 0.241000
vt 0.946400 0.175200
vt 0.965100 0.174300
vt 0.932200 0.184100
vt 0.629800 0.951000
vt 0.616600 0.958200
vt 0.603600 0.958100
vt 0.592900 0.504000
vt 0.607500 0.495900
vt 0.881300 0.943100
vt 0.327400 0.694300
vt 0.975700 0.233300
vt 0.990500 0.223800
vt 0.988800 0.233300
vt 0.662100 0.506700
vt 0.641400 0.508500
vt 0.496800 0.769400
vt 0.496400 0.775200
vt 0.476300 0.772100
vt 0.631900 0.169900
vt 0.634300 0.174000
vt 0.025200 0.953200
vt 0.002000 0.944400
vt 0.025500 0.945800
vt 0.738400 0.799400
vt 0.739100 0.804100
vt 0.741700 0.704000
vt 0.748800 0.710700
vt 0.739500 0.710700
vt 0.843800 0.123400
vt 0.820700 0.120700
vt 0.819200 0.113400
vt 0.107100 0.910500
vt 0.092800 0.909500
vt 0.094700 0.903200
vt 0.107800 0.903200
vt 0.378300 0.795500
vt 0.362500 0.787600
vt 0.277300 0.823000
vt 0.623400 0.537800
vt 0.987800 0.080900
vt 0.979500 0.073300
vt 0.989000 0.075400
vt 0.881000 0.333800
vt 0.862100 0.327400
vt 0.880500 0.326700
vt 0.151400 0.962200
vt 0.148600 0.967900
vt 0.943500 0.441000
vt 0.926200 0.446900
vt 0.913700 0.440700
vt 0.754900 0.889400
vt 0.770300 0.890600
vt 0.769400 0.896800
vt 0.741300 0.891700
vt 0.725300 0.655200
vt 0.932600 0.240800
vt 0.952100 0.248500
vt 0.950600 0.254500
vt 0.931400 0.244800
vt 0.905700 0.239000
vt 0.920000 0.239600
vt 0.920800 0.243800
vt 0.528600 0.921900
vt 0.552500 0.921800
vt 0.551200 0.927700
vt 0.525200 0.926900
vt 0.827900 0.160700
vt 0.811300 0.155300
vt 0.903300 0.463500
vt 0.934100 0.462300
vt 0.602000 0.853500
vt 0.690100 0.935000
vt 0.825200 0.868300
vt 0.154200 0.758000
vt 0.142800 0.755200
vt 0.170100 0.751600
vt 0.169000 0.757200
vt 0.962600 0.387600
vt 0.947900 0.382500
vt 0.196300 0.986700
vt 0.223600 0.982800
vt 0.730200 0.873600
vt 0.887700 0.662000
vt 0.900400 0.667900
vt 0.871500 0.668100
vt 0.837200 0.661200
vt 0.760300 0.958700
vt 0.745000 0.952000
vt 0.152600 0.822800
vt 0.154700 0.818800
vt 0.805300 0.452400
vt 0.776400 0.451800
vt 0.789200 0.446100
vt 0.839800 0.445800
vt 0.885900 0.466900
vt 0.885000 0.472000
vt 0.259000 0.905900
vt 0.297800 0.907500
vt 0.296300 0.912500
vt 0.259500 0.913900
vt 0.430000 0.565600
vt 0.407800 0.574800
vt 0.560400 0.780200
vt 0.536300 0.779300
vt 0.783300 0.393600
vt 0.803600 0.387300
vt 0.827200 0.642800
vt 0.826200 0.649000
vt 0.806500 0.649000
vt 0.787500 0.641800
vt 0.783600 0.378000
vt 0.806400 0.380100
vt 0.925900 0.198700
vt 0.924900 0.206500
vt 0.887100 0.202200
vt 0.934100 0.472800
vt 0.930900 0.467200
vt 0.941900 0.476200
vt 0.726600 0.364400
vt 0.718200 0.363100
vt 0.597600 0.982300
vt 0.597900 0.987700
vt 0.557800 0.985400
vt 0.929200 0.829900
vt 0.915200 0.823300
vt 0.931500 0.548200
vt 0.929300 0.541400
vt 0.158200 0.919700
vt 0.168900 0.924900
vt 0.159200 0.926100
vt 0.510600 0.804300
vt 0.499200 0.797400
vt 0.525300 0.796600
vt 0.524200 0.804500
vt 0.781800 0.801800
vt 0.794000 0.798600
vt 0.513100 0.839900
vt 0.480600 0.841000
vt 0.748900 0.578600
vt 0.735600 0.576700
vt 0.735100 0.570400
vt 0.761700 0.571400
vt 0.720900 0.764500
vt 0.721300 0.772100
vt 0.608000 0.423500
vt 0.605300 0.430000
vt 0.562400 0.886200
vt 0.577700 0.891900
vt 0.558900 0.892700
vt 0.711900 0.539900
vt 0.710500 0.544900
vt 0.783800 0.439100
vt 0.794200 0.440600
vt 0.688500 0.383400
vt 0.924700 0.597400
vt 0.924200 0.602900
vt 0.887600 0.597200
vt 0.647800 0.537400
vt 0.636600 0.537400
vt 0.625200 0.535200
vt 0.472400 0.411000
vt 0.490500 0.409000
vt 0.612600 0.701900
vt 0.544000 0.970100
vt 0.546800 0.978300
vt 0.118200 0.926900
vt 0.103900 0.915500
vt 0.120100 0.920000
vt 0.454500 0.565400
vt 0.457900 0.561000
vt 0.473400 0.573400
vt 0.941500 0.710700
vt 0.945900 0.705600
vt 0.804700 0.655900
vt 0.827500 0.655500
vt 0.641300 0.907800
vt 0.668500 0.909000
vt 0.419000 0.390100
vt 0.520400 0.178500
vt 0.543400 0.169400
vt 0.525400 0.184000
vt 0.573000 0.325700
vt 0.589800 0.335000
vt 0.572500 0.332800
vt 0.225700 0.822500
vt 0.231100 0.827500
vt 0.206500 0.821200
vt 0.536200 0.914700
vt 0.519000 0.912900
vt 0.537300 0.906800
vt 0.336500 0.440000
vt 0.349400 0.448300
vt 0.337100 0.448300
vt 0.176000 0.917600
vt 0.178900 0.923600
vt 0.477500 0.343400
vt 0.540000 0.626600
vt 0.512700 0.628500
vt 0.540200 0.622100
vt 0.362400 0.441200
vt 0.362400 0.448200
vt 0.025400 0.832100
vt 0.040300 0.838200
vt 0.010700 0.835400
vt 0.009900 0.831500
vt 0.889400 0.501400
vt 0.901200 0.497100
vt 0.939200 0.464200
vt 0.294500 0.799500
vt 0.072400 0.823000
vt 0.474100 0.821000
vt 0.471100 0.814200
vt 0.259000 0.874700
vt 0.614000 0.659200
vt 0.632500 0.658300
vt 0.614600 0.663800
vt 0.295100 0.794300
vt 0.294800 0.790100
vt 0.633500 0.578800
vt 0.590100 0.575200
vt 0.591000 0.571700
vt 0.477900 0.542000
vt 0.459000 0.550200
vt 0.954000 0.679800
vt 0.967500 0.679700
vt 0.967100 0.684500
vt 0.523400 0.210900
vt 0.529100 0.201100
vt 0.544600 0.195000
vt 0.792300 0.844400
vt 0.786800 0.838600
vt 0.803000 0.842700
vt 0.802800 0.846800
vt 0.376300 0.440700
vt 0.391300 0.440600
vt 0.712500 0.866000
vt 0.693700 0.865200
vt 0.709200 0.859400
vt 0.874000 0.953300
vt 0.873800 0.962400
vt 0.196000 0.930400
vt 0.216100 0.932600
vt 0.203800 0.936900
vt 0.194600 0.935100
vt 0.323700 0.788400
vt 0.296800 0.700400
vt 0.276700 0.697500
vt 0.868100 0.145500
vt 0.868400 0.138800
vt 0.028600 0.859700
vt 0.005700 0.869800
vt 0.024600 0.855500
vt 0.710700 0.874200
vt 0.693400 0.872300
vt 0.727500 0.918700
vt 0.728600 0.912100
vt 0.134400 0.947500
vt 0.160400 0.943900
vt 0.397400 0.618000
vt 0.360400 0.603400
vt 0.397900 0.610500
vt 0.911600 0.037800
vt 0.912000 0.043500
vt 0.737600 0.461700
vt 0.746600 0.461900
vt 0.743600 0.469100
vt 0.734100 0.467500
vt 0.387500 0.772900
vt 0.368700 0.772000
vt 0.369400 0.767900
vt 0.388500 0.769100
vt 0.375900 0.760200
vt 0.360400 0.756000
vt 0.387700 0.756000
vt 0.727100 0.473000
vt 0.719000 0.476400
vt 0.063700 0.805100
vt 0.477700 0.379900
vt 0.491200 0.829900
vt 0.709500 0.813900
vt 0.725400 0.819700
vt 0.214900 0.855600
vt 0.200300 0.847500
vt 0.906400 0.386700
vt 0.939900 0.381400
vt 0.922900 0.388700
vt 0.907300 0.392700
vt 0.922100 0.087700
vt 0.911700 0.082600
vt 0.930500 0.079000
vt 0.932700 0.085900
vt 0.632300 0.766600
vt 0.365100 0.642500
vt 0.360400 0.637000
vt 0.372000 0.638100
vt 0.957500 0.108900
vt 0.973500 0.111100
vt 0.066800 0.875800
vt 0.063400 0.868800
vt 0.496500 0.710000
vt 0.498500 0.717400
vt 0.590100 0.898300
vt 0.560700 0.900900
vt 0.886100 0.993500
vt 0.887100 0.989600
vt 0.902500 0.990100
vt 0.919200 0.246800
vt 0.903900 0.245300
vt 0.705700 0.738300
vt 0.706800 0.745400
vt 0.691700 0.738300
vt 0.002000 0.991900
vt 0.022700 0.981100
vt 0.454500 0.476800
vt 0.454500 0.467900
vt 0.419400 0.364900
vt 0.419000 0.359900
vt 0.454500 0.949400
vt 0.496300 0.937500
vt 0.497400 0.945000
vt 0.455600 0.955500
vt 0.829100 0.791100
vt 0.867700 0.791400
vt 0.847000 0.795000
vt 0.460600 0.413300
vt 0.449800 0.422300
vt 0.788200 0.694700
vt 0.787400 0.686700
vt 0.202500 0.767600
vt 0.986100 0.704500
vt 0.989800 0.700900
vt 0.990600 0.712500
vt 0.786000 0.822000
vt 0.683000 0.563500
vt 0.666100 0.556500
vt 0.684900 0.560000
vt 0.698600 0.562700
vt 0.648800 0.891500
vt 0.648100 0.897100
vt 0.626300 0.893900
vt 0.629300 0.966800
vt 0.628900 0.958500
vt 0.867300 0.738800
vt 0.868400 0.745400
vt 0.854400 0.739000
vt 0.995400 0.254500
vt 0.542000 0.210800
vt 0.705700 0.752400
vt 0.975400 0.768500
vt 0.947000 0.775700
vt 0.946800 0.768900
vt 0.976200 0.763500
vt 0.932200 0.120100
vt 0.989400 0.781400
vt 0.979700 0.772400
vt 0.996900 0.772600
vt 0.995300 0.780700
vt 0.810600 0.580500
vt 0.820500 0.570000
vt 0.735700 0.565900
vt 0.762600 0.565700
vt 0.542700 0.514000
vt 0.560800 0.515900
vt 0.769600 0.913900
vt 0.860000 0.969500
vt 0.858900 0.973200
vt 0.835700 0.967200
vt 0.734400 0.380000
vt 0.744800 0.377700
vt 0.985500 0.639600
vt 0.994900 0.645600
vt 0.797400 0.576800
vt 0.798900 0.583000
vt 0.476500 0.535100
vt 0.867400 0.751900
vt 0.313500 0.692000
vt 0.894700 0.779800
vt 0.874200 0.781200
vt 0.911300 0.777600
vt 0.460100 0.598100
vt 0.476600 0.606200
vt 0.459000 0.604400
vt 0.435700 0.610400
vt 0.435500 0.618000
vt 0.418900 0.606700
vt 0.420600 0.600600
vt 0.469000 0.147400
vt 0.465100 0.140900
vt 0.974100 0.088100
vt 0.911600 0.089700
vt 0.912900 0.096400
vt 0.524900 0.680800
vt 0.642800 0.706800
vt 0.663700 0.706800
vt 0.644300 0.713200
vt 0.454800 0.743200
vt 0.454500 0.738200
vt 0.468800 0.738400
vt 0.480200 0.746900
vt 0.815500 0.482400
vt 0.793800 0.472500
vt 0.504900 0.399600
vt 0.540300 0.617300
vt 0.398900 0.718600
vt 0.401700 0.725800
vt 0.899000 0.113000
vt 0.903300 0.111700
vt 0.028600 0.963100
vt 0.027200 0.956200
vt 0.057100 0.956000
vt 0.059300 0.962900
vt 0.422200 0.729000
vt 0.421500 0.735900
vt 0.409200 0.735800
vt 0.875400 0.985900
vt 0.876800 0.994100
vt 0.855000 0.990200
vt 0.856000 0.983300
vt 0.149900 0.869800
vt 0.127000 0.861800
vt 0.589400 0.874000
vt 0.565200 0.874900
vt 0.139700 0.962100
vt 0.127000 0.963800
vt 0.128800 0.959500
vt 0.098100 0.787600
vt 0.097900 0.794600
vt 0.087500 0.786600
vt 0.454800 0.617800
vt 0.454500 0.626800
vt 0.419400 0.400300
vt 0.603800 0.436900
vt 0.580600 0.430700
vt 0.231200 0.912300
vt 0.228200 0.918300
vt 0.218900 0.923300
vt 0.998000 0.018900
vt 0.995500 0.025400
vt 0.024800 0.907100
vt 0.002000 0.901100
vt 0.942000 0.006300
vt 0.942700 0.013500
vt 0.930300 0.010700
vt 0.929600 0.003400
vt 0.646900 0.544900
vt 0.631600 0.536500
vt 0.649100 0.538300
vt 0.606800 0.639800
vt 0.630200 0.643400
vt 0.576000 0.774400
vt 0.591500 0.775600
vt 0.591100 0.782300
vt 0.298900 0.664500
vt 0.273400 0.659000
vt 0.285000 0.657500
vt 0.897400 0.683500
vt 0.888100 0.686900
vt 0.819800 0.667600
vt 0.822000 0.674000
vt 0.623800 0.451400
vt 0.646800 0.442800
vt 0.590400 0.914400
vt 0.014900 0.939700
vt 0.002000 0.935600
vt 0.625300 0.701600
vt 0.643100 0.700900
vt 0.199100 0.852700
vt 0.935200 0.612500
vt 0.945500 0.611900
vt 0.947000 0.617300
vt 0.940300 0.019700
vt 0.894600 0.524500
vt 0.871100 0.528900
vt 0.936800 0.801500
vt 0.921700 0.793200
vt 0.639700 0.803100
vt 0.622500 0.800500
vt 0.472800 0.963700
vt 0.730200 0.987100
vt 0.726400 0.778000
vt 0.705100 0.777500
vt 0.531500 0.933000
vt 0.521200 0.941200
vt 0.777100 0.695200
vt 0.776600 0.687200
vt 0.947800 0.938600
vt 0.990300 0.943500
vt 0.847500 0.185600
vt 0.866300 0.190000
vt 0.864900 0.197600
vt 0.844700 0.192200
vt 0.832200 0.181400
vt 0.804800 0.177000
vt 0.807100 0.172300
vt 0.804900 0.960400
vt 0.803200 0.957100
vt 0.807200 0.661300
vt 0.831900 0.661200
vt 0.644300 0.597900
vt 0.662600 0.600300
vt 0.630300 0.604200
vt 0.620300 0.598200
vt 0.419000 0.436200
vt 0.423800 0.430000
vt 0.460500 0.432100
vt 0.474300 0.438700
vt 0.363700 0.560600
vt 0.370000 0.557300
vt 0.373000 0.566500
vt 0.367300 0.570600
vt 0.749100 0.348900
vt 0.746700 0.342200
vt 0.027000 0.976100
vt 0.018300 0.970700
vt 0.039100 0.973800
vt 0.037700 0.979200
vt 0.096500 0.801400
vt 0.260200 0.816000
vt 0.259000 0.820800
vt 0.498000 0.510700
vt 0.471200 0.509400
vt 0.471300 0.504400
vt 0.498500 0.503600
vt 0.903900 0.281600
vt 0.956900 0.342600
vt 0.966600 0.342200
vt 0.967300 0.346400
vt 0.815800 0.708100
vt 0.816900 0.715500
vt 0.766600 0.537800
vt 0.792600 0.536300
vt 0.804800 0.536100
vt 0.832700 0.536700
vt 0.763700 0.739600
vt 0.773300 0.747600
vt 0.775100 0.740600
vt 0.194100 0.777000
vt 0.513800 0.408800
vt 0.937000 0.475200
vt 0.814900 0.125300
vt 0.807600 0.114900
vt 0.804800 0.119400
vt 0.681900 0.387100
vt 0.741500 0.973000
vt 0.072200 0.991300
vt 0.073300 0.986600
vt 0.097900 0.985200
vt 0.111600 0.991900
vt 0.482000 0.845500
vt 0.454500 0.843700
vt 0.692300 0.912200
vt 0.685900 0.891100
vt 0.701600 0.888900
vt 0.685500 0.898300
vt 0.546100 0.962000
vt 0.127000 0.797700
vt 0.811800 0.958700
vt 0.814500 0.952600
vt 0.858300 0.613500
vt 0.896000 0.613000
vt 0.604400 0.602600
vt 0.593400 0.594600
vt 0.226400 0.908200
vt 0.665000 0.560300
vt 0.012500 0.794600
vt 0.683400 0.777000
vt 0.633600 0.775500
vt 0.633400 0.771700
vt 0.616500 0.775400
vt 0.920200 0.798300
vt 0.794400 0.360700
vt 0.920600 0.739000
vt 0.929600 0.746300
vt 0.931200 0.739800
vt 0.601900 0.791300
vt 0.599400 0.796800
vt 0.583200 0.796500
vt 0.567800 0.789700
vt 0.609700 0.859100
vt 0.608400 0.863600
vt 0.590800 0.863400
vt 0.486200 0.683200
vt 0.911400 0.128800
vt 0.901300 0.126600
vt 0.906900 0.122900
vt 0.916100 0.534700
vt 0.930200 0.534200
vt 0.949500 0.534600
vt 0.860400 0.654800
vt 0.882000 0.654100
vt 0.924100 0.652900
vt 0.540000 0.629500
vt 0.483900 0.977300
vt 0.602100 0.746700
vt 0.590700 0.745200
vt 0.616600 0.740200
vt 0.884600 0.345700
vt 0.919100 0.342200
vt 0.680900 0.504300
vt 0.681500 0.496500
vt 0.705300 0.504300
vt 0.702700 0.512400
vt 0.639500 0.738600
vt 0.886300 0.535800
vt 0.872500 0.543100
vt 0.874800 0.535700
vt 0.360400 0.634300
vt 0.364300 0.624900
vt 0.459200 0.555500
vt 0.486900 0.791300
vt 0.522300 0.789300
vt 0.185000 0.756100
vt 0.184300 0.762200
vt 0.169500 0.762400
vt 0.870700 0.132800
vt 0.857300 0.127400
vt 0.851500 0.781000
vt 0.996300 0.032500
vt 0.876100 0.703500
vt 0.906900 0.706300
vt 0.129100 0.821200
vt 0.142800 0.816100
vt 0.742200 0.538200
vt 0.688400 0.400600
vt 0.989300 0.086100
vt 0.164000 0.915600
vt 0.152600 0.915400
vt 0.977200 0.465900
vt 0.179000 0.930400
vt 0.161400 0.932500
vt 0.191800 0.928100
vt 0.764500 0.377300
vt 0.725500 0.951200
vt 0.725500 0.958100
vt 0.618900 0.526300
vt 0.621300 0.532400
vt 0.970300 0.128900
vt 0.797900 0.988200
vt 0.789300 0.989000
vt 0.720200 0.752300
vt 0.420100 0.674300
vt 0.402100 0.664000
vt 0.442400 0.672200
vt 0.440700 0.679900
vt 0.806300 0.740200
vt 0.174100 0.950500
vt 0.175900 0.955300
vt 0.490800 0.146300
vt 0.490600 0.141500
vt 0.511600 0.140900
vt 0.511600 0.147400
vt 0.940500 0.193100
vt 0.926800 0.191100
vt 0.965700 0.715400
vt 0.966400 0.721100
vt 0.966300 0.463700
vt 0.963900 0.469000
vt 0.504800 0.362200
vt 0.504700 0.365600
vt 0.942500 0.231700
vt 0.926600 0.229100
vt 0.924800 0.222800
vt 0.960100 0.229700
vt 0.385500 0.666100
vt 0.360400 0.663900
vt 0.384200 0.660800
vt 0.799100 0.978300
vt 0.945000 0.482900
vt 0.945800 0.488100
vt 0.926100 0.487500
vt 0.966300 0.473800
vt 0.534500 0.955500
vt 0.504600 0.947200
vt 0.535400 0.947100
vt 0.214700 0.881200
vt 0.510500 0.161000
vt 0.480300 0.153800
vt 0.511200 0.152600
vt 0.653900 0.861100
vt 0.578600 0.885200
vt 0.986800 0.652300
vt 0.971300 0.649600
vt 0.540800 0.508300
vt 0.951600 0.110200
vt 0.884000 0.410600
vt 0.883000 0.416400
vt 0.862700 0.416400
vt 0.862800 0.412600
vt 0.908900 0.502400
vt 0.916400 0.501500
vt 0.916200 0.508500
vt 0.880900 0.751500
vt 0.630800 0.538800
vt 0.454500 0.927700
vt 0.108300 0.824100
vt 0.111800 0.833100
vt 0.115100 0.828500
vt 0.100400 0.923200
vt 0.085300 0.912300
vt 0.143400 0.994300
vt 0.162300 0.991400
vt 0.545500 0.789300
vt 0.798800 0.829200
vt 0.492700 0.741800
vt 0.517000 0.743500
vt 0.844200 0.204700
vt 0.863000 0.207600
vt 0.705300 0.666500
vt 0.687200 0.662300
vt 0.616600 0.974200
vt 0.578100 0.978900
vt 0.597300 0.976000
vt 0.820300 0.935300
vt 0.820300 0.929500
vt 0.666500 0.898500
vt 0.668500 0.891900
vt 0.756100 0.357900
vt 0.984400 0.475700
vt 0.992300 0.488100
vt 0.701600 0.827800
vt 0.693800 0.826900
vt 0.677900 0.713500
vt 0.724100 0.715500
vt 0.512700 0.469800
vt 0.755500 0.650300
vt 0.995400 0.685700
vt 0.992400 0.692800
vt 0.983200 0.688700
vt 0.976700 0.679800
vt 0.731700 0.611900
vt 0.276600 0.709400
vt 0.289700 0.704700
vt 0.276600 0.714300
vt 0.259000 0.704500
vt 0.799700 0.613900
vt 0.608800 0.770100
vt 0.606600 0.777100
vt 0.591100 0.768500
vt 0.816800 0.700900
vt 0.854600 0.702900
vt 0.799100 0.701200
vt 0.364400 0.687200
vt 0.377300 0.693400
vt 0.363900 0.693500
vt 0.615500 0.667700
vt 0.608400 0.667100
vt 0.606800 0.660700
vt 0.849700 0.887100
vt 0.879300 0.885200
vt 0.861300 0.894600
vt 0.829900 0.891700
vt 0.577700 0.838600
vt 0.599700 0.839800
vt 0.482100 0.525800
vt 0.772700 0.754400
vt 0.732800 0.812500
vt 0.747100 0.813100
vt 0.898400 0.828400
vt 0.898900 0.821900
vt 0.883300 0.818700
vt 0.879800 0.824000
vt 0.483700 0.463400
vt 0.483600 0.468300
vt 0.454600 0.461700
vt 0.512800 0.464900
vt 0.883200 0.137200
vt 0.929300 0.152500
vt 0.727000 0.416300
vt 0.746400 0.409800
vt 0.731200 0.423600
vt 0.711200 0.429400
vt 0.943200 0.591700
vt 0.907200 0.593200
vt 0.925100 0.592400
vt 0.946300 0.158500
vt 0.943800 0.164500
vt 0.903900 0.261500
vt 0.284200 0.893100
vt 0.259000 0.891900
vt 0.284600 0.889100
vt 0.554200 0.839100
vt 0.457600 0.964600
vt 0.932100 0.691600
vt 0.915700 0.681500
vt 0.933100 0.684600
vt 0.196700 0.791300
vt 0.199100 0.785400
vt 0.206200 0.790200
vt 0.206400 0.793900
vt 0.772200 0.581700
vt 0.785100 0.578800
vt 0.600200 0.557200
vt 0.601000 0.563900
vt 0.590600 0.561300
vt 0.590100 0.555500
vt 0.907500 0.382100
vt 0.874800 0.503500
vt 0.873600 0.507700
vt 0.897400 0.124500
vt 0.592600 0.522400
vt 0.655800 0.790600
vt 0.969800 0.498700
vt 0.951700 0.503700
vt 0.941700 0.670400
vt 0.930100 0.661200
vt 0.508900 0.922700
vt 0.727400 0.395900
vt 0.717000 0.393900
vt 0.071900 0.786400
vt 0.757000 0.702900
vt 0.778800 0.701800
vt 0.768800 0.708100
vt 0.817600 0.866300
vt 0.689200 0.988400
vt 0.861200 0.813400
vt 0.858800 0.817900
vt 0.902100 0.111100
vt 0.454500 0.765600
vt 0.476800 0.763600
vt 0.786100 0.661400
vt 0.767900 0.661500
vt 0.756200 0.661500
vt 0.512800 0.485300
vt 0.884000 0.440600
vt 0.696100 0.329200
vt 0.964000 0.254500
vt 0.958000 0.252800
vt 0.961400 0.244500
vt 0.968400 0.245200
vt 0.809300 0.108900
vt 0.585600 0.820500
vt 0.786900 0.556000
vt 0.808500 0.556000
vt 0.787000 0.560400
vt 0.272500 0.873600
vt 0.283300 0.873500
vt 0.877500 0.957300
vt 0.454500 0.893200
vt 0.127000 0.856500
vt 0.813300 0.934200
vt 0.148500 0.873300
vt 0.886100 0.950800
vt 0.259000 0.721300
vt 0.589400 0.877800
vt 0.764300 0.800200
vt 0.876200 0.692200
vt 0.662300 0.951200
vt 0.679100 0.952000
vt 0.676800 0.959100
vt 0.810700 0.915400
vt 0.802000 0.910100
vt 0.828800 0.909400
vt 0.828000 0.915700
vt 0.303800 0.456100
vt 0.287000 0.455600
vt 0.289100 0.448500
vt 0.293300 0.898600
vt 0.310400 0.892100
vt 0.310200 0.898900
vt 0.592600 0.496700
vt 0.185500 0.952600
vt 0.174300 0.944400
vt 0.448100 0.555800
vt 0.427900 0.561500
vt 0.426800 0.557800
vt 0.656100 0.160900
vt 0.003600 0.833100
vt 0.002000 0.826400
vt 0.038400 0.828300
vt 0.147800 0.934300
vt 0.127000 0.936900
vt 0.129100 0.929500
vt 0.145200 0.927700
vt 0.325700 0.675100
vt 0.792500 0.777600
vt 0.306800 0.813800
vt 0.317400 0.815200
vt 0.332700 0.818500
vt 0.315600 0.821900
vt 0.572900 0.569400
vt 0.547900 0.561500
vt 0.574700 0.563900
vt 0.545600 0.175900
vt 0.360400 0.676000
vt 0.395500 0.672000
vt 0.383000 0.679400
vt 0.361800 0.679900
vt 0.209300 0.798400
vt 0.245900 0.785400
vt 0.232900 0.797600
vt 0.210700 0.803200
vt 0.689200 0.928400
vt 0.705400 0.929000
vt 0.549900 0.729900
vt 0.527300 0.725500
vt 0.552000 0.723300
vt 0.682200 0.944000
vt 0.666000 0.943000
vt 0.958700 0.235900
vt 0.002000 0.858600
vt 0.024800 0.850900
vt 0.268700 0.790900
vt 0.259200 0.791300
vt 0.987200 0.377300
vt 0.455000 0.812100
vt 0.978800 0.455200
vt 0.924600 0.450900
vt 0.889300 0.442500
vt 0.914300 0.445400
vt 0.913500 0.449300
vt 0.856100 0.155000
vt 0.246700 0.823000
vt 0.360400 0.772300
vt 0.361900 0.767200
vt 0.368300 0.774400
vt 0.840800 0.873500
vt 0.824600 0.874900
vt 0.817200 0.846700
vt 0.827100 0.838900
vt 0.719500 0.628400
vt 0.716900 0.622700
vt 0.962000 0.688700
vt 0.957800 0.691600
vt 0.935200 0.689100
vt 0.654300 0.844000
vt 0.673300 0.843100
vt 0.671100 0.849100
vt 0.653500 0.849800
vt 0.629400 0.212000
vt 0.627000 0.215700
vt 0.607000 0.211900
vt 0.554700 0.426300
vt 0.727500 0.604700
vt 0.674000 0.594400
vt 0.709100 0.595900
vt 0.198500 0.989700
vt 0.240600 0.989700
vt 0.216800 0.994300
vt 0.483600 0.628700
vt 0.483500 0.632600
vt 0.557800 0.935000
vt 0.965300 0.790900
vt 0.915600 0.023400
vt 0.936500 0.025500
vt 0.914200 0.030800
vt 0.948700 0.863100
vt 0.724900 0.928400
vt 0.744200 0.928200
vt 0.584900 0.606700
vt 0.578700 0.829100
vt 0.588600 0.906200
vt 0.607400 0.906700
vt 0.587300 0.543700
vt 0.584400 0.550200
vt 0.562200 0.545000
vt 0.561100 0.537700
vt 0.420700 0.703400
vt 0.419200 0.707000
vt 0.399700 0.709800
vt 0.388800 0.705000
vt 0.500700 0.519400
vt 0.246400 0.978200
vt 0.222700 0.978600
vt 0.223000 0.974900
vt 0.557800 0.962700
vt 0.561000 0.957200
vt 0.871100 0.548600
vt 0.516700 0.770800
vt 0.516700 0.778000
vt 0.840000 0.982200
vt 0.837700 0.987900
vt 0.822400 0.986400
vt 0.811800 0.982100
vt 0.247300 0.749400
vt 0.247500 0.754100
vt 0.023600 0.910800
vt 0.986000 0.670100
vt 0.984300 0.662200
vt 0.380400 0.585800
vt 0.623600 0.753900
vt 0.625100 0.746800
vt 0.983800 0.542500
vt 0.966200 0.542100
vt 0.964400 0.534700
vt 0.987100 0.535000
vt 0.692700 0.956700
vt 0.710200 0.957400
vt 0.711900 0.964900
vt 0.689200 0.964200
vt 0.646800 0.563500
vt 0.619300 0.560400
vt 0.632400 0.558100
vt 0.647600 0.558200
vt 0.497300 0.995300
vt 0.469700 0.992900
vt 0.482600 0.989700
vt 0.497700 0.989500
vt 0.587300 0.507300
vt 0.306200 0.868200
vt 0.318900 0.882000
vt 0.290900 0.870500
vt 0.291600 0.864400
vt 0.834600 0.422000
vt 0.643800 0.321600
vt 0.268900 0.787000
vt 0.294500 0.786000
vt 0.799900 0.562600
vt 0.808000 0.566700
vt 0.799900 0.567900
vt 0.526600 0.994400
vt 0.513200 0.988700
vt 0.530000 0.986300
vt 0.390700 0.754000
vt 0.360400 0.743000
vt 0.378100 0.742100
vt 0.779000 0.423600
vt 0.782600 0.416000
vt 0.753400 0.409700
vt 0.477100 0.430800
vt 0.490500 0.431300
vt 0.491200 0.434400
vt 0.476100 0.434000
vt 0.178800 0.845500
vt 0.760700 0.928400
vt 0.089000 0.850500
vt 0.103600 0.845200
vt 0.104200 0.852100
vt 0.577000 0.453900
vt 0.549600 0.447500
vt 0.576700 0.447400
vt 0.507000 0.886500
vt 0.469800 0.730500
vt 0.454500 0.732900
vt 0.455200 0.726100
vt 0.973600 0.043300
vt 0.949300 0.038300
vt 0.974700 0.038200
vt 0.630600 0.639600
vt 0.014900 0.956100
vt 0.016500 0.961900
vt 0.003000 0.962100
vt 0.002000 0.956300
vt 0.591800 0.326900
vt 0.646400 0.943200
vt 0.627100 0.942800
vt 0.860300 0.873200
vt 0.879700 0.872500
vt 0.481600 0.849300
vt 0.682400 0.397300
vt 0.260000 0.692200
vt 0.904300 0.222600
vt 0.915000 0.227500
vt 0.903900 0.227400
vt 0.955900 0.194700
vt 0.645200 0.439200
vt 0.051800 0.988700
vt 0.788100 0.679900
vt 0.914500 0.615200
vt 0.699300 0.913900
vt 0.701600 0.909600
vt 0.186000 0.812000
vt 0.170600 0.813300
vt 0.153100 0.813800
vt 0.753400 0.449200
vt 0.777500 0.447200
vt 0.499200 0.582400
vt 0.561700 0.700900
vt 0.407900 0.443100
vt 0.405800 0.449600
vt 0.792000 0.754600
vt 0.793300 0.748000
vt 0.641500 0.951300
vt 0.324600 0.455700
vt 0.336300 0.455700
vt 0.755700 0.642300
vt 0.006200 0.971200
vt 0.734000 0.772600
vt 0.719700 0.893500
vt 0.719400 0.885200
vt 0.027000 0.791800
vt 0.050600 0.800300
vt 0.004500 0.785600
vt 0.997000 0.454500
vt 0.896100 0.871500
vt 0.610600 0.942200
vt 0.797600 0.795600
vt 0.769500 0.793800
vt 0.785700 0.791000
vt 0.730000 0.688300
vt 0.740500 0.692900
vt 0.729900 0.693900
vt 0.855600 0.410600
vt 0.929200 0.752700
vt 0.517300 0.589100
vt 0.533000 0.594400
vt 0.526400 0.818600
vt 0.513300 0.611900
vt 0.540500 0.613700
vt 0.484200 0.611900
vt 0.731300 0.668500
vt 0.731700 0.663200
vt 0.646800 0.658800
vt 0.519500 0.454700
vt 0.494800 0.451200
vt 0.504800 0.449200
vt 0.936400 0.342700
vt 0.738700 0.662600
vt 0.278400 0.812100
vt 0.261100 0.811000
vt 0.329400 0.792400
vt 0.337600 0.797800
vt 0.401200 0.669600
vt 0.689900 0.942200
vt 0.865000 0.539600
vt 0.850000 0.544000
vt 0.895100 0.528400
vt 0.899300 0.663300
vt 0.923100 0.665800
vt 0.259000 0.653500
vt 0.910400 0.687200
vt 0.616800 0.428600
vt 0.614300 0.433300
vt 0.536500 0.532500
vt 0.534100 0.539600
vt 0.955000 0.993500
vt 0.941000 0.989700
vt 0.956500 0.988300
vt 0.142700 0.823100
vt 0.044200 0.883700
vt 0.520100 0.706500
vt 0.488500 0.726400
vt 0.558600 0.952000
vt 0.071500 0.858100
vt 0.946800 0.387400
vt 0.423000 0.578700
vt 0.436800 0.585800
vt 0.423000 0.583500
vt 0.484000 0.517200
vt 0.471200 0.517100
vt 0.473300 0.513500
vt 0.484000 0.513600
vt 0.259000 0.675300
vt 0.283300 0.681800
vt 0.259100 0.680000
vt 0.913100 0.993000
vt 0.912700 0.989400
vt 0.360400 0.792800
vt 0.717800 0.360100
vt 0.420200 0.626900
vt 0.420100 0.633600
vt 0.411400 0.631000
vt 0.976700 0.002800
vt 0.998000 0.008500
vt 0.973900 0.008600
vt 0.413800 0.780300
vt 0.404800 0.770900
vt 0.415500 0.775400
vt 0.958100 0.075600
vt 0.659300 0.587400
vt 0.497100 0.763500
vt 0.402500 0.455100
vt 0.681800 0.930200
vt 0.264500 0.855500
vt 0.259000 0.853000
vt 0.268300 0.850800
vt 0.268700 0.852400
vt 0.127000 0.759800
vt 0.986400 0.495900
vt 0.447100 0.578400
vt 0.448100 0.585400
vt 0.595300 0.886400
vt 0.988200 0.130400
vt 0.986500 0.133900
vt 0.970600 0.131800
vt 0.230800 0.893900
vt 0.232600 0.901200
vt 0.673600 0.867000
vt 0.677900 0.873300
vt 0.607200 0.840200
vt 0.637300 0.842900
vt 0.623100 0.844900
vt 0.668200 0.917400
vt 0.102400 0.930300
vt 0.142300 0.762700
vt 0.619300 0.544900
vt 0.592600 0.544400
vt 0.604900 0.541400
vt 0.619500 0.540100
vt 0.002000 0.888000
vt 0.740800 0.717000
vt 0.944600 0.352600
vt 0.961100 0.356600
vt 0.943400 0.356700
vt 0.898000 0.691000
vt 0.274900 0.651900
vt 0.824600 0.861100
vt 0.382600 0.735600
vt 0.638500 0.826900
vt 0.609900 0.825000
vt 0.674300 0.827300
vt 0.326800 0.707800
vt 0.769500 0.799200
vt 0.793100 0.861800
vt 0.772800 0.614600
vt 0.863400 0.320700
vt 0.852000 0.318300
vt 0.962500 0.624900
vt 0.944900 0.620200
vt 0.921500 0.615700
vt 0.747500 0.695000
vt 0.626700 0.523100
vt 0.716200 0.482100
vt 0.868400 0.943600
vt 0.828300 0.936700
vt 0.868200 0.937800
vt 0.465500 0.160200
vt 0.465100 0.153500
vt 0.481300 0.160900
vt 0.319300 0.756500
vt 0.318600 0.761700
vt 0.306100 0.761700
vt 0.719900 0.616800
vt 0.365100 0.583500
vt 0.360400 0.578100
vt 0.259000 0.863700
vt 0.275700 0.862500
vt 0.562300 0.710800
vt 0.529100 0.566600
vt 0.545200 0.569800
vt 0.541300 0.574900
vt 0.128700 0.803200
vt 0.405000 0.648000
vt 0.418600 0.647500
vt 0.417000 0.653900
vt 0.421600 0.641100
vt 0.111700 0.838200
vt 0.349000 0.714300
vt 0.863000 0.181600
vt 0.804600 0.952200
vt 0.980800 0.353100
vt 0.964700 0.349600
vt 0.981000 0.348700
vt 0.943400 0.345100
vt 0.684900 0.858700
vt 0.686900 0.865000
vt 0.216700 0.846300
vt 0.240500 0.843700
vt 0.728500 0.408800
vt 0.797900 0.567900
vt 0.786700 0.564100
vt 0.570300 0.185800
vt 0.604000 0.173700
vt 0.552200 0.193100
vt 0.742600 0.906300
vt 0.768900 0.906200
vt 0.615800 0.768900
vt 0.525000 0.215700
vt 0.631500 0.165400
vt 0.675400 0.790700
vt 0.711200 0.792300
vt 0.915100 0.703600
vt 0.913200 0.055100
vt 0.929400 0.056400
vt 0.657500 0.991100
vt 0.886100 0.986100
vt 0.886500 0.981900
vt 0.739700 0.795100
vt 0.949600 0.723000
vt 0.828000 0.588600
vt 0.853600 0.588300
vt 0.842500 0.592500
vt 0.461000 0.592700
vt 0.786400 0.829600
vt 0.823800 0.975200
vt 0.811800 0.974700
vt 0.813400 0.969900
vt 0.826700 0.969700
vt 0.933400 0.630600
vt 0.921500 0.630200
vt 0.923100 0.625400
vt 0.936300 0.625200
vt 0.650200 0.210400
vt 0.648500 0.215700
vt 0.718900 0.538700
vt 0.966800 0.709900
vt 0.964000 0.377300
vt 0.655600 0.529900
vt 0.657300 0.525500
vt 0.970700 0.706700
vt 0.945400 0.748100
vt 0.322900 0.799200
vt 0.565200 0.859300
vt 0.419800 0.715000
vt 0.422200 0.721800
vt 0.272600 0.668200
vt 0.294500 0.668200
vt 0.283400 0.674600
vt 0.979400 0.604600
vt 0.738700 0.644200
vt 0.571800 0.907400
vt 0.824000 0.584300
vt 0.829000 0.151200
vt 0.812200 0.150700
vt 0.911100 0.497100
vt 0.002000 0.791000
vt 0.259000 0.695300
vt 0.603400 0.965100
vt 0.547000 0.556900
vt 0.529100 0.561200
vt 0.984100 0.728300
vt 0.613900 0.797200
vt 0.615200 0.792300
vt 0.588500 0.320200
vt 0.599600 0.566400
vt 0.938800 0.650500
vt 0.937100 0.645300
vt 0.684500 0.544900
vt 0.660400 0.532800
vt 0.683600 0.538300
vt 0.128800 0.955100
vt 0.841400 0.812100
vt 0.282500 0.898000
vt 0.799900 0.914500
vt 0.776600 0.907900
vt 0.674600 0.858700
vt 0.234800 0.886400
vt 0.038300 0.833800
vt 0.883700 0.501500
vt 0.873600 0.501700
vt 0.876000 0.498600
vt 0.780700 0.408800
vt 0.716600 0.487600
vt 0.466100 0.129600
vt 0.466000 0.124000
vt 0.478900 0.123900
vt 0.479800 0.130800
vt 0.672400 0.324100
vt 0.540000 0.467900
vt 0.862000 0.430500
vt 0.781100 0.839400
vt 0.938100 0.032500
vt 0.262100 0.835800
vt 0.284100 0.848200
vt 0.259000 0.839000
vt 0.360400 0.777000
vt 0.384400 0.776500
vt 0.382600 0.780300
vt 0.151100 0.853100
vt 0.548400 0.452200
vt 0.524700 0.446200
vt 0.478400 0.888500
vt 0.789400 0.929900
vt 0.989200 0.122200
vt 0.903300 0.484100
vt 0.655100 0.534600
vt 0.483900 0.680400
vt 0.483900 0.685700
vt 0.454500 0.679700
vt 0.483700 0.484000
vt 0.293400 0.677700
vt 0.293500 0.681800
vt 0.285100 0.679600
vt 0.077600 0.894100
vt 0.068500 0.889500
vt 0.868700 0.555500
vt 0.201600 0.843900
vt 0.993300 0.384400
vt 0.993500 0.391500
vt 0.995300 0.377700
vt 0.246700 0.847000
vt 0.246700 0.853800
vt 0.559800 0.732900
vt 0.562300 0.726600
vt 0.362800 0.722500
vt 0.362700 0.715800
vt 0.374700 0.715600
vt 0.375200 0.722800
vt 0.864200 0.164800
vt 0.866100 0.158400
vt 0.976000 0.789300
vt 0.417300 0.787200
vt 0.416800 0.793200
vt 0.583000 0.574900
vt 0.584900 0.570200
vt 0.513000 0.599300
vt 0.513500 0.606400
vt 0.514900 0.592700
vt 0.316200 0.828800
vt 0.996100 0.622700
vt 0.993900 0.630600
vt 0.586400 0.366200
vt 0.949100 0.378100
vt 0.710400 0.950800
vt 0.966100 0.548700
vt 0.959100 0.650300
vt 0.945500 0.649900
vt 0.944000 0.642600
vt 0.926200 0.934900
vt 0.948900 0.929000
vt 0.929300 0.781400
vt 0.983700 0.066300
vt 0.922500 0.790000
vt 0.938200 0.792200
vt 0.996900 0.765500
vt 0.924700 0.868600
vt 0.823000 0.319800
vt 0.838400 0.317600
vt 0.805900 0.324200
vt 0.667000 0.594400
vt 0.582000 0.940000
vt 0.974800 0.461700
vt 0.613600 0.438700
vt 0.696800 0.838600
vt 0.554800 0.822600
vt 0.560500 0.602500
vt 0.360400 0.653900
vt 0.398300 0.644700
vt 0.382100 0.652400
vt 0.903800 0.620500
vt 0.957900 0.715000
vt 0.434200 0.419200
vt 0.812500 0.886500
vt 0.276000 0.737000
vt 0.259000 0.740000
vt 0.530000 0.557400
vt 0.688300 0.383400
vt 0.144400 0.921500
vt 0.770600 0.438700
vt 0.772600 0.430500
vt 0.944100 0.128100
vt 0.942900 0.131400
vt 0.591200 0.587200
vt 0.590100 0.581700
vt 0.663200 0.557200
vt 0.926900 0.348600
vt 0.954200 0.704600
vt 0.520400 0.207100
vt 0.879100 0.975200
vt 0.843600 0.912600
vt 0.845400 0.906200
vt 0.325000 0.896100
vt 0.326200 0.889000
vt 0.120100 0.909600
vt 0.119800 0.904100
vt 0.112700 0.789000
vt 0.111500 0.795900
vt 0.482300 0.703400
vt 0.482000 0.710300
vt 0.462900 0.710000
vt 0.461500 0.703100
vt 0.672200 0.980200
vt 0.671600 0.987300
vt 0.111100 0.802900
vt 0.550600 0.909800
vt 0.552500 0.918800
vt 0.755800 0.712800
vt 0.957800 0.270600
vt 0.910400 0.796000
vt 0.912500 0.803000
vt 0.837800 0.669000
vt 0.838900 0.453700
vt 0.996100 0.350700
vt 0.995000 0.356700
vt 0.547500 0.571700
vt 0.564700 0.574300
vt 0.547600 0.574900
vt 0.234300 0.916600
vt 0.891600 0.789800
vt 0.913200 0.789300
vt 0.989900 0.509300
vt 0.593800 0.452600
vt 0.594100 0.445700
vt 0.300000 0.854000
vt 0.286600 0.843500
vt 0.851800 0.817200
vt 0.853600 0.824000
vt 0.806200 0.320600
vt 0.993400 0.598000
vt 0.146400 0.882600
vt 0.145500 0.889300
vt 0.127000 0.884400
vt 0.129400 0.878000
vt 0.829200 0.994100
vt 0.811800 0.990900
vt 0.830700 0.990700
vt 0.591600 0.568300
vt 0.264400 0.779000
vt 0.259000 0.773700
vt 0.276200 0.769300
vt 0.279500 0.773900
vt 0.260300 0.688800
vt 0.726600 0.886400
vt 0.744100 0.885200
vt 0.231200 0.967900
vt 0.233500 0.961400
vt 0.708900 0.384500
vt 0.535400 0.940200
vt 0.583900 0.706800
vt 0.879100 0.557600
vt 0.882400 0.563300
vt 0.753700 0.581000
vt 0.765200 0.587400
vt 0.752200 0.585600
vt 0.896300 0.463500
vt 0.196700 0.803100
vt 0.311300 0.906600
vt 0.127000 0.948600
vt 0.259800 0.730500
vt 0.270500 0.729500
vt 0.259000 0.734800
vt 0.495400 0.429400
vt 0.507900 0.434300
vt 0.495600 0.433100
vt 0.960900 0.778900
vt 0.970000 0.778300
vt 0.976800 0.781400
vt 0.946700 0.974300
vt 0.604300 0.556600
vt 0.360400 0.591100
vt 0.454500 0.989100
vt 0.471700 0.986000
vt 0.172400 0.751800
vt 0.181300 0.752800
vt 0.181600 0.754300
vt 0.937800 0.639600
vt 0.982800 0.344200
vt 0.785000 0.742000
vt 0.994100 0.937800
vt 0.590100 0.600000
vt 0.793400 0.766000
vt 0.964800 0.204300
vt 0.903900 0.254500
vt 0.918600 0.249000
vt 0.920200 0.254500
vt 0.114500 0.985300
vt 0.996800 0.652200
vt 0.933500 0.134000
vt 0.622200 0.790600
vt 0.498400 0.517200
vt 0.486900 0.515900
vt 0.419000 0.424000
vt 0.319400 0.874300
vt 0.742500 0.207400
vt 0.742500 0.199200
vt 0.769600 0.199600
vt 0.769600 0.208000
vt 0.190200 0.698500
vt 0.190200 0.708000
vt 0.156700 0.707400
vt 0.156700 0.698500
vt 0.709000 0.145400
vt 0.709000 0.137800
vt 0.742500 0.135500
vt 0.742500 0.143700
vt 0.288700 0.618600
vt 0.288700 0.609900
vt 0.322200 0.610500
vt 0.322200 0.619800
vt 0.869100 0.276200
vt 0.869100 0.285500
vt 0.835600 0.284300
vt 0.835600 0.275600
vt 0.076900 0.539100
vt 0.071400 0.542500
vt 0.063600 0.523300
vt 0.868600 0.068300
vt 0.855600 0.052800
vt 0.875700 0.051400
vt 0.805900 0.250900
vt 0.805900 0.243500
vt 0.835600 0.240600
vt 0.835600 0.248900
vt 0.022400 0.519700
vt 0.002100 0.517900
vt 0.013400 0.510800
vt 0.023500 0.513300
vt 0.190200 0.662600
vt 0.190200 0.670700
vt 0.156700 0.672500
vt 0.156700 0.664900
vt 0.709000 0.197400
vt 0.709000 0.189100
vt 0.742500 0.190300
vt 0.898100 0.035600
vt 0.879900 0.013900
vt 0.156700 0.689500
vt 0.156700 0.680800
vt 0.190200 0.679600
vt 0.190200 0.688900
vt 0.831300 0.091700
vt 0.094600 0.521100
vt 0.105000 0.520400
vt 0.104900 0.526900
vt 0.094600 0.526000
vt 0.742500 0.161900
vt 0.742500 0.171400
vt 0.709000 0.171400
vt 0.709000 0.162500
vt 0.032400 0.496100
vt 0.024500 0.489300
vt 0.030300 0.483600
vt 0.037000 0.491600
vt 0.322200 0.591400
vt 0.349300 0.591200
vt 0.349300 0.600900
vt 0.322200 0.600900
vt 0.896200 0.238400
vt 0.869100 0.238900
vt 0.869100 0.230700
vt 0.896200 0.230100
vt 0.083000 0.571300
vt 0.067300 0.575000
vt 0.073000 0.563700
vt 0.079200 0.561700
vt 0.816300 0.076400
vt 0.811900 0.079000
vt 0.808400 0.071900
vt 0.813000 0.070000
vt 0.288700 0.567300
vt 0.288700 0.560500
vt 0.322200 0.557700
vt 0.322200 0.565000
vt 0.900100 0.063900
vt 0.905000 0.065100
vt 0.902500 0.072700
vt 0.897800 0.070700
vt 0.069000 0.461800
vt 0.078600 0.463400
vt 0.076200 0.473000
vt 0.068200 0.471700
vt 0.095400 0.496700
vt 0.103300 0.490000
vt 0.108000 0.496600
vt 0.099100 0.502000
vt 0.851100 0.103500
vt 0.851600 0.098500
vt 0.858800 0.098600
vt 0.859100 0.103600
vt 0.259000 0.616700
vt 0.835600 0.292600
vt 0.869100 0.294400
vt 0.832000 0.013500
vt 0.829400 0.009200
vt 0.836500 0.005600
vt 0.838400 0.010300
vt 0.322200 0.628700
vt 0.288700 0.626900
vt 0.896200 0.276300
vt 0.896200 0.285800
vt 0.085000 0.558800
vt 0.090300 0.567700
vt 0.259000 0.571000
vt 0.679300 0.194500
vt 0.679300 0.187200
vt 0.844100 0.003200
vt 0.845300 0.008100
vt 0.889000 0.014400
vt 0.885700 0.018200
vt 0.882600 0.009600
vt 0.006300 0.546500
vt 0.015600 0.542700
vt 0.019200 0.550000
vt 0.010700 0.555100
vt 0.036200 0.567200
vt 0.023100 0.569900
vt 0.029700 0.562400
vt 0.156700 0.738900
vt 0.156700 0.732100
vt 0.190200 0.734400
vt 0.190200 0.741700
vt 0.820400 0.082300
vt 0.816600 0.085500
vt 0.742500 0.128200
vt 0.709000 0.131000
vt 0.769600 0.143200
vt 0.769600 0.152200
vt 0.742500 0.152500
vt 0.896200 0.266600
vt 0.869100 0.266600
vt 0.869100 0.257000
vt 0.896200 0.256900
vt 0.896200 0.247400
vt 0.869100 0.247700
vt 0.288700 0.641400
vt 0.288700 0.634600
vt 0.322200 0.636900
vt 0.322200 0.644200
vt 0.874700 0.100000
vt 0.872800 0.095400
vt 0.879200 0.092100
vt 0.881800 0.096500
vt 0.023900 0.476000
vt 0.017000 0.482800
vt 0.349300 0.557000
vt 0.349300 0.564400
vt 0.835600 0.266600
vt 0.805900 0.274600
vt 0.805900 0.266600
vt 0.852900 0.014600
vt 0.818400 0.043500
vt 0.820300 0.037800
vt 0.288700 0.592000
vt 0.288700 0.583200
vt 0.322200 0.582000
vt 0.259000 0.608900
vt 0.259000 0.600900
vt 0.288700 0.600900
vt 0.066500 0.564600
vt 0.059100 0.574900
vt 0.060000 0.564600
vt 0.190200 0.717400
vt 0.190200 0.726200
vt 0.156700 0.724500
vt 0.156700 0.716200
vt 0.885100 0.088000
vt 0.888300 0.091800
vt 0.890200 0.082900
vt 0.828600 0.096000
vt 0.837700 0.095000
vt 0.835700 0.099700
vt 0.844500 0.097300
vt 0.843300 0.102200
vt 0.073700 0.483100
vt 0.071100 0.493200
vt 0.066300 0.492400
vt 0.067300 0.482000
vt 0.045900 0.533900
vt 0.043500 0.528000
vt 0.115200 0.527800
vt 0.125200 0.528700
vt 0.123600 0.538300
vt 0.113900 0.535800
vt 0.120500 0.547500
vt 0.116000 0.556100
vt 0.107600 0.550800
vt 0.111300 0.543500
vt 0.742500 0.181000
vt 0.709000 0.180400
vt 0.087800 0.466400
vt 0.083900 0.475600
vt 0.769600 0.127500
vt 0.769600 0.134900
vt 0.896200 0.294800
vt 0.896200 0.303200
vt 0.869100 0.302500
vt 0.709000 0.153700
vt 0.860000 0.002100
vt 0.859600 0.007100
vt 0.852400 0.007000
vt 0.852000 0.002000
vt 0.822800 0.013800
vt 0.826100 0.017700
vt 0.821000 0.022700
vt 0.817100 0.019400
vt 0.808700 0.032900
vt 0.813400 0.034900
vt 0.811100 0.041700
vt 0.806200 0.040500
vt 0.033400 0.530300
vt 0.043600 0.518300
vt 0.031900 0.549900
vt 0.039900 0.543300
vt 0.043300 0.546700
vt 0.036500 0.554600
vt 0.030900 0.575700
vt 0.905200 0.041400
vt 0.900300 0.042500
vt 0.902800 0.033700
vt 0.890700 0.023300
vt 0.894600 0.020100
vt 0.899200 0.026600
vt 0.894900 0.029200
vt 0.082600 0.531400
vt 0.081200 0.534300
vt 0.077200 0.507700
vt 0.079500 0.510000
vt 0.835600 0.257700
vt 0.805900 0.258600
vt 0.127000 0.734500
vt 0.127000 0.728400
vt 0.835600 0.233000
vt 0.013200 0.535000
vt 0.003400 0.537200
vt 0.002000 0.527600
vt 0.012000 0.526900
vt 0.869100 0.223400
vt 0.896200 0.222600
vt 0.086800 0.580600
vt 0.077500 0.583500
vt 0.040500 0.466000
vt 0.044200 0.475300
vt 0.037000 0.478900
vt 0.031800 0.470300
vt 0.804800 0.056400
vt 0.809800 0.056000
vt 0.810900 0.063100
vt 0.806000 0.064300
vt 0.809900 0.048800
vt 0.804800 0.048400
vt 0.894000 0.086200
vt 0.894500 0.077100
vt 0.898800 0.079800
vt 0.116600 0.491500
vt 0.111000 0.483600
vt 0.115300 0.519700
vt 0.125300 0.519000
vt 0.016000 0.503100
vt 0.025500 0.507100
vt 0.349300 0.610700
vt 0.835900 0.020000
vt 0.679300 0.148300
vt 0.679300 0.141500
vt 0.805900 0.296500
vt 0.805900 0.289700
vt 0.835600 0.300200
vt 0.058300 0.584900
vt 0.068000 0.584900
vt 0.039500 0.580200
vt 0.043400 0.571000
vt 0.051100 0.573600
vt 0.048700 0.583300
vt 0.322200 0.573200
vt 0.288700 0.574900
vt 0.349300 0.581700
vt 0.127000 0.714200
vt 0.127000 0.706500
vt 0.127000 0.668500
vt 0.127000 0.662500
vt 0.156700 0.658000
vt 0.259000 0.593000
vt 0.259000 0.585200
vt 0.259000 0.577800
vt 0.709000 0.205100
vt 0.259000 0.636900
vt 0.259000 0.624000
vt 0.769600 0.161700
vt 0.769600 0.171400
vt 0.091100 0.479400
vt 0.090800 0.492100
vt 0.085600 0.488200
vt 0.023300 0.532600
vt 0.034900 0.534900
vt 0.025200 0.538800
vt 0.028100 0.544600
vt 0.090200 0.507300
vt 0.087400 0.503400
vt 0.835600 0.307100
vt 0.805900 0.302600
vt 0.869100 0.309800
vt 0.044600 0.515200
vt 0.048100 0.509800
vt 0.043700 0.499500
vt 0.042300 0.487800
vt 0.047700 0.496700
vt 0.075300 0.552100
vt 0.079600 0.549900
vt 0.101800 0.539500
vt 0.092200 0.535400
vt 0.093800 0.530800
vt 0.103800 0.533300
vt 0.060000 0.471600
vt 0.060800 0.482000
vt 0.054300 0.483000
vt 0.052000 0.472800
vt 0.769600 0.215400
vt 0.742500 0.214600
vt 0.114100 0.511700
vt 0.111700 0.503900
vt 0.120900 0.500200
vt 0.123800 0.509400
vt 0.873500 0.010600
vt 0.875500 0.005900
vt 0.816700 0.028500
vt 0.812400 0.025800
vt 0.826700 0.027700
vt 0.823100 0.032500
vt 0.865900 0.097500
vt 0.867000 0.102400
vt 0.906400 0.049300
vt 0.901400 0.049600
vt 0.217300 0.726700
vt 0.217300 0.735000
vt 0.217300 0.742400
vt 0.679300 0.163500
vt 0.679300 0.155700
vt 0.679300 0.179400
vt 0.679300 0.171400
vt 0.217300 0.661900
vt 0.217300 0.670300
vt 0.217300 0.679300
vt 0.217300 0.688800
vt 0.679300 0.207400
vt 0.679300 0.201400
vt 0.709000 0.211900
vt 0.103400 0.570600
vt 0.096900 0.563000
vt 0.769600 0.181100
vt 0.769600 0.190600
vt 0.349300 0.572700
vt 0.217300 0.708200
vt 0.217300 0.717700
vt 0.070600 0.553500
vt 0.068300 0.543400
vt 0.060900 0.554200
vt 0.065800 0.554300
vt 0.217300 0.698500
vt 0.349300 0.620100
vt 0.349300 0.629100
vt 0.349300 0.637500
vt 0.349300 0.644900
vt 0.127000 0.721600
vt 0.127000 0.675400
vt 0.127000 0.690500
vt 0.127000 0.682700
vt 0.805900 0.282300
vt 0.835600 0.226100
vt 0.061500 0.492300
vt 0.104000 0.514000
vt 0.102000 0.507800
vt 0.093900 0.516300
vt 0.087100 0.543700
vt 0.094900 0.550500
vt 0.090300 0.555000
vt 0.083600 0.547100
vt 0.906300 0.057200
vt 0.901300 0.056800
vt 0.866700 0.008300
vt 0.867900 0.003400
vt 0.110300 0.563800
vt 0.102700 0.557300
vt 0.055600 0.542300
vt 0.041700 0.558400
vt 0.047800 0.536600
vt 0.019700 0.495900
vt 0.055900 0.504200
vt 0.048100 0.484900
vt 0.071700 0.504300
vt 0.822200 0.091200
vt 0.024000 0.556600
vt 0.016300 0.563000
vt 0.896200 0.310600
vt 0.040200 0.502900
vt 0.035100 0.511200
vt 0.079800 0.485200
vt 0.075800 0.494700
vt 0.051500 0.551900
vt 0.047500 0.561400
vt 0.090000 0.539800
vt 0.098800 0.545300
vt 0.006800 0.499200
vt 0.011200 0.490600
vt 0.770100 0.181100
vt 0.770200 0.190500
vt 0.738800 0.332400
vt 0.748400 0.333500
vt 0.748400 0.334000
vt 0.738700 0.332900
vt 0.082800 0.515600
vt 0.084200 0.525100
vt 0.120900 0.547600
vt 0.116400 0.556300
vt 0.259000 0.630900
vt 0.003700 0.508400
vt 0.061800 0.543900
vt 0.104200 0.476700
vt 0.096400 0.470900
vt 0.190200 0.655300
vt 0.217300 0.654500
vt 0.037000 0.539300
vt 0.022300 0.526200
vt 0.679300 0.135400
vt 0.127000 0.698500
vt 0.805900 0.236700
vt 0.805900 0.230600
vt 0.049700 0.463100
vt 0.835500 0.051000
vt 0.059300 0.461700
vt 0.080100 0.497000
vt 0.053600 0.563500
vt 0.056100 0.553400
vt 0.079200 0.536900
vt 0.770200 0.171400
vt 0.770100 0.161800
vt 0.712000 0.323700
vt 0.704500 0.318900
vt 0.704900 0.318300
vt 0.712200 0.323100
vt 0.720500 0.327100
vt 0.720300 0.327700
vt 0.349600 0.591300
vt 0.349800 0.600900
vt 0.504500 0.880000
vt 0.494800 0.878900
vt 0.494900 0.878300
vt 0.504500 0.879500
vt 0.896900 0.230300
vt 0.896600 0.238600
vt 0.729300 0.330800
vt 0.729400 0.330100
vt 0.033500 0.515800
vt 0.050400 0.507500
vt 0.259000 0.564900
vt 0.896700 0.256900
vt 0.896500 0.266600
vt 0.896500 0.247500
vt 0.779600 0.334000
vt 0.769800 0.333700
vt 0.769900 0.332900
vt 0.779600 0.333100
vt 0.770400 0.135100
vt 0.769900 0.143400
vt 0.896600 0.276300
vt 0.896800 0.285700
vt 0.896700 0.294700
vt 0.349600 0.610600
vt 0.760200 0.332600
vt 0.760300 0.332000
vt 0.349900 0.620000
vt 0.770000 0.152300
vt 0.349800 0.572900
vt 0.349800 0.581800
vt 0.485400 0.876800
vt 0.476400 0.873600
vt 0.476600 0.873000
vt 0.485500 0.876200
vt 0.770100 0.199500
vt 0.548500 0.869900
vt 0.541000 0.873800
vt 0.540800 0.873200
vt 0.548200 0.869300
vt 0.554600 0.864600
vt 0.554800 0.865100
vt 0.095500 0.576300
vt 0.468400 0.869000
vt 0.468200 0.869600
vt 0.460800 0.864800
vt 0.461100 0.864300
vt 0.217900 0.670400
vt 0.217900 0.679400
vt 0.789900 0.323500
vt 0.780200 0.323500
vt 0.780200 0.322900
vt 0.789900 0.322800
vt 0.217900 0.717600
vt 0.217900 0.726500
vt 0.349900 0.629000
vt 0.217700 0.708200
vt 0.217900 0.698500
vt 0.560000 0.859600
vt 0.559700 0.859100
vt 0.454500 0.859200
vt 0.454900 0.858700
vt 0.217800 0.688800
vt 0.789200 0.333100
vt 0.798400 0.331900
vt 0.798500 0.332400
vt 0.789200 0.333600
vt 0.792000 0.322800
vt 0.798300 0.317900
vt 0.798500 0.318500
vt 0.792200 0.323400
vt 0.250500 0.434300
vt 0.221300 0.433900
vt 0.221300 0.422600
vt 0.279200 0.423000
vt 0.506900 0.291100
vt 0.478600 0.290900
vt 0.478600 0.278900
vt 0.506900 0.278900
vt 0.190200 0.613000
vt 0.156700 0.612400
vt 0.156700 0.603400
vt 0.190200 0.603400
vt 0.065200 0.762200
vt 0.031700 0.760500
vt 0.031700 0.752100
vt 0.065200 0.753400
vt 0.081600 0.398400
vt 0.109500 0.398400
vt 0.109500 0.409200
vt 0.081600 0.408500
vt 0.367200 0.258900
vt 0.367200 0.249600
vt 0.395100 0.247600
vt 0.395100 0.257600
vt 0.364300 0.414300
vt 0.364300 0.422200
vt 0.340400 0.420000
vt 0.340400 0.412600
vt 0.356500 0.129100
vt 0.336500 0.122900
vt 0.356500 0.121500
vt 0.767800 0.239000
vt 0.767800 0.230800
vt 0.798900 0.230100
vt 0.798900 0.238500
vt 0.454700 0.082400
vt 0.454700 0.070500
vt 0.483800 0.070600
vt 0.512600 0.082800
vt 0.734300 0.275800
vt 0.767800 0.276400
vt 0.767800 0.285700
vt 0.734300 0.284500
vt 0.288800 0.531900
vt 0.322200 0.533600
vt 0.322200 0.541800
vt 0.288800 0.539500
vt 0.287000 0.373700
vt 0.287000 0.367200
vt 0.316900 0.364300
vt 0.316900 0.371700
vt 0.156900 0.530100
vt 0.156900 0.537000
vt 0.127000 0.533100
vt 0.127000 0.527200
vt 0.735200 0.002000
vt 0.739400 0.062100
vt 0.725900 0.039500
vt 0.673700 0.231400
vt 0.649800 0.233200
vt 0.649800 0.226100
vt 0.673700 0.224000
vt 0.065200 0.770400
vt 0.031700 0.768100
vt 0.072600 0.642200
vt 0.083000 0.672300
vt 0.052900 0.637600
vt 0.322200 0.486900
vt 0.288800 0.488100
vt 0.288800 0.479800
vt 0.322200 0.478000
vt 0.221900 0.314400
vt 0.193700 0.313800
vt 0.193700 0.302700
vt 0.221900 0.303100
vt 0.374700 0.532300
vt 0.404800 0.506100
vt 0.395500 0.521700
vt 0.649800 0.294800
vt 0.649800 0.302700
vt 0.626000 0.300500
vt 0.626000 0.293100
vt 0.370700 0.100700
vt 0.398600 0.102300
vt 0.398600 0.111200
vt 0.370700 0.109400
vt 0.369400 0.165500
vt 0.380500 0.139200
vt 0.415400 0.169500
vt 0.798100 0.048600
vt 0.791100 0.031100
vt 0.388100 0.350900
vt 0.364300 0.352700
vt 0.364300 0.345600
vt 0.388100 0.343500
vt 0.385000 0.133200
vt 0.082200 0.258900
vt 0.110100 0.257600
vt 0.110100 0.268100
vt 0.082200 0.268800
vt 0.454700 0.022800
vt 0.426500 0.023400
vt 0.426500 0.013100
vt 0.454700 0.012300
vt 0.767800 0.310100
vt 0.734300 0.307300
vt 0.734300 0.300500
vt 0.767800 0.302800
vt 0.367200 0.316900
vt 0.367200 0.308200
vt 0.395100 0.310200
vt 0.395100 0.319400
vt 0.445800 0.205700
vt 0.425800 0.214500
vt 0.322200 0.524800
vt 0.288800 0.523500
vt 0.288800 0.514800
vt 0.322200 0.515400
vt 0.251000 0.223000
vt 0.279800 0.232100
vt 0.221900 0.232900
vt 0.221900 0.223600
vt 0.035000 0.595300
vt 0.082400 0.602400
vt 0.156700 0.629400
vt 0.190200 0.631200
vt 0.190200 0.639400
vt 0.156700 0.637100
vt 0.409200 0.523700
vt 0.414500 0.521500
vt 0.288800 0.149700
vt 0.288800 0.158100
vt 0.265300 0.158800
vt 0.265300 0.151000
vt 0.127000 0.480800
vt 0.127000 0.475500
vt 0.156900 0.470800
vt 0.156900 0.476900
vt 0.387200 0.510500
vt 0.366100 0.515800
vt 0.342900 0.027000
vt 0.315000 0.028900
vt 0.315000 0.020300
vt 0.342900 0.017800
vt 0.315000 0.058300
vt 0.342900 0.058300
vt 0.342900 0.069000
vt 0.315000 0.068400
vt 0.693300 0.100800
vt 0.679400 0.056900
vt 0.681000 0.047500
vt 0.228200 0.507000
vt 0.204300 0.507000
vt 0.204300 0.497700
vt 0.228200 0.497200
vt 0.544800 0.048100
vt 0.540400 0.056900
vt 0.531400 0.040000
vt 0.550500 0.040000
vt 0.426500 0.103400
vt 0.454700 0.104200
vt 0.454700 0.113600
vt 0.426500 0.112600
vt 0.031700 0.708400
vt 0.065200 0.706600
vt 0.065200 0.715500
vt 0.031700 0.716700
vt 0.098700 0.640800
vt 0.095500 0.654800
vt 0.512600 0.011500
vt 0.483800 0.022400
vt 0.478600 0.302700
vt 0.506900 0.303100
vt 0.110100 0.289700
vt 0.137900 0.290200
vt 0.137900 0.301200
vt 0.110100 0.300200
vt 0.446400 0.133800
vt 0.455900 0.145100
vt 0.459200 0.151800
vt 0.110100 0.247600
vt 0.137900 0.246100
vt 0.137900 0.256600
vt 0.054200 0.407700
vt 0.054200 0.398400
vt 0.506900 0.223600
vt 0.506900 0.232900
vt 0.478600 0.233700
vt 0.478600 0.224600
vt 0.647400 0.121200
vt 0.653100 0.113200
vt 0.672000 0.110100
vt 0.618000 0.157100
vt 0.109500 0.387600
vt 0.081600 0.388300
vt 0.081600 0.378500
vt 0.109500 0.377100
vt 0.520500 0.087500
vt 0.520400 0.075100
vt 0.522200 0.062900
vt 0.593500 0.159200
vt 0.594600 0.143700
vt 0.604500 0.143600
vt 0.551300 0.122100
vt 0.558300 0.129000
vt 0.569800 0.152700
vt 0.407600 0.466300
vt 0.407900 0.461700
vt 0.414900 0.462700
vt 0.413800 0.467300
vt 0.572500 0.267900
vt 0.572500 0.261000
vt 0.602500 0.259900
vt 0.602500 0.267900
vt 0.941300 0.428900
vt 0.941100 0.434400
vt 0.931100 0.433300
vt 0.931900 0.427900
vt 0.336500 0.166800
vt 0.312700 0.166800
vt 0.312700 0.157500
vt 0.336500 0.157100
vt 0.665800 0.038800
vt 0.660300 0.065300
vt 0.657100 0.055900
vt 0.649600 0.020200
vt 0.677500 0.073700
vt 0.657600 0.104300
vt 0.616700 0.003800
vt 0.622600 0.022000
vt 0.613200 0.019000
vt 0.592100 0.002100
vt 0.190200 0.575600
vt 0.156700 0.577400
vt 0.156700 0.569700
vt 0.190200 0.567400
vt 0.545400 0.114100
vt 0.526400 0.111400
vt 0.367200 0.240900
vt 0.367200 0.233200
vt 0.395100 0.230200
vt 0.395100 0.238400
vt 0.028200 0.310600
vt 0.028200 0.303400
vt 0.054800 0.306000
vt 0.054800 0.313900
vt 0.369300 0.180100
vt 0.368200 0.172800
vt 0.369300 0.172700
vt 0.763700 0.072400
vt 0.797900 0.076700
vt 0.649800 0.277200
vt 0.626000 0.276600
vt 0.626000 0.267900
vt 0.649800 0.267900
vt 0.951500 0.581000
vt 0.951800 0.586500
vt 0.941800 0.586500
vt 0.942100 0.581000
vt 0.364300 0.396700
vt 0.340400 0.396100
vt 0.340400 0.387400
vt 0.364300 0.387400
vt 0.042600 0.682400
vt 0.049700 0.683400
vt 0.049400 0.688500
vt 0.041400 0.687300
vt 0.322200 0.496200
vt 0.288800 0.496900
vt 0.603400 0.017600
vt 0.593500 0.017600
vt 0.583700 0.019300
vt 0.557200 0.013800
vt 0.568200 0.008100
vt 0.632500 0.134200
vt 0.640400 0.128300
vt 0.193100 0.374700
vt 0.221300 0.374300
vt 0.221300 0.386200
vt 0.193100 0.386400
vt 0.193700 0.255200
vt 0.193700 0.244000
vt 0.221900 0.243400
vt 0.221900 0.254700
vt 0.193700 0.290900
vt 0.221900 0.291100
vt 0.008400 0.648700
vt 0.010600 0.655600
vt 0.005900 0.657500
vt 0.003400 0.650000
vt 0.190200 0.584500
vt 0.156700 0.585700
vt 0.395100 0.268100
vt 0.422900 0.267600
vt 0.422900 0.278900
vt 0.395100 0.278900
vt 0.339800 0.306000
vt 0.339800 0.313900
vt 0.313200 0.310600
vt 0.313200 0.303400
vt 0.734300 0.257800
vt 0.767800 0.257200
vt 0.767800 0.266800
vt 0.734300 0.266800
vt 0.048900 0.591900
vt 0.041800 0.593000
vt 0.040600 0.588100
vt 0.048500 0.586800
vt 0.315000 0.078200
vt 0.342900 0.079500
vt 0.342900 0.089500
vt 0.315000 0.087600
vt 0.371500 0.187200
vt 0.379100 0.199900
vt 0.374800 0.193800
vt 0.054200 0.440600
vt 0.027600 0.436600
vt 0.027600 0.430100
vt 0.054200 0.433400
vt 0.193100 0.443600
vt 0.221300 0.444400
vt 0.221300 0.453700
vt 0.193100 0.452800
vt 0.365100 0.503300
vt 0.360400 0.503000
vt 0.361400 0.496100
vt 0.367900 0.491200
vt 0.180500 0.507000
vt 0.180500 0.498300
vt 0.688300 0.030200
vt 0.649800 0.241100
vt 0.649800 0.249700
vt 0.626000 0.250800
vt 0.626000 0.242800
vt 0.065200 0.724800
vt 0.031700 0.725500
vt 0.660500 0.094800
vt 0.662000 0.085000
vt 0.436800 0.513500
vt 0.443700 0.515100
vt 0.441800 0.521000
vt 0.416500 0.492200
vt 0.265300 0.143600
vt 0.288800 0.141600
vt 0.426500 0.058300
vt 0.426500 0.046200
vt 0.454700 0.046000
vt 0.454700 0.058300
vt 0.564800 0.232100
vt 0.564800 0.242800
vt 0.536000 0.243000
vt 0.450800 0.267200
vt 0.478600 0.266900
vt 0.450800 0.278900
vt 0.312700 0.208600
vt 0.288800 0.206000
vt 0.288800 0.199400
vt 0.312700 0.201600
vt 0.414500 0.544800
vt 0.415600 0.549300
vt 0.408700 0.550500
vt 0.408300 0.545800
vt 0.536000 0.086100
vt 0.535900 0.076200
vt 0.251000 0.266500
vt 0.221900 0.266700
vt 0.279800 0.254300
vt 0.558400 0.148100
vt 0.548300 0.141000
vt 0.661900 0.075100
vt 0.675400 0.061500
vt 0.536000 0.314800
vt 0.564800 0.325700
vt 0.506900 0.324900
vt 0.506900 0.314400
vt 0.033200 0.633100
vt 0.028600 0.598700
vt 0.190200 0.622300
vt 0.156700 0.621100
vt 0.193100 0.422200
vt 0.193100 0.410400
vt 0.221300 0.410700
vt 0.250500 0.386100
vt 0.279200 0.398400
vt 0.221300 0.398400
vt 0.031700 0.743400
vt 0.065200 0.744000
vt 0.102600 0.649100
vt 0.100200 0.656700
vt 0.097700 0.647900
vt 0.419400 0.123500
vt 0.419500 0.122400
vt 0.027600 0.422900
vt 0.054200 0.425500
vt 0.631500 0.026400
vt 0.958000 0.314000
vt 0.958300 0.308500
vt 0.967800 0.308500
vt 0.968100 0.314000
vt 0.408000 0.377400
vt 0.412000 0.378000
vt 0.412000 0.387400
vt 0.408000 0.387400
vt 0.384300 0.540300
vt 0.376200 0.540200
vt 0.371200 0.535300
vt 0.316900 0.395400
vt 0.316900 0.387400
vt 0.228200 0.487800
vt 0.204300 0.488700
vt 0.204300 0.480100
vt 0.228200 0.478800
vt 0.960900 0.580000
vt 0.961800 0.585400
vt 0.948100 0.312900
vt 0.949000 0.307500
vt 0.356500 0.156800
vt 0.360400 0.157400
vt 0.360400 0.166800
vt 0.356500 0.166800
vt 0.033800 0.684900
vt 0.035700 0.680200
vt 0.418700 0.216700
vt 0.433500 0.472000
vt 0.430500 0.475600
vt 0.425400 0.471900
vt 0.427800 0.467900
vt 0.434900 0.480000
vt 0.438500 0.476900
vt 0.442600 0.482500
vt 0.438700 0.485000
vt 0.288800 0.183900
vt 0.312700 0.185100
vt 0.312700 0.193600
vt 0.288800 0.192000
vt 0.235400 0.180600
vt 0.235400 0.173800
vt 0.265300 0.174800
vt 0.265300 0.182600
vt 0.536000 0.334800
vt 0.506900 0.334200
vt 0.395100 0.327600
vt 0.367200 0.324600
vt 0.342900 0.107000
vt 0.315000 0.103900
vt 0.315000 0.096200
vt 0.342900 0.098800
vt 0.261000 0.090000
vt 0.235400 0.080100
vt 0.261000 0.082700
vt 0.204300 0.548800
vt 0.180500 0.546100
vt 0.180500 0.539500
vt 0.204300 0.541700
vt 0.252100 0.516400
vt 0.248100 0.517000
vt 0.248100 0.507000
vt 0.252100 0.507000
vt 0.339800 0.288200
vt 0.313200 0.287300
vt 0.313200 0.278900
vt 0.339800 0.278900
vt 0.462600 0.166200
vt 0.462500 0.173600
vt 0.461400 0.173500
vt 0.193100 0.363500
vt 0.221300 0.362900
vt 0.538600 0.030000
vt 0.547300 0.021100
vt 0.967800 0.321900
vt 0.968100 0.327400
vt 0.958000 0.327400
vt 0.958300 0.321900
vt 0.889300 0.413500
vt 0.892600 0.409200
vt 0.898800 0.414500
vt 0.895800 0.419100
vt 0.366700 0.483200
vt 0.370700 0.477500
vt 0.374300 0.480500
vt 0.387400 0.465100
vt 0.394100 0.462900
vt 0.389300 0.469400
vt 0.921300 0.431200
vt 0.922800 0.425900
vt 0.639600 0.032200
vt 0.483800 0.045900
vt 0.512600 0.058300
vt 0.734300 0.233100
vt 0.734300 0.240800
vt 0.704500 0.243600
vt 0.734300 0.249100
vt 0.704500 0.251000
vt 0.287000 0.361300
vt 0.287000 0.355900
vt 0.316900 0.351300
vt 0.316900 0.357400
vt 0.054800 0.269600
vt 0.028200 0.270500
vt 0.028200 0.262200
vt 0.054800 0.260500
vt 0.028200 0.295600
vt 0.054800 0.297300
vt 0.312700 0.139900
vt 0.288800 0.134200
vt 0.312700 0.132000
vt 0.572500 0.294100
vt 0.572500 0.288200
vt 0.602500 0.291100
vt 0.602500 0.297900
vt 0.072900 0.684600
vt 0.065300 0.687100
vt 0.064000 0.682200
vt 0.070900 0.679900
vt 0.092000 0.670400
vt 0.086400 0.676100
vt 0.428400 0.543900
vt 0.426000 0.539900
vt 0.431000 0.536200
vt 0.434100 0.539700
vt 0.444600 0.508900
vt 0.449300 0.509200
vt 0.448200 0.516100
vt 0.091900 0.613300
vt 0.087600 0.607500
vt 0.091400 0.604100
vt 0.096200 0.610600
vt 0.031700 0.693900
vt 0.065200 0.691100
vt 0.065200 0.698400
vt 0.031700 0.700700
vt 0.336500 0.203300
vt 0.336500 0.195000
vt 0.992600 0.418700
vt 0.989800 0.414200
vt 0.994700 0.408800
vt 0.997800 0.413000
vt 0.370700 0.080600
vt 0.370700 0.091100
vt 0.426500 0.082000
vt 0.454700 0.093800
vt 0.426500 0.093100
vt 0.002600 0.257100
vt 0.028200 0.254400
vt 0.054800 0.236800
vt 0.054800 0.243900
vt 0.028200 0.247200
vt 0.028200 0.240800
vt 0.365100 0.509600
vt 0.360500 0.510000
vt 0.367100 0.529700
vt 0.371000 0.527200
vt 0.005600 0.618500
vt 0.009200 0.611300
vt 0.013600 0.614000
vt 0.010300 0.620400
vt 0.064400 0.587900
vt 0.072000 0.590300
vt 0.070100 0.595000
vt 0.063200 0.592900
vt 0.261000 0.058300
vt 0.261000 0.049800
vt 0.287600 0.048900
vt 0.287600 0.058300
vt 0.287600 0.031200
vt 0.261000 0.033800
vt 0.261000 0.026600
vt 0.287600 0.023200
vt 0.565500 0.027000
vt 0.557500 0.032900
vt 0.626000 0.235400
vt 0.626000 0.228700
vt 0.401400 0.466400
vt 0.401000 0.461700
vt 0.388100 0.406600
vt 0.388100 0.415600
vt 0.364300 0.405700
vt 0.931900 0.585400
vt 0.932800 0.580000
vt 0.388100 0.377700
vt 0.388100 0.387400
vt 0.364300 0.360600
vt 0.364300 0.369200
vt 0.340400 0.370300
vt 0.340400 0.362300
vt 0.287600 0.100400
vt 0.261000 0.096400
vt 0.287600 0.093300
vt 0.027600 0.366700
vt 0.054200 0.363400
vt 0.054200 0.371400
vt 0.027600 0.373900
vt 0.248100 0.496900
vt 0.252100 0.497500
vt 0.980300 0.580100
vt 0.978300 0.575000
vt 0.985900 0.571200
vt 0.988400 0.576000
vt 0.322200 0.549100
vt 0.288800 0.546400
vt 0.540800 0.105300
vt 0.193700 0.324100
vt 0.221900 0.324900
vt 0.082200 0.298900
vt 0.110100 0.310200
vt 0.082200 0.308200
vt 0.017700 0.608100
vt 0.013800 0.604800
vt 0.019400 0.599100
vt 0.033000 0.590600
vt 0.204300 0.516200
vt 0.204300 0.525200
vt 0.180500 0.524100
vt 0.180500 0.515600
vt 0.228200 0.535200
vt 0.248100 0.536000
vt 0.248100 0.544600
vt 0.228200 0.543500
vt 0.779000 0.016600
vt 0.028200 0.278900
vt 0.054800 0.278900
vt 0.054800 0.288200
vt 0.028200 0.287300
vt 0.426800 0.123600
vt 0.478600 0.255200
vt 0.478600 0.244000
vt 0.506900 0.243400
vt 0.506900 0.254700
vt 0.014400 0.671100
vt 0.009600 0.664700
vt 0.014000 0.661900
vt 0.018300 0.667700
vt 0.673700 0.248700
vt 0.673700 0.239700
vt 0.673700 0.267900
vt 0.673700 0.277700
vt 0.444600 0.502600
vt 0.449200 0.502200
vt 0.445800 0.488700
vt 0.448100 0.495300
vt 0.441500 0.490500
vt 0.103800 0.641200
vt 0.103800 0.633200
vt 0.098700 0.633600
vt 0.929600 0.321000
vt 0.931600 0.315900
vt 0.940000 0.318900
vt 0.938500 0.324200
vt 0.948100 0.326300
vt 0.949000 0.320900
vt 0.367200 0.278900
vt 0.395100 0.289700
vt 0.367200 0.289000
vt 0.395100 0.300200
vt 0.367200 0.298900
vt 0.081600 0.436400
vt 0.109500 0.438900
vt 0.109500 0.447100
vt 0.081600 0.444100
vt 0.137400 0.420800
vt 0.137400 0.409700
vt 0.165200 0.410100
vt 0.165200 0.421600
vt 0.193700 0.278900
vt 0.193700 0.266900
vt 0.221900 0.278900
vt 0.110100 0.278900
vt 0.082200 0.278900
vt 0.388100 0.424000
vt 0.388100 0.431400
vt 0.364300 0.429300
vt 0.204300 0.465100
vt 0.204300 0.472200
vt 0.180500 0.474400
vt 0.180500 0.467800
vt 0.506900 0.266700
vt 0.659300 0.131200
vt 0.650700 0.140100
vt 0.065200 0.777700
vt 0.031700 0.775000
vt 0.614300 0.141900
vt 0.623700 0.138800
vt 0.799400 0.067400
vt 0.360400 0.176200
vt 0.356500 0.176800
vt 0.322200 0.505800
vt 0.288800 0.505800
vt 0.584700 0.142200
vt 0.575300 0.139200
vt 0.279800 0.278900
vt 0.279800 0.291400
vt 0.251000 0.291300
vt 0.287600 0.271400
vt 0.313200 0.270500
vt 0.287600 0.278900
vt 0.313200 0.262200
vt 0.313200 0.254400
vt 0.339800 0.251900
vt 0.339800 0.260500
vt 0.383700 0.472300
vt 0.375600 0.472500
vt 0.381200 0.468300
vt 0.392000 0.475900
vt 0.426500 0.034500
vt 0.454700 0.034100
vt 0.342900 0.047500
vt 0.315000 0.048200
vt 0.315000 0.038300
vt 0.342900 0.037000
vt 0.156900 0.499000
vt 0.156900 0.507000
vt 0.127000 0.507000
vt 0.127000 0.500000
vt 0.156900 0.483800
vt 0.127000 0.486700
vt 0.109500 0.367100
vt 0.081600 0.369100
vt 0.081600 0.360400
vt 0.109500 0.357900
vt 0.165200 0.364400
vt 0.165200 0.354400
vt 0.193100 0.353200
vt 0.483800 0.094100
vt 0.110100 0.238400
vt 0.137900 0.236400
vt 0.193700 0.233700
vt 0.193700 0.224600
vt 0.221900 0.334200
vt 0.193700 0.333200
vt 0.156700 0.562800
vt 0.190200 0.560100
vt 0.002000 0.634000
vt 0.003200 0.626100
vt 0.008200 0.627300
vt 0.007100 0.634400
vt 0.339800 0.236800
vt 0.339800 0.243900
vt 0.673700 0.287100
vt 0.673700 0.296100
vt 0.649800 0.286200
vt 0.903500 0.424000
vt 0.906000 0.419100
vt 0.914000 0.423000
vt 0.912000 0.428100
vt 0.027600 0.398400
vt 0.027600 0.406900
vt 0.027600 0.381700
vt 0.054200 0.380000
vt 0.054200 0.389100
vt 0.027600 0.390000
vt 0.077200 0.676600
vt 0.056900 0.683400
vt 0.080000 0.680900
vt 0.316900 0.423500
vt 0.287000 0.418900
vt 0.287000 0.413600
vt 0.316900 0.417500
vt 0.287000 0.401200
vt 0.287000 0.394400
vt 0.316900 0.403200
vt 0.602500 0.275900
vt 0.572500 0.274900
vt 0.288800 0.465300
vt 0.322200 0.462500
vt 0.322200 0.469800
vt 0.288800 0.472100
vt 0.002000 0.764400
vt 0.002000 0.757600
vt 0.235400 0.166800
vt 0.235400 0.159800
vt 0.265300 0.166800
vt 0.443000 0.529100
vt 0.439000 0.534700
vt 0.439000 0.526600
vt 0.388100 0.547400
vt 0.395900 0.545000
vt 0.394800 0.549500
vt 0.401700 0.550600
vt 0.402100 0.545900
vt 0.923900 0.312100
vt 0.921500 0.316900
vt 0.914400 0.312000
vt 0.917200 0.307500
vt 0.081600 0.418400
vt 0.109500 0.419700
vt 0.109500 0.429700
vt 0.081600 0.427800
vt 0.190200 0.646700
vt 0.156700 0.643900
vt 0.574300 0.022400
vt 0.031700 0.734400
vt 0.065200 0.734400
vt 0.190200 0.593800
vt 0.156700 0.594400
vt 0.537400 0.066400
vt 0.336500 0.130300
vt 0.336500 0.138600
vt 0.950700 0.428900
vt 0.951100 0.434300
vt 0.767800 0.294600
vt 0.734300 0.292800
vt 0.652600 0.047100
vt 0.646700 0.039100
vt 0.422900 0.227800
vt 0.422900 0.236400
vt 0.137900 0.321400
vt 0.137900 0.311700
vt 0.165800 0.312900
vt 0.165800 0.322900
vt 0.704500 0.282600
vt 0.704500 0.274800
vt 0.315000 0.012600
vt 0.342900 0.009600
vt 0.312700 0.176000
vt 0.288800 0.175500
vt 0.978500 0.427800
vt 0.976600 0.422700
vt 0.983700 0.418800
vt 0.986100 0.423700
vt 0.156900 0.514900
vt 0.156900 0.522700
vt 0.127000 0.520700
vt 0.127000 0.513900
vt 0.572500 0.254200
vt 0.602500 0.252200
vt 0.602500 0.244800
vt 0.572500 0.247700
vt 0.572500 0.241700
vt 0.602500 0.237900
vt 0.079200 0.593900
vt 0.265300 0.202900
vt 0.235400 0.198300
vt 0.235400 0.193000
vt 0.265300 0.196800
vt 0.265300 0.190000
vt 0.235400 0.187000
vt 0.261000 0.074900
vt 0.287600 0.076700
vt 0.287600 0.085300
vt 0.287600 0.067600
vt 0.261000 0.066700
vt 0.971300 0.583200
vt 0.969900 0.578000
vt 0.700700 0.016000
vt 0.127000 0.633400
vt 0.127000 0.626600
vt 0.704500 0.236800
vt 0.478600 0.324100
vt 0.478600 0.313800
vt 0.228200 0.516700
vt 0.903900 0.300200
vt 0.907400 0.296300
vt 0.911700 0.302200
vt 0.908500 0.306400
vt 0.388100 0.359200
vt 0.892200 0.565500
vt 0.895400 0.561300
vt 0.901000 0.566600
vt 0.898100 0.571100
vt 0.649800 0.258700
vt 0.673700 0.258200
vt 0.693600 0.257900
vt 0.697600 0.258500
vt 0.697600 0.267900
vt 0.693600 0.267900
vt 0.313200 0.295600
vt 0.339800 0.297300
vt 0.439700 0.210000
vt 0.446300 0.206300
vt 0.440100 0.210700
vt 0.370700 0.015800
vt 0.398600 0.014200
vt 0.398600 0.024300
vt 0.370700 0.025400
vt 0.450800 0.331900
vt 0.450800 0.322900
vt 0.478600 0.333200
vt 0.451600 0.139100
vt 0.002000 0.734400
vt 0.002000 0.742400
vt 0.429900 0.527200
vt 0.418800 0.517800
vt 0.259000 0.475800
vt 0.259000 0.469700
vt 0.259000 0.482700
vt 0.259000 0.490100
vt 0.767800 0.247900
vt 0.798900 0.247500
vt 0.798900 0.266800
vt 0.798900 0.276600
vt 0.127000 0.603400
vt 0.127000 0.611400
vt 0.265300 0.130700
vt 0.265300 0.136800
vt 0.235400 0.140600
vt 0.235400 0.135300
vt 0.406200 0.191200
vt 0.397300 0.212000
vt 0.261000 0.041600
vt 0.287600 0.039800
vt 0.259000 0.513800
vt 0.259000 0.521600
vt 0.082200 0.289000
vt 0.221300 0.352500
vt 0.279200 0.351600
vt 0.279200 0.362300
vt 0.250500 0.362500
vt 0.193100 0.398400
vt 0.193100 0.433300
vt 0.165200 0.432400
vt 0.137400 0.431200
vt 0.426500 0.070300
vt 0.370700 0.058300
vt 0.398600 0.058300
vt 0.398600 0.070000
vt 0.370700 0.069600
vt 0.564800 0.254300
vt 0.564800 0.266500
vt 0.536000 0.266500
vt 0.165800 0.290600
vt 0.165800 0.302100
vt 0.313200 0.247200
vt 0.313200 0.240800
vt 0.156900 0.491200
vt 0.127000 0.493200
vt 0.180500 0.489800
vt 0.180500 0.481800
vt 0.371800 0.151000
vt 0.369500 0.158000
vt 0.002000 0.390900
vt 0.288800 0.166800
vt 0.340400 0.404600
vt 0.316900 0.410600
vt 0.287000 0.407700
vt 0.450800 0.244900
vt 0.450800 0.234900
vt 0.675700 0.098300
vt 0.027600 0.415100
vt 0.054200 0.416800
vt 0.002000 0.405900
vt 0.002000 0.398400
vt 0.312700 0.148500
vt 0.626000 0.259300
vt 0.639500 0.013100
vt 0.628500 0.007500
vt 0.235400 0.030000
vt 0.235400 0.024300
vt 0.261000 0.020100
vt 0.287600 0.016100
vt 0.110100 0.230200
vt 0.137900 0.227800
vt 0.165800 0.244900
vt 0.165800 0.255800
vt 0.165800 0.267200
vt 0.165800 0.278900
vt 0.370700 0.035900
vt 0.398600 0.035100
vt 0.398600 0.046500
vt 0.370700 0.047000
vt 0.023400 0.672800
vt 0.029300 0.677000
vt 0.026600 0.681400
vt 0.020100 0.676700
vt 0.039900 0.653100
vt 0.422900 0.256600
vt 0.450800 0.255800
vt 0.092300 0.661300
vt 0.096700 0.663900
vt 0.137400 0.398400
vt 0.250500 0.410800
vt 0.521800 0.673400
vt 0.534200 0.673400
vt 0.534200 0.674500
vt 0.521800 0.674500
vt 0.704500 0.266800
vt 0.704500 0.258800
vt 0.572500 0.236400
vt 0.602500 0.231800
vt 0.002000 0.698300
vt 0.002000 0.704400
vt 0.704500 0.296800
vt 0.704500 0.290000
vt 0.251000 0.243000
vt 0.460800 0.647300
vt 0.468100 0.654200
vt 0.467500 0.655200
vt 0.460200 0.648100
vt 0.390300 0.209600
vt 0.384300 0.205200
vt 0.221400 0.566700
vt 0.221400 0.575000
vt 0.353400 0.542500
vt 0.353400 0.550000
vt 0.054800 0.321000
vt 0.082200 0.316900
vt 0.082200 0.324600
vt 0.110100 0.319400
vt 0.412100 0.123400
vt 0.397600 0.125600
vt 0.404700 0.123400
vt 0.228200 0.470400
vt 0.228200 0.463000
vt 0.259000 0.497800
vt 0.259000 0.505800
vt 0.109500 0.349700
vt 0.081600 0.352700
vt 0.193100 0.344100
vt 0.221300 0.343100
vt 0.388100 0.368200
vt 0.364300 0.378200
vt 0.316900 0.379500
vt 0.340400 0.378800
vt 0.204300 0.533800
vt 0.312700 0.125000
vt 0.671500 0.049800
vt 0.483800 0.002400
vt 0.454700 0.003000
vt 0.734200 0.122100
vt 0.762000 0.118000
vt 0.753000 0.120800
vt 0.743600 0.122200
vt 0.400800 0.523800
vt 0.391100 0.518000
vt 0.368100 0.521700
vt 0.363800 0.523500
vt 0.361600 0.516900
vt 0.127000 0.587600
vt 0.127000 0.580200
vt 0.127000 0.573400
vt 0.002000 0.718700
vt 0.002000 0.711300
vt 0.002000 0.726400
vt 0.259000 0.535800
vt 0.259000 0.529000
vt 0.127000 0.567300
vt 0.887600 0.559300
vt 0.891100 0.555500
vt 0.421500 0.464800
vt 0.419800 0.469100
vt 0.572500 0.281700
vt 0.602500 0.283700
vt 0.420400 0.542800
vt 0.422200 0.547100
vt 0.363500 0.489400
vt 0.683600 0.084700
vt 0.680700 0.075700
vt 0.165200 0.442400
vt 0.165200 0.375300
vt 0.398600 0.081400
vt 0.353400 0.525100
vt 0.353400 0.515600
vt 0.353400 0.534200
vt 0.096400 0.771100
vt 0.096400 0.778600
vt 0.353400 0.469100
vt 0.353400 0.477500
vt 0.127000 0.595400
vt 0.287000 0.387400
vt 0.287000 0.380500
vt 0.381900 0.544300
vt 0.235400 0.153000
vt 0.235400 0.146600
vt 0.446100 0.522800
vt 0.601500 0.640400
vt 0.595900 0.648200
vt 0.595200 0.647300
vt 0.600800 0.639600
vt 0.353400 0.505800
vt 0.280600 0.278900
vt 0.280600 0.291200
vt 0.536000 0.223000
vt 0.640700 0.147400
vt 0.629700 0.153100
vt 0.786200 0.529800
vt 0.798600 0.529800
vt 0.798600 0.530900
vt 0.786200 0.530900
vt 0.336500 0.186000
vt 0.336500 0.176500
vt 0.356500 0.195900
vt 0.356500 0.204400
vt 0.391000 0.128900
vt 0.537600 0.095900
vt 0.221400 0.559200
vt 0.798900 0.257000
vt 0.512600 0.045800
vt 0.513400 0.045900
vt 0.513400 0.058300
vt 0.958800 0.562600
vt 0.971100 0.563400
vt 0.971100 0.564500
vt 0.958600 0.563700
vt 0.279200 0.445200
vt 0.054800 0.251900
vt 0.082200 0.249600
vt 0.339800 0.269600
vt 0.367200 0.268800
vt 0.137900 0.278900
vt 0.137900 0.267600
vt 0.353400 0.486500
vt 0.353400 0.496100
vt 0.388100 0.397200
vt 0.412000 0.396900
vt 0.408000 0.397500
vt 0.398600 0.092300
vt 0.340400 0.354900
vt 0.340400 0.348300
vt 0.626000 0.285100
vt 0.398600 0.005300
vt 0.426500 0.003900
vt 0.512600 0.033700
vt 0.719600 0.496000
vt 0.725200 0.503700
vt 0.724500 0.504500
vt 0.718900 0.496800
vt 0.512600 0.105000
vt 0.762200 0.525700
vt 0.774000 0.528400
vt 0.773800 0.529500
vt 0.761900 0.526800
vt 0.564800 0.278900
vt 0.565500 0.278900
vt 0.565500 0.291200
vt 0.564800 0.291400
vt 0.165800 0.331900
vt 0.137900 0.330000
vt 0.280000 0.386100
vt 0.280000 0.398400
vt 0.279200 0.386000
vt 0.834000 0.522800
vt 0.822800 0.526800
vt 0.822500 0.525700
vt 0.833600 0.521800
vt 0.085700 0.598500
vt 0.704500 0.230700
vt 0.734300 0.226300
vt 0.056500 0.586700
vt 0.056100 0.591800
vt 0.099900 0.617700
vt 0.102400 0.625300
vt 0.097500 0.626500
vt 0.095200 0.619700
vt 0.693600 0.222600
vt 0.693600 0.230300
vt 0.228200 0.550900
vt 0.408000 0.349800
vt 0.408000 0.342200
vt 0.336500 0.210700
vt 0.057400 0.688400
vt 0.693600 0.297000
vt 0.693600 0.305600
vt 0.673700 0.304400
vt 0.693600 0.287700
vt 0.693600 0.278000
vt 0.248100 0.526700
vt 0.228200 0.526100
vt 0.336500 0.147600
vt 0.356500 0.147000
vt 0.356500 0.137700
vt 0.248100 0.477900
vt 0.248100 0.487200
vt 0.408000 0.358400
vt 0.408000 0.367700
vt 0.279800 0.303500
vt 0.497900 0.669300
vt 0.509600 0.672000
vt 0.509400 0.673100
vt 0.497600 0.670400
vt 0.137400 0.387100
vt 0.165200 0.386700
vt 0.165200 0.398400
vt 0.422900 0.321400
vt 0.422900 0.311700
vt 0.450800 0.312900
vt 0.422900 0.330000
vt 0.450800 0.226000
vt 0.422900 0.246100
vt 0.798900 0.286100
vt 0.798900 0.295200
vt 0.798900 0.303500
vt 0.798900 0.311000
vt 0.096400 0.753700
vt 0.096400 0.762800
vt 0.096400 0.697700
vt 0.096400 0.706100
vt 0.096400 0.715100
vt 0.096400 0.724700
vt 0.221400 0.640100
vt 0.221400 0.647500
vt 0.096400 0.734400
vt 0.096400 0.744200
vt 0.221400 0.584100
vt 0.221400 0.593600
vt 0.221400 0.603400
vt 0.221400 0.613200
vt 0.156900 0.543100
vt 0.127000 0.538500
vt 0.221400 0.622700
vt 0.221400 0.631700
vt 0.455500 0.194500
vt 0.458900 0.188000
vt 0.459600 0.188300
vt 0.456100 0.195000
vt 0.739200 0.846500
vt 0.751500 0.846500
vt 0.751600 0.847700
vt 0.739100 0.847700
vt 0.852300 0.510600
vt 0.859600 0.503600
vt 0.860200 0.504500
vt 0.852900 0.511500
vt 0.002000 0.286300
vt 0.002600 0.278900
vt 0.002600 0.293800
vt 0.983400 0.562900
vt 0.995300 0.561100
vt 0.995500 0.562200
vt 0.983500 0.564000
vt 0.403700 0.216100
vt 0.396900 0.213000
vt 0.411200 0.216600
vt 0.411200 0.217400
vt 0.235400 0.036400
vt 0.750800 0.522900
vt 0.751200 0.521800
vt 0.740700 0.517700
vt 0.741200 0.516800
vt 0.007200 0.641600
vt 0.002100 0.642100
vt 0.279200 0.373800
vt 0.811000 0.529500
vt 0.810800 0.528400
vt 0.602500 0.304000
vt 0.572500 0.299400
vt 0.649800 0.309800
vt 0.626000 0.307100
vt 0.180500 0.532100
vt 0.368700 0.157800
vt 0.371100 0.150700
vt 0.370700 0.007200
vt 0.922300 0.583300
vt 0.923800 0.578000
vt 0.137400 0.376100
vt 0.137400 0.365600
vt 0.137400 0.440900
vt 0.165200 0.451400
vt 0.137400 0.449500
vt 0.137400 0.355900
vt 0.137400 0.347300
vt 0.165200 0.345500
vt 0.450800 0.290600
vt 0.422900 0.290200
vt 0.422900 0.301200
vt 0.450800 0.302100
vt 0.339800 0.321000
vt 0.313200 0.317100
vt 0.426200 0.216300
vt 0.433100 0.213300
vt 0.433400 0.214100
vt 0.566400 0.134800
vt 0.440400 0.129400
vt 0.433800 0.125900
vt 0.434200 0.125200
vt 0.440800 0.128700
vt 0.028200 0.317100
vt 0.462200 0.158700
vt 0.460000 0.151500
vt 0.558200 0.669400
vt 0.569200 0.665500
vt 0.569600 0.666500
vt 0.558500 0.670400
vt 0.715200 0.842500
vt 0.727000 0.845200
vt 0.726800 0.846300
vt 0.714900 0.843600
vt 0.703800 0.839700
vt 0.704200 0.838600
vt 0.775800 0.843600
vt 0.763900 0.846300
vt 0.763800 0.845200
vt 0.775500 0.842500
vt 0.110100 0.327600
vt 0.754000 0.003600
vt 0.763000 0.006600
vt 0.374200 0.194200
vt 0.370800 0.187500
vt 0.684000 0.038600
vt 0.992600 0.566500
vt 0.995500 0.571100
vt 0.959900 0.427800
vt 0.960800 0.433200
vt 0.778200 0.108300
vt 0.794900 0.085700
vt 0.790500 0.094000
vt 0.412200 0.474200
vt 0.082200 0.240900
vt 0.165800 0.234900
vt 0.054200 0.356300
vt 0.027600 0.360300
vt 0.388000 0.499300
vt 0.082200 0.233200
vt 0.396600 0.213700
vt 0.389900 0.210300
vt 0.165800 0.226000
vt 0.353400 0.461700
vt 0.127000 0.639500
vt 0.673700 0.311900
vt 0.463300 0.166100
vt 0.463300 0.173700
vt 0.512600 0.070700
vt 0.513400 0.070600
vt 0.340400 0.426600
vt 0.288800 0.127600
vt 0.462000 0.181100
vt 0.461300 0.180900
vt 0.384500 0.132600
vt 0.390600 0.128300
vt 0.483800 0.114100
vt 0.279800 0.266500
vt 0.280600 0.266600
vt 0.452200 0.138600
vt 0.456600 0.144700
vt 0.368500 0.180300
vt 0.367400 0.172800
vt 0.946400 0.561400
vt 0.946700 0.560400
vt 0.865900 0.496700
vt 0.865200 0.495900
vt 0.397400 0.124900
vt 0.404600 0.122600
vt 0.127000 0.619200
vt 0.002000 0.750200
vt 0.704500 0.302900
vt 0.002000 0.770500
vt 0.096400 0.690300
vt 0.767800 0.223500
vt 0.798900 0.222600
vt 0.002600 0.250600
vt 0.412000 0.121500
vt 0.451700 0.201000
vt 0.451100 0.200500
vt 0.235400 0.073100
vt 0.383800 0.205800
vt 0.378500 0.200400
vt 0.025900 0.594300
vt 0.250500 0.342500
vt 0.551800 0.121600
vt 0.558800 0.128400
vt 0.594600 0.142900
vt 0.604400 0.142800
vt 0.356500 0.186600
vt 0.408000 0.407200
vt 0.408000 0.416500
vt 0.693600 0.238900
vt 0.408000 0.425100
vt 0.408000 0.432700
vt 0.248100 0.461700
vt 0.536000 0.291300
vt 0.564800 0.303500
vt 0.251000 0.314800
vt 0.279800 0.325700
vt 0.251000 0.334800
vt 0.250500 0.454300
vt 0.002600 0.312900
vt 0.002600 0.307200
vt 0.287600 0.244900
vt 0.032800 0.639400
vt 0.566800 0.134100
vt 0.575600 0.138500
vt 0.486400 0.666500
vt 0.486800 0.665400
vt 0.536800 0.086000
vt 0.538400 0.095700
vt 0.603300 0.018300
vt 0.593500 0.018400
vt 0.565500 0.266600
vt 0.579700 0.661400
vt 0.579200 0.660400
vt 0.631100 0.027100
vt 0.622400 0.022700
vt 0.715900 0.117600
vt 0.356500 0.212100
vt 0.693600 0.313200
vt 0.697600 0.277400
vt 0.248100 0.552200
vt 0.907700 0.571200
vt 0.905200 0.576000
vt 0.693600 0.248100
vt 0.374600 0.144000
vt 0.375300 0.144400
vt 0.379100 0.137900
vt 0.248100 0.469300
vt 0.367500 0.165300
vt 0.368200 0.165400
vt 0.085400 0.617300
vt 0.259000 0.541900
vt 0.564800 0.222600
vt 0.279800 0.335200
vt 0.287600 0.264100
vt 0.454500 0.640300
vt 0.455200 0.639600
vt 0.002000 0.383600
vt 0.279200 0.410900
vt 0.280000 0.410700
vt 0.546600 0.673100
vt 0.546400 0.672000
vt 0.632100 0.133600
vt 0.639900 0.127700
vt 0.614100 0.141200
vt 0.623400 0.138100
vt 0.583900 0.020000
vt 0.574600 0.023100
vt 0.651900 0.047500
vt 0.646100 0.039600
vt 0.646800 0.120700
vt 0.652500 0.112800
vt 0.541500 0.105000
vt 0.546000 0.113700
vt 0.656900 0.104000
vt 0.659800 0.094600
vt 0.659600 0.065500
vt 0.656400 0.056200
vt 0.661300 0.085000
vt 0.661200 0.075200
vt 0.551100 0.040500
vt 0.545400 0.048400
vt 0.541100 0.057200
vt 0.538100 0.066600
vt 0.565900 0.027600
vt 0.558000 0.033500
vt 0.419600 0.121600
vt 0.427000 0.122800
vt 0.397700 0.489400
vt 0.279200 0.342200
vt 0.512600 0.114500
vt 0.512600 0.022100
vt 0.279800 0.315000
vt 0.279800 0.222600
vt 0.279200 0.454700
vt 0.564800 0.315000
vt 0.412800 0.537900
vt 0.771400 0.011000
vt 0.770500 0.113800
vt 0.716800 0.006200
vt 0.725900 0.003400
vt 0.584900 0.141400
vt 0.707500 0.113200
vt 0.699900 0.107600
vt 0.679300 0.066300
vt 0.613000 0.019800
vt 0.536700 0.076200
vt 0.639100 0.032800
vt 0.418700 0.217400
vt 0.724800 0.120600
vt 0.539500 0.132300
vt 0.677600 0.086100
vt 0.525900 0.051100
vt 0.579900 0.004100
vt 0.604500 0.002000
vt 0.522500 0.099700
vt 0.569400 0.153700
vt 0.581200 0.157400
vt 0.658400 0.028900
vt 0.532100 0.122400
vt 0.666500 0.121200
vt 0.693900 0.022600
vt 0.454500 0.194000
vt 0.785600 0.023400
vt 0.605800 0.159100
vt 0.799500 0.057900
vt 0.744700 0.002100
vt 0.687800 0.093100
vt 0.784900 0.101600
vt 0.708400 0.010500
vt 0.795300 0.039500
vt 0.287600 0.286400
vt 0.287600 0.293800
vt 0.235400 0.065800
vt 0.235400 0.058300
vt 0.002600 0.271400
vt 0.002600 0.264100
vt 0.235400 0.092300
vt 0.235400 0.086500
vt 0.002000 0.364400
vt 0.002000 0.370200
vt 0.287600 0.312900
vt 0.287600 0.307200
vt 0.432700 0.212300
vt 0.002000 0.426700
vt 0.002000 0.432400
vt 0.002600 0.244900
vt 0.287600 0.257100
vt 0.287600 0.250600
vt 0.235400 0.050700
vt 0.235400 0.043400
vt 0.002600 0.300700
vt 0.002000 0.376600
vt 0.287600 0.300700
vt 0.386700 0.507700
vt 0.416800 0.519800
vt 0.002000 0.420200
vt 0.002000 0.413300
vt 0.392600 0.536500
vt 0.376200 0.145000
vt 0.512600 0.094400
vt 0.279800 0.242800
vt 0.512600 0.002000
vt 0.564800 0.335200
vt 0.279200 0.434500
vt 0.437500 0.508400
vn 0.8638 -0.0432 0.5019
vn 0.3750 0.0561 0.9253
vn 0.5365 0.0383 0.8430
vn 0.8739 0.0608 0.4823
vn 0.9200 0.0203 -0.3915
vn 0.6110 -0.0143 -0.7915
vn 0.9311 -0.0627 -0.3594
vn 0.4169 -0.0272 -0.9085
vn 0.5923 -0.0457 -0.8044
vn -0.8245 -0.0065 0.5658
vn -0.3319 0.0483 0.9421
vn -0.2559 0.0235 0.9664
vn -0.8253 -0.0231 0.5642
vn 0.9196 0.0305 0.3916
vn 0.9128 -0.0100 -0.4082
vn 0.9749 -0.0195 -0.2216
vn 0.8189 -0.0655 0.5702
vn 0.8260 -0.1087 0.5531
vn 0.5342 -0.0599 0.8432
vn 0.4460 -0.0604 0.8930
vn -0.8412 -0.1014 0.5311
vn -0.9699 -0.2267 0.0893
vn -0.9688 -0.1115 0.2212
vn -0.8433 -0.0538 0.5347
vn 0.2526 -0.1626 -0.9538
vn 0.0610 -0.0815 -0.9948
vn 0.0316 -0.3496 -0.9364
vn -0.8811 0.0542 -0.4699
vn -0.9915 0.0307 -0.1266
vn -0.9264 -0.0581 -0.3719
vn -0.7693 -0.0165 -0.6387
vn 0.9265 -0.0917 0.3650
vn 0.9049 0.0061 -0.4256
vn 0.9982 -0.0018 -0.0605
vn 0.9586 0.0202 0.2840
vn 0.6379 -0.7267 -0.2551
vn 0.5761 -0.7246 -0.3783
vn 0.7128 -0.7008 -0.0291
vn 0.7304 -0.6814 0.0470
vn 0.6770 -0.7359 0.0118
vn 0.3512 -0.8453 0.4026
vn 0.6564 -0.7049 0.2687
vn -0.8810 0.0189 -0.4727
vn -0.8163 0.0121 -0.5775
vn -0.3499 -0.1617 -0.9227
vn -0.6042 0.0851 -0.7922
vn -0.5680 0.0762 -0.8195
vn -0.7185 -0.0384 -0.6945
vn -0.8666 0.2386 -0.4382
vn -0.3055 -0.9412 0.1445
vn -0.4267 -0.8632 0.2697
vn -0.3132 -0.7796 0.5423
vn 0.0412 -0.9611 0.2730
vn -0.0122 -0.9140 0.4055
vn -0.2807 -0.9033 0.3246
vn -0.1462 -0.8086 0.5699
vn 0.1565 -0.9005 0.4057
vn -0.9900 -0.0810 -0.1157
vn -0.8232 -0.0615 -0.5644
vn 0.9992 -0.0052 0.0394
vn 0.9083 0.0414 0.4163
vn 0.5872 -0.7760 0.2302
vn 0.7973 -0.5978 -0.0838
vn 0.6308 -0.7181 -0.2941
vn 0.4059 -0.9096 0.0885
vn -0.1995 -0.9411 -0.2731
vn -0.3463 -0.8692 -0.3529
vn -0.5484 -0.8222 -0.1523
vn -0.2601 -0.9612 0.0923
vn -0.6012 -0.6814 -0.4175
vn -0.6113 -0.6872 -0.3925
vn -0.6679 -0.7264 -0.1617
vn -0.4402 -0.8865 -0.1426
vn 0.9962 -0.0508 -0.0714
vn 0.9231 -0.0440 -0.3819
vn 0.9743 -0.0344 -0.2227
vn -0.6165 -0.0804 0.7832
vn -0.2566 -0.0200 0.9663
vn 0.0111 -0.0104 0.9999
vn -0.4596 -0.8693 -0.1816
vn -0.5975 -0.6490 -0.4710
vn -0.5602 -0.8259 0.0644
vn 0.0613 -0.7212 -0.6900
vn -0.2133 -0.7729 -0.5976
vn -0.1827 -0.8908 -0.4161
vn 0.0772 -0.9420 -0.3266
vn 0.2848 -0.9382 0.1967
vn 0.3989 -0.9163 0.0361
vn 0.0626 -0.9946 -0.0827
vn 0.0122 -0.9985 0.0533
vn 0.0539 -0.9864 0.1552
vn -0.1846 -0.9649 0.1867
vn -0.0224 -0.9291 0.3690
vn 0.2153 -0.9399 0.2651
vn 0.2368 -0.9546 -0.1809
vn 0.1827 -0.9773 0.1075
vn 0.4783 -0.8762 0.0600
vn 0.3490 -0.8629 -0.3655
vn -0.1903 -0.7171 -0.6705
vn -0.4566 -0.7856 -0.4176
vn -0.2895 -0.8989 -0.3290
vn -0.0563 -0.9420 -0.3310
vn -0.4010 -0.8328 0.3816
vn -0.1833 -0.9105 0.3707
vn -0.3113 -0.9459 0.0910
vn -0.4760 -0.8685 0.1387
vn 0.3159 -0.9293 -0.1914
vn 0.1965 -0.9750 0.1035
vn -0.7640 -0.0598 0.6425
vn -0.2416 -0.0615 0.9684
vn 0.7396 -0.0446 0.6716
vn 0.9171 0.0180 0.3982
vn 0.8261 -0.0259 0.5629
vn 0.1237 -0.0178 0.9922
vn 0.0930 -0.1397 0.9858
vn -0.6362 -0.0790 0.7675
vn -0.8572 -0.0462 0.5130
vn -0.0414 -0.8732 0.4856
vn -0.0731 -0.9297 0.3610
vn -0.2491 -0.8693 0.4269
vn -0.2694 -0.8626 0.4283
vn -0.2531 -0.0301 -0.9670
vn -0.2167 -0.0275 -0.9759
vn -0.2225 0.0353 -0.9743
vn -0.2461 0.0278 -0.9688
vn 0.0803 -0.9928 -0.0886
vn -0.1023 -0.9828 0.1539
vn 0.2016 -0.9620 0.1842
vn 0.3978 -0.9076 -0.1343
vn -0.5228 0.0141 0.8524
vn -0.6888 0.0339 0.7242
vn -0.7459 -0.0198 0.6658
vn -0.6005 0.0669 0.7968
vn -0.9598 -0.0158 0.2803
vn -0.9757 -0.0062 0.2190
vn -0.0761 -0.8716 -0.4843
vn 0.2364 -0.8527 -0.4659
vn 0.1095 -0.7298 -0.6749
vn -0.1948 -0.7372 -0.6470
vn -0.1584 -0.0300 0.9869
vn -0.1612 -0.0162 0.9868
vn -0.5063 -0.0175 0.8622
vn -0.2861 0.0940 -0.9536
vn 0.1351 0.1065 -0.9851
vn -0.1564 -0.9877 0.0058
vn -0.1455 -0.9700 0.1950
vn -0.0805 -0.9940 -0.0742
vn 0.1848 -0.9058 -0.3813
vn -0.0058 -0.9988 -0.0493
vn -0.0134 -0.9990 0.0422
vn 0.1942 -0.9790 -0.0624
vn -0.0841 -0.9933 -0.0792
vn -0.2662 -0.8834 -0.3856
vn -0.3538 -0.9250 -0.1386
vn -0.2221 -0.9730 0.0628
vn -0.1378 -0.0246 -0.9902
vn -0.3917 -0.0255 -0.9198
vn -0.3798 -0.0310 -0.9245
vn -0.1069 -0.1091 -0.9883
vn 0.2276 -0.2125 -0.9503
vn 0.2350 -0.0325 -0.9715
vn 0.9970 -0.0095 0.0765
vn 0.9943 0.0773 0.0733
vn 0.9489 0.0924 -0.3017
vn -0.5858 -0.0449 -0.8092
vn -0.3358 -0.1185 -0.9345
vn -0.8389 -0.1678 -0.5178
vn -0.8657 -0.0607 -0.4969
vn -0.6288 0.6481 0.4297
vn -0.4152 0.7276 0.5461
vn -0.5280 0.6521 0.5440
vn 0.1479 -0.9546 -0.2585
vn 0.2100 -0.9773 0.0275
vn 0.4619 -0.8770 -0.1323
vn 0.1871 -0.8588 -0.4770
vn 0.3674 -0.9251 -0.0958
vn 0.2519 -0.9481 0.1941
vn 0.3874 -0.9182 0.0823
vn 0.5504 -0.8322 -0.0675
vn -0.8879 -0.0062 0.4600
vn -0.9706 -0.0088 0.2406
vn -0.0252 -0.4693 -0.8827
vn -0.2875 -0.3181 -0.9034
vn -0.4049 -0.6032 -0.6872
vn -0.1275 -0.4783 -0.8689
vn -0.5929 -0.8021 -0.0717
vn -0.6425 -0.7480 0.1664
vn -0.5190 -0.8319 0.1962
vn -0.4923 -0.8685 -0.0580
vn -0.7384 -0.5640 -0.3698
vn -0.6979 -0.6643 -0.2679
vn -0.5207 -0.7167 -0.4639
vn -0.5296 -0.6565 -0.5371
vn -0.3972 -0.9153 -0.0673
vn -0.1731 -0.9414 -0.2894
vn -0.3398 -0.9075 -0.2469
vn -0.5469 -0.8213 -0.1623
vn 0.7608 -0.6433 0.0858
vn 0.6675 -0.7407 0.0760
vn 0.6067 -0.7226 0.3312
vn 0.7400 -0.6024 0.2993
vn -0.9936 -0.0756 -0.0845
vn -0.9984 0.0294 -0.0480
vn -0.9946 -0.0875 0.0552
vn -0.9742 -0.0983 -0.2034
vn -0.9995 0.0184 -0.0271
vn -0.3488 -0.8826 0.3152
vn -0.3776 -0.9245 -0.0524
vn -0.5512 -0.8341 -0.0180
vn -0.7828 -0.5461 0.2984
vn -0.8398 -0.4486 -0.3058
vn -0.8475 -0.5256 0.0736
vn -0.5734 -0.7937 -0.2031
vn -0.8199 -0.0301 -0.5717
vn -0.9350 -0.0105 -0.3546
vn -0.8436 -0.0674 -0.5328
vn 0.0304 -0.9381 0.3450
vn 0.2025 -0.8719 0.4458
vn -0.0535 -0.7828 -0.6200
vn -0.2225 -0.7373 -0.6379
vn -0.3199 -0.8305 -0.4561
vn -0.1514 -0.9684 -0.1984
vn -0.6913 -0.6912 -0.2105
vn -0.4858 -0.6955 -0.5293
vn -0.6737 -0.6648 -0.3227
vn -0.8159 -0.5780 -0.0146
vn -0.9505 -0.0087 -0.3107
vn -0.7962 -0.2653 -0.5438
vn -0.6627 -0.1232 -0.7386
vn -0.7150 -0.0493 -0.6974
vn -0.4109 -0.8579 -0.3087
vn -0.5519 -0.7740 -0.3104
vn 0.9735 0.1387 0.1816
vn 0.8427 0.5375 0.0310
vn 0.9306 0.3305 0.1573
vn 0.9519 0.0733 0.2976
vn -0.6402 -0.4721 0.6060
vn -0.7074 -0.6015 0.3711
vn -0.8011 -0.5215 0.2938
vn -0.6918 -0.3891 0.6083
vn -0.0560 -0.9822 0.1794
vn -0.1095 -0.7767 0.6203
vn 0.0851 -0.8526 0.5156
vn 0.1557 -0.9783 0.1364
vn -0.0861 -0.7909 -0.6059
vn 0.2770 -0.7743 -0.5690
vn 0.0325 -0.7496 -0.6611
vn -0.2885 -0.7003 -0.6529
vn 0.6413 -0.1883 -0.7438
vn 0.5133 -0.0340 -0.8575
vn 0.3517 -0.2910 -0.8897
vn 0.5055 -0.4807 -0.7165
vn -0.0559 -0.9841 -0.1688
vn -0.1525 -0.9516 -0.2669
vn -0.3424 -0.9198 -0.1919
vn -0.3371 -0.9400 0.0528
vn -0.3211 -0.5020 -0.8031
vn -0.1441 -0.6342 -0.7596
vn -0.2866 -0.3779 -0.8804
vn -0.3917 -0.3411 -0.8545
vn -0.1527 -0.9854 0.0749
vn -0.0791 -0.9753 -0.2063
vn -0.3636 -0.8787 -0.3094
vn -0.3033 -0.9527 -0.0186
vn -0.9894 0.0938 0.1104
vn -0.9776 -0.1871 0.0962
vn -0.9560 -0.0471 0.2895
vn -0.9788 -0.0131 -0.2045
vn -0.9972 -0.0377 -0.0640
vn 0.2155 -0.9366 -0.2762
vn 0.3151 -0.8772 -0.3623
vn 0.1365 -0.8308 -0.5395
vn 0.0192 -0.8796 -0.4754
vn 0.7743 -0.4661 -0.4281
vn 0.7383 -0.2161 -0.6389
vn 0.6197 -0.4523 -0.6413
vn 0.6211 -0.5885 0.5176
vn 0.7113 -0.5146 0.4788
vn 0.7226 -0.4855 0.4921
vn 0.7469 -0.6158 0.2511
vn 0.9356 0.3525 -0.0175
vn 0.8854 0.4638 -0.0298
vn 0.9414 0.3372 -0.0104
vn 0.2757 -0.0151 0.9611
vn -0.1508 0.0273 0.9882
vn 0.3819 -0.1744 0.9076
vn 0.8552 -0.1642 0.4916
vn 0.5222 -0.0810 0.8489
vn -0.1752 -0.0530 -0.9831
vn -0.3077 -0.0633 -0.9494
vn 0.8126 0.0813 -0.5771
vn 0.8010 0.1613 -0.5765
vn 0.9958 0.0767 -0.0495
vn 0.9995 -0.0171 -0.0255
vn 0.3156 -0.8753 0.3664
vn 0.3723 -0.9229 0.0987
vn 0.3453 -0.9239 0.1650
vn 0.3330 -0.8922 0.3051
vn 0.3391 -0.8218 -0.4578
vn 0.3333 -0.8212 -0.4632
vn 0.2127 -0.7645 -0.6085
vn 0.2018 -0.7575 -0.6209
vn -0.0066 -0.9852 -0.1710
vn -0.2461 -0.9690 0.0207
vn -0.0528 -0.9965 0.0642
vn 0.1088 -0.9938 -0.0220
vn -0.5079 -0.8120 0.2876
vn -0.3606 -0.8091 0.4640
vn -0.2962 -0.8699 0.3944
vn -0.4166 -0.8776 0.2373
vn 0.3719 -0.9267 0.0534
vn 0.2648 -0.9042 0.3352
vn 0.6016 -0.7443 0.2899
vn 0.4662 -0.8827 0.0591
vn 0.8977 -0.0045 -0.4405
vn 0.3276 -0.9160 -0.2313
vn 0.4606 -0.7633 -0.4531
vn 0.0846 -0.8794 -0.4685
vn 0.1199 -0.9293 -0.3493
vn -0.3561 -0.9073 0.2237
vn -0.2154 -0.9368 0.2758
vn -0.3444 -0.9386 -0.0197
vn 0.1583 -0.9153 0.3703
vn 0.2693 -0.8530 0.4470
vn 0.4026 -0.8628 0.3057
vn 0.3270 -0.9175 0.2265
vn 0.7700 0.6335 0.0753
vn 0.8351 0.5498 -0.0196
vn 0.8155 0.5772 0.0419
vn 0.7610 0.6439 0.0797
vn -0.4334 -0.8385 0.3302
vn -0.5106 -0.8598 -0.0105
vn -0.5298 -0.8100 0.2516
vn -0.4406 -0.7199 0.5363
vn -0.8774 -0.3246 -0.3532
vn -0.9779 -0.1801 -0.1059
vn -0.9048 -0.4212 -0.0625
vn -0.8408 -0.4419 -0.3126
vn 0.0479 -0.9981 0.0376
vn 0.3155 -0.9409 -0.1233
vn 0.1303 -0.9789 -0.1573
vn 0.1891 -0.9214 0.3395
vn -0.1583 -0.8985 0.4093
vn 0.1091 -0.8655 0.4889
vn 0.9766 0.1006 0.1902
vn 0.9626 0.0732 0.2607
vn 0.4333 -0.8755 0.2141
vn 0.3813 -0.9229 -0.0544
vn 0.0613 -0.9869 0.1489
vn 0.0857 -0.9543 0.2862
vn -0.1964 -0.8782 -0.4362
vn 0.1253 -0.8212 -0.5567
vn -0.0420 -0.7644 -0.6433
vn -0.3315 -0.7786 -0.5328
vn 0.2580 -0.7785 0.5722
vn -0.1013 -0.7828 0.6140
vn 0.1705 -0.7438 0.6463
vn 0.4876 -0.6578 0.5740
vn 0.6278 -0.7784 0.0043
vn 0.5157 -0.7828 0.3483
vn 0.6586 -0.7437 0.1148
vn 0.7253 -0.6578 -0.2033
vn 0.7691 -0.4067 0.4931
vn 0.5918 -0.4246 0.6851
vn 0.5967 -0.2867 0.7495
vn 0.7868 -0.2786 0.5508
vn -0.3664 -0.9213 0.1304
vn -0.5076 -0.8305 0.2292
vn -0.2702 -0.8676 0.4174
vn -0.2240 -0.9412 0.2528
vn -0.5135 0.0498 0.8566
vn -0.7297 -0.0670 0.6804
vn -0.5282 -0.8461 0.0717
vn -0.4093 -0.8649 -0.2907
vn -0.5672 -0.8223 -0.0459
vn -0.6358 -0.7290 0.2536
vn -0.5278 -0.2057 -0.8241
vn -0.5532 -0.1904 -0.8110
vn -0.8128 -0.2190 -0.5399
vn -0.7179 -0.2742 -0.6399
vn -0.3397 -0.8833 0.3231
vn -0.2358 -0.9343 0.2672
vn -0.3998 -0.8805 0.2547
vn -0.5307 -0.7899 0.3071
vn -0.0538 -0.9911 -0.1218
vn 0.2875 -0.9477 -0.1388
vn 0.1322 0.1039 -0.9858
vn 0.1204 -0.0226 -0.9925
vn -0.2825 -0.0314 -0.9587
vn -0.3594 0.0984 -0.9280
vn 0.8631 -0.0544 0.5021
vn 0.9960 -0.0262 0.0850
vn 0.9925 0.0959 0.0752
vn 0.8713 0.0735 0.4851
vn 0.2151 -0.9669 0.1374
vn -0.5547 -0.7167 0.4227
vn -0.6283 -0.6565 0.4174
vn -0.5040 -0.5643 0.6538
vn -0.3961 -0.6642 0.6340
vn 0.6327 -0.6945 -0.3425
vn 0.6986 -0.4361 -0.5672
vn 0.5856 -0.5301 -0.6133
vn -0.4308 -0.5642 0.7043
vn -0.5976 -0.6174 0.5115
vn -0.7346 -0.4095 0.5410
vn -0.6284 -0.3224 0.7080
vn -0.0608 -0.8476 0.5272
vn -0.2643 -0.9081 0.3247
vn -0.1589 -0.8366 0.5242
vn 0.0130 -0.7309 0.6824
vn 0.5744 -0.7940 -0.1990
vn 0.3320 -0.9432 0.0140
vn 0.4661 -0.8808 0.0832
vn 0.6863 -0.7147 -0.1346
vn 0.0105 -0.7109 -0.7032
vn 0.0413 -0.6070 -0.7937
vn 0.0055 -0.6987 -0.7154
vn 0.0138 -0.7106 -0.7035
vn 0.3465 -0.7466 -0.5679
vn 0.2598 -0.8513 -0.4559
vn 0.4094 -0.8617 -0.2996
vn 0.4979 -0.7883 -0.3615
vn 0.6644 -0.7468 -0.0300
vn 0.5230 -0.8514 -0.0393
vn 0.4771 -0.8618 0.1720
vn 0.5782 -0.7882 0.2107
vn -0.1980 -0.9214 -0.3345
vn -0.3315 -0.8281 -0.4521
vn -0.2910 -0.9412 -0.1714
vn -0.0489 -0.9208 -0.3870
vn -0.1038 -0.8215 -0.5607
vn 0.6236 -0.7466 0.2316
vn 0.4967 -0.8515 0.1682
vn 0.3721 -0.8618 0.3446
vn 0.4495 -0.7883 0.4201
vn 0.7282 -0.4206 0.5411
vn 0.7773 -0.2103 0.5929
vn 0.8331 -0.2994 0.4651
vn -0.5884 -0.8058 -0.0671
vn -0.7054 -0.7085 0.0241
vn -0.6215 -0.7514 0.2215
vn -0.5270 -0.8289 0.1875
vn -0.8307 -0.3813 0.4057
vn -0.8214 -0.5481 0.1579
vn -0.9281 -0.3119 0.2034
vn -0.9394 -0.1558 0.3053
vn 0.3205 -0.5885 0.7422
vn 0.4190 -0.5145 0.7481
vn 0.4231 -0.4854 0.7651
vn 0.5530 -0.6158 0.5612
vn 0.6192 -0.1090 0.7776
vn 0.5424 -0.3032 0.7834
vn 0.4970 -0.2221 0.8388
vn 0.6093 -0.0773 0.7891
vn -0.9928 -0.1002 -0.0652
vn -0.9845 -0.1547 -0.0831
vn -0.9471 -0.1614 -0.2774
vn -0.9443 -0.0734 -0.3208
vn 0.3462 -0.5310 -0.7735
vn 0.3058 -0.6387 -0.7060
vn 0.5237 -0.6187 -0.5856
vn 0.4707 -0.5679 -0.6752
vn 0.5388 0.2008 0.8181
vn 0.2860 0.2028 0.9365
vn 0.3489 0.5017 0.7915
vn 0.5879 0.4884 0.6449
vn 0.4511 0.8328 0.3207
vn 0.2104 0.8918 0.4006
vn 0.4786 0.8557 0.1967
vn 0.6647 0.7348 0.1355
vn -0.3797 -0.8282 -0.4122
vn -0.5799 -0.7607 -0.2917
vn -0.4310 -0.8948 -0.1168
vn -0.2870 -0.9311 -0.2249
vn -0.0601 -0.9959 -0.0673
vn 0.0690 -0.9787 -0.1934
vn -0.0049 -0.9681 0.2504
vn -0.6605 -0.7168 -0.2235
vn -0.6975 -0.6564 -0.2874
vn -0.8240 -0.5642 -0.0518
vn -0.7471 -0.6642 0.0259
vn 0.9954 -0.0837 -0.0467
vn 0.9854 -0.0989 0.1388
vn 0.9824 -0.0935 0.1620
vn 0.9964 -0.0744 -0.0417
vn -0.6706 -0.6856 0.2832
vn -0.6837 -0.6753 0.2766
vn -0.5621 -0.7815 0.2708
vn -0.5478 -0.7887 0.2791
vn -0.3649 0.8791 -0.3067
vn -0.1654 0.9342 -0.3160
vn -0.4096 0.8893 -0.2032
vn -0.5843 0.7869 -0.1985
vn -0.3456 0.6640 -0.6631
vn -0.1325 0.6895 -0.7121
vn -0.0945 0.7839 -0.6136
vn -0.3244 0.8333 -0.4476
vn 0.2968 -0.9253 0.2360
vn 0.0825 -0.9869 0.1387
vn -0.1726 -0.9849 -0.0130
vn -0.0529 -0.9875 -0.1486
vn 0.4889 -0.7389 -0.4637
vn 0.5668 -0.7664 -0.3023
vn 0.5630 -0.7688 -0.3034
vn 0.6063 -0.6219 -0.4957
vn 0.7172 -0.0681 0.6935
vn 0.7445 -0.0914 0.6614
vn 0.4686 -0.0635 -0.8811
vn 0.2307 -0.6414 -0.7317
vn 0.2454 -0.6520 -0.7174
vn 0.1846 -0.7974 -0.5745
vn 0.1400 -0.9889 -0.0495
vn 0.0862 -0.9892 0.1189
vn 0.8635 -0.4843 0.1407
vn 0.7209 -0.5027 0.4770
vn 0.8074 -0.4464 0.3858
vn 0.8868 -0.4440 0.1280
vn 0.9782 0.1109 0.1756
vn 0.9398 0.0564 0.3371
vn 0.9257 0.1412 0.3508
vn 0.9759 0.1648 0.1432
vn 0.4860 -0.6344 0.6011
vn 0.4987 -0.5383 0.6794
vn 0.7710 -0.4358 0.4645
vn 0.7612 -0.5227 0.3838
vn -0.2017 -0.7327 -0.6499
vn -0.1868 -0.5685 -0.8012
vn -0.4358 -0.6292 -0.6436
vn -0.0084 0.6289 0.7774
vn -0.3442 0.5938 0.7273
vn -0.2750 0.7539 0.5967
vn -0.0051 0.7181 0.6960
vn -0.6471 0.1293 0.7514
vn -0.5852 0.3784 0.7172
vn -0.4468 0.0611 0.8926
vn -0.4385 0.1357 0.8884
vn 0.4327 0.8368 -0.3353
vn 0.4591 0.8841 -0.0873
vn 0.3269 0.9414 -0.0829
vn 0.3011 0.8838 -0.3580
vn 0.9800 0.1665 0.1092
vn 0.9702 0.1461 0.1932
vn 0.9475 0.2873 -0.1401
vn 0.9913 0.1283 -0.0305
vn 0.5740 -0.7028 0.4201
vn 0.3114 -0.7762 0.5482
vn 0.2629 -0.9603 0.0933
vn 0.0091 -0.9906 0.1365
vn 0.1048 -0.9298 0.3529
vn 0.2683 -0.9330 0.2399
vn -0.3549 -0.8119 0.4634
vn -0.1504 -0.8091 0.5681
vn -0.1062 -0.8806 0.4618
vn -0.2909 -0.8848 0.3639
vn -0.1473 -0.9657 0.2138
vn -0.4463 -0.8804 0.1605
vn -0.4767 -0.8347 0.2758
vn -0.9943 0.0575 -0.0896
vn -0.9917 -0.0749 -0.1044
vn -0.9499 -0.0860 0.3005
vn -0.9532 0.0422 0.2994
vn -0.8324 -0.4473 0.3272
vn -0.7749 -0.4183 0.4739
vn -0.6864 -0.5475 0.4786
vn -0.7952 -0.5631 0.2250
vn -0.5739 -0.8020 0.1655
vn -0.5259 -0.7481 0.4046
vn 0.6797 -0.6058 -0.4137
vn 0.7901 -0.4065 -0.4589
vn -0.1353 -0.9907 -0.0159
vn -0.1349 -0.8790 -0.4572
vn -0.2835 -0.8956 -0.3429
vn -0.2605 -0.9559 0.1359
vn -0.5110 -0.7386 0.4398
vn -0.5158 -0.8433 0.1510
vn -0.6257 -0.7777 0.0601
vn 0.3293 0.9305 -0.1603
vn 0.1641 0.9270 -0.3373
vn 0.2491 0.8705 -0.4245
vn 0.4135 0.8642 -0.2866
vn 0.8500 0.1243 -0.5118
vn 0.7580 0.4200 -0.4990
vn 0.6042 0.3862 -0.6970
vn 0.7273 0.0129 -0.6862
vn 0.2983 -0.9041 0.3059
vn 0.2599 -0.9604 0.1001
vn 0.0287 -0.9909 0.1313
vn 0.1628 -0.8520 0.4976
vn 0.6507 -0.7294 -0.2111
vn 0.5931 -0.8012 -0.0793
vn 0.9158 -0.3604 0.1773
vn 0.7404 -0.6464 -0.1842
vn -0.3596 -0.9289 0.0889
vn -0.3431 -0.9291 0.1380
vn -0.3642 -0.9272 -0.0872
vn -0.3638 -0.9270 -0.0909
vn 0.0080 -0.9305 0.3661
vn 0.0876 -0.8642 0.4954
vn 0.2816 -0.8705 0.4036
vn 0.2377 -0.9270 0.2901
vn 0.4217 -0.5110 0.7490
vn 0.1789 -0.5462 0.8183
vn 0.1145 -0.3815 0.9173
vn 0.4168 -0.1614 0.8945
vn 0.1882 0.0326 0.9816
vn -0.0895 -0.0707 0.9935
vn -0.3027 -0.0645 0.9509
vn -0.1521 0.0164 0.9882
vn -0.3936 -0.8795 0.2676
vn -0.2928 -0.9523 0.0867
vn -0.3668 -0.9127 0.1802
vn -0.3990 -0.8697 0.2907
vn 0.3145 -0.9239 -0.2180
vn 0.0840 -0.9962 -0.0219
vn 0.1829 -0.9593 0.2150
vn 0.4040 -0.9101 -0.0919
vn 0.5152 -0.8432 0.1536
vn 0.5048 -0.8626 -0.0340
vn 0.3800 -0.9196 -0.0994
vn 0.4064 -0.9044 0.1303
vn -0.0401 -0.9970 -0.0658
vn -0.3021 -0.8715 -0.3862
vn -0.2165 -0.8408 -0.4961
vn -0.2475 -0.8537 -0.4581
vn -0.3285 -0.8776 -0.3490
vn 0.1836 -0.9784 -0.0952
vn -0.0457 -0.9940 -0.0995
vn 0.0443 -0.9976 0.0523
vn 0.1720 -0.9848 -0.0224
vn -0.2468 -0.9471 -0.2050
vn -0.0633 -0.9556 -0.2877
vn -0.3495 -0.8757 -0.3333
vn 0.0468 -0.9444 0.3254
vn -0.0038 -0.9806 0.1961
vn -0.3080 -0.9144 0.2626
vn -0.2811 -0.8846 0.3721
vn 0.1439 -0.9613 0.2348
vn 0.3320 -0.9327 -0.1410
vn 0.0877 -0.9938 -0.0678
vn -0.0252 -0.9896 0.1413
vn 0.0973 -0.7468 -0.6579
vn 0.0612 -0.8515 -0.5208
vn 0.2598 -0.8619 -0.4355
vn 0.3172 -0.7882 -0.5274
vn -0.0524 -0.9207 0.3868
vn 0.0113 -0.9229 0.3848
vn -0.2103 -0.9094 0.3589
vn -0.2319 -0.9055 0.3555
vn 0.1163 -0.8821 -0.4565
vn 0.0653 -0.8027 -0.5928
vn -0.1557 -0.8153 -0.5577
vn -0.1425 -0.8840 -0.4451
vn -0.2144 -0.4686 -0.8570
vn 0.0467 -0.4860 -0.8727
vn 0.0733 -0.2974 -0.9519
vn -0.1144 -0.2810 -0.9529
vn -0.8850 -0.4523 -0.1108
vn -0.8984 -0.4183 0.1335
vn -0.8188 -0.5474 0.1727
vn -0.8200 -0.5629 -0.1033
vn -0.8628 -0.2898 -0.4142
vn -0.7118 -0.3174 -0.6266
vn -0.7087 -0.1967 -0.6776
vn -0.7588 -0.1913 -0.6226
vn -0.2961 -0.9289 0.2224
vn -0.0291 -0.9957 -0.0877
vn -0.3707 -0.9269 0.0589
vn -0.4977 0.8593 0.1176
vn -0.3712 0.9283 0.0211
vn -0.3002 0.9201 0.2514
vn -0.4255 0.8529 0.3023
vn -0.7425 0.3060 0.5959
vn -0.8775 0.2350 0.4179
vn -0.8104 0.3522 0.4681
vn 0.3502 -0.9366 -0.0103
vn 0.4801 -0.8771 0.0110
vn 0.5024 -0.8308 -0.2395
vn 0.3782 -0.8795 -0.2888
vn 0.8391 -0.5431 0.0311
vn 0.9523 -0.2987 0.0633
vn 0.7839 -0.5623 -0.2633
vn 0.6857 -0.7170 -0.1257
vn 0.9513 -0.2500 0.1804
vn 0.9876 -0.1114 -0.1105
vn 0.9216 -0.3695 -0.1192
vn 0.9283 -0.3578 0.1007
vn -0.0454 -0.9518 -0.3034
vn -0.1255 -0.9699 -0.2086
vn -0.0324 -0.9969 -0.0713
vn 0.3252 -0.9440 -0.0562
vn 0.3785 -0.9246 -0.0428
vn 0.1159 -0.9599 0.2552
vn 0.4329 -0.8864 0.1642
vn 0.4525 -0.8840 -0.1173
vn -0.5344 -0.7814 0.3224
vn -0.4676 -0.6456 0.6038
vn -0.3066 -0.7533 0.5818
vn -0.3413 -0.9072 0.2459
vn 0.0684 -0.4070 -0.9108
vn 0.2220 -0.4519 -0.8640
vn -0.1336 -0.2354 -0.9627
vn 0.8259 -0.0039 -0.5637
vn 0.9822 -0.1822 -0.0460
vn 0.9891 -0.0576 -0.1354
vn -0.1183 -0.7137 0.6904
vn -0.1420 -0.5695 0.8096
vn 0.1115 -0.6576 0.7451
vn 0.0505 -0.3136 0.9482
vn -0.2011 -0.3443 0.9171
vn -0.2132 -0.1486 0.9656
vn 0.0820 -0.0725 0.9940
vn -0.7851 -0.0720 -0.6152
vn -0.8128 -0.0345 -0.5815
vn -0.2451 -0.0495 -0.9682
vn -0.4607 -0.0362 -0.8868
vn -0.1061 -0.1388 -0.9846
vn -0.2689 0.6521 -0.7088
vn -0.2222 0.6250 -0.7483
vn -0.0090 0.5750 -0.8181
vn -0.0138 0.6418 -0.7668
vn -0.0613 -0.9414 0.3317
vn -0.1127 -0.8841 0.4535
vn 0.1239 -0.8369 0.5332
vn 0.1997 -0.8837 0.4233
vn 0.1820 -0.9534 0.2407
vn 0.2109 -0.9698 0.1224
vn 0.0691 -0.9967 0.0419
vn -0.2555 -0.9489 0.1852
vn 0.3437 -0.7275 -0.5937
vn 0.3190 -0.9290 -0.1876
vn 0.4839 -0.8340 -0.2652
vn 0.4819 -0.6126 -0.6265
vn -0.5833 -0.8004 -0.1380
vn -0.2990 -0.9474 -0.1138
vn -0.1002 -0.8451 0.5251
vn 0.0349 -0.9041 0.4259
vn -0.2777 -0.9000 0.3360
vn -0.0435 -0.9966 -0.0707
vn -0.1217 -0.9912 0.0515
vn -0.0478 -0.9950 -0.0877
vn 0.2792 -0.9513 -0.1307
vn -0.1067 -0.9709 -0.2143
vn -0.1055 -0.9319 -0.3470
vn -0.3342 -0.8798 -0.3380
vn -0.3555 -0.9111 -0.2088
vn -0.2744 -0.9602 -0.0516
vn -0.2547 -0.9657 0.0498
vn -0.1144 -0.9911 0.0681
vn 0.1071 -0.9809 -0.1626
vn -0.4881 -0.7167 0.4981
vn -0.5218 -0.6234 0.5823
vn -0.2084 -0.7453 0.6333
vn -0.0425 -0.9312 0.3621
vn -0.0810 -0.9560 0.2819
vn 0.1363 -0.8802 0.4547
vn -0.1639 -0.8990 0.4061
vn 0.0380 -0.8586 0.5113
vn 0.3052 -0.7837 0.5409
vn -0.2204 -0.8388 0.4979
vn -0.3230 -0.6994 0.6376
vn -0.0499 -0.7899 0.6112
vn 0.1077 0.7476 0.6553
vn 0.3337 0.6229 0.7076
vn -0.5010 -0.4750 0.7235
vn -0.3810 -0.2182 0.8985
vn -0.2696 -0.4574 0.8474
vn -0.2315 -0.6727 0.7028
vn -0.3671 -0.8027 0.4700
vn -0.3966 -0.6813 0.6152
vn 0.5632 -0.7830 -0.2641
vn 0.4127 -0.8389 -0.3548
vn 0.8119 -0.0665 -0.5800
vn 0.1628 -0.5394 -0.8262
vn -0.0284 -0.2495 -0.9680
vn -0.0994 -0.5210 -0.8478
vn -0.0879 -0.7471 -0.6589
vn 0.1268 -0.8718 -0.4731
vn 0.0949 -0.7559 -0.6477
vn 0.2040 -0.9611 0.1863
vn 0.0687 -0.9643 0.2559
vn -0.0219 -0.9955 0.0920
vn 0.0967 -0.9804 -0.1714
vn -0.2051 -0.9773 0.0525
vn -0.1517 -0.9807 0.1234
vn -0.3681 -0.9264 0.0792
vn -0.1516 -0.9661 0.2090
vn -0.1216 -0.9807 -0.1531
vn -0.5710 -0.2898 0.7681
vn -0.7506 -0.3176 0.5794
vn -0.8004 -0.1968 0.5663
vn -0.7563 -0.1914 0.6257
vn 0.9234 -0.3810 0.0466
vn 0.7913 -0.6087 0.0581
vn 0.5293 -0.6646 0.5274
vn 0.0037 -0.9795 0.2014
vn 0.1438 -0.9317 0.3335
vn -0.2090 -0.8459 0.4906
vn -0.4689 -0.8476 0.2484
vn 0.3646 -0.9295 0.0555
vn 0.4140 -0.9098 -0.0303
vn 0.1816 -0.9829 0.0307
vn -0.3432 -0.5847 -0.7351
vn -0.5315 -0.6117 -0.5859
vn -0.2199 -0.6941 -0.6855
vn 0.5765 -0.6733 -0.4630
vn 0.5046 -0.6596 -0.5570
vn 0.5194 -0.6723 -0.5275
vn 0.6734 -0.6135 -0.4126
vn -0.2031 -0.9612 0.1865
vn 0.2019 -0.9328 0.2986
vn 0.0834 -0.9938 0.0732
vn -0.1436 -0.9896 0.0024
vn -0.1488 0.0227 0.9886
vn -0.7380 0.0283 0.6742
vn -0.7201 -0.1029 0.6862
vn -0.1429 -0.1135 0.9832
vn 0.5279 -0.6916 0.4931
vn 0.7121 -0.6299 0.3101
vn 0.7213 -0.5113 0.4672
vn 0.5231 -0.5664 0.6368
vn 0.5207 -0.4133 0.7470
vn 0.6618 -0.4037 0.6317
vn 0.5847 -0.6917 -0.4239
vn 0.4398 -0.6299 -0.6401
vn 0.5965 -0.5113 -0.6187
vn 0.7250 -0.5664 -0.3918
vn 0.8327 -0.4133 -0.3686
vn 0.7460 -0.4038 -0.5296
vn -0.3067 0.8032 0.5107
vn -0.4467 0.8380 0.3134
vn -0.1988 0.8315 0.5188
vn -0.0660 0.7280 0.6824
vn -0.7631 -0.5821 0.2808
vn 0.0844 -0.9001 -0.4275
vn 0.1933 -0.7996 -0.5685
vn -0.4101 -0.7293 -0.5477
vn -0.1507 -0.8975 -0.4144
vn -0.4634 -0.8751 0.1395
vn -0.1556 -0.9681 -0.1966
vn 0.3948 -0.8739 -0.2836
vn 0.2912 -0.9019 -0.3190
vn -0.1232 -0.9656 -0.2289
vn 0.5039 -0.0017 -0.8637
vn 0.5176 0.1158 -0.8478
vn 0.7693 0.1147 -0.6285
vn 0.7606 -0.0005 -0.6493
vn 0.5257 0.1022 -0.8445
vn 0.3026 -0.5892 -0.7491
vn 0.1585 -0.6841 -0.7120
vn 0.1757 -0.6783 -0.7134
vn 0.3102 -0.5880 -0.7470
vn -0.8449 -0.4778 -0.2405
vn -0.8999 -0.3175 -0.2989
vn -0.9560 -0.2898 -0.0450
vn -0.8849 -0.4616 -0.0631
vn -0.5095 -0.7160 0.4773
vn -0.5849 -0.6266 0.5151
vn -0.3696 -0.7387 0.5637
vn 0.7508 -0.3196 0.5780
vn 0.4150 -0.4458 0.7931
vn 0.2816 -0.2954 0.9129
vn -0.1502 0.9710 0.1862
vn -0.1924 0.9809 -0.0295
vn 0.0677 0.9603 0.2707
vn 0.1096 0.9911 0.0755
vn 0.1515 0.9658 0.2103
vn 0.3899 -0.6832 -0.6175
vn 0.3235 -0.7832 -0.5310
vn 0.5915 -0.6478 -0.4801
vn -0.8047 -0.5816 0.1193
vn -0.7033 -0.6388 -0.3118
vn -0.9772 -0.0685 0.2011
vn -0.9990 0.0189 0.0416
vn 0.4079 -0.8745 0.2623
vn 0.2508 -0.9439 0.2149
vn 0.2044 -0.9518 -0.2286
vn 0.0804 -0.9700 -0.2296
vn 0.0342 -0.9969 -0.0704
vn 0.3728 -0.6915 -0.6187
vn 0.1835 -0.6270 -0.7571
vn 0.5868 -0.5452 -0.5988
vn 0.6053 -0.4414 -0.6624
vn 0.4795 -0.4259 -0.7673
vn -0.1220 -0.9414 -0.3145
vn 0.1200 -0.9489 -0.2918
vn -0.2812 -0.9534 -0.1092
vn -0.2435 -0.9699 0.0067
vn -0.0807 -0.9967 0.0008
vn 0.6785 -0.6916 0.2478
vn 0.7782 -0.6270 0.0354
vn 0.6998 -0.5452 0.4616
vn 0.7656 -0.4414 0.4680
vn 0.8449 -0.4259 0.3237
vn 0.4388 0.8821 0.1713
vn 0.2749 0.9490 0.1543
vn 0.1427 0.9533 -0.2661
vn 0.0091 0.9968 -0.0794
vn 0.0230 0.9699 -0.2423
vn 0.0751 0.9683 -0.2383
vn 0.2019 0.9779 -0.0552
vn -0.1619 0.9600 -0.2285
vn -0.1216 0.9922 -0.0292
vn -0.2161 0.9666 -0.1379
vn -0.3726 -0.9216 0.1085
vn -0.4518 -0.8664 -0.2125
vn 0.1850 -0.9683 0.1678
vn -0.0342 -0.9779 0.2064
vn 0.2751 -0.9600 -0.0516
vn 0.2155 -0.9666 -0.1387
vn 0.0773 -0.9922 -0.0983
vn 0.4059 -0.4206 0.8114
vn 0.5197 -0.6448 -0.5605
vn 0.3813 -0.5043 -0.7748
vn 0.3252 -0.6803 -0.6569
vn 0.2827 -0.9557 0.0822
vn 0.4617 -0.8788 -0.1205
vn 0.4271 -0.9001 -0.0865
vn 0.2476 -0.9571 0.1508
vn -0.2869 -0.9573 0.0346
vn 0.8560 -0.0106 0.5168
vn 0.8534 0.0056 0.5212
vn 0.7107 -0.0696 0.7000
vn -0.3394 -0.6066 -0.7189
vn -0.3180 -0.6876 -0.6527
vn -0.1168 -0.6784 -0.7254
vn -0.0246 -0.5863 -0.8097
vn -0.8282 -0.5125 0.2269
vn -0.8337 -0.5072 0.2186
vn -0.7781 -0.5872 0.2228
vn -0.7644 -0.6034 0.2270
vn 0.5183 -0.3234 -0.7917
vn 0.6802 -0.4298 -0.5938
vn 0.7201 -0.3100 -0.6207
vn -0.2833 -0.7160 0.6380
vn -0.3360 -0.6289 0.7011
vn -0.1198 -0.7387 0.6633
vn 0.0150 -0.2467 0.9690
vn 0.0387 -0.3635 0.9308
vn 0.0100 -0.2467 0.9690
vn 0.3398 -0.8242 0.4531
vn 0.4679 -0.8770 0.1098
vn -0.4059 -0.8988 -0.1654
vn -0.3315 -0.9268 0.1763
vn 0.0314 0.9318 0.3616
vn 0.2991 0.9411 0.1579
vn 0.4055 -0.8416 -0.3567
vn 0.3419 -0.9071 -0.2456
vn -0.3724 -0.8284 0.4184
vn -0.0540 -0.8190 0.5712
vn 0.2959 -0.9552 -0.0061
vn 0.3151 -0.9292 0.1933
vn 0.3928 -0.9098 0.1344
vn 0.3414 -0.9399 -0.0065
vn 0.1468 -0.9846 0.0950
vn 0.3374 -0.8387 -0.4276
vn 0.1417 -0.7360 -0.6620
vn -0.0317 -0.7615 -0.6473
vn -0.0753 -0.9215 -0.3811
vn -0.2765 -0.9559 0.0987
vn -0.1152 -0.9138 0.3894
vn -0.1030 -0.9945 -0.0210
vn -0.2696 -0.8242 0.4980
vn 0.0950 -0.8771 0.4708
vn 0.4930 -0.7489 0.4429
vn 0.9033 -0.0125 0.4288
vn 0.8379 -0.4452 0.3157
vn 0.8419 -0.0733 0.5346
vn 0.9171 -0.0002 0.3987
vn -0.9430 -0.3104 -0.1196
vn -0.8346 -0.4183 -0.3584
vn -0.8846 -0.2921 -0.3635
vn -0.4056 -0.0851 -0.9101
vn -0.4158 -0.4438 -0.7938
vn -0.1678 -0.1202 -0.9785
vn -0.3434 0.0872 -0.9352
vn -0.3297 0.2375 -0.9137
vn -0.4099 0.1594 -0.8981
vn -0.3112 0.0820 -0.9468
vn 0.0292 -0.9832 -0.1803
vn -0.0134 -0.8645 -0.5025
vn 0.4552 0.7564 0.4697
vn 0.3085 0.7244 0.6165
vn 0.2374 0.8208 0.5196
vn -0.2542 -0.9284 0.2712
vn 0.0338 -0.9460 0.3225
vn -0.8316 0.4320 0.3490
vn -0.7084 0.6405 0.2966
vn -0.6597 0.4777 0.5802
vn -0.8415 0.2344 0.4868
vn -0.9046 -0.0361 0.4248
vn -0.9482 0.1717 0.2672
vn 0.6066 -0.7468 -0.2726
vn 0.4648 -0.8455 -0.2630
vn 0.6337 -0.7666 -0.1037
vn 0.9891 0.0894 0.1171
vn 0.9973 0.0184 0.0707
vn 0.9189 0.1108 0.3787
vn 0.7576 0.2055 0.6195
vn 0.7455 0.2064 0.6337
vn -0.4723 0.8711 0.1347
vn -0.2390 0.9078 0.3446
vn 0.7702 -0.6309 -0.0939
vn -0.3439 -0.8641 0.3674
vn -0.4985 -0.7526 0.4302
vn -0.2698 -0.7851 0.5574
vn -0.6018 -0.4405 -0.6662
vn 0.3460 -0.7387 0.5784
vn 0.6507 -0.7502 -0.1170
vn 0.5760 -0.8168 -0.0309
vn 0.6614 -0.6446 0.3835
vn 0.7579 -0.6308 0.1663
vn -0.0086 0.7632 -0.6461
vn -0.3243 0.8826 -0.3403
vn -0.4138 0.8292 -0.3759
vn -0.2260 0.7518 -0.6194
vn -0.6270 -0.4109 0.6618
vn -0.6187 -0.4189 0.6646
vn -0.6345 -0.4036 0.6592
vn -0.6428 -0.3952 0.6562
vn 0.6113 0.0469 0.7900
vn 0.6066 0.2319 0.7604
vn 0.0340 -0.1401 -0.9895
vn -0.2368 -0.5924 -0.7700
vn 0.1441 -0.0328 -0.9890
vn -0.3415 -0.9198 0.1932
vn -0.4244 -0.9045 0.0421
vn -0.5468 -0.8345 0.0675
vn -0.4891 -0.1690 0.8557
vn -0.5096 -0.1681 0.8438
vn -0.4349 -0.2487 0.8655
vn -0.4276 -0.2549 0.8673
vn -0.4884 -0.7919 -0.3665
vn -0.5735 -0.6687 -0.4732
vn -0.6436 -0.7463 -0.1699
vn 0.4623 -0.8746 -0.1464
vn -0.4500 -0.0764 -0.8898
vn -0.0193 -0.4839 0.8749
vn 0.0409 -0.4559 0.8891
vn -0.0448 -0.5492 0.8345
vn -0.0470 -0.5589 0.8279
vn -0.9138 -0.3122 0.2597
vn -0.9515 -0.3061 0.0319
vn -0.1037 -0.7686 0.6313
vn 0.2195 -0.7494 0.6247
vn 0.1369 -0.8007 0.5832
vn 0.3342 0.0149 0.9424
vn -0.2774 -0.8017 0.5294
vn -0.2036 -0.9250 0.3209
vn -0.4059 -0.8301 0.3823
vn 0.0591 -0.9977 -0.0345
vn 0.2423 -0.9670 -0.0787
vn 0.1624 -0.9792 -0.1219
vn -0.1549 -0.2192 -0.9633
vn -0.3411 -0.1358 -0.9302
vn -0.4469 -0.1441 -0.8829
vn 0.1289 -0.3481 -0.9286
vn -0.7626 -0.0950 -0.6399
vn 0.7497 -0.5789 0.3205
vn 0.7234 -0.6577 0.2102
vn 0.6688 -0.5770 0.4688
vn -0.3374 -0.7505 -0.5683
vn -0.2087 -0.3987 -0.8930
vn 0.0691 -0.9326 0.3542
vn 0.0480 -0.9938 0.1000
vn -0.1332 -0.9896 -0.0539
vn 0.9641 0.2580 0.0632
vn 0.9654 0.2585 0.0345
vn -0.1572 0.5351 0.8300
vn 0.0221 -0.5791 0.8150
vn -0.8413 -0.4321 -0.3248
vn 0.8386 0.5439 -0.0293
vn 0.8877 0.4590 -0.0376
vn 0.9940 0.0142 0.1087
vn 0.9246 -0.0095 0.3808
vn 0.9528 0.0328 0.3017
vn -0.0474 -0.9767 0.2095
vn 0.0093 -0.9946 0.1033
vn -0.6192 -0.7846 -0.0317
vn -0.7700 -0.6347 -0.0648
vn -0.6580 -0.7278 0.1934
vn -0.0576 -0.9784 -0.1986
vn -0.0664 -0.9945 -0.0809
vn -0.1445 -0.8004 0.5818
vn 0.0636 -0.7266 0.6841
vn 0.0712 -0.8409 0.5365
vn 0.2322 -0.9054 -0.3554
vn 0.2863 -0.9011 -0.3257
vn 0.4128 -0.8656 -0.2832
vn 0.4808 -0.8388 -0.2552
vn 0.4828 -0.6589 0.5768
vn 0.1613 -0.6268 0.7623
vn 0.2822 -0.6399 0.7148
vn 0.5298 -0.6546 0.5393
vn 0.8940 -0.1567 -0.4198
vn 0.8259 -0.0306 -0.5630
vn -0.9293 -0.1391 -0.3422
vn 0.5596 -0.0220 -0.8285
vn 0.2215 -0.1000 -0.9700
vn -0.2183 -0.9479 0.2320
vn -0.3525 -0.9348 0.0437
vn -0.4066 -0.9133 0.0223
vn 0.1266 -0.6434 -0.7550
vn 0.8507 -0.1918 0.4893
vn 0.4881 -0.1806 0.8539
vn -0.5105 -0.8578 0.0604
vn -0.3170 -0.8280 0.4625
vn -0.3427 -0.9023 0.2617
vn -0.4435 -0.3562 -0.8225
vn -0.4093 -0.4812 -0.7752
vn -0.1294 -0.4268 -0.8950
vn -0.3873 -0.3547 -0.8510
vn 0.4195 0.7146 0.5598
vn -0.2471 -0.3771 0.8926
vn -0.1790 -0.6825 0.7086
vn -0.4838 -0.3816 0.7876
vn -0.6059 -0.0513 0.7939
vn -0.2785 -0.0373 0.9597
vn -0.5612 -0.1158 0.8196
vn -0.7092 -0.6374 0.3011
vn -0.8822 -0.3460 0.3193
vn -0.6294 -0.1739 0.7574
vn -0.4906 -0.0316 0.8708
vn -0.3956 -0.7114 0.5809
vn -0.1722 -0.6728 -0.7196
vn 0.3811 0.7352 -0.5606
vn -0.5314 -0.6347 -0.5611
vn -0.5574 -0.6662 -0.4954
vn -0.5452 -0.7950 -0.2658
vn -0.4382 -0.7291 -0.5258
vn 0.2870 -0.1869 -0.9395
vn 0.1193 -0.0380 -0.9921
vn -0.2369 -0.8933 -0.3821
vn -0.3735 -0.9275 -0.0153
vn 0.0655 -0.9445 -0.3219
vn -0.5067 -0.8021 -0.3161
vn -0.3447 -0.7455 -0.5704
vn -0.0937 -0.9669 0.2374
vn -0.4121 -0.9043 0.1115
vn 0.2901 -0.4065 -0.8664
vn 0.2507 -0.4710 -0.8457
vn -0.3597 0.8077 0.4672
vn -0.0601 0.8599 0.5068
vn -0.0727 -0.6292 0.7739
vn -0.0717 -0.6207 0.7808
vn -0.4167 -0.5491 0.7245
vn -0.4140 -0.6292 0.6578
vn -0.4168 -0.6205 0.6643
vn -0.4157 -0.5588 0.7176
vn 0.0479 -0.8854 -0.4623
vn 0.3481 -0.8177 -0.4585
vn 0.8650 -0.3754 0.3329
vn 0.9120 -0.2365 0.3353
vn 0.3083 -0.9497 0.0555
vn -0.2241 -0.9588 0.1747
vn 0.0712 -0.9593 -0.2734
vn 0.1430 -0.9886 -0.0462
vn 0.2670 -0.9637 0.0023
vn 0.3360 -0.8938 -0.2971
vn -0.4521 -0.8917 0.0221
vn -0.3686 -0.9146 0.1666
vn -0.0645 -0.9965 0.0537
vn -0.0926 -0.9610 0.2604
vn 0.0959 -0.9601 0.2628
vn -0.9809 -0.0728 -0.1803
vn -0.9605 -0.0763 0.2677
vn -0.9917 0.0472 -0.1194
vn 0.2037 -0.3901 -0.8980
vn 0.6095 -0.5469 -0.5740
vn -0.9730 -0.1934 -0.1258
vn -0.8957 -0.1726 -0.4097
vn -0.9823 -0.1428 -0.1209
vn -0.4901 -0.4281 -0.7593
vn -0.7112 -0.2603 -0.6531
vn 0.0307 -0.9044 0.4256
vn 0.0192 -0.9730 0.2302
vn -0.5939 -0.8018 0.0659
vn -0.3798 -0.9250 0.0106
vn -0.5438 -0.8302 -0.1230
vn 0.1237 -0.9542 -0.2725
vn -0.1896 -0.9710 -0.1457
vn 0.1095 -0.9918 -0.0653
vn 0.3102 -0.8992 -0.3086
vn -0.1975 -0.4225 -0.8846
vn -0.4471 -0.4809 -0.7542
vn -0.2668 -0.9521 0.1493
vn -0.0689 -0.9262 0.3708
vn -0.4287 -0.6920 0.5808
vn -0.5878 -0.6913 0.4202
vn -0.5335 -0.6918 0.4866
vn -0.3710 -0.7719 0.5163
vn -0.4443 -0.8939 -0.0596
vn -0.3561 -0.8726 0.3342
vn -0.3942 -0.8718 0.2908
vn -0.4304 -0.8574 0.2822
vn 0.5798 0.7517 -0.3142
vn 0.6899 0.7188 -0.0858
vn 0.5724 0.8154 -0.0866
vn 0.7119 0.6937 0.1094
vn 0.7073 0.6983 0.1101
vn -0.8420 -0.1272 -0.5242
vn -0.8641 -0.1829 -0.4689
vn 0.2127 0.2231 0.9513
vn -0.9449 -0.1948 0.2631
vn -0.9842 -0.1751 -0.0278
vn -0.9541 -0.1467 0.2612
vn 0.7080 -0.0301 -0.7056
vn 0.5652 0.1045 -0.8183
vn 0.5003 0.1573 -0.8515
vn -0.2943 -0.8635 -0.4097
vn -0.3155 -0.8985 -0.3052
vn -0.3148 -0.8927 -0.3223
vn -0.3051 -0.8586 -0.4120
vn -0.5838 -0.8075 -0.0838
vn -0.5878 -0.7664 -0.2591
vn -0.7289 -0.6388 -0.2464
vn -0.3546 0.7391 0.5728
vn -0.4768 0.7988 0.3670
vn -0.3365 0.8180 0.4665
vn 0.9775 -0.0056 -0.2107
vn 0.9515 -0.0206 -0.3070
vn 0.3042 -0.9395 0.1573
vn 0.1649 -0.9673 0.1928
vn -0.0396 0.9672 -0.2508
vn -0.2261 0.9627 -0.1489
vn -0.2293 -0.2067 0.9512
vn 0.4023 -0.8071 -0.4322
vn 0.5282 -0.6635 -0.5299
vn 0.2631 -0.7438 -0.6144
vn 0.5492 -0.7936 -0.2617
vn 0.6371 -0.6719 -0.3777
vn -0.1606 -0.8153 0.5563
vn 0.0432 -0.7516 0.6582
vn -0.3386 -0.8822 0.3273
vn 0.5759 -0.8017 0.1603
vn 0.5428 -0.7606 0.3562
vn 0.7411 -0.6691 -0.0559
vn -0.3005 -0.9326 -0.1997
vn 0.1532 -0.9487 -0.2768
vn 0.1073 -0.9938 -0.0280
vn 0.2694 -0.9497 -0.1600
vn -0.3358 -0.9044 0.2632
vn -0.1803 -0.9729 0.1446
vn -0.8335 0.0776 -0.5470
vn -0.8768 0.0700 -0.4757
vn -0.9949 0.0498 -0.0882
vn -0.1800 -0.9793 -0.0929
vn -0.0784 -0.9896 0.1204
vn -0.8113 0.2031 0.5482
vn -0.9274 0.2061 0.3121
vn -0.4566 -0.3995 -0.7949
vn -0.2871 -0.5306 -0.7975
vn -0.3044 -0.0449 0.9515
vn 0.1308 -0.9741 0.1844
vn -0.0933 -0.8789 -0.4678
vn -0.3138 -0.8115 -0.4930
vn -0.2547 0.2948 -0.9210
vn 0.0229 0.2113 0.9772
vn 0.0423 0.2303 0.9722
vn 0.2597 0.2031 0.9441
vn 0.0772 0.0323 0.9965
vn 0.4360 0.0100 0.8999
vn 0.9776 -0.1839 0.1024
vn 0.9820 -0.1889 0.0006
vn 0.9128 -0.1288 0.3875
vn 0.9645 -0.1504 0.2170
vn 0.3772 -0.8926 -0.2470
vn 0.5714 -0.7584 -0.3135
vn -0.7125 -0.0524 -0.6997
vn -0.6242 -0.7713 -0.1244
vn -0.6568 -0.7540 -0.0082
vn -0.5545 -0.8304 0.0544
vn 0.4562 0.0841 -0.8859
vn 0.3984 0.3839 -0.8330
vn -0.3882 -0.9213 -0.0231
vn -0.5432 -0.8394 0.0189
vn -0.1910 -0.9049 -0.3804
vn -0.1894 -0.7920 -0.5804
vn -0.3834 -0.8538 -0.3521
vn -0.0044 -0.0446 0.9990
vn 0.0800 -0.0646 0.9947
vn 0.0609 -0.0654 0.9960
vn 0.0047 -0.0554 0.9985
vn 0.3718 -0.6336 0.6785
vn 0.2790 -0.8064 0.5214
vn 0.0725 -0.6285 0.7744
vn 0.3718 -0.1262 0.9197
vn -0.4546 -0.3824 0.8044
vn -0.4962 -0.1144 0.8607
vn -0.4045 -0.8495 0.3388
vn -0.3898 -0.8542 0.3441
vn 0.5469 -0.7023 0.4557
vn 0.3816 -0.7805 0.4951
vn -0.0035 -0.8920 -0.4521
vn -0.0823 -0.7887 -0.6092
vn -0.5590 0.4592 0.6904
vn -0.0961 -0.1571 -0.9829
vn -0.0611 -0.0091 -0.9981
vn 0.5929 -0.8046 0.0320
vn 0.6376 -0.7463 -0.1913
vn 0.7498 -0.3761 0.5444
vn 0.7953 -0.3158 0.5175
vn 0.1302 -0.5217 0.8432
vn 0.0195 -0.3594 0.9330
vn 0.0528 -0.3899 0.9193
vn 0.1891 -0.4914 0.8502
vn -0.9568 -0.1928 -0.2178
vn -0.8658 -0.3828 -0.3223
vn 0.8205 -0.0770 -0.5665
vn -0.2138 -0.9297 -0.3000
vn 0.5338 0.0457 0.8444
vn 0.1356 -0.9365 -0.3233
vn 0.3914 -0.7473 0.5370
vn 0.7381 -0.5103 0.4415
vn 0.1196 -0.1052 0.9872
vn 0.3092 0.0907 0.9467
vn -0.2606 -0.8726 0.4131
vn -0.2608 -0.8516 0.4547
vn -0.0704 -0.8944 0.4417
vn 0.0301 -0.9180 0.3954
vn 0.3683 -0.8320 -0.4150
vn 0.2897 -0.7478 -0.5974
vn 0.0713 -0.9229 -0.3784
vn 0.2195 -0.9455 -0.2405
vn 0.1286 -0.8400 -0.5272
vn 0.3779 0.3044 -0.8744
vn 0.5911 0.2422 -0.7694
vn 0.7887 0.0801 -0.6095
vn 0.8866 -0.0631 -0.4582
vn 0.3148 -0.9487 -0.0280
vn 0.2833 -0.9497 0.1337
vn 0.0324 -0.9487 -0.3145
vn 0.1854 -0.9496 -0.2527
vn 0.6342 0.7617 0.1326
vn 0.5794 0.8029 0.1400
vn 0.5364 -0.0554 0.8422
vn 0.4887 -0.0435 0.8713
vn 0.6874 -0.1066 0.7184
vn -0.7300 -0.1294 0.6711
vn -0.6326 -0.0406 0.7734
vn -0.3825 -0.8848 -0.2660
vn -0.3855 -0.8848 -0.2617
vn -0.3547 -0.8255 -0.4391
vn -0.3491 -0.8245 -0.4454
vn 0.8639 -0.4688 -0.1843
vn 0.7026 -0.2356 -0.6714
vn 0.9415 -0.1195 -0.3152
vn 0.5463 -0.0901 -0.8328
vn 0.1116 -0.0905 -0.9896
vn -0.6613 -0.5275 0.5333
vn -0.4161 -0.6243 0.6611
vn 0.2521 -0.9677 -0.0043
vn 0.3650 -0.9092 -0.2003
vn 0.1828 -0.6981 -0.6923
vn -0.3635 -0.8051 -0.4687
vn -0.3413 -0.7943 -0.5026
vn 0.4567 -0.8876 0.0597
vn 0.3883 -0.9171 -0.0908
vn 0.0732 -0.9973 -0.0073
vn -0.9684 0.0099 -0.2492
vn -0.9676 -0.1987 -0.1561
vn 0.7917 -0.3950 -0.4661
vn 0.7214 -0.6518 -0.2341
vn 0.8537 -0.3519 -0.3838
vn 0.8309 -0.1631 -0.5319
vn -0.1941 -0.9718 0.1342
vn 0.7372 0.0076 -0.6756
vn 0.5802 0.1560 -0.7994
vn -0.0756 -0.3261 0.9423
vn -0.3983 -0.2164 0.8914
vn 0.3011 -0.9486 0.0977
vn 0.2085 -0.9496 0.2340
vn -0.4559 -0.8849 -0.0956
vn -0.1068 -0.9581 -0.2658
vn -0.4953 -0.8245 -0.2736
vn 0.5777 -0.7137 0.3960
vn -0.4938 -0.8231 -0.2803
vn 0.3950 -0.8795 -0.2655
vn 0.3874 -0.8802 -0.2741
vn 0.5856 -0.7584 -0.2864
vn 0.6467 -0.6624 -0.3781
vn 0.5378 -0.6685 -0.5137
vn 0.3033 -0.6040 -0.7370
vn 0.2853 -0.6086 -0.7404
vn -0.0235 -0.9965 0.0799
vn -0.2183 -0.9691 0.1150
vn 0.1974 -0.7827 0.5902
vn 0.3622 -0.6346 0.6827
vn 0.3265 -0.6548 0.6817
vn 0.1461 -0.7930 0.5914
vn -0.1921 -0.9493 0.2489
vn 0.0520 -0.8130 0.5800
vn -0.5167 0.7784 0.3566
vn -0.5199 0.8158 -0.2534
vn -0.6740 0.7232 -0.1507
vn -0.6146 0.7338 -0.2894
vn -0.4413 -0.6939 -0.5690
vn -0.3230 -0.8444 -0.4274
vn 0.8532 0.4067 0.3265
vn 0.9028 0.3795 0.2025
vn 0.6748 0.4403 0.5922
vn 0.6343 0.4416 0.6346
vn -0.0728 -0.9853 -0.1545
vn 0.0917 -0.9938 -0.0627
vn 0.1155 -0.9418 -0.3157
vn 0.9952 -0.0459 -0.0870
vn 0.2489 -0.8804 -0.4036
vn 0.1545 -0.4289 0.8900
vn -0.3650 -0.4559 0.8118
vn -0.4121 -0.4839 0.7721
vn -0.3592 -0.4465 0.8195
vn -0.3797 -0.3662 0.8496
vn -0.0885 -0.0385 -0.9953
vn 0.1266 -0.1193 -0.9848
vn 0.2264 -0.0883 -0.9700
vn -0.6844 -0.4775 -0.5509
vn -0.7898 -0.4615 -0.4041
vn -0.6713 -0.4775 0.5668
vn -0.5470 -0.4613 0.6985
vn 0.0145 -0.9465 0.3225
vn 0.4612 -0.7183 -0.5209
vn 0.5736 -0.7255 -0.3803
vn -0.2327 -0.6342 0.7373
vn -0.0622 -0.9963 -0.0598
vn -0.1086 -0.9894 0.0967
vn 0.4056 -0.9063 -0.1189
vn -0.3915 0.3568 0.8482
vn -0.5312 0.5503 0.6442
vn 0.0496 -0.4465 0.8934
vn 0.0448 -0.3662 0.9295
vn -0.7394 0.0198 0.6730
vn -0.9535 0.0350 0.2992
vn -0.5459 -0.5457 0.6357
vn -0.6216 -0.6481 0.4400
vn -0.9999 0.0099 -0.0044
vn -0.7651 0.3055 0.5668
vn -0.4678 0.6149 -0.6349
vn -0.5003 0.6466 -0.5759
vn 0.7876 -0.6020 -0.1315
vn 0.8278 -0.5546 -0.0847
vn 0.6994 -0.6643 -0.2638
vn -0.6366 -0.6098 -0.4722
vn 0.2976 -0.8083 0.5081
vn 0.3062 -0.8262 0.4728
vn 0.5859 -0.8083 -0.0583
vn 0.5574 -0.8263 -0.0807
vn 0.8156 0.0204 0.5783
vn 0.5611 0.0426 0.8267
vn 0.7665 0.0910 0.6357
vn 0.3507 -0.8606 0.3693
vn 0.4812 -0.8749 0.0543
vn 0.2161 -0.9761 0.0215
vn 0.1445 -0.9492 0.2797
vn -0.9101 -0.2096 0.3574
vn 0.2373 -0.8784 0.4148
vn 0.1957 -0.8604 0.4705
vn 0.1669 -0.8767 0.4511
vn 0.2363 -0.8731 0.4264
vn 0.5133 -0.7685 0.3820
vn 0.5809 -0.8139 0.0044
vn 0.2714 -0.9378 0.2166
vn -0.6597 -0.6835 -0.3124
vn -0.7142 -0.6945 -0.0869
vn -0.3595 -0.8605 0.3611
vn -0.3222 -0.8744 0.3627
vn -0.1662 -0.9278 -0.3341
vn -0.3262 -0.9448 -0.0300
vn 0.0706 -0.9974 0.0114
vn 0.1901 -0.9484 -0.2539
vn -0.0116 -0.6453 -0.7639
vn -0.0013 -0.6507 -0.7593
vn -0.0476 -0.7894 -0.6120
vn 0.4574 0.8853 0.0834
vn 0.4732 0.8732 0.1170
vn 0.8542 -0.5108 0.0967
vn -0.7736 -0.3473 -0.5301
vn -0.8798 -0.2104 -0.4262
vn -0.9169 -0.1973 -0.3470
vn -0.2650 -0.8135 0.5177
vn -0.2055 -0.7892 0.5787
vn -0.6720 -0.6881 0.2737
vn -0.6251 -0.6514 0.4300
vn -0.1232 0.8662 0.4842
vn -0.1403 0.8541 0.5009
vn -0.1604 0.8891 -0.4286
vn 0.7405 -0.1931 -0.6437
vn 0.6911 -0.2098 -0.6916
vn -0.6375 -0.7684 -0.0557
vn -0.5069 -0.8601 0.0571
vn -0.0058 0.0246 0.9997
vn -0.9007 -0.4077 0.1500
vn -0.8936 -0.4278 0.1362
vn -0.8860 -0.4414 0.1417
vn -0.3149 -0.9051 0.2855
vn 0.1763 -0.8964 0.4066
vn 0.1810 -0.9056 0.3837
vn -0.9871 -0.1168 0.1098
vn -0.9574 0.0243 0.2878
vn 0.5459 -0.8352 0.0666
vn 0.6234 -0.7722 0.1227
vn -0.4468 -0.8761 -0.1813
vn -0.1415 -0.9148 -0.3784
vn -0.2899 -0.7176 0.6332
vn -0.1562 -0.8206 0.5497
vn -0.4588 -0.7847 0.4169
vn 0.5047 -0.8256 -0.2523
vn -0.6929 -0.5901 0.4143
vn -0.6522 -0.7430 0.1504
vn 0.2699 -0.9394 0.2114
vn 0.4650 -0.8788 0.1073
vn 0.6160 -0.6825 0.3935
vn 0.5286 -0.8489 -0.0055
vn 0.3229 -0.8947 0.3087
vn -0.6337 -0.7721 -0.0480
vn -0.8216 -0.5701 -0.0061
vn 0.4714 0.4835 -0.7376
vn 0.4244 0.5497 -0.7195
vn 0.3793 0.3321 -0.8636
vn 0.4420 0.2461 -0.8626
vn 0.4100 0.5888 -0.6965
vn 0.4486 0.6711 -0.5902
vn 0.1834 0.6827 -0.7073
vn -0.7618 -0.5808 -0.2870
vn -0.7651 -0.5570 -0.3231
vn 0.4224 -0.5887 -0.6892
vn 0.3512 -0.5994 -0.7193
vn 0.1787 -0.6979 -0.6935
vn 0.4126 -0.8650 -0.2856
vn 0.1938 -0.9509 -0.2413
vn -0.9831 -0.0232 -0.1814
vn -0.8900 -0.0691 -0.4507
vn 0.5143 0.7432 -0.4280
vn -0.9896 0.0159 0.1429
vn -0.7843 -0.3060 0.5397
vn -0.7769 -0.3190 0.5428
vn -0.8591 -0.4153 0.2990
vn 0.9572 -0.2594 0.1279
vn 0.8933 -0.2749 0.3556
vn 0.0587 -0.9649 -0.2561
vn -0.1678 -0.9515 -0.2580
vn -0.3649 -0.9218 -0.1306
vn -0.5500 -0.8350 0.0162
vn -0.3972 -0.8623 0.3142
vn -0.3868 -0.8879 0.2491
vn -0.3356 -0.7790 0.5297
vn 0.1458 -0.8965 -0.4183
vn -0.2855 -0.9469 -0.1482
vn -0.2761 -0.9487 -0.1539
vn -0.8900 0.0649 -0.4513
vn 0.1540 -0.8635 0.4802
vn 0.1148 -0.8807 0.4595
vn 0.3639 -0.7590 0.5399
vn 0.3751 -0.7646 0.5241
vn 0.2456 0.0176 0.9692
vn -0.3587 -0.9324 0.0448
vn -0.4744 -0.5933 0.6504
vn -0.5410 -0.7431 0.3938
vn -0.0127 -0.8572 0.5148
vn -0.0008 -0.8653 0.5013
vn -0.4097 0.8989 -0.1552
vn 0.1520 -0.6006 0.7850
vn 0.0290 -0.7668 0.6412
vn 0.1209 -0.1686 -0.9782
vn -0.0319 -0.9662 0.2558
vn 0.2136 -0.9264 0.3102
vn 0.3294 0.1011 -0.9388
vn 0.3435 0.0653 -0.9369
vn 0.2287 -0.7090 0.6671
vn 0.8054 0.0983 -0.5845
vn -0.0499 -0.9186 0.3919
vn 0.2663 -0.8073 0.5267
vn 0.3981 -0.6814 0.6141
vn -0.9999 0.0089 0.0078
vn -0.1709 -0.9557 -0.2398
vn -0.2422 -0.8626 0.4440
vn 0.1964 -0.7661 0.6120
vn 0.2292 -0.9193 0.3199
vn 0.2149 -0.6601 0.7198
vn -0.1087 -0.4686 0.8767
vn -0.2323 -0.5874 0.7753
vn -0.8013 0.0064 -0.5982
vn -0.8131 0.0392 -0.5808
vn -0.8028 0.0086 -0.5962
vn 0.1450 -0.9875 -0.0612
vn -0.0939 -0.9933 0.0675
vn -0.4291 -0.8834 0.1882
vn -0.0931 -0.9676 0.2347
vn -0.2287 -0.9226 0.3108
vn -0.2539 -0.8805 0.4003
vn 0.1922 -0.9727 -0.1303
vn 0.3536 0.6821 0.6401
vn 0.1326 0.7897 0.5990
vn 0.1891 0.7896 0.5837
vn 0.0704 -0.9662 0.2479
vn 0.3207 -0.9278 0.1907
vn -0.3487 -0.6470 -0.6781
vn -0.3460 -0.6347 -0.6910
vn -0.3802 -0.7262 -0.5728
vn -0.3853 -0.7304 -0.5640
vn 0.4203 -0.8910 -0.1719
vn 0.6100 -0.7887 0.0763
vn 0.5051 -0.8503 -0.1477
vn -0.7870 -0.2547 0.5619
vn -0.7185 -0.2523 0.6482
vn -0.5693 0.8131 0.1216
vn -0.4641 -0.8797 -0.1039
vn -0.1693 -0.9791 0.1125
vn -0.2636 -0.6078 -0.7491
vn -0.1381 -0.8795 -0.4554
vn -0.1508 -0.8773 -0.4556
vn 0.0376 -0.9215 -0.3866
vn 0.0327 -0.9297 -0.3668
vn -0.3857 -0.3634 0.8480
vn -0.7436 -0.6513 0.1513
vn 0.8111 -0.5389 -0.2276
vn -0.2898 -0.4753 -0.8307
vn -0.3294 -0.4316 -0.8398
vn -0.3241 -0.4334 -0.8409
vn 0.3320 -0.8420 -0.4252
vn -0.0088 -0.9098 0.4149
vn 0.6724 -0.6708 0.3129
vn -0.9466 -0.1479 0.2864
vn -0.1090 -0.9933 -0.0398
vn -0.3957 -0.8835 -0.2507
vn 0.1281 -0.9900 0.0591
vn -0.3759 -0.9121 -0.1637
vn -0.5725 -0.8017 -0.1714
vn -0.4525 -0.8301 -0.3257
vn 0.0503 -0.5854 -0.8092
vn 0.7841 -0.0656 0.6171
vn 0.4506 -0.8884 0.0874
vn 0.3602 -0.9301 0.0711
vn 0.3769 -0.9208 -0.1007
vn 0.3817 -0.9205 -0.0838
vn -0.6064 -0.5596 -0.5650
vn -0.5655 -0.7269 -0.3896
vn -0.3362 0.2772 -0.9001
vn -0.5629 0.3116 -0.7655
vn -0.6776 -0.5817 -0.4499
vn -0.6684 -0.5743 -0.4727
vn -0.6563 -0.6925 -0.2993
vn -0.6590 -0.6932 -0.2920
vn -0.2789 -0.8860 -0.3705
vn 0.0215 -0.9862 -0.1642
vn 0.7854 -0.5782 0.2209
vn 0.7924 -0.6035 -0.0889
vn 0.7698 0.1048 -0.6296
vn 0.9908 -0.0933 0.0979
vn 0.8785 -0.3861 0.2814
vn -0.3962 -0.4401 -0.8058
vn -0.5894 -0.4607 -0.6636
vn -0.0466 -0.9043 0.4243
vn 0.6282 -0.5482 0.5522
vn -0.3483 -0.6958 0.6282
vn -0.3733 -0.7790 0.5038
vn 0.4248 -0.6957 0.5793
vn 0.3019 -0.7790 0.5495
vn 0.7019 0.6695 -0.2432
vn 0.7647 0.5673 -0.3057
vn 0.8693 0.3827 -0.3128
vn -0.3538 -0.9291 0.1076
vn -0.3085 -0.6513 -0.6933
vn -0.6706 -0.6364 -0.3811
vn -0.3090 -0.6158 -0.7248
vn 0.3081 -0.9206 -0.2399
vn 0.6348 -0.5466 0.5461
vn -0.3644 -0.8783 0.3096
vn -0.1118 -0.9230 0.3682
vn -0.3070 -0.9013 0.3057
vn -0.4371 -0.8572 -0.2722
vn -0.2008 -0.8422 -0.5004
vn 0.0297 -0.9714 0.2355
vn -0.2077 -0.9230 0.3239
vn -0.5764 0.6457 0.5009
vn -0.5181 0.7532 0.4053
vn 0.5171 -0.7956 -0.3157
vn 0.0317 0.8094 0.5864
vn -0.0516 0.8966 0.4399
vn -0.9433 -0.3072 0.1261
vn -0.9846 -0.1559 0.0793
vn -0.9656 -0.1988 0.1676
vn -0.3455 0.3216 0.8816
vn -0.4878 0.3208 0.8118
vn -0.0486 -0.4707 0.8810
vn -0.8237 -0.5623 0.0736
vn -0.8656 -0.4599 -0.1980
vn 0.5874 -0.7743 0.2353
vn 0.5743 -0.8005 0.1711
vn 0.2757 -0.9550 0.1092
vn 0.3692 -0.8836 0.2881
vn 0.9473 0.1100 -0.3009
vn 0.5371 -0.8422 0.0471
vn -0.5324 -0.7520 -0.3887
vn -0.4340 -0.5841 -0.6859
vn -0.6106 -0.2053 -0.7649
vn -0.2108 -0.9698 0.1230
vn 0.6607 -0.7266 -0.1885
vn 0.7862 -0.6046 -0.1278
vn 0.9570 -0.2662 -0.1157
vn 0.8776 -0.4640 -0.1202
vn 0.9954 0.0892 -0.0362
vn 0.4242 -0.5903 -0.6867
vn 0.4934 0.1470 0.8573
vn 0.3500 0.3473 0.8700
vn 0.1926 0.3677 0.9098
vn 0.6403 -0.6000 -0.4796
vn 0.5788 -0.6572 -0.4828
vn -0.4411 -0.8796 0.1783
vn -0.5523 -0.7858 0.2782
vn -0.2520 -0.9260 -0.2811
vn 0.1165 -0.9319 -0.3435
vn -0.4819 -0.1393 -0.8651
vn -0.2633 -0.0683 -0.9623
vn 0.9517 -0.0064 -0.3070
vn -0.3276 -0.8352 -0.4417
vn -0.3472 -0.8338 -0.4293
vn -0.5411 -0.7732 -0.3307
vn -0.5689 -0.7569 -0.3216
vn -0.6250 0.7617 0.1709
vn -0.5482 0.8329 0.0759
vn -0.8187 -0.3071 0.4851
vn -0.8825 -0.1591 0.4426
vn -0.8239 -0.1986 0.5308
vn 0.5396 -0.3713 0.7556
vn 0.8446 -0.3715 -0.3855
vn -0.3424 -0.9360 0.0816
vn -0.3345 -0.7454 -0.5766
vn -0.6831 -0.2172 -0.6973
vn -0.6135 -0.0663 -0.7869
vn -0.0277 -0.9319 -0.3615
vn 0.6434 -0.5075 0.5732
vn 0.6128 -0.4839 0.6247
vn -0.5271 -0.7523 0.3953
vn 0.0086 -0.0568 -0.9983
vn -0.0899 -0.0259 -0.9956
vn -0.0702 -0.0321 -0.9970
vn 0.0307 -0.0635 -0.9975
vn -0.9842 0.1480 -0.0975
vn 0.4048 -0.8650 -0.2965
vn -0.3997 -0.8229 0.4038
vn -0.3534 -0.8960 0.2688
vn 0.4994 -0.0387 0.8655
vn 0.2248 -0.3587 0.9060
vn -0.3562 -0.8466 0.3956
vn -0.3148 -0.9077 0.2776
vn -0.3293 -0.8892 0.3177
vn -0.3695 -0.8203 0.4365
vn 0.9789 0.1221 0.1641
vn 0.9891 0.1243 -0.0787
vn 0.9801 0.1122 0.1639
vn -0.1376 -0.9767 0.1647
vn 0.9330 -0.3406 -0.1164
vn -0.6636 0.0331 -0.7474
vn -0.3729 0.0206 -0.9276
vn -0.8653 0.0354 0.5001
vn 0.9928 0.0502 0.1089
vn 0.9909 0.0717 -0.1143
vn -0.4989 -0.8578 -0.1234
vn -0.2838 -0.9278 -0.2421
vn 0.0871 -0.9424 -0.3229
vn 0.0109 -0.9693 -0.2457
vn -0.1821 -0.9693 -0.1652
vn 0.6563 -0.7539 -0.0287
vn 0.6545 -0.7528 -0.0704
vn 0.1291 -0.9791 -0.1569
vn 0.1524 0.7010 -0.6967
vn 0.0275 0.7774 -0.6284
vn 0.3386 0.1188 -0.9334
vn 0.2266 0.1802 -0.9572
vn 0.2639 0.1651 -0.9503
vn 0.3349 0.0884 -0.9381
vn 0.2339 -0.1088 0.9661
vn -0.0461 0.9687 -0.2439
vn 0.2413 -0.9686 0.0602
vn -0.2365 -0.9687 0.0756
vn 0.4733 -0.7228 0.5035
vn 0.6251 -0.3783 -0.6827
vn 0.7897 -0.3780 0.4832
vn 0.6548 -0.7233 -0.2193
vn -0.0954 -0.9759 -0.1962
vn 0.0989 -0.7439 0.6609
vn 0.2605 -0.7662 0.5874
vn 0.3133 -0.6680 0.6750
vn 0.2292 -0.4667 0.8542
vn 0.2745 -0.5778 0.7686
vn 0.6264 -0.7662 -0.1435
vn 0.7225 -0.6680 -0.1781
vn 0.8824 -0.4665 -0.0613
vn 0.8069 -0.5778 -0.1228
vn 0.9623 0.2623 0.0719
vn -0.3393 0.5631 -0.7535
vn -0.1018 0.2957 -0.9498
vn -0.1457 -0.8558 -0.4963
vn -0.1303 -0.8355 -0.5338
vn -0.2961 -0.7687 -0.5669
vn -0.0094 -0.9746 0.2239
vn -0.8279 0.3429 0.4439
vn -0.9011 0.3013 0.3118
vn -0.9030 0.3295 0.2755
vn -0.4844 -0.7643 -0.4256
vn -0.5803 -0.6272 -0.5195
vn -0.5144 -0.1709 0.8404
vn -0.8948 -0.4089 0.1791
vn -0.7635 -0.6374 0.1041
vn 0.4346 -0.4424 -0.7845
vn 0.4016 -0.6602 -0.6347
vn 0.7090 -0.6726 0.2121
vn 0.7051 -0.6749 0.2176
vn 0.5364 -0.6728 0.5095
vn 0.5307 -0.6750 0.5126
vn -0.3275 -0.6687 -0.6675
vn -0.3826 -0.7517 -0.5372
vn 0.6252 -0.4873 0.6096
vn 0.4773 -0.7296 0.4897
vn 0.4881 -0.8048 0.3378
vn -0.1397 -0.7009 0.6994
vn -0.1192 -0.0371 0.9922
vn 0.0039 -0.0969 0.9953
vn -0.3290 -0.5059 -0.7974
vn -0.2435 -0.7378 -0.6295
vn -0.4190 -0.8081 0.4140
vn -0.2084 -0.7324 0.6482
vn -0.2513 -0.8669 0.4304
vn -0.2685 -0.8552 0.4433
vn -0.1789 -0.7863 0.5914
vn -0.0379 -0.4451 0.8947
vn -0.0720 -0.6687 0.7400
vn -0.7408 -0.4044 -0.5363
vn -0.8446 -0.4113 -0.3426
vn 0.1030 0.8048 -0.5846
vn 0.2448 0.7300 -0.6381
vn 0.2271 0.5725 -0.7878
vn -0.9850 -0.1456 -0.0928
vn -0.4448 -0.0857 0.8915
vn 0.8782 -0.2835 -0.3853
vn -0.6215 -0.5630 0.5448
vn 0.3088 -0.9082 0.2826
vn 0.3428 -0.1468 0.9279
vn 0.8620 -0.0286 0.5061
vn 0.1953 -0.9624 -0.1890
vn -0.7574 -0.3983 0.5174
vn -0.6863 -0.6111 0.3945
vn -0.5454 -0.7216 0.4264
vn -0.2532 0.9624 -0.0986
vn -0.3852 -0.8369 -0.3888
vn -0.3920 -0.8838 -0.2553
vn 0.1995 0.9613 0.1898
vn -0.2562 -0.9612 0.1019
vn 0.0279 0.8919 -0.4514
vn 0.0438 0.9509 -0.3062
vn -0.7055 -0.5657 -0.4269
vn 0.1437 0.7440 -0.6525
vn 0.1538 0.7421 -0.6524
vn -0.2498 -0.9628 -0.1035
vn -0.4664 -0.8710 0.1546
vn -0.4888 -0.8618 0.1355
vn -0.5642 -0.7793 0.2728
vn 0.0810 -0.7524 -0.6537
vn -0.3619 -0.8443 -0.3951
vn 0.7579 -0.6461 0.0901
vn 0.9876 -0.1159 0.1062
vn 0.9341 -0.1273 0.3337
vn -0.6480 -0.5044 -0.5707
vn -0.5143 -0.3758 -0.7709
vn 0.2581 -0.7752 0.5766
vn -0.3550 -0.7791 0.5167
vn 0.4987 -0.7588 -0.4190
vn -0.6236 -0.7644 0.1634
vn -0.7555 -0.6271 0.1897
vn -0.2793 -0.7644 -0.5811
vn -0.3304 -0.6271 -0.7054
vn -0.5047 -0.3475 -0.7902
vn -0.6349 -0.2070 -0.7443
vn -0.8719 -0.3476 0.3449
vn -0.8518 -0.2070 0.4812
vn 0.0764 -0.6839 0.7256
vn 0.1077 -0.6309 0.7684
vn 0.0671 -0.5794 0.8123
vn 0.2730 -0.8762 -0.3973
vn -0.1313 -0.8762 -0.4637
vn 0.5792 0.0169 0.8150
vn 0.6408 0.0270 0.7672
vn 0.4720 -0.6314 0.6153
vn 0.5580 -0.7871 0.2630
vn -0.7875 -0.0353 -0.6153
vn -0.6632 -0.0881 -0.7433
vn -0.6953 -0.0752 -0.7148
vn -0.8107 -0.0234 -0.5850
vn 0.3276 -0.8790 0.3465
vn -0.4605 -0.8791 -0.1227
vn 0.4693 -0.7662 0.4390
vn 0.5517 -0.6682 0.4991
vn 0.5664 -0.5618 0.6030
vn 0.1780 0.8787 -0.4430
vn 0.5204 -0.7662 -0.3770
vn 0.5952 -0.6682 -0.4464
vn 0.6999 -0.5617 -0.4412
vn 0.6088 0.7911 0.0597
vn -0.4858 0.5868 -0.6478
vn 0.4454 -0.8754 0.1880
vn 0.4132 -0.9086 0.0603
vn -0.0154 0.8753 -0.4833
vn -0.1179 0.9086 -0.4008
vn 0.0494 -0.7786 0.6256
vn -0.5100 0.0264 0.8598
vn -0.2952 -0.0202 0.9552
vn 0.9382 0.1082 0.3288
vn -0.0347 0.7842 0.6195
vn -0.3575 -0.5686 0.7409
vn 0.2635 -0.9518 -0.1570
vn 0.3634 -0.9072 0.2119
vn -0.7247 0.0959 0.6824
vn -0.3627 -0.5549 -0.7487
vn -0.3544 -0.5527 -0.7543
vn -0.2818 -0.4633 -0.8402
vn -0.1936 0.8677 0.4579
vn -0.6463 -0.7615 0.0497
vn -0.5981 -0.7966 -0.0880
vn -0.5701 -0.8182 0.0750
vn 0.1731 -0.8585 0.4828
vn 0.5072 -0.8583 -0.0776
vn 0.3607 -0.9327 -0.0003
vn 0.4782 -0.8220 -0.3091
vn 0.4149 -0.5944 -0.6888
vn -0.0325 -0.8460 -0.5322
vn -0.1242 -0.9095 -0.3967
vn -0.2497 0.8948 -0.3702
vn 0.4403 -0.8950 -0.0722
vn 0.7318 -0.2084 -0.6489
vn -0.2732 -0.1198 -0.9545
vn -0.1496 -0.1863 -0.9710
vn -0.0412 0.9111 0.4100
vn 0.0898 0.8965 0.4339
vn -0.4315 -0.8966 -0.0996
vn 0.9877 -0.0261 -0.1540
vn 0.0681 0.5324 0.8437
vn -0.6692 -0.7346 -0.1118
vn -0.6569 -0.7346 -0.1698
vn -0.7711 -0.6364 0.0192
vn 0.4096 -0.9105 0.0569
vn 0.2068 -0.8864 -0.4141
vn -0.9854 -0.1102 0.1296
vn -0.9926 0.0250 0.1184
vn -0.2452 -0.6330 0.7343
vn 0.0143 -0.6813 -0.7319
vn -0.7313 -0.6699 0.1283
vn 0.3069 -0.8328 0.4606
vn -0.9114 -0.2065 -0.3560
vn -0.2081 -0.7968 0.5673
vn -0.5082 -0.8380 0.1985
vn -0.5848 -0.7863 0.1994
vn -0.6924 -0.4620 -0.5542
vn 0.2048 -0.4067 -0.8903
vn 0.2163 -0.4022 -0.8896
vn -0.0234 -0.9793 -0.2012
vn -0.2016 -0.9794 -0.0152
vn 0.4364 -0.8584 -0.2697
vn -0.6827 -0.7307 -0.0067
vn 0.3482 -0.8583 0.3770
vn 0.4114 -0.0553 -0.9098
vn -0.5152 -0.6212 0.5905
vn -0.6913 -0.4407 0.5726
vn 0.4319 -0.6654 0.6088
vn 0.6461 -0.1487 0.7486
vn 0.6181 -0.1652 0.7686
vn 0.9473 -0.0449 -0.3172
vn -0.1727 -0.2011 -0.9642
vn 0.9122 -0.0098 -0.4096
vn -0.6832 -0.6608 -0.3108
vn -0.7856 -0.5462 -0.2907
vn -0.2052 -0.9682 -0.1429
vn 0.7649 -0.5751 0.2902
vn 0.9842 0.0314 -0.1745
vn -0.4897 -0.8016 0.3428
vn 0.1719 -0.7492 0.6396
vn 0.5636 0.0997 0.8200
vn 0.5937 0.2015 0.7790
vn 0.7188 0.1917 0.6683
vn 0.8173 0.0308 0.5754
vn -0.5246 -0.6493 -0.5507
vn -0.4494 -0.7094 0.5428
vn 0.7905 0.0181 0.6122
vn 0.7686 -0.2010 -0.6074
vn -0.5885 0.7930 -0.1575
vn -0.4970 -0.6266 -0.6002
vn -0.6382 -0.7556 0.1475
vn -0.7282 -0.0699 0.6818
vn -0.1534 -0.7725 0.6162
vn -0.9384 -0.1961 -0.2844
vn 0.3553 -0.9240 -0.1417
vn 0.2509 -0.9433 -0.2175
vn 0.4580 -0.8859 0.0737
vn -0.3291 -0.5738 0.7499
vn -0.2734 -0.9476 0.1654
vn -0.1460 -0.9877 -0.0559
vn 0.2490 -0.5287 -0.8115
vn 0.2084 -0.2975 -0.9317
vn -0.7847 -0.4315 -0.4451
vn -0.7730 -0.4789 -0.4160
vn -0.7872 -0.3931 -0.4752
vn 0.8045 -0.5936 0.0212
vn 0.9947 -0.0868 0.0558
vn -0.1720 0.3686 0.9135
vn -0.2047 0.1070 0.9730
vn 0.5426 -0.5840 0.6038
vn 0.7221 -0.5729 -0.3876
vn -0.9836 -0.1165 0.1378
vn -0.0408 -0.5726 0.8188
vn -0.0392 -0.7446 0.6663
vn 0.0928 -0.9016 0.4224
vn -0.0663 -0.8040 0.5909
vn -0.8118 -0.5825 -0.0424
vn -0.9034 -0.4283 -0.0203
vn -0.8668 -0.3525 0.3527
vn -0.5225 -0.5505 -0.6511
vn 0.6682 -0.0811 0.7396
vn -0.7035 -0.0578 -0.7083
vn -0.4368 0.6244 -0.6476
vn -0.3938 -0.8873 0.2401
vn -0.2381 -0.8826 0.4053
vn -0.5137 -0.8510 0.1092
vn -0.5550 -0.7632 -0.3309
vn -0.0852 -0.9451 0.3154
vn 0.2423 -0.8985 -0.3661
vn 0.0367 -0.8910 -0.4526
vn 0.9641 -0.0548 -0.2598
vn 0.9718 -0.0703 -0.2251
vn -0.7409 -0.5638 -0.3650
vn -0.9015 0.0589 -0.4287
vn -0.0648 -0.9491 -0.3083
vn 0.7096 -0.0086 0.7045
vn 0.4723 -0.5839 -0.6603
vn -0.3998 0.0134 -0.9165
vn -0.1081 -0.9639 0.2433
vn 0.6667 -0.6972 -0.2635
vn 0.7298 -0.5818 -0.3590
vn -0.2807 -0.1849 -0.9418
vn -0.3362 -0.1447 -0.9306
vn -0.4069 -0.1036 -0.9076
vn 0.5161 -0.8463 -0.1318
vn -0.0224 -0.9548 0.2963
vn -0.1493 -0.1353 0.9795
vn -0.1721 0.0125 0.9850
vn -0.5912 -0.0599 0.8043
vn 0.0569 -0.9793 -0.1943
vn 0.5836 -0.1519 -0.7977
vn 0.7488 0.1228 0.6514
vn 0.9899 -0.1414 -0.0087
vn 0.9626 -0.1864 0.1968
vn -0.2582 -0.8378 0.4810
vn -0.3948 -0.9069 0.1469
vn -0.1089 -0.1810 -0.9774
vn 0.8967 -0.3835 -0.2212
vn 0.3888 -0.3835 0.8377
vn 0.7295 0.3260 0.6014
vn 0.9672 -0.1026 0.2324
vn -0.2307 -0.9177 -0.3235
vn 0.1018 -0.9176 -0.3844
vn 0.7184 -0.0032 -0.6956
vn 0.7194 -0.4256 -0.5489
vn 0.3533 -0.9183 0.1785
vn 0.6759 -0.4257 0.6017
vn 0.0145 0.9183 -0.3956
vn -0.3940 -0.9185 0.0338
vn 0.9941 0.0718 -0.0809
vn 0.2017 -0.0431 -0.9785
vn 0.6533 -0.0991 -0.7506
vn 0.6329 -0.6173 -0.4674
vn 0.5815 -0.5392 -0.6092
vn 0.6073 0.1537 0.7794
vn -0.2632 -0.0150 -0.9646
vn 0.9643 0.1444 -0.2218
vn 0.9905 0.1317 -0.0384
vn 0.9891 0.1464 0.0152
vn -0.4837 -0.6269 0.6108
vn -0.8215 0.0307 0.5694
vn -0.8717 -0.0787 0.4837
vn -0.3154 0.9208 -0.2294
vn 0.2526 0.0547 -0.9660
vn 0.2238 -0.1694 -0.9598
vn 0.3402 -0.9208 -0.1908
vn 0.2986 -0.8247 0.4803
vn 0.3618 -0.7644 0.5337
vn -0.3875 -0.9207 0.0467
vn 0.2042 0.9210 0.3319
vn 0.4536 -0.8801 0.1401
vn 0.2950 0.9552 -0.0241
vn -0.3722 -0.7773 -0.5072
vn 0.5691 -0.6648 -0.4839
vn -0.2058 -0.6294 0.7493
vn 0.5970 -0.0129 -0.8021
vn -0.9154 -0.1037 -0.3890
vn -0.9581 -0.0892 -0.2723
vn -0.9509 -0.2496 -0.1831
vn -0.8281 -0.0788 -0.5550
vn 0.7679 0.0237 -0.6401
vn 0.4608 -0.8868 -0.0354
vn 0.8020 0.0182 -0.5971
vn -0.6544 -0.7456 0.1261
vn -0.9007 -0.4072 0.1512
vn -0.5126 0.8377 -0.1887
vn -0.7957 -0.0049 -0.6057
vn -0.8007 -0.0038 -0.5991
vn 0.9748 0.1164 0.1904
vn -0.7429 -0.0854 0.6640
vn 0.6379 -0.7649 0.0899
vn 0.2936 0.2003 -0.9347
vn 0.3227 0.0751 -0.9435
vn 0.9630 -0.2152 -0.1625
vn 0.0540 0.0239 0.9983
vn -0.4481 -0.3683 -0.8146
vn -0.6719 -0.7406 -0.0115
vn 0.6848 -0.7045 0.1863
vn -0.0757 -0.6419 0.7631
vn 0.5264 -0.7048 0.4756
vn -0.4122 -0.6418 0.6467
vn -0.1433 -0.2275 -0.9632
vn 0.1228 0.7719 -0.6238
vn 0.6995 0.7056 0.1131
vn 0.0838 -0.1587 0.9838
vn -0.6996 -0.2017 -0.6855
vn -0.8065 -0.2018 0.5558
vn -0.4698 -0.8457 -0.2532
vn 0.3623 0.0596 -0.9302
vn 0.5957 -0.0716 0.8000
vn 0.6054 -0.7260 -0.3261
vn -0.3780 -0.7747 -0.5069
vn 0.5861 -0.0771 -0.8066
vn 0.4526 -0.0771 -0.8884
vn 0.4536 -0.0383 -0.8904
vn 0.5874 -0.0382 -0.8084
vn -0.0000 -0.0771 0.9970
vn -0.1560 -0.0771 0.9848
vn -0.1543 -0.1615 0.9747
vn 0.0000 -0.1615 0.9869
vn -0.4481 -0.1615 -0.8793
vn -0.5801 -0.1615 -0.7983
vn -0.5861 -0.0771 -0.8066
vn -0.4526 -0.0771 -0.8884
vn 0.9386 -0.1615 0.3050
vn 0.9747 -0.1615 0.1544
vn 0.9848 -0.0770 0.1560
vn 0.9482 -0.0770 0.3081
vn -0.9847 -0.0771 -0.1560
vn -0.9482 -0.0771 -0.3081
vn -0.9386 -0.1615 -0.3050
vn -0.9747 -0.1615 -0.1544
vn -0.0507 0.9973 0.0529
vn -0.0713 0.9958 0.0570
vn 0.0012 1.0000 0.0019
vn -0.0001 -1.0000 -0.0001
vn 0.0000 -1.0000 -0.0000
vn -0.0001 -1.0000 0.0002
vn -0.9304 -0.2073 0.3022
vn -0.8717 -0.2073 0.4441
vn -0.8793 -0.1615 0.4480
vn -0.9386 -0.1615 0.3050
vn 0.1056 0.9938 0.0359
vn 0.1477 0.9867 0.0676
vn 0.1613 0.9851 0.0603
vn 0.1229 0.9924 -0.0009
vn 0.5861 -0.0771 0.8066
vn 0.4526 -0.0771 0.8884
vn 0.4481 -0.1615 0.8793
vn 0.5800 -0.1615 0.7984
vn 0.4479 -0.1615 -0.8794
vn 0.3050 -0.1615 -0.9386
vn 0.3080 -0.0771 -0.9483
vn -0.0002 -1.0000 0.0002
vn 0.1546 -0.1615 0.9747
vn 0.3050 -0.1615 0.9386
vn 0.3080 -0.0771 0.9482
vn 0.1560 -0.0771 0.9847
vn 0.0001 -1.0000 -0.0002
vn -0.0328 0.9986 -0.0415
vn -0.0710 0.9968 -0.0354
vn -0.0796 0.9963 -0.0308
vn -0.0109 0.9953 -0.0960
vn -0.1560 -0.0771 -0.9847
vn -0.0000 -0.0771 -0.9970
vn -0.0000 -0.1615 -0.9869
vn -0.1544 -0.1615 -0.9747
vn 0.1213 0.9926 -0.0081
vn 0.1578 0.9836 -0.0871
vn 0.1589 0.9859 -0.0517
vn 0.1703 0.9854 -0.0006
vn 0.9847 -0.0770 -0.1560
vn 0.9870 -0.0382 -0.1564
vn 0.9993 -0.0382 0.0000
vn 0.9970 -0.0771 0.0000
vn -0.8903 -0.0382 0.4538
vn -0.8883 -0.0771 0.4527
vn -0.8066 -0.0771 0.5861
vn -0.8084 -0.0382 0.5874
vn -0.1090 0.9912 0.0752
vn -0.0688 0.9894 0.1279
vn -0.0669 0.9959 0.0602
vn -0.1251 0.9915 0.0348
vn -0.4417 -0.7809 0.4416
vn -0.4417 -0.7810 0.4416
vn -0.5054 -0.7809 0.3673
vn -0.5054 -0.7809 0.3672
vn 0.7984 -0.1615 -0.5801
vn 0.6979 -0.1615 -0.6977
vn 0.7051 -0.0771 -0.7049
vn 0.8066 -0.0771 -0.5861
vn 0.6246 -0.7809 0.0000
vn 0.6170 -0.7808 0.0978
vn 0.0765 0.9844 -0.1583
vn 0.0363 0.9922 -0.1196
vn 0.0234 0.9874 -0.1566
vn 0.0502 0.9824 -0.1797
vn 0.0129 0.9919 -0.1260
vn -0.0434 0.9856 -0.1635
vn -0.0709 0.9842 -0.1624
vn -0.0496 0.9945 -0.0921
vn 0.0976 -0.7811 0.6168
vn 0.0975 -0.7811 0.6168
vn 0.1930 -0.7810 0.5940
vn 0.1931 -0.7809 0.5941
vn 0.9304 -0.2073 0.3022
vn -0.8793 -0.1615 -0.4480
vn -0.8883 -0.0771 -0.4527
vn -0.4417 -0.7809 -0.4418
vn -0.4418 -0.7808 -0.4418
vn -0.3670 -0.7810 -0.5053
vn 0.8884 -0.0771 0.4527
vn 0.8793 -0.1615 0.4480
vn -0.9870 -0.0383 -0.1562
vn -0.9503 -0.0383 -0.3088
vn -0.1044 0.9897 0.0979
vn -0.1144 0.9895 0.0882
vn 0.7914 -0.2073 -0.5751
vn 0.4441 -0.2073 -0.8717
vn 0.3025 -0.2073 -0.9303
vn -0.2837 -0.7808 -0.5566
vn 0.2836 -0.7808 -0.5567
vn 0.1930 -0.7809 -0.5941
vn 0.1930 -0.7810 -0.5940
vn 0.1178 0.9822 0.1466
vn 0.1039 0.9845 0.1412
vn 0.0585 0.9814 0.1827
vn 0.0662 0.9853 0.1572
vn -0.0027 0.9876 0.1573
vn 0.0492 0.9853 0.1637
vn 0.0780 0.9864 0.1448
vn -0.6978 -0.1615 0.6978
vn -0.5800 -0.1615 0.7984
vn -0.5860 -0.0771 0.8066
vn -0.7051 -0.0771 0.7049
vn -0.3525 -0.7890 0.5032
vn -0.3673 -0.7807 0.5055
vn -0.7051 -0.0771 -0.7049
vn -0.6978 -0.1615 -0.6978
vn -0.4537 -0.0383 -0.8904
vn -0.3088 -0.0383 -0.9504
vn -0.3081 -0.0771 -0.9482
vn -0.9993 -0.0383 -0.0000
vn -0.9970 -0.0771 0.0000
vn -0.9848 -0.0771 0.1559
vn -0.9870 -0.0383 0.1562
vn -0.9503 -0.0383 0.3088
vn -0.9482 -0.0771 0.3081
vn 0.6978 -0.1615 0.6978
vn 0.7984 -0.1615 0.5801
vn 0.8066 -0.0771 0.5861
vn 0.7051 -0.0771 0.7049
vn 0.3673 -0.7807 0.5055
vn 0.3672 -0.7810 0.5053
vn 0.4416 -0.7810 0.4416
vn 0.4417 -0.7810 0.4416
vn 0.1146 0.9926 -0.0410
vn 0.1659 0.9858 -0.0273
vn 0.7066 -0.0383 -0.7066
vn 0.8084 -0.0383 -0.5874
vn -0.9869 -0.1615 -0.0000
vn -0.9662 -0.2073 -0.1532
vn -0.9783 -0.2073 -0.0000
vn 0.0001 -1.0000 0.0005
vn 0.0005 -1.0000 -0.0002
vn 0.0005 -1.0000 0.0001
vn 0.9747 -0.1615 -0.1545
vn 0.9386 -0.1615 -0.3050
vn 0.9482 -0.0770 -0.3081
vn 0.9662 -0.2073 0.1531
vn 0.9783 -0.2073 0.0000
vn 0.9869 -0.1615 -0.0000
vn -0.0667 0.9953 0.0698
vn -0.0651 0.9873 0.1451
vn -0.1162 0.9889 0.0921
vn -0.3081 -0.0771 0.9482
vn -0.4526 -0.0771 0.8884
vn -0.4481 -0.1615 0.8793
vn -0.3050 -0.1615 0.9386
vn 0.5055 -0.7808 0.3671
vn 0.5054 -0.7809 0.3671
vn -0.0003 -1.0000 -0.0001
vn -0.0003 -1.0000 -0.0002
vn -0.1931 -0.7810 0.5940
vn -0.1999 -0.7889 0.5810
vn -0.0977 -0.7810 0.6168
vn 0.0001 -0.7810 0.6246
vn 0.0294 0.9940 -0.1058
vn 0.0759 0.9965 -0.0340
vn 0.0039 0.9988 -0.0484
vn -0.0461 0.9941 -0.0980
vn 0.0485 0.9956 0.0808
vn 0.0549 0.9962 0.0678
vn -0.1377 0.9880 -0.0697
vn -0.1738 0.9788 -0.1083
vn -0.1690 0.9851 -0.0336
vn -0.1481 0.9886 -0.0274
vn -0.1754 0.9845 -0.0080
vn -0.1582 0.9874 -0.0030
vn -0.1974 0.9802 -0.0176
vn -0.1728 0.9849 -0.0082
vn 0.1560 -0.0771 -0.9847
vn 0.1544 -0.1615 -0.9747
vn 0.0264 0.9898 -0.1399
vn 0.0757 0.9838 -0.1628
vn -0.7066 -0.0383 -0.7066
vn -0.5874 -0.0383 -0.8084
vn -0.8903 -0.0383 -0.4538
vn -0.8084 -0.0383 -0.5874
vn -0.8066 -0.0771 -0.5861
vn -0.3050 -0.1615 -0.9386
vn -0.0976 -0.7810 -0.6168
vn -0.1930 -0.7810 -0.5940
vn -0.1931 -0.7809 -0.5941
vn -0.5055 -0.7807 -0.3672
vn -0.5056 -0.7807 -0.3672
vn -0.5566 -0.7809 -0.2836
vn -0.5564 -0.7810 -0.2836
vn -0.6170 -0.7809 -0.0978
vn -0.6246 -0.7809 -0.0000
vn 0.0190 0.9986 0.0499
vn 0.0732 0.9959 0.0526
vn -0.0202 0.9878 0.1541
vn 0.0227 0.9997 0.0110
vn 0.0036 0.9989 0.0464
vn 0.0082 0.9925 0.1222
vn -0.0057 0.9803 0.1973
vn 0.5566 -0.7809 -0.2835
vn 0.5565 -0.7810 -0.2834
vn 0.5054 -0.7808 -0.3674
vn 0.5055 -0.7807 -0.3674
vn 0.3672 -0.7810 -0.5052
vn 0.3672 -0.7810 -0.5053
vn 0.4418 -0.7809 -0.4417
vn 0.4418 -0.7808 -0.4418
vn -0.0867 0.9950 -0.0490
vn -0.1111 0.9926 -0.0492
vn -0.0123 0.9967 -0.0796
vn 0.0056 0.9952 -0.0977
vn -0.9747 -0.1615 0.1544
vn -0.9662 -0.2073 0.1532
vn -0.6918 -0.2073 0.6917
vn -0.5750 -0.2073 0.7915
vn -0.7984 -0.1615 0.5801
vn 0.1152 0.9870 0.1124
vn 0.1368 0.9790 0.1511
vn 0.1519 0.9826 0.1066
vn 0.1331 0.9871 0.0890
vn -0.7067 -0.0382 0.7065
vn -0.1303 0.9871 0.0930
vn -0.1114 0.9865 0.1198
vn 0.1373 0.9866 -0.0887
vn 0.1397 0.9861 -0.0896
vn 0.1872 0.9811 -0.0493
vn 0.1243 0.9911 -0.0467
vn -0.5940 -0.7810 0.1930
vn -0.5940 -0.7809 0.1931
vn -0.5565 -0.7810 0.2834
vn -0.5566 -0.7809 0.2835
vn -0.6170 -0.7808 0.0979
vn -0.6170 -0.7808 0.0978
vn 0.5565 -0.7810 0.2836
vn 0.5940 -0.7810 0.1931
vn 0.5941 -0.7809 0.1930
vn -0.0715 0.9771 -0.2003
vn -0.0622 0.9833 -0.1709
vn -0.1066 0.9811 -0.1612
vn -0.1057 0.9890 -0.1038
vn 0.1629 0.9831 0.0834
vn 0.0836 0.9963 0.0201
vn 0.9870 -0.0382 0.1564
vn 0.0004 -1.0000 0.0004
vn 0.0007 -1.0000 0.0007
vn 0.0005 -1.0000 0.0008
vn -0.4442 -0.2073 -0.8716
vn -0.5750 -0.2073 -0.7915
vn -0.7914 -0.2073 -0.5751
vn -0.8716 -0.2073 -0.4442
vn -0.7984 -0.1615 -0.5801
vn -0.0547 0.9905 0.1263
vn -0.1034 0.9847 0.1402
vn -0.0420 0.9841 0.1724
vn -0.0576 0.9830 0.1741
vn -0.0770 0.9829 0.1675
vn -0.0395 0.9906 0.1307
vn 0.8883 -0.0771 -0.4527
vn 0.8793 -0.1615 -0.4480
vn 0.9503 -0.0384 -0.3089
vn -0.3024 -0.2072 0.9304
vn -0.1530 -0.2072 0.9663
vn 0.5750 -0.2073 0.7915
vn 0.6915 -0.2073 0.6920
vn 0.9662 -0.2073 -0.1532
vn 0.9304 -0.2073 -0.3022
vn 0.8716 -0.2073 -0.4442
vn 0.5801 -0.1615 -0.7984
vn 0.8717 -0.2073 0.4441
vn -0.1564 -0.0383 -0.9870
vn -0.0000 -0.0383 -0.9993
vn 0.0233 0.9858 -0.1663
vn -0.0198 0.9945 -0.1027
vn -0.0162 0.9960 -0.0884
vn 0.0763 0.9958 0.0505
vn 0.0233 0.9991 0.0343
vn 0.0956 0.9945 0.0433
vn 0.0621 0.9949 0.0796
vn -0.0270 0.9993 -0.0277
vn -0.0045 0.9989 -0.0460
vn -0.6919 -0.2073 -0.6916
vn 0.0882 0.9961 -0.0005
vn 0.0803 0.9967 -0.0078
vn 0.0517 0.9977 0.0448
vn 0.1108 0.9906 -0.0807
vn 0.0167 0.9981 -0.0590
vn 0.0095 0.9938 0.1111
vn -0.0491 0.9968 0.0628
vn -0.1184 0.9918 -0.0471
vn -0.0361 0.9979 0.0534
vn -0.0435 0.9988 -0.0224
vn -0.1106 0.9920 -0.0607
vn 0.1358 0.9801 -0.1447
vn 0.0687 0.9963 -0.0513
vn 0.1064 0.9939 -0.0299
vn 0.1134 0.9867 -0.1168
vn -0.1302 0.9831 -0.1288
vn -0.1490 0.9848 -0.0894
vn -0.1035 0.9893 -0.1030
vn -0.0596 0.9974 -0.0410
vn 0.0977 -0.7808 -0.6170
vn 0.0977 -0.7811 -0.6168
vn -0.5940 -0.7810 -0.1930
vn 0.0010 -1.0000 0.0003
vn 0.0009 -1.0000 0.0005
vn 0.0005 -1.0000 0.0003
vn 0.0005 -1.0000 0.0002
vn 0.2837 -0.7808 0.5566
vn -0.0000 -1.0000 -0.0002
vn 0.5940 -0.7810 -0.1930
vn -0.4536 -0.0383 0.8904
vn -0.5874 -0.0382 0.8084
vn -0.1529 -0.2073 -0.9663
vn -0.3024 -0.2073 -0.9304
vn 0.1530 -0.2073 -0.9662
vn -0.0000 -0.2074 -0.9783
vn 0.5874 -0.0383 0.8084
vn 0.4537 -0.0383 0.8904
vn 0.3087 -0.0383 0.9504
vn 0.1562 -0.0382 0.9870
vn 0.6915 -0.2073 -0.6920
vn 0.5750 -0.2074 -0.7915
vn -0.2083 0.9748 0.0804
vn -0.1567 0.9844 0.0801
vn 0.1564 -0.0383 -0.9869
vn 0.3088 -0.0383 -0.9504
vn 0.8904 -0.0383 -0.4536
vn -0.1562 -0.0383 0.9870
vn -0.3088 -0.0383 0.9504
vn 0.0141 0.9964 0.0835
vn -0.0824 0.9928 0.0866
vn -0.1156 0.9931 -0.0188
vn -0.0825 0.9965 0.0129
vn -0.0001 -0.0382 0.9993
vn 0.9504 -0.0382 0.3087
vn 0.8903 -0.0382 0.4537
vn 0.8084 -0.0382 0.5874
vn 0.7067 -0.0382 0.7065
vn -0.4441 -0.2073 0.8717
vn 0.4442 -0.2072 0.8717
vn 0.1529 -0.2072 0.9663
vn 0.3025 -0.2073 0.9303
vn -0.9304 -0.2073 -0.3023
vn -0.0033 0.9991 -0.0431
vn -0.0766 0.9939 -0.0795
vn -0.0837 0.9943 -0.0664
vn -0.0610 0.9980 -0.0146
vn -0.0877 0.9944 -0.0586
vn -0.0660 0.9970 0.0402
vn -0.0776 0.9945 0.0702
vn -0.0822 0.9960 -0.0341
vn 0.6170 -0.7809 -0.0979
vn -0.0001 -0.7810 -0.6246
vn -0.1935 0.9810 0.0136
vn -0.1925 0.9812 -0.0160
vn -0.0049 0.9971 0.0753
vn 0.0177 0.9959 0.0893
vn 0.0352 0.9960 0.0827
vn 0.1691 0.9850 -0.0334
vn 0.0629 0.9967 -0.0506
vn 0.0561 0.9936 -0.0975
vn 0.0205 0.9964 -0.0825
vn 0.0001 -1.0000 -0.0001
vn -0.2739 -0.7975 0.5375
vn 0.0407 0.9841 0.1731
vn 0.0326 0.9940 0.1048
vn 0.0646 0.9971 0.0407
vn 0.0680 0.9976 0.0116
vn 0.0420 0.9939 -0.1023
vn 0.0627 0.9970 -0.0459
vn 0.0638 0.9960 0.0629
vn 0.0242 0.9940 0.1066
vn -0.0386 0.9992 0.0134
vn -0.1032 0.9947 0.0005
vn 0.2015 0.9780 0.0548
vn 0.2150 0.9765 -0.0160
vn 0.1273 0.5978 -0.7915
vn 0.2579 0.5389 -0.8019
vn 0.2580 0.5396 -0.8014
vn 0.1271 0.5981 -0.7913
vn -0.6634 0.6734 0.3264
vn -0.6453 0.7354 0.2067
vn -0.6438 0.7368 0.2066
vn -0.6682 0.6670 0.3294
vn -0.0599 0.9959 -0.0684
vn -0.0770 0.9959 -0.0474
vn -0.6032 0.7975 -0.0092
vn -0.7569 0.6434 -0.1149
vn -0.7517 0.6496 -0.1139
vn -0.6048 0.7963 -0.0084
vn 0.7914 -0.2073 0.5750
vn 0.1235 0.9920 0.0240
vn -0.0603 0.9956 0.0710
vn -0.0479 0.9803 -0.1915
vn 0.0165 0.9798 -0.1993
vn 0.0264 0.9997 -0.0002
vn 0.0648 0.9924 0.1048
vn 0.0000 -0.2072 0.9783
vn -0.7914 -0.2073 0.5750
vn 0.1141 0.9847 -0.1318
vn -0.0001 -1.0000 -0.0006
vn 0.1145 0.9822 -0.1488
vn 0.0096 0.9981 -0.0609
vn -0.0416 0.9910 0.1270
vn 0.0057 0.9993 0.0366
vn -0.0833 0.9962 0.0250
vn -0.0025 0.5575 -0.8301
vn -0.0026 0.5570 -0.8305
vn -0.1234 0.6261 -0.7699
vn -0.1236 0.6240 -0.7716
vn -0.4779 0.5846 0.6557
vn -0.3793 0.5517 0.7428
vn -0.3791 0.5527 0.7422
vn -0.4780 0.5850 0.6552
vn -0.5831 0.5650 0.5838
vn -0.5816 0.5677 0.5826
vn 0.5944 0.7997 -0.0847
vn 0.8062 0.5916 -0.0073
vn 0.8068 0.5907 -0.0069
vn 0.5943 0.7997 -0.0856
vn 0.7586 0.6032 -0.2464
vn 0.7560 0.6066 -0.2459
vn 0.0003 -1.0000 -0.0003
vn 0.0002 -1.0000 -0.0001
vn -0.7141 0.4647 0.5236
vn -0.7131 0.4664 0.5235
vn 0.0642 0.9979 0.0034
vn 0.0803 0.9964 0.0264
vn -0.7880 0.6020 0.1295
vn -0.7874 0.6026 0.1298
vn -0.0001 -1.0000 0.0007
vn -0.5288 0.4456 -0.7224
vn -0.6037 0.5250 -0.6000
vn -0.6050 0.5215 -0.6017
vn -0.5284 0.4491 -0.7206
vn -0.2938 0.7349 -0.6112
vn -0.2977 0.7291 -0.6163
vn -0.8238 0.5025 -0.2623
vn -0.8248 0.5008 -0.2625
vn -0.7305 0.5704 -0.3754
vn -0.7317 0.5683 -0.3763
vn 0.5510 0.8285 0.0994
vn 0.5500 0.8294 0.0981
vn -0.6509 0.5927 -0.4743
vn -0.6517 0.5917 -0.4746
vn 0.8076 0.5329 0.2528
vn 0.8048 0.5375 0.2518
vn -0.2327 0.6666 -0.7082
vn -0.2333 0.6645 -0.7099
vn 0.7130 0.6019 -0.3596
vn 0.7137 0.6006 -0.3603
vn 0.6840 0.5316 -0.4996
vn 0.6838 0.5321 -0.4993
vn 0.3742 0.5688 -0.7324
vn 0.3756 0.5650 -0.7347
vn 0.0011 -1.0000 0.0000
vn 0.0010 -1.0000 0.0002
vn 0.0008 -1.0000 0.0006
vn 0.6438 0.6042 0.4695
vn 0.7319 0.5690 0.3749
vn 0.7311 0.5706 0.3741
vn 0.6427 0.6060 0.4686
vn 0.5312 0.6576 0.5342
vn 0.5320 0.6565 0.5348
vn -0.0001 -1.0000 -0.0002
vn -0.0003 -1.0000 0.0001
vn -0.1491 0.9873 0.0540
vn 0.5714 0.5824 -0.5782
vn 0.5694 0.5863 -0.5762
vn 0.4098 0.7258 -0.5525
vn 0.4100 0.7264 -0.5516
vn 0.3794 0.5594 0.7370
vn 0.2617 0.5367 0.8022
vn 0.2617 0.5363 0.8024
vn 0.3786 0.5622 0.7353
vn 0.4418 0.6595 0.6082
vn 0.4427 0.6576 0.6096
vn -0.2570 0.5333 0.8059
vn -0.2574 0.5310 0.8073
vn -0.1235 0.6637 0.7377
vn -0.1231 0.6633 0.7382
vn 0.0021 0.5254 0.8508
vn 0.0023 0.5273 0.8497
vn -0.0003 -1.0000 -0.0000
vn 0.0003 -1.0000 0.0010
vn 0.1258 0.5789 0.8057
vn 0.1257 0.5790 0.8056
vn 0.0010 -1.0000 -0.0002
vn -0.0002 -1.0000 -0.0002
vn 0.0001 -1.0000 0.0010
vn 0.8907 -0.0236 0.4539
vn 0.8903 -0.0381 0.4538
vn 0.9504 -0.0375 0.3088
vn 0.9509 -0.0200 0.3090
vn -0.9870 -0.0381 -0.1563
vn -0.9860 -0.0588 -0.1561
vn -0.9983 -0.0588 -0.0000
vn -0.9993 -0.0375 -0.0000
vn -0.9848 0.0771 0.1559
vn -0.9747 0.1616 0.1544
vn -0.9869 0.1616 -0.0000
vn -0.9970 0.0771 -0.0000
vn 0.8884 0.0771 -0.4526
vn 0.8793 0.1616 -0.4481
vn 0.9386 0.1616 -0.3049
vn 0.9482 0.0771 -0.3081
vn 0.9862 -0.1658 -0.0000
vn 0.9907 -0.1362 -0.0000
vn 0.9785 -0.1362 0.1549
vn 0.9740 -0.1658 0.1546
vn -0.9379 -0.1658 0.3048
vn -0.8787 -0.1659 0.4477
vn -0.8827 -0.1361 0.4498
vn -0.9422 -0.1362 0.3060
vn 0.4496 0.1387 0.8824
vn 0.5822 0.1388 0.8011
vn 0.5794 0.1682 0.7975
vn 0.4477 0.1682 0.8782
vn -0.8053 0.0965 -0.5850
vn -0.7028 0.1100 -0.7028
vn -0.7039 0.0965 -0.7037
vn -0.4523 0.0771 0.8885
vn -0.5860 0.0771 0.8067
vn -0.5874 0.0383 0.8084
vn -0.4537 0.0383 0.8904
vn 0.3088 -0.0375 -0.9504
vn 0.1564 -0.0380 -0.9870
vn 0.1563 -0.0236 -0.9874
vn 0.3089 -0.0201 -0.9509
vn 0.1545 0.1616 0.9747
vn 0.1559 0.0771 0.9848
vn 0.3081 0.0771 0.9482
vn 0.3050 0.1616 0.9385
vn -0.4480 0.1616 -0.8793
vn -0.4527 0.0771 -0.8883
vn -0.5859 0.0771 -0.8067
vn -0.5801 0.1616 -0.7984
vn -0.3019 0.2127 0.9293
vn -0.4436 0.2127 0.8706
vn -0.4451 0.1974 0.8734
vn -0.3030 0.1974 0.9323
vn 0.8735 0.1974 -0.4450
vn 0.7931 0.1974 -0.5762
vn 0.7904 0.2127 -0.5744
vn 0.8706 0.2127 -0.4437
vn 0.5842 0.1100 -0.8041
vn 0.5820 0.1388 -0.8012
vn 0.7002 0.1388 -0.7003
vn 0.7028 0.1100 -0.7028
vn 0.8066 0.0771 -0.5861
vn 0.7983 0.1616 -0.5802
vn 0.0000 1.0000 -0.0000
vn 0.3081 0.0771 -0.9482
vn 0.3050 0.1616 -0.9385
vn 0.4480 0.1616 -0.8793
vn 0.4526 0.0771 -0.8884
vn -0.4536 -0.0381 0.8904
vn -0.4532 -0.0589 0.8895
vn -0.3085 -0.0588 0.9494
vn -0.3087 -0.0375 0.9504
vn -0.4495 0.1388 -0.8824
vn -0.5820 0.1388 -0.8012
vn -0.5794 0.1681 -0.7975
vn -0.4474 0.1681 -0.8784
vn 0.5843 -0.1072 -0.8044
vn 0.5859 -0.0817 -0.8063
vn 0.7048 -0.0817 -0.7047
vn 0.7031 -0.1072 -0.7030
vn -0.5843 0.1100 0.8041
vn -0.5822 0.1388 0.8011
vn -0.7002 0.1387 0.7003
vn -0.7028 0.1100 0.7028
vn 0.3121 -0.9447 0.1003
vn 0.3048 -0.1658 0.9379
vn 0.3061 -0.1362 0.9422
vn 0.1550 -0.1361 0.9785
vn 0.1544 -0.1658 0.9740
vn -0.4536 -0.0381 -0.8904
vn -0.4530 -0.0588 -0.8896
vn -0.5868 -0.0588 -0.8076
vn -0.5874 -0.0375 -0.8084
vn 0.7050 0.0771 0.7050
vn 0.6978 0.1616 0.6978
vn 0.5800 0.1616 0.7985
vn 0.5861 0.0771 0.8066
vn -0.7978 -0.1658 -0.5796
vn -0.8787 -0.1659 -0.4477
vn -0.8827 -0.1362 -0.4498
vn -0.8014 -0.1361 -0.5824
vn -0.3133 -0.9442 -0.1019
vn -0.3082 0.0771 -0.9482
vn -0.3050 0.1616 -0.9385
vn -0.1543 0.1616 -0.9747
vn -0.1560 0.0771 -0.9847
vn 0.7069 -0.0236 0.7069
vn 0.5876 -0.0201 0.8089
vn 0.5874 -0.0375 0.8084
vn 0.7067 -0.0381 0.7065
vn -0.8793 0.1616 0.4481
vn -0.8884 0.0771 0.4526
vn -0.8066 0.0771 0.5861
vn -0.7985 0.1616 0.5800
vn -0.9375 0.1681 -0.3046
vn -0.9737 0.1681 -0.1541
vn -0.9683 0.1974 -0.1534
vn -0.9324 0.1974 -0.3029
vn 0.7905 0.2127 0.5743
vn 0.6908 0.2127 0.6911
vn 0.6931 0.1974 0.6933
vn 0.7931 0.1974 0.5763
vn -0.0002 1.0000 0.0004
vn -0.4498 -0.1361 -0.8827
vn -0.4476 -0.1658 -0.8787
vn -0.5796 -0.1658 -0.7978
vn -0.5823 -0.1361 -0.8015
vn -0.0000 -0.1658 -0.9862
vn -0.0000 -0.1361 -0.9907
vn 0.1549 -0.1361 -0.9785
vn 0.1542 -0.1658 -0.9740
vn 0.9939 0.1100 0.0000
vn 0.9903 0.1387 0.0000
vn 0.9781 0.1388 0.1549
vn 0.9817 0.1100 0.1555
vn 0.5868 -0.0588 -0.8076
vn 0.5874 -0.0374 -0.8084
vn 0.7066 -0.0381 -0.7066
vn 0.7060 -0.0588 -0.7058
vn 0.8793 0.1616 0.4480
vn 0.8884 0.0771 0.4526
vn 0.9482 0.0771 0.3081
vn 0.9386 0.1616 0.3050
vn -0.5877 -0.0200 -0.8089
vn -0.4538 -0.0236 -0.8908
vn -0.9494 -0.0588 -0.3085
vn -0.9504 -0.0375 -0.3088
vn -0.1550 -0.1361 0.9785
vn -0.1555 -0.1072 0.9820
vn -0.3073 -0.1072 0.9456
vn -0.3061 -0.1362 0.9422
vn -0.0075 -0.9988 0.0476
vn -0.1491 -0.9446 0.2924
vn -0.1941 -0.9444 0.2654
vn 0.4498 -0.1361 0.8827
vn 0.4514 -0.1071 0.8859
vn 0.3073 -0.1072 0.9456
vn 0.9690 -0.1937 0.1535
vn 0.9811 -0.1937 -0.0000
vn -0.7067 -0.0381 0.7065
vn -0.8085 -0.0374 0.5873
vn -0.8076 -0.0588 0.5868
vn -0.7059 -0.0588 0.7059
vn 0.9785 -0.1362 -0.1549
vn 0.9740 -0.1658 -0.1541
vn 0.9379 -0.1658 -0.3046
vn 0.9422 -0.1362 -0.3060
vn 0.3520 0.8008 -0.4845
vn 0.2717 0.8012 -0.5332
vn 0.2721 0.8007 -0.5337
vn -0.0000 0.2128 -0.9771
vn 0.1529 0.2128 -0.9651
vn 0.1534 0.1974 -0.9683
vn 0.0000 0.1974 -0.9803
vn -0.6433 -0.6919 -0.3278
vn -0.5842 -0.6918 -0.4244
vn -0.5843 -0.6917 -0.4244
vn -0.9939 0.1099 0.0000
vn -0.9903 0.1388 0.0000
vn -0.9781 0.1388 -0.1548
vn -0.9817 0.1099 -0.1555
vn -0.8884 0.0771 -0.4526
vn -0.8793 0.1616 -0.4481
vn -0.7984 0.1616 -0.5801
vn -0.8066 0.0771 -0.5861
vn -0.7978 -0.1658 0.5797
vn -0.6973 -0.1658 0.6973
vn -0.7006 -0.1361 0.7005
vn -0.8016 -0.1363 0.5822
vn -0.5741 -0.2153 0.7900
vn -0.4432 -0.2152 0.8702
vn -0.4454 -0.1937 0.8741
vn -0.5767 -0.1937 0.7937
vn 0.2319 -0.9447 -0.2319
vn 0.2652 -0.9447 -0.1927
vn -0.1549 0.1388 -0.9781
vn -0.1543 0.1681 -0.9736
vn 0.0000 0.1681 -0.9858
vn -0.0000 0.1387 -0.9903
vn 0.4244 -0.6920 0.5840
vn 0.3277 -0.6919 0.6433
vn 0.3278 -0.6919 0.6433
vn 0.1550 0.1387 0.9781
vn 0.1540 0.1681 0.9737
vn 0.0000 0.1681 0.9858
vn 0.0000 0.1387 0.9903
vn 0.2837 0.7806 -0.5569
vn 0.3673 0.7807 -0.5056
vn 0.1561 0.0771 -0.9847
vn 0.1543 0.1616 -0.9747
vn 0.9494 -0.0589 -0.3085
vn 0.9504 -0.0375 -0.3088
vn 0.9870 -0.0381 -0.1562
vn 0.9860 -0.0589 -0.1561
vn 0.3085 -0.0588 0.9494
vn 0.4532 -0.0589 0.8895
vn 0.4536 -0.0381 0.8904
vn 0.3087 -0.0375 0.9504
vn -0.1562 -0.0588 0.9860
vn -0.1563 -0.0381 0.9870
vn -0.3673 0.7807 -0.5055
vn -0.2837 0.7806 -0.5569
vn -0.9482 0.0771 -0.3081
vn -0.9386 0.1616 -0.3049
vn -0.9785 -0.1361 0.1549
vn -0.9820 -0.1072 0.1555
vn -0.9942 -0.1072 -0.0000
vn -0.9907 -0.1362 -0.0000
vn -0.8741 -0.1937 -0.4454
vn -0.7937 -0.1938 -0.5767
vn -0.7900 -0.2152 -0.5740
vn -0.8701 -0.2152 -0.4434
vn -0.1545 0.1616 0.9747
vn -0.1560 0.0771 0.9847
vn -0.0000 0.0771 0.9970
vn 0.0000 0.1616 0.9869
vn -0.4418 0.7808 0.4418
vn -0.5055 0.7807 0.3674
vn -0.5055 0.7808 0.3673
vn -0.4418 0.7808 0.4417
vn 0.3048 -0.1658 -0.9379
vn 0.3062 -0.1361 -0.9422
vn 0.4498 -0.1361 -0.8827
vn 0.4478 -0.1658 -0.8786
vn 0.1927 -0.9447 -0.2652
vn 0.1016 -0.9444 -0.3127
vn 0.1492 -0.9445 -0.2928
vn 0.6936 -0.1938 0.6938
vn 0.6906 -0.2152 0.6905
vn 0.7899 -0.2153 0.5742
vn 0.7937 -0.1938 0.5767
vn 0.8076 -0.0588 0.5868
vn 0.8085 -0.0374 0.5873
vn 0.7059 -0.0588 0.7059
vn 0.4826 0.8081 0.3377
vn 0.4845 0.8009 0.3520
vn 0.5161 0.8152 0.2629
vn 0.5509 0.8151 0.1790
vn 0.9858 0.1681 0.0000
vn 0.9736 0.1681 0.1543
vn 0.4496 0.1387 -0.8824
vn 0.3061 0.1387 -0.9418
vn 0.3046 0.1681 -0.9375
vn 0.4475 0.1681 -0.8783
vn 0.9848 0.0771 0.1559
vn 0.9747 0.1616 0.1544
vn -0.8735 0.1974 -0.4450
vn -0.8783 0.1681 -0.4475
vn -0.0000 -0.0589 -0.9983
vn -0.1563 -0.0589 -0.9860
vn -0.1564 -0.0380 -0.9870
vn -0.0000 -0.0374 -0.9993
vn -0.8089 -0.0201 0.5877
vn -0.8909 -0.0188 0.4539
vn -0.8907 -0.0236 0.4539
vn -0.9844 -0.0817 0.1559
vn -0.9860 -0.0588 0.1561
vn -0.9967 -0.0817 -0.0000
vn -0.6969 0.1681 0.6972
vn -0.7975 0.1681 0.5794
vn -0.8012 0.1387 0.5821
vn -0.4844 0.8009 0.3521
vn -0.4234 0.8008 0.4236
vn -0.4235 0.8008 0.4236
vn 0.1564 -0.0236 0.9874
vn 0.1563 -0.0381 0.9870
vn 0.3089 -0.0200 0.9509
vn -0.8907 -0.0236 -0.4539
vn -0.8089 -0.0200 -0.5877
vn -0.8085 -0.0374 -0.5874
vn -0.8903 -0.0381 -0.4538
vn -0.9482 0.0771 0.3081
vn -0.9386 0.1616 0.3049
vn 0.9494 -0.0589 0.3085
vn 0.9860 -0.0589 0.1561
vn 0.9870 -0.0381 0.1562
vn 0.9874 -0.0236 -0.1563
vn 0.9998 -0.0200 -0.0000
vn 0.9993 -0.0375 -0.0000
vn 0.9747 0.1616 -0.1543
vn 0.9848 0.0771 -0.1559
vn 0.5569 0.7807 0.2836
vn 0.5941 0.7808 0.1931
vn 0.5942 0.7808 0.1931
vn 0.1500 -0.9445 0.2922
vn 0.8701 -0.2152 0.4434
vn 0.8742 -0.1938 0.4452
vn -0.5106 -0.6919 0.5105
vn -0.5106 -0.6918 0.5106
vn -0.4244 -0.6920 0.5840
vn -0.4244 -0.6920 0.5839
vn -0.1130 -0.6917 0.7133
vn -0.1130 -0.6919 0.7131
vn -0.0000 -0.6921 0.7218
vn 0.0817 0.8080 0.5835
vn -0.0906 0.8151 0.5721
vn 0.0000 0.8152 0.5791
vn 0.0937 0.8008 0.5915
vn 0.1533 0.1974 0.9683
vn 0.0000 0.1974 0.9803
vn 0.9452 0.1100 0.3073
vn 0.9418 0.1388 0.3061
vn 0.8824 0.1387 0.4496
vn 0.8856 0.1100 0.4512
vn 0.5105 -0.6919 0.5106
vn 0.5105 -0.6918 0.5106
vn -0.5843 -0.6916 0.4247
vn -0.5842 -0.6916 0.4247
vn -0.7130 -0.6920 -0.1129
vn -0.7131 -0.6920 -0.1129
vn -0.7218 -0.6921 -0.0000
vn 0.1931 0.7806 -0.5944
vn 0.1932 0.7806 -0.5944
vn -0.1939 -0.9445 -0.2652
vn -0.0000 0.8007 -0.5991
vn 0.0937 0.8006 -0.5918
vn 0.0938 0.8006 -0.5918
vn -0.0937 0.8006 -0.5918
vn -0.1851 0.8006 -0.5699
vn -0.1851 0.8007 -0.5698
vn -0.9375 0.1681 0.3045
vn -0.9418 0.1388 0.3061
vn -0.8824 0.1387 0.4496
vn -0.8784 0.1681 0.4474
vn -0.9293 0.2127 0.3019
vn -0.9651 0.2127 0.1529
vn -0.9683 0.1974 0.1533
vn -0.9324 0.1974 0.3029
vn -0.7070 -0.0236 -0.7068
vn -0.7067 -0.0381 -0.7065
vn -0.7006 -0.1361 -0.7005
vn -0.6973 -0.1658 -0.6973
vn 0.7006 -0.1362 -0.7005
vn 0.6973 -0.1658 -0.6973
vn 0.5796 -0.1658 -0.7978
vn 0.5823 -0.1362 -0.8015
vn 0.5739 -0.2152 -0.7901
vn 0.4425 -0.2230 -0.8686
vn 0.4433 -0.2152 -0.8701
vn 0.6970 0.1681 -0.6970
vn 0.7975 0.1681 -0.5794
vn 0.8012 0.1388 -0.5820
vn 0.7131 -0.6919 -0.1130
vn 0.7130 -0.6920 -0.1130
vn 0.7222 -0.6917 -0.0001
vn -0.9690 -0.1938 -0.1533
vn -0.9645 -0.2152 -0.1527
vn -0.9766 -0.2152 -0.0000
vn -0.9810 -0.1938 -0.0000
vn -0.2651 -0.9445 0.1939
vn -0.2924 -0.9446 0.1491
vn 0.8894 -0.0589 -0.4532
vn 0.8903 -0.0381 -0.4537
vn 0.1130 -0.6919 -0.7131
vn 0.1130 -0.6920 -0.7130
vn 0.2231 -0.6919 -0.6867
vn -0.1131 -0.6916 -0.7134
vn -0.1129 -0.6920 -0.7130
vn -0.2231 -0.6919 -0.6867
vn 0.5721 0.8151 0.0907
vn 0.5990 0.8007 0.0000
vn 0.5794 0.8150 0.0000
vn 0.5337 0.8007 -0.2719
vn 0.4684 0.8153 -0.3404
vn 0.5200 0.8081 -0.2768
vn -0.5106 -0.6918 -0.5105
vn -0.5106 -0.6919 -0.5105
vn -0.1563 -0.0236 -0.9874
vn 0.0000 -0.0201 -0.9998
vn -0.5800 0.1616 0.7985
vn -0.4480 0.1616 0.8793
vn -0.4442 0.2074 0.8716
vn -0.3050 0.1616 0.9386
vn -0.3021 0.2075 0.9304
vn -0.5743 0.2127 0.7905
vn -0.6908 0.2127 0.6911
vn -0.6931 0.1974 0.6933
vn -0.5762 0.1974 0.7931
vn 0.1535 -0.1937 0.9690
vn 0.1528 -0.2152 0.9645
vn 0.3019 -0.2152 0.9287
vn 0.3031 -0.1937 0.9331
vn -0.3019 -0.2152 0.9287
vn -0.3031 -0.1937 0.9331
vn -0.8824 0.1387 -0.4496
vn -0.7975 0.1681 -0.5794
vn -0.8012 0.1388 -0.5820
vn -0.5744 0.2127 -0.7904
vn -0.4436 0.2127 -0.8706
vn -0.4451 0.1974 -0.8734
vn -0.5762 0.1974 -0.7931
vn 0.5568 0.7807 -0.2837
vn 0.5055 0.7809 -0.3671
vn 0.5055 0.7808 -0.3671
vn 0.6085 0.7890 -0.0854
vn 0.6035 0.7974 0.0000
vn 0.6170 0.7808 -0.0978
vn -0.5696 0.8009 0.1850
vn -0.5696 0.8008 0.1850
vn -0.5832 0.8082 0.0816
vn -0.5914 0.8009 0.0939
vn -0.4846 0.8007 -0.3522
vn -0.5335 0.8009 -0.2719
vn -0.5337 0.8007 -0.2720
vn 0.1930 0.7808 0.5942
vn 0.0978 0.7806 0.6173
vn 0.0977 0.7806 0.6173
vn 0.1929 0.7808 0.5942
vn 0.8066 0.0771 0.5861
vn 0.7984 0.1616 0.5801
vn -0.8042 0.1099 0.5841
vn -0.8856 0.1099 0.4513
vn -0.6433 -0.6920 0.3277
vn -0.6433 -0.6920 0.3276
vn 0.3073 -0.1072 -0.9456
vn 0.4513 -0.1072 -0.8859
vn 0.3085 -0.0588 -0.9494
vn 0.4536 -0.0381 -0.8904
vn 0.4530 -0.0588 -0.8896
vn 0.4425 -0.2230 0.8686
vn 0.4433 -0.2152 0.8701
vn 0.5767 -0.1938 0.7936
vn 0.5740 -0.2152 0.7900
vn 0.4235 0.8008 0.4235
vn 0.4235 0.8008 0.4236
vn 0.1850 0.8009 0.5695
vn 0.1851 0.8006 0.5698
vn -0.5942 0.7808 -0.1931
vn -0.6170 0.7809 -0.0978
vn -0.6170 0.7808 -0.0978
vn -0.5943 0.7807 -0.1931
vn -0.2837 0.7808 0.5566
vn -0.1929 0.7808 0.5942
vn -0.1797 0.7888 0.5878
vn 0.0000 -0.2153 -0.9766
vn -0.1529 -0.2152 -0.9645
vn -0.1535 -0.1937 -0.9690
vn -0.0000 -0.1937 -0.9811
vn -0.4454 -0.1937 -0.8741
vn -0.4433 -0.2152 -0.8702
vn -0.5739 -0.2152 -0.7901
vn -0.5767 -0.1937 -0.7937
vn 0.5794 0.1681 -0.7975
vn 0.4239 0.8081 -0.4091
vn 0.4234 0.8009 -0.4234
vn 0.3071 0.1100 0.9453
vn 0.4512 0.1100 0.8856
vn 0.3059 0.1387 0.9419
vn 0.2230 -0.6919 0.6867
vn -0.1555 0.1101 0.9817
vn -0.1556 0.0969 0.9831
vn -0.0000 0.0965 0.9953
vn 0.0000 0.1101 0.9939
vn -0.4495 0.1387 0.8824
vn -0.3058 0.1387 0.9419
vn -0.3047 0.1681 0.9375
vn -0.4476 0.1682 0.8783
vn 0.6936 -0.1938 -0.6938
vn 0.6905 -0.2152 -0.6905
vn 0.5766 -0.1938 -0.7937
vn 0.7900 -0.2152 -0.5740
vn 0.7937 -0.1938 -0.5766
vn 0.8742 -0.1938 -0.4453
vn 0.8701 -0.2152 -0.4434
vn 0.7131 -0.6919 0.1131
vn 0.7130 -0.6920 0.1131
vn 0.6432 -0.6921 0.3277
vn 0.6432 -0.6920 0.3276
vn 0.6866 -0.6920 0.2231
vn -0.7049 0.0771 -0.7051
vn -0.6978 0.1616 -0.6978
vn -0.5867 -0.0589 0.8076
vn -0.5874 -0.0375 0.8084
vn -0.3048 -0.1658 0.9379
vn -0.4498 -0.1361 0.8827
vn -0.4476 -0.1658 0.8787
vn -0.6145 0.7889 0.0107
vn -0.6247 0.7809 0.0000
vn -0.5963 0.7972 0.0945
vn -0.5878 0.7888 0.1797
vn -0.5568 0.7806 0.2838
vn -0.5568 0.7807 0.2837
vn 0.9781 0.1388 -0.1549
vn 0.9418 0.1388 -0.3061
vn 0.9375 0.1681 -0.3046
vn 0.9736 0.1681 -0.1543
vn 0.8856 0.1100 -0.4512
vn 0.8869 0.0966 -0.4517
vn 0.8053 0.0966 -0.5850
vn 0.8042 0.1100 -0.5841
vn -0.0000 -0.2152 0.9766
vn -0.0000 -0.1937 0.9811
vn -0.1535 -0.1937 0.9690
vn -0.1528 -0.2172 0.9641
vn 0.1014 -0.9447 0.3120
vn -0.9494 -0.0588 0.3085
vn -0.8894 -0.0588 0.4532
vn -0.8903 -0.0381 0.4538
vn -0.9504 -0.0375 0.3088
vn -0.0978 0.7806 -0.6173
vn -0.1932 0.7806 -0.5944
vn 0.3072 0.1100 -0.9453
vn 0.4511 0.1100 -0.8856
vn 0.0000 0.1101 -0.9939
vn -0.1555 0.1101 -0.9817
vn -0.4090 0.8081 -0.4240
vn -0.4237 0.8006 -0.4237
vn -0.2720 0.8008 -0.5337
vn -0.3403 0.8153 -0.4684
vn -0.2768 0.8082 -0.5198
vn 0.5054 0.7809 0.3673
vn 0.5054 0.7808 0.3672
vn 0.4418 0.7807 0.4419
vn 0.4419 0.7807 0.4419
vn 0.5105 -0.6919 -0.5106
vn 0.4243 -0.6920 -0.5840
vn 0.3278 -0.6919 -0.6433
vn -0.9862 -0.1658 -0.0000
vn -0.9785 -0.1361 -0.1549
vn -0.9740 -0.1658 -0.1543
vn -0.9422 -0.1362 -0.3060
vn -0.9379 -0.1658 -0.3048
vn 0.7978 -0.1658 0.5797
vn 0.8014 -0.1361 0.5824
vn 0.7006 -0.1361 0.7005
vn 0.6973 -0.1658 0.6973
vn 0.9456 -0.1071 0.3072
vn 0.9820 -0.1071 0.1555
vn 0.9844 -0.0817 0.1560
vn 0.9479 -0.0817 0.3079
vn 0.0000 -0.0588 0.9983
vn 0.1562 -0.0588 0.9860
vn 0.0000 -0.0375 0.9993
vn -0.0000 -0.1361 0.9907
vn -0.0000 -0.1658 0.9862
vn 0.5843 0.1100 0.8041
vn 0.7028 0.1100 0.7028
vn 0.7002 0.1387 0.7003
vn 0.8012 0.1387 0.5821
vn 0.7974 0.1681 0.5795
vn 0.6969 0.1681 0.6971
vn -0.9870 -0.0381 0.1563
vn 0.7050 0.0771 -0.7050
vn 0.6978 0.1616 -0.6978
vn -0.7130 -0.6920 0.1129
vn -0.7131 -0.6919 0.1130
vn -0.0000 0.0771 -0.9970
vn -0.0000 0.1616 -0.9869
vn 0.0000 -0.0200 0.9998
vn -0.1565 -0.0188 0.9875
vn -0.1564 -0.0236 0.9874
vn -0.9628 -0.2233 0.1522
vn -0.9645 -0.2153 0.1527
vn -0.9748 -0.2230 0.0000
vn -0.9288 -0.2153 0.3017
vn -0.8701 -0.2152 0.4434
vn -0.8741 -0.1937 0.4454
vn -0.9330 -0.1938 0.3032
vn 0.5631 0.8083 -0.1720
vn 0.5721 0.8151 -0.0907
vn 0.5696 0.8008 -0.1851
vn -0.3085 -0.0588 -0.9494
vn -0.3088 -0.0375 -0.9504
vn -0.1550 -0.1362 -0.9785
vn -0.1544 -0.1658 -0.9740
vn -0.3048 -0.1658 -0.9379
vn -0.3062 -0.1362 -0.9422
vn 0.9683 0.1974 0.1534
vn 0.9803 0.1974 0.0000
vn 0.9771 0.2127 0.0000
vn 0.9651 0.2127 0.1529
vn 0.8735 0.1974 0.4449
vn 0.8707 0.2127 0.4435
vn 0.8827 -0.1362 -0.4498
vn 0.8787 -0.1659 -0.4477
vn 0.7978 -0.1658 -0.5796
vn 0.8014 -0.1361 -0.5824
vn 0.8880 -0.0817 -0.4525
vn 0.8063 -0.0817 -0.5858
vn 0.8076 -0.0589 -0.5867
vn 0.4539 -0.0236 -0.8908
vn 0.5823 -0.1361 0.8015
vn 0.5844 -0.1072 0.8044
vn 0.5867 -0.0589 0.8076
vn -0.5056 0.7807 -0.3673
vn -0.5569 0.7807 -0.2837
vn -0.5569 0.7806 -0.2837
vn -0.5055 0.7807 -0.3673
vn -0.6936 -0.1937 0.6938
vn -0.7937 -0.1938 0.5767
vn -0.3071 0.1101 -0.9453
vn -0.4512 0.1100 -0.8856
vn -0.3060 0.1388 -0.9419
vn -0.3278 -0.6919 -0.6433
vn -0.4243 -0.6920 -0.5840
vn 0.9766 -0.2152 -0.0000
vn 0.9646 -0.2152 0.1527
vn 0.9288 -0.2153 -0.3017
vn 0.9330 -0.1937 -0.3033
vn 0.9690 -0.1937 -0.1535
vn 0.9645 -0.2153 -0.1527
vn 0.5942 0.7808 -0.1930
vn 0.5943 0.7807 -0.1931
vn 0.5743 0.2127 0.7905
vn 0.5762 0.1974 0.7931
vn 0.3019 0.2127 0.9293
vn 0.1529 0.2128 0.9651
vn 0.3030 0.1975 0.9323
vn -0.1534 0.1974 -0.9683
vn -0.1529 0.2128 -0.9651
vn 0.5861 0.0771 -0.8066
vn 0.5801 0.1616 -0.7984
vn 0.7915 0.2075 -0.5749
vn 0.8717 0.2075 -0.4440
vn -0.9771 0.2127 0.0000
vn -0.9651 0.2127 -0.1526
vn -0.9803 0.1974 0.0000
vn -0.5915 0.8009 -0.0935
vn -0.5790 0.8153 0.0000
vn -0.5832 0.8082 -0.0815
vn -0.1789 0.8153 0.5507
vn -0.2578 0.8082 0.5295
vn -0.2719 0.8008 0.5337
vn -0.3520 0.8009 0.4844
vn -0.3521 0.8007 0.4847
vn 0.5840 -0.6920 -0.4243
vn 0.5841 -0.6920 -0.4243
vn 0.6433 -0.6919 -0.3277
vn 0.9379 -0.1658 0.3046
vn 0.9422 -0.1362 0.3060
vn 0.8827 -0.1361 0.4498
vn 0.8787 -0.1659 0.4477
vn -0.7049 0.0770 0.7051
vn -0.6978 0.1616 0.6978
vn 0.9869 0.1616 0.0000
vn 0.9970 0.0771 0.0000
vn -0.9847 0.0771 -0.1562
vn -0.9747 0.1616 -0.1543
vn -0.8042 0.1099 -0.5841
vn -0.8856 0.1099 -0.4513
vn -0.6869 -0.6917 -0.2231
vn -0.6868 -0.6918 -0.2231
vn 0.4527 0.0771 0.8883
vn 0.4480 0.1616 0.8793
vn -0.7030 -0.1072 0.7030
vn -0.8043 -0.1072 0.5844
vn -0.5844 -0.1072 0.8044
vn -0.4514 -0.1071 0.8859
vn -0.4524 -0.0817 0.8881
vn -0.5858 -0.0817 0.8064
vn 0.3021 0.2074 0.9304
vn 0.1529 0.2075 0.9662
vn -0.9781 0.1388 0.1548
vn -0.9736 0.1681 0.1541
vn -0.6866 -0.6919 0.2232
vn -0.6866 -0.6919 0.2231
vn 0.9683 0.1974 -0.1534
vn 0.9324 0.1974 -0.3029
vn 0.9293 0.2127 -0.3019
vn 0.9651 0.2127 -0.1529
vn 0.3019 0.2127 -0.9293
vn 0.3030 0.1974 -0.9323
vn 0.4451 0.1974 -0.8734
vn 0.4436 0.2127 -0.8706
vn 0.5744 0.2127 -0.7904
vn 0.5762 0.1974 -0.7931
vn -0.0945 0.7970 0.5965
vn -0.0107 0.7886 0.6148
vn -0.7904 0.2127 0.5744
vn -0.7931 0.1974 0.5763
vn -0.8735 0.1974 0.4449
vn -0.8707 0.2126 0.4436
vn 0.3019 -0.2152 -0.9287
vn 0.3033 -0.1938 -0.9330
vn 0.4454 -0.1938 -0.8741
vn 0.1535 -0.1937 -0.9690
vn 0.1529 -0.2152 -0.9645
vn 0.5842 -0.6919 0.4244
vn 0.5842 -0.6918 0.4244
vn -0.7914 0.2076 0.5749
vn -0.8716 0.2075 0.4442
vn -0.5751 0.2075 0.7914
vn -0.8076 -0.0588 -0.5868
vn -0.8894 -0.0589 -0.4532
vn 0.9817 0.1100 -0.1555
vn 0.6866 -0.6920 -0.2231
vn 0.6868 -0.6918 -0.2231
vn -0.4512 0.1100 0.8856
vn -0.3277 -0.6920 0.6432
vn -0.3277 -0.6921 0.6431
vn -0.2230 -0.6919 0.6867
vn -0.2232 -0.6918 0.6867
vn 0.1549 0.1388 -0.9781
vn 0.1555 0.1101 -0.9817
vn 0.0000 -0.6921 -0.7218
vn -0.9288 -0.2153 -0.3017
vn -0.9330 -0.1937 -0.3033
vn -0.2927 -0.9445 -0.1491
vn -0.5683 -0.8019 -0.1847
vn -0.5322 -0.8020 -0.2711
vn -0.5843 -0.1072 -0.8044
vn -0.5859 -0.0817 -0.8063
vn -0.4524 -0.0817 -0.8881
vn -0.4514 -0.1072 -0.8859
vn -0.7048 -0.0817 -0.7047
vn -0.8063 -0.0817 -0.5858
vn -0.7060 -0.0588 -0.7058
vn -0.1013 -0.9447 0.3120
vn 0.9782 0.2075 0.0000
vn 0.9662 0.2075 -0.1531
vn 0.5749 0.2076 -0.7915
vn 0.6919 0.2075 -0.6915
vn 0.4440 0.2076 -0.8717
vn 0.3023 0.2076 -0.9303
vn -0.3081 0.0771 0.9482
vn -0.3089 0.0383 0.9503
vn 0.0000 0.0383 0.9993
vn 0.1563 0.0383 0.9870
vn -0.9782 0.2075 0.0000
vn -0.9662 0.2075 0.1531
vn -0.6932 0.1974 -0.6932
vn -0.7931 0.1974 -0.5762
vn -0.7904 0.2127 -0.5744
vn -0.6909 0.2127 -0.6909
vn -0.0009 -1.0000 0.0003
vn -0.3019 -0.2152 -0.9287
vn -0.3033 -0.1937 -0.9330
vn -0.1531 0.2076 -0.9662
vn -0.3023 0.2076 -0.9303
vn -0.1544 -0.1658 0.9740
vn 0.8084 -0.0375 -0.5874
vn 0.8089 -0.0200 -0.5877
vn 0.8909 -0.0188 -0.4539
vn 0.8907 -0.0236 -0.4539
vn 0.9983 -0.0589 -0.0000
vn 0.8894 -0.0588 0.4532
vn 0.8881 -0.0817 0.4524
vn 0.8859 -0.1071 0.4514
vn 0.1563 -0.0589 -0.9860
vn -0.0000 -0.1071 -0.9942
vn -0.0000 -0.0817 -0.9967
vn 0.1559 -0.0817 -0.9844
vn 0.1555 -0.1071 -0.9820
vn -0.9509 -0.0200 0.3090
vn -0.9875 -0.0188 0.1565
vn -0.9874 -0.0236 0.1564
vn -0.1559 -0.0817 0.9844
vn -0.3080 -0.0817 0.9479
vn -0.7900 -0.2152 0.5741
vn -0.6906 -0.2152 0.6904
vn 0.9324 0.1974 0.3029
vn 0.9293 0.2127 0.3019
vn 0.9375 0.1681 0.3045
vn 0.8784 0.1681 0.4474
vn 0.3241 -0.9446 -0.0513
vn 0.3122 -0.9446 -0.1015
vn 0.9628 -0.2230 -0.1527
vn -0.9858 0.1681 0.0000
vn 0.3047 0.1681 0.9375
vn 0.4452 0.1974 0.8734
vn 0.4436 0.2127 0.8706
vn -0.8880 -0.0817 0.4525
vn -0.8063 -0.0817 0.5858
vn 0.9288 -0.2152 0.3017
vn 0.9330 -0.1938 0.3032
vn 0.9628 -0.2231 0.1523
vn 0.9748 -0.2230 -0.0000
vn -0.9418 0.1388 -0.3061
vn -0.9831 0.0967 -0.1557
vn -0.9953 0.0966 0.0000
vn 0.1543 0.1681 -0.9736
vn -0.5730 -0.2230 -0.7886
vn -0.6893 -0.2231 -0.6893
vn -0.6906 -0.2152 -0.6904
vn -0.6936 -0.1937 -0.6938
vn 0.7030 -0.1072 0.7030
vn 0.4525 -0.0817 0.8880
vn 0.3080 -0.0817 0.9479
vn 0.1559 -0.0817 0.9844
vn -0.0000 -0.0817 0.9967
vn -0.3073 -0.1072 -0.9456
vn -0.3079 -0.0817 -0.9479
vn -0.1559 -0.0817 -0.9844
vn -0.1555 -0.1071 -0.9820
vn -0.0000 0.7806 -0.6250
vn 0.0978 0.7806 -0.6173
vn -0.9456 -0.1072 0.3073
vn -0.9479 -0.0817 0.3080
vn 0.6085 0.7889 0.0854
vn 0.6170 0.7808 0.0978
vn 0.9942 -0.1071 -0.0000
vn 0.9874 -0.0236 0.1563
vn -0.4204 0.6989 0.5786
vn -0.5055 0.6993 0.5054
vn -0.5052 0.6996 0.5053
vn -0.4202 0.6992 0.5784
vn 0.0000 0.2076 0.9782
vn -0.1529 0.2076 0.9662
vn 0.6909 0.2127 -0.6909
vn 0.6932 0.1974 -0.6932
vn 0.6916 0.2075 0.6918
vn 0.7914 0.2075 0.5750
vn 0.5751 0.2076 0.7913
vn 0.4442 0.2075 0.8716
vn 0.4538 -0.0236 0.8908
vn 0.2207 0.6995 0.6797
vn 0.1119 0.6990 0.7063
vn 0.1119 0.6987 0.7066
vn 0.2209 0.6995 0.6797
vn 0.0000 -0.9444 -0.3287
vn 0.0513 -0.9446 -0.3241
vn -0.8084 0.0382 -0.5874
vn -0.8903 0.0383 -0.4537
vn -0.5873 0.0383 -0.8085
vn -0.7067 0.0382 -0.7065
vn -0.5797 -0.1658 0.7978
vn -0.5823 -0.1361 0.8015
vn 0.2657 -0.9445 0.1931
vn 0.2316 -0.9445 0.2331
vn 0.8042 0.1100 0.5841
vn 0.1531 0.2075 -0.9662
vn 0.0000 0.2075 -0.9782
vn -0.3071 0.1100 0.9453
vn -0.1550 0.1387 0.9781
vn -0.1534 0.1974 0.9683
vn -0.1541 0.1681 0.9737
vn 0.8824 0.1387 -0.4496
vn -0.7003 0.1388 -0.7003
vn 0.9994 0.0291 -0.0183
vn -0.0007 1.0000 0.0010
vn 0.2720 0.8007 0.5338
vn 0.3521 0.8007 0.4847
vn 0.3520 0.8009 0.4844
vn -0.9303 0.2075 -0.3023
vn -0.8716 0.2075 -0.4441
vn -0.7914 0.2075 -0.5749
vn 0.9303 0.2075 0.3024
vn 0.8717 0.2076 0.4439
vn 0.9662 0.2075 0.1531
vn -0.5749 0.2075 -0.7915
vn -0.4440 0.2075 -0.8716
vn -0.6917 0.2075 -0.6917
vn 0.1851 0.8006 -0.5698
vn 0.1852 0.8006 -0.5698
vn -0.3019 0.2127 -0.9293
vn -0.3030 0.1974 -0.9323
vn -0.5336 0.8008 0.2719
vn 0.5695 0.8009 0.1851
vn 0.8063 -0.0817 0.5858
vn 0.9479 -0.0817 -0.3080
vn 0.3079 -0.0817 -0.9479
vn -0.3088 0.0383 -0.9504
vn -0.1563 0.0383 -0.9870
vn -0.4537 0.0383 -0.8904
vn 0.8084 0.0382 -0.5874
vn 0.7067 0.0383 -0.7065
vn 0.5873 0.0383 -0.8084
vn 0.4536 0.0383 -0.8904
vn -0.9662 0.2074 -0.1532
vn -0.0000 0.2128 0.9771
vn -0.1529 0.2128 0.9651
vn -0.0938 0.8006 0.5918
vn -0.9293 0.2127 -0.3019
vn -0.8706 0.2127 -0.4437
vn -0.5696 0.8008 -0.1850
vn -0.5696 0.8009 -0.1850
vn -0.6802 0.6989 -0.2210
vn -0.7066 0.6987 -0.1118
vn -0.7066 0.6987 -0.1120
vn -0.6800 0.6991 -0.2210
vn -0.0000 0.0383 -0.9993
vn 0.0000 0.6992 0.7149
vn -0.1118 0.6990 0.7064
vn -0.1119 0.6990 0.7063
vn -0.0000 0.6996 0.7145
vn -0.7069 -0.0236 0.7069
vn 0.5055 0.6992 -0.5056
vn 0.5787 0.6988 -0.4204
vn 0.5060 0.6985 -0.5061
vn -0.9453 0.1100 0.3072
vn -0.9817 0.1100 0.1555
vn -0.8868 0.0967 0.4519
vn -0.8052 0.0966 0.5851
vn 0.2924 -0.9446 0.1490
vn -0.1564 0.0383 0.9870
vn -0.0000 0.6990 -0.7152
vn -0.1118 0.6993 -0.7060
vn -0.1118 0.6993 -0.7061
vn -0.0000 0.6991 -0.7150
vn 0.5786 0.6989 0.4204
vn 0.5052 0.6996 0.5052
vn 0.5055 0.6992 0.5055
vn 0.8089 -0.0201 0.5877
vn 0.4454 -0.1937 0.8741
vn 0.4476 -0.1658 0.8787
vn -0.9690 -0.1938 0.1534
vn -0.9740 -0.1658 0.1543
vn -0.0000 -0.1072 0.9942
vn 0.1555 -0.1072 0.9820
vn 0.3088 0.0383 -0.9504
vn 0.1564 0.0383 -0.9870
vn 0.1556 0.1100 0.9817
vn 0.1130 -0.6920 0.7130
vn 0.1130 -0.6919 0.7131
vn 0.4525 -0.0817 -0.8880
vn -0.5793 0.1681 0.7976
vn -0.3046 0.1681 -0.9375
vn -0.3090 -0.0201 -0.9508
vn -0.2208 0.6995 -0.6797
vn -0.2210 0.6994 -0.6797
vn 0.5877 -0.0201 -0.8088
vn 0.3245 0.6994 -0.6368
vn 0.4202 0.6993 -0.5783
vn 0.3246 0.6992 -0.6370
vn -0.9998 -0.0200 -0.0000
vn -0.7149 0.6992 -0.0000
vn -0.7147 0.6994 -0.0000
vn -0.7048 -0.0817 0.7047
vn 0.7066 0.6987 -0.1119
vn 0.7152 0.6989 -0.0000
vn 0.7154 0.6988 -0.0000
vn 0.7066 0.6987 -0.1118
vn 0.6803 0.6989 -0.2209
vn 0.6802 0.6989 -0.2210
vn -0.0000 0.7806 0.6250
vn -0.6917 0.2075 0.6917
vn -0.3673 0.7808 0.5055
vn -0.3673 0.7807 0.5055
vn 0.2836 0.7808 0.5567
vn 0.3674 0.7807 0.5055
vn 0.3673 0.7807 0.5055
vn 0.7038 0.0965 -0.7038
vn 0.5850 0.0965 -0.8052
vn -0.5851 0.0966 0.8052
vn -0.7039 0.0965 0.7037
vn 0.4418 0.7807 -0.4420
vn 0.4418 0.7807 -0.4419
vn -0.4519 0.0965 -0.8869
vn -0.5850 0.0965 -0.8052
vn -0.5842 0.1100 -0.8041
vn -0.3076 0.0965 -0.9466
vn -0.1556 0.0968 -0.9831
vn 0.9831 0.0965 -0.1557
vn 0.9466 0.0965 -0.3077
vn 0.9452 0.1099 -0.3073
vn 0.1558 0.0965 -0.9831
vn -0.0000 0.0965 -0.9953
vn -0.9453 0.1099 -0.3072
vn -0.9466 0.0966 -0.3076
vn -0.8868 0.0966 -0.4519
vn 0.8869 0.0967 0.4518
vn 0.9466 0.0966 0.3076
vn -0.4518 0.0966 0.8869
vn -0.3079 0.0966 0.9465
vn 0.9953 0.0965 0.0000
vn 0.9831 0.0965 0.1558
vn -0.3090 -0.0201 0.9509
vn -0.2209 0.6992 0.6799
vn -0.3246 0.6989 0.6373
vn -0.3247 0.6989 0.6372
vn -0.2209 0.6995 0.6797
vn 0.9820 -0.1071 -0.1556
vn 0.9844 -0.0817 -0.1560
vn 0.9967 -0.0817 0.0000
vn -0.8044 -0.1071 -0.5844
vn -0.8859 -0.1071 -0.4514
vn -0.8880 -0.0817 -0.4526
vn -0.7030 -0.1072 -0.7031
vn -0.8859 -0.1071 0.4514
vn 0.3090 0.0382 0.9503
vn 0.4537 0.0383 0.8903
vn 0.5873 0.0383 0.8084
vn 0.7067 0.0382 0.7065
vn 0.9504 0.0383 -0.3088
vn 0.8903 0.0382 -0.4537
vn 0.8084 0.0382 0.5874
vn 0.8903 0.0383 0.4537
vn 0.9504 0.0383 0.3088
vn 0.9870 0.0383 0.1563
vn -0.8084 0.0382 0.5874
vn -0.7067 0.0383 0.7065
vn 0.9993 0.0383 0.0000
vn 0.9870 0.0383 -0.1563
vn -0.9504 0.0383 -0.3088
vn -0.9870 0.0383 -0.1563
vn -0.9993 0.0383 0.0000
vn -0.9870 0.0383 0.1563
vn -0.9504 0.0383 0.3088
vn -0.8903 0.0382 0.4537
vn -0.3287 -0.9444 0.0000
vn -0.3242 -0.9446 0.0514
vn -0.5902 -0.8018 0.0935
vn -0.5974 -0.8020 0.0000
vn -0.5059 0.6987 -0.5058
vn -0.4200 0.6996 -0.5781
vn -0.4202 0.6993 -0.5783
vn -0.5058 0.6989 -0.5057
vn 0.7063 0.6990 0.1118
vn 0.6802 0.6989 0.2211
vn 0.6802 0.6989 0.2210
vn 0.7063 0.6990 0.1119
vn -0.1515 -0.2459 0.9574
vn -0.0363 -0.2338 0.9716
vn -0.2657 -0.2338 0.9353
vn 0.4204 0.6989 0.5786
vn 0.3246 0.6990 0.6372
vn 0.3245 0.6993 0.6369
vn 0.4202 0.6993 0.5784
vn -0.1268 -0.9120 -0.3901
vn -0.0523 -0.9447 -0.3238
vn -0.1484 -0.9444 -0.2933
vn -0.2712 -0.8019 -0.5323
vn -0.4425 -0.2229 -0.8686
vn 0.2208 0.6995 -0.6797
vn 0.2207 0.6995 -0.6797
vn 0.1118 0.6993 -0.7060
vn -0.4417 0.7808 -0.4418
vn -0.4418 0.7808 -0.4418
vn 0.9509 -0.0200 -0.3090
vn 0.6370 0.6992 -0.3246
vn 0.6372 0.6990 -0.3247
vn -0.6970 0.1681 -0.6970
vn 0.8783 0.1681 -0.4475
vn 0.5681 -0.8020 -0.1845
vn 0.5895 -0.8023 -0.0934
vn 0.9456 -0.1071 -0.3072
vn 0.8859 -0.1071 -0.4514
vn 0.8043 -0.1072 0.5844
vn 0.7047 -0.0817 0.7047
vn 0.8044 -0.1071 -0.5844
vn -0.9844 -0.0817 -0.1559
vn -0.9820 -0.1072 -0.1556
vn -0.9456 -0.1072 -0.3072
vn -0.9479 -0.0817 -0.3078
vn -0.2913 -0.9112 -0.2912
vn -0.2649 -0.9446 -0.1937
vn -0.4833 -0.8020 -0.3511
vn -0.0000 -0.9444 0.3289
vn 0.0514 -0.9444 0.3246
vn 0.0935 -0.8020 0.5899
vn 0.0020 -0.8019 0.5974
vn -0.2913 -0.9112 0.2913
vn -0.3510 -0.8021 0.4832
vn -0.6373 0.6989 0.3246
vn -0.6799 0.6993 0.2209
vn -0.6802 0.6989 0.2210
vn -0.6370 0.6992 0.3246
vn -0.6372 0.6990 -0.3247
vn -0.5786 0.6989 -0.4204
vn -0.5786 0.6989 -0.4205
vn -0.6370 0.6992 -0.3246
vn -0.3248 0.6990 -0.6372
vn -0.3247 0.6989 -0.6372
vn 0.2712 -0.8019 -0.5323
vn 0.3511 -0.8019 -0.4833
vn 0.5797 -0.1658 0.7978
vn 0.5857 -0.0817 0.8064
vn 0.0001 1.0000 0.0000
vn -0.0934 -0.8023 -0.5896
vn 0.0001 -0.8020 -0.5973
vn -0.4830 -0.8023 0.3508
vn -0.5317 -0.8024 0.2710
vn -0.5686 -0.8016 0.1847
vn -0.3130 -0.9443 0.1016
vn 0.5681 -0.8020 0.1846
vn 0.5317 -0.8025 0.2709
vn 0.7069 -0.0236 -0.7069
vn -0.1865 -0.8021 0.5673
vn -0.2712 -0.8019 0.5323
vn 0.4222 -0.8022 -0.4222
vn 0.4833 -0.8020 -0.3511
vn 0.6371 0.6991 0.3246
vn 0.6373 0.6988 0.3247
vn 0.4833 -0.8020 0.3511
vn 0.4223 -0.8021 0.4222
vn -0.9303 0.2075 0.3024
vn 0.9303 0.2076 -0.3023
vn 0.5729 -0.2230 0.7887
vn 0.2412 -0.9119 0.3320
vn -0.5900 -0.8020 -0.0935
vn -0.3240 -0.9447 -0.0513
vn 0.3012 -0.2230 -0.9271
vn 0.0934 -0.8021 -0.5898
vn 0.1846 -0.8021 -0.5680
vn -0.5942 0.7808 0.1931
vn -0.2128 0.7253 -0.6548
vn -0.3125 0.7253 -0.6135
vn -0.3124 0.7256 -0.6131
vn -0.2125 0.7260 -0.6541
vn 0.3126 0.7253 -0.6134
vn 0.2126 0.7257 -0.6544
vn 0.2126 0.7254 -0.6547
vn 0.3123 0.7257 -0.6130
vn -0.9831 0.0966 0.1557
vn -0.9466 0.0965 0.3076
vn 0.3074 0.0966 0.9467
vn 0.4518 0.0966 0.8869
vn 0.4518 0.0965 -0.8869
vn 0.1558 0.0965 0.9831
vn 0.5851 0.0966 0.8052
vn 0.7038 0.0965 0.7038
vn -0.9874 -0.0236 -0.1565
vn -0.9509 -0.0200 -0.3090
vn -0.4538 -0.0236 0.8908
vn -0.5876 -0.0201 0.8089
vn -0.6894 -0.2230 0.6892
vn -0.5729 -0.2230 0.7887
vn -0.0000 0.7255 -0.6883
vn -0.1073 0.7263 -0.6790
vn -0.1076 0.7258 -0.6795
vn -0.0000 0.7255 -0.6882
vn -0.5565 0.7258 -0.4043
vn -0.6134 0.7253 -0.3125
vn -0.5564 0.7260 -0.4043
vn -0.3124 0.7257 0.6130
vn -0.2126 0.7256 0.6545
vn -0.2125 0.7259 0.6542
vn -0.3124 0.7256 0.6131
vn -0.7063 0.6990 0.1120
vn -0.7063 0.6990 0.1119
vn -0.0001 0.7259 0.6878
vn 0.1076 0.7256 0.6796
vn 0.1076 0.7255 0.6797
vn 0.3076 0.0966 -0.9466
vn 0.5973 -0.8021 -0.0000
vn 0.3283 -0.9446 0.0010
vn 0.4069 -0.9112 0.0645
vn 0.8052 0.0966 0.5851
vn 0.5323 -0.8019 -0.2712
vn 0.2928 -0.9445 -0.1492
vn -0.7070 -0.0188 0.7070
vn -0.9875 -0.0188 -0.1565
vn -0.9271 -0.2231 0.3012
vn 0.9271 -0.2231 -0.3012
vn -0.5786 0.6988 0.4205
vn -0.5787 0.6988 0.4205
vn 0.6134 0.7253 -0.3126
vn 0.5565 0.7259 -0.4043
vn 0.5564 0.7260 -0.4042
vn 0.4866 0.7256 -0.4866
vn 0.4044 0.7258 -0.5565
vn 0.4044 0.7257 -0.5566
vn 0.4868 0.7253 -0.4868
vn -0.4868 0.7252 0.4869
vn -0.4045 0.7255 0.5568
vn -0.4044 0.7257 0.5566
vn -0.4869 0.7251 0.4870
vn 0.3124 0.7257 0.6131
vn 0.4044 0.7257 0.5566
vn 0.4045 0.7256 0.5567
vn 0.6796 0.7256 -0.1076
vn 0.6543 0.7257 -0.2125
vn 0.6543 0.7257 -0.2126
vn 0.6803 0.7249 -0.1078
vn -0.4044 0.7257 -0.5566
vn -0.4869 0.7252 -0.4869
vn -0.4870 0.7251 -0.4869
vn 0.6797 0.7255 0.1076
vn 0.6878 0.7259 0.0001
vn 0.6797 0.7256 0.1076
vn 0.4869 0.7251 0.4869
vn 0.5566 0.7257 0.4044
vn 0.5566 0.7258 0.4044
vn 0.4864 0.7259 0.4864
vn 0.6135 0.7253 0.3125
vn 0.6540 0.7260 0.2124
vn 0.6539 0.7261 0.2126
vn 0.6132 0.7255 0.3124
vn -0.6797 0.7256 0.1076
vn -0.6540 0.7261 0.2123
vn -0.6544 0.7257 0.2126
vn -0.6804 0.7249 0.1078
vn -0.6796 0.7257 -0.1076
vn -0.6878 0.7259 -0.0001
vn -0.6796 0.7256 -0.1076
vn -0.6134 0.7253 0.3126
vn -0.5565 0.7258 0.4043
vn -0.5563 0.7262 0.4041
vn 0.2710 -0.8022 0.5320
vn 0.1846 -0.8020 0.5681
vn 0.1278 0.1594 -0.9789
vn 0.7070 -0.0188 -0.7070
vn -0.4539 -0.0187 -0.8908
vn -0.4539 -0.0188 0.8909
vn 0.9875 -0.0188 -0.1563
vn 0.7070 -0.0188 0.7070
vn -0.8909 -0.0188 -0.4539
vn 0.1076 0.7257 -0.6796
vn 0.1077 0.7258 -0.6794
vn -0.1076 0.7254 0.6798
vn -0.1076 0.7255 0.6798
vn -0.6545 0.7256 -0.2126
vn -0.6543 0.7257 -0.2126
vn 0.2129 0.7249 0.6551
vn 0.2126 0.7257 0.6543
vn -0.3507 -0.8024 -0.4829
vn -0.9628 -0.2232 -0.1522
vn -0.9271 -0.2231 -0.3012
vn 0.1524 -0.2230 -0.9628
vn 0.0000 -0.2231 -0.9748
vn 0.1524 -0.2232 0.9628
vn 0.3013 -0.2231 0.9271
vn 0.6893 -0.2230 -0.6893
vn 0.5730 -0.2230 -0.7886
vn 0.7886 -0.2231 -0.5730
vn -0.7886 -0.2231 -0.5730
vn 0.7887 -0.2231 0.5729
vn 0.6894 -0.2230 0.6892
vn -0.8686 -0.2231 0.4425
vn -0.7887 -0.2231 0.5729
vn -0.1524 -0.2230 -0.9628
vn -0.3013 -0.2230 -0.9271
vn -0.4426 -0.2231 0.8686
vn 0.8686 -0.2231 -0.4424
vn -0.8685 -0.2231 -0.4427
vn 0.8686 -0.2231 0.4425
vn 0.9271 -0.2232 0.3012
vn 0.4540 -0.0188 -0.8908
vn 0.4539 -0.0188 0.8909
vn -0.7071 -0.0188 -0.7069
vn 0.8909 -0.0188 0.4539
vn 0.9875 -0.0188 0.1563
vn -0.1563 -0.0189 -0.9875
vn 0.1563 -0.0189 -0.9875
vn 0.1564 -0.0188 0.9875
usemtl solid_001_wire.029
s 1
f 1/1/1 2/2/2 3/3/3
f 3/3/3 4/4/4 1/1/1
f 5/5/5 6/6/6 7/7/7
f 6/8/6 8/9/8 9/10/9
f 10/11/10 11/12/11 12/13/12
f 12/13/12 13/14/13 10/11/10
f 14/15/14 15/16/15 16/17/16
f 17/18/17 18/19/18 19/20/19
f 19/20/19 20/21/20 17/18/17
f 21/22/21 22/23/22 23/24/23
f 23/24/23 24/25/24 21/22/21
f 25/26/25 26/27/26 27/28/27
f 28/29/28 29/30/29 30/31/30
f 30/31/30 31/32/31 28/29/28
f 32/33/32 33/34/33 34/35/34
f 34/35/34 35/36/35 32/33/32
f 36/37/36 33/38/37 37/39/38
f 37/39/38 38/40/39 36/37/36
f 39/41/40 40/42/41 41/43/42
f 42/44/43 43/45/44 44/46/45
f 44/46/45 45/47/46 42/44/43
f 46/48/47 44/46/45 47/49/48
f 47/49/48 48/50/49 46/48/47
f 49/51/50 50/52/51 51/53/52
f 51/53/52 52/54/53 49/51/50
f 53/55/54 54/56/55 55/57/56
f 55/57/56 56/58/57 53/55/54
f 30/31/30 57/59/58 58/60/59
f 14/15/14 59/61/60 60/62/61
f 60/62/62 59/61/63 61/63/64
f 61/63/64 62/64/65 60/62/62
f 63/65/66 64/66/67 65/67/68
f 65/67/68 66/68/69 63/65/66
f 67/69/70 68/70/71 69/71/72
f 69/71/72 70/72/73 67/69/70
f 71/73/74 72/74/75 73/75/76
f 74/76/77 75/77/78 76/78/79
f 77/79/80 78/80/81 79/81/82
f 80/82/83 81/83/84 82/84/85
f 82/84/85 83/85/86 80/82/83
f 84/86/87 85/87/88 86/88/89
f 86/88/89 87/89/90 84/86/87
f 88/90/91 89/91/92 90/92/93
f 90/92/93 91/93/94 88/90/91
f 92/94/95 93/95/96 94/96/97
f 94/96/97 95/97/98 92/94/95
f 96/98/99 97/99/100 98/100/101
f 98/100/101 99/101/102 96/98/99
f 100/102/103 101/103/104 102/104/105
f 102/104/105 103/105/106 100/102/103
f 62/106/65 61/107/64 104/108/107
f 104/108/107 105/109/108 62/106/65
f 75/77/78 74/76/77 106/110/109
f 106/110/109 107/111/110 75/77/78
f 108/112/111 71/73/112 109/113/113
f 12/13/12 110/114/114 111/115/115
f 111/115/115 112/116/116 12/13/12
f 12/117/12 112/118/116 113/119/117
f 114/120/118 115/121/119 116/122/120
f 116/122/120 117/123/121 114/120/118
f 31/124/122 118/125/123 119/126/124
f 119/126/124 28/127/125 31/124/122
f 120/128/126 121/129/127 122/130/128
f 122/130/128 123/131/129 120/128/126
f 124/132/130 21/133/21 24/134/24
f 24/134/24 125/135/131 124/132/130
f 126/136/132 127/137/133 128/138/134
f 128/138/134 129/139/135 126/136/132
f 130/140/136 131/141/137 132/142/138
f 132/142/138 133/143/139 130/140/136
f 126/144/132 134/145/140 135/146/141
f 135/146/141 136/147/142 126/144/132
f 137/148/143 44/46/45 138/149/144
f 139/150/145 140/151/146 141/152/147
f 142/153/148 143/154/149 144/155/150
f 144/155/150 145/156/151 142/153/148
f 146/157/152 147/158/153 148/159/154
f 148/159/154 149/160/155 146/157/152
f 150/161/156 151/162/157 152/163/158
f 153/164/159 154/165/160 155/166/161
f 155/166/161 150/161/156 153/164/159
f 5/5/5 156/167/162 157/168/163
f 157/168/163 158/169/164 5/5/5
f 159/170/165 160/171/166 161/172/167
f 161/172/167 162/173/168 159/170/165
f 163/174/169 164/175/170 165/176/171
f 166/177/172 167/178/173 168/179/174
f 168/179/174 169/180/175 166/177/172
f 170/181/176 171/182/177 172/183/178
f 172/183/178 173/184/179 170/181/176
f 174/185/180 24/25/24 23/24/23
f 23/24/23 175/186/181 174/185/180
f 176/187/182 177/188/183 178/189/184
f 178/189/184 179/190/185 176/187/182
f 180/191/186 181/192/187 182/193/188
f 182/193/188 183/194/189 180/191/186
f 184/195/190 185/196/191 186/197/192
f 186/197/192 187/198/193 184/195/190
f 188/199/194 189/200/195 190/201/196
f 190/201/196 191/202/197 188/199/194
f 192/203/198 193/204/199 194/205/200
f 194/205/200 195/206/201 192/203/198
f 42/207/43 196/208/202 43/209/44
f 197/210/203 174/185/204 198/211/205
f 198/211/205 199/212/206 197/210/203
f 200/213/207 201/214/208 202/215/209
f 202/215/209 203/216/210 200/213/207
f 204/217/211 198/211/205 205/218/212
f 205/218/212 206/219/213 204/217/211
f 204/217/214 207/220/215 208/221/216
f 105/109/108 209/222/217 210/223/218
f 210/223/218 62/106/65 105/109/108
f 211/224/219 212/225/220 213/226/221
f 213/226/221 214/227/222 211/224/219
f 215/228/223 216/229/224 217/230/225
f 217/230/225 218/231/226 215/228/223
f 219/232/227 220/233/228 221/234/229
f 221/234/229 222/235/230 219/232/227
f 180/191/186 183/194/189 223/236/231
f 223/236/231 224/237/232 180/191/186
f 1/1/1 4/4/4 156/167/162
f 225/238/233 33/239/234 36/240/235
f 36/240/235 226/241/236 225/238/233
f 227/242/237 228/243/238 229/244/239
f 229/244/239 230/245/240 227/242/237
f 231/246/241 232/247/242 233/248/243
f 233/248/243 234/249/244 231/246/241
f 235/250/245 236/251/246 237/252/247
f 237/252/247 238/253/248 235/250/245
f 239/254/249 240/255/250 241/256/251
f 241/256/251 242/257/252 239/254/249
f 243/258/253 244/259/254 245/260/255
f 245/260/255 246/261/256 243/258/253
f 247/262/257 248/263/258 249/264/259
f 249/264/259 250/265/260 247/262/257
f 251/266/261 252/267/262 253/268/263
f 253/268/263 254/269/264 251/266/261
f 255/270/265 256/271/266 30/31/30
f 30/31/30 29/30/29 255/270/265
f 257/272/267 258/273/268 259/274/269
f 260/275/270 261/276/271 262/277/272
f 262/277/272 263/278/273 260/275/270
f 264/279/274 265/280/275 266/281/276
f 267/282/277 268/283/278 269/284/279
f 269/284/279 270/285/280 267/282/277
f 271/286/281 272/287/282 273/288/283
f 3/289/3 274/290/284 134/145/140
f 134/145/140 275/291/285 3/289/3
f 276/292/286 277/293/287 278/294/288
f 25/26/289 279/295/290 119/126/124
f 280/296/291 281/297/292 282/298/293
f 282/298/293 283/299/294 280/296/291
f 284/300/295 285/301/296 286/302/297
f 286/302/297 287/303/298 284/300/295
f 288/304/299 289/305/300 290/306/301
f 290/306/301 291/307/302 288/304/299
f 292/308/303 293/309/304 294/310/305
f 294/310/305 295/311/306 292/308/303
f 296/312/307 297/313/308 298/314/309
f 298/314/309 299/315/310 296/312/307
f 300/316/311 301/317/312 302/318/313
f 302/318/313 303/319/314 300/316/311
f 304/320/315 34/35/34 33/34/33
f 305/321/316 306/322/317 307/323/318
f 307/323/318 308/324/319 305/321/316
f 309/325/320 116/122/120 310/326/321
f 310/326/321 311/327/322 309/325/320
f 312/328/323 313/329/324 314/330/325
f 314/330/325 315/331/326 312/328/323
f 316/332/327 317/333/328 318/334/329
f 318/334/329 319/335/330 316/332/327
f 320/336/331 321/337/332 322/338/333
f 322/338/333 323/339/334 320/336/331
f 324/340/335 325/341/336 326/342/337
f 326/342/337 327/343/338 324/340/335
f 328/344/339 329/345/340 330/346/341
f 330/346/341 141/152/147 328/344/339
f 282/298/293 14/15/14 283/299/294
f 331/347/342 332/348/343 333/349/344
f 71/73/112 283/299/345 334/350/346
f 334/350/346 109/113/113 71/73/112
f 335/351/347 336/352/348 337/353/349
f 337/353/349 338/354/350 335/351/347
f 339/355/351 340/356/352 341/357/353
f 341/357/353 342/358/354 339/355/351
f 343/359/355 344/360/356 345/361/357
f 345/361/357 346/362/358 343/359/355
f 347/363/359 348/364/360 349/365/361
f 349/365/361 350/366/362 347/363/359
f 351/367/363 352/368/364 353/369/365
f 353/369/365 354/370/366 351/367/363
f 355/371/367 356/372/368 357/373/369
f 357/373/369 358/374/370 355/371/367
f 112/375/116 359/376/371 360/377/372
f 360/377/372 113/378/117 112/375/116
f 361/379/373 362/380/374 363/381/375
f 363/381/375 364/382/376 361/379/373
f 365/383/377 366/384/378 367/385/379
f 367/385/379 368/386/380 365/383/377
f 369/387/381 370/388/382 371/389/383
f 371/389/383 372/390/384 369/387/381
f 130/140/136 373/391/385 374/392/386
f 374/392/386 131/141/137 130/140/136
f 375/393/387 376/394/388 377/395/389
f 377/395/389 378/396/390 375/393/387
f 379/397/391 380/398/392 381/399/393
f 381/399/393 382/400/394 379/397/391
f 301/317/312 300/316/311 383/401/395
f 384/402/396 385/403/397 386/404/398
f 386/404/398 387/405/399 384/402/396
f 388/406/400 389/407/401 390/408/402
f 391/409/403 392/410/404 393/411/405
f 393/411/405 394/412/406 391/409/403
f 395/413/407 396/414/408 397/415/409
f 397/415/409 398/416/410 395/413/407
f 399/417/411 400/418/412 401/419/413
f 401/419/413 402/420/414 399/417/411
f 403/421/415 404/422/416 67/69/417
f 67/69/417 70/72/418 403/421/415
f 405/423/419 406/424/420 407/425/421
f 407/425/421 408/426/422 405/423/419
f 409/427/423 410/428/424 411/429/425
f 411/429/425 412/430/426 409/427/423
f 413/431/427 414/432/428 77/79/80
f 77/79/80 415/433/429 413/431/427
f 416/434/430 417/435/431 64/66/67
f 64/66/67 63/65/66 416/434/430
f 418/436/432 419/437/433 420/438/434
f 420/438/434 421/439/435 418/436/432
f 422/440/436 423/441/437 424/442/438
f 424/442/438 269/443/279 422/440/436
f 425/444/439 426/445/440 427/446/441
f 427/446/441 428/447/442 425/444/439
f 429/448/443 430/449/444 431/450/445
f 431/450/445 432/451/446 429/448/443
f 433/452/447 434/453/448 435/454/449
f 435/454/449 436/455/450 433/452/447
f 437/456/451 438/457/452 439/458/453
f 439/458/453 440/459/454 437/456/451
f 441/460/455 442/461/456 443/462/457
f 443/462/457 444/463/458 441/460/455
f 445/464/459 446/465/460 447/466/461
f 447/466/461 448/467/462 445/464/459
f 449/468/463 450/469/464 451/470/465
f 451/470/465 452/471/466 449/468/463
f 453/472/467 454/473/468 455/474/469
f 455/474/469 456/475/470 453/472/467
f 457/476/471 458/477/472 459/478/473
f 459/478/473 460/479/474 457/476/471
f 461/480/475 88/90/91 462/481/476
f 332/348/343 331/347/342 463/482/477
f 464/483/478 465/484/479 466/485/480
f 466/485/480 467/486/481 464/483/478
f 468/487/482 469/488/483 470/489/484
f 470/489/484 471/490/485 468/487/482
f 472/491/486 473/492/487 474/493/488
f 474/493/488 475/494/489 472/491/486
f 476/495/490 477/496/491 478/497/492
f 478/497/492 479/498/493 476/495/490
f 480/499/494 481/500/495 482/501/496
f 482/501/496 483/502/497 480/499/494
f 53/55/54 56/58/57 484/503/498
f 484/503/498 485/504/499 53/55/54
f 189/200/195 188/199/194 486/505/500
f 486/505/500 487/506/501 189/200/195
f 488/507/502 489/508/503 490/509/504
f 490/509/504 491/510/505 488/507/502
f 492/511/506 108/112/111 109/113/113
f 109/113/113 493/512/507 492/511/506
f 26/27/26 25/26/25 494/513/508
f 95/514/98 9/515/509 8/516/510
f 8/516/510 495/517/511 95/514/98
f 171/182/177 170/181/176 496/518/512
f 496/518/512 497/519/513 171/182/177
f 498/520/514 499/521/515 500/522/516
f 500/522/516 501/523/517 498/520/514
f 502/524/518 503/525/519 504/526/520
f 504/526/520 505/527/521 502/524/518
f 506/528/522 507/529/523 508/530/524
f 508/530/524 509/531/525 506/528/522
f 510/532/526 511/533/527 512/534/528
f 512/534/528 457/535/471 510/532/526
f 513/536/529 514/537/530 515/538/531
f 515/538/531 516/539/532 513/536/529
f 517/540/533 518/541/534 519/542/535
f 519/542/535 520/543/536 517/540/533
f 521/544/537 522/545/538 523/546/539
f 523/546/539 524/547/540 521/544/537
f 525/548/541 526/549/542 527/550/543
f 527/550/543 528/551/544 525/548/541
f 506/552/522 509/553/525 529/554/545
f 529/554/545 530/555/546 506/552/522
f 531/556/547 532/557/548 533/558/549
f 533/558/549 534/559/550 531/556/547
f 535/560/551 536/561/552 537/562/553
f 537/562/553 538/563/554 535/560/551
f 538/563/554 539/564/555 540/565/556
f 540/565/556 541/566/557 538/563/554
f 42/207/43 129/139/135 128/138/134
f 128/138/134 196/208/202 42/207/43
f 542/567/558 543/568/559 544/569/560
f 544/569/560 545/570/561 542/567/558
f 546/571/562 547/572/563 548/573/564
f 548/573/564 549/574/565 546/571/562
f 100/102/103 103/105/106 550/575/566
f 550/575/566 551/576/567 100/102/103
f 448/577/462 447/578/461 552/579/568
f 552/579/568 553/580/569 448/577/462
f 554/581/570 555/582/571 556/583/572
f 556/583/572 557/584/573 554/581/570
f 558/585/574 559/586/575 560/587/576
f 561/588/577 562/589/578 563/590/579
f 563/590/579 564/591/580 561/588/577
f 565/592/581 566/593/582 567/594/583
f 567/594/583 568/595/584 565/592/581
f 569/596/585 570/597/586 571/598/587
f 571/598/587 572/599/588 569/596/585
f 573/600/589 574/601/590 575/602/591
f 575/602/591 576/603/592 573/600/589
f 577/604/593 286/302/594 578/605/595
f 578/605/595 579/606/596 577/604/593
f 580/607/597 581/608/598 582/609/599
f 582/609/599 583/610/600 580/607/597
f 584/611/601 585/612/602 586/613/603
f 586/613/603 587/614/604 584/611/601
f 17/18/605 20/21/606 588/615/607
f 588/615/607 589/616/608 17/18/605
f 590/617/609 591/618/610 592/619/611
f 592/619/611 593/620/612 590/617/609
f 73/621/613 594/622/614 595/623/615
f 595/623/615 71/624/616 73/621/613
f 596/625/617 597/626/618 598/627/619
f 598/627/619 599/628/620 596/625/617
f 252/267/262 251/266/261 600/629/621
f 601/630/622 47/631/623 602/632/624
f 602/632/624 603/633/625 601/630/622
f 604/634/626 605/635/627 606/636/628
f 606/636/628 607/637/629 604/634/626
f 608/638/630 609/639/631 82/84/85
f 82/84/85 610/640/632 608/638/630
f 611/641/633 612/642/634 613/643/635
f 613/643/635 614/644/636 611/641/633
f 615/645/637 616/646/638 617/647/639
f 617/647/639 618/648/640 615/645/637
f 619/649/641 620/650/642 621/651/643
f 621/651/643 622/652/644 619/649/641
f 623/653/645 624/654/646 625/655/647
f 625/655/647 626/656/648 623/653/645
f 627/657/649 628/658/650 629/659/651
f 629/659/651 630/660/652 627/657/649
f 631/661/653 632/662/654 633/663/655
f 633/663/655 634/664/656 631/661/653
f 635/665/657 636/666/658 637/667/659
f 637/667/659 638/668/660 635/665/657
f 639/669/661 640/670/662 641/671/663
f 641/671/663 642/672/664 639/669/661
f 643/673/665 337/353/349 644/674/666
f 644/674/666 645/675/667 643/673/665
f 646/676/668 647/677/669 648/678/670
f 648/678/670 649/679/671 646/676/668
f 650/680/672 651/681/673 652/682/674
f 653/683/675 654/684/676 655/685/677
f 655/685/677 656/686/678 653/683/675
f 657/687/679 658/688/680 659/689/681
f 659/689/681 660/690/682 657/687/679
f 661/691/683 662/692/684 663/693/685
f 663/693/685 664/694/686 661/691/683
f 665/695/687 666/696/688 667/697/689
f 667/697/689 668/698/690 665/695/687
f 669/699/691 670/700/692 671/701/693
f 671/701/693 672/702/694 669/699/691
f 673/703/695 674/704/696 675/705/697
f 675/705/697 676/706/698 673/703/695
f 677/707/699 678/708/700 679/709/701
f 679/709/701 176/187/182 677/707/699
f 680/710/702 681/711/703 682/712/704
f 682/712/704 304/320/315 680/710/702
f 683/713/705 684/714/706 685/715/707
f 686/716/708 687/717/709 688/718/710
f 688/718/710 689/719/711 686/716/708
f 258/273/268 28/29/28 690/720/712
f 690/720/712 691/721/713 258/273/268
f 692/722/714 693/723/715 694/724/716
f 695/725/717 696/726/718 697/727/719
f 697/727/719 698/728/720 695/725/717
f 699/729/721 700/730/722 701/731/723
f 701/731/723 702/732/724 699/729/721
f 703/733/725 704/734/726 705/735/727
f 705/735/727 706/736/728 703/733/725
f 707/737/729 708/738/730 709/739/731
f 709/739/731 710/740/732 707/737/729
f 98/100/101 97/99/100 711/741/733
f 711/741/733 712/742/734 98/100/101
f 713/743/735 714/744/736 715/745/737
f 571/598/587 570/597/586 716/746/738
f 716/746/738 717/747/739 571/598/587
f 308/324/319 718/748/740 719/749/741
f 719/749/741 305/321/316 308/324/319
f 720/750/742 721/751/743 722/752/744
f 722/752/744 723/753/745 720/750/742
f 724/754/746 725/755/747 726/756/748
f 726/756/748 727/757/749 724/754/746
f 728/758/750 729/759/751 730/760/752
f 369/387/381 731/761/753 732/762/754
f 732/762/754 370/388/382 369/387/381
f 733/763/755 734/764/756 735/765/757
f 735/765/757 736/766/758 733/763/755
f 737/767/759 738/768/760 739/769/761
f 516/770/532 515/771/531 740/772/762
f 740/772/762 741/773/763 516/770/532
f 742/774/764 743/775/765 744/776/766
f 745/777/767 746/778/768 747/779/769
f 573/780/589 576/781/592 748/782/770
f 748/782/770 749/783/771 573/780/589
f 132/784/772 16/17/16 15/16/15
f 750/785/773 751/786/774 752/787/775
f 753/788/776 754/789/777 755/790/778
f 312/328/323 315/331/326 756/791/779
f 756/791/779 757/792/780 312/328/323
f 758/793/781 759/794/782 760/795/783
f 760/795/783 761/796/784 758/793/781
f 214/227/222 762/797/785 763/798/786
f 763/798/786 764/799/787 214/227/222
f 765/800/788 766/801/789 767/802/790
f 767/802/790 768/803/791 765/800/788
f 769/804/792 770/805/793 771/806/794
f 84/86/87 87/89/90 772/807/795
f 772/807/795 773/808/796 84/86/87
f 774/809/797 775/810/798 728/811/750
f 728/811/750 730/812/752 774/809/797
f 776/813/799 777/814/800 329/345/340
f 329/345/340 778/815/801 776/813/799
f 779/816/802 780/817/803 216/818/224
f 216/818/224 781/819/804 779/816/802
f 782/820/805 280/821/806 783/822/807
f 783/822/807 169/823/808 782/820/805
f 784/824/809 785/825/810 786/826/811
f 786/826/811 787/827/812 784/824/809
f 788/828/813 789/829/814 790/830/815
f 790/830/815 791/831/816 788/828/813
f 418/832/432 421/833/435 792/834/817
f 792/834/817 793/835/818 418/832/432
f 794/836/819 795/837/820 796/838/821
f 796/838/821 797/839/822 794/836/819
f 405/840/419 408/841/422 798/842/823
f 798/842/823 799/843/824 405/840/419
f 800/844/825 801/845/826 802/846/827
f 802/846/827 803/847/828 800/844/825
f 804/848/829 805/849/830 806/850/831
f 806/850/831 807/851/832 804/848/829
f 426/852/440 808/853/833 427/854/441
f 809/855/834 810/856/835 679/857/836
f 679/857/836 811/858/837 809/855/834
f 612/642/634 812/859/838 613/643/635
f 813/860/839 814/861/840 815/862/841
f 815/862/841 816/863/842 813/860/839
f 817/864/843 818/865/844 819/866/845
f 819/866/845 820/867/846 817/864/843
f 6/6/6 5/5/5 821/868/847
f 822/869/848 823/870/849 824/871/850
f 824/871/850 825/872/851 822/869/848
f 826/873/852 827/874/853 828/875/854
f 828/875/854 829/876/855 826/873/852
f 830/877/856 831/878/857 832/879/858
f 833/880/859 834/881/860 835/882/861
f 836/883/862 648/678/670 647/677/669
f 647/677/669 837/884/863 836/883/862
f 838/885/864 837/884/863 839/886/865
f 839/886/865 840/887/866 838/885/864
f 841/888/867 842/889/868 306/890/317
f 306/890/317 843/891/869 841/888/867
f 844/892/870 558/585/574 560/587/576
f 560/587/576 845/893/871 844/892/870
f 846/894/872 847/895/873 13/896/13
f 13/896/13 113/897/117 846/894/872
f 848/898/874 654/684/676 653/683/675
f 653/683/675 849/899/875 848/898/874
f 850/900/876 851/901/877 852/902/878
f 852/902/878 849/899/875 850/900/876
f 619/903/641 622/904/644 853/905/879
f 853/905/879 854/906/880 619/903/641
f 855/907/881 856/908/882 857/909/883
f 857/909/883 854/910/880 855/907/881
f 627/657/649 630/660/652 858/911/884
f 858/911/884 859/912/885 627/657/649
f 860/913/886 861/914/887 862/915/888
f 862/915/888 859/912/885 860/913/886
f 409/916/423 412/917/426 863/918/889
f 863/918/889 864/919/890 409/916/423
f 865/920/891 866/921/892 867/922/893
f 867/922/893 864/919/890 865/920/891
f 523/546/539 522/545/538 868/923/894
f 868/923/894 869/924/895 523/546/539
f 870/925/896 869/924/895 871/926/897
f 871/926/897 872/927/898 870/925/896
f 873/928/899 562/589/578 561/588/577
f 561/588/577 874/929/900 873/928/899
f 875/930/901 874/929/900 876/931/902
f 876/931/902 877/932/903 875/930/901
f 878/933/904 254/269/264 253/268/263
f 253/268/263 879/934/905 878/933/904
f 580/607/597 583/610/600 880/935/906
f 880/935/906 881/936/907 580/607/597
f 882/937/908 883/938/909 884/939/910
f 884/939/910 881/936/907 882/937/908
f 885/940/911 439/458/453 438/457/452
f 438/457/452 435/454/449 885/940/911
f 886/941/912 887/942/913 888/943/914
f 889/944/915 890/945/916 891/946/917
f 891/946/917 591/618/918 889/944/915
f 591/618/610 892/947/919 592/619/611
f 14/15/14 893/948/920 283/299/294
f 14/15/14 60/62/61 894/949/921
f 894/949/921 110/950/922 14/15/14
f 895/951/923 896/952/924 897/953/925
f 897/953/925 898/954/926 895/951/923
f 899/955/927 900/956/928 901/957/929
f 901/957/929 902/958/930 899/955/927
f 903/959/931 904/960/932 905/961/933
f 906/962/934 907/963/935 908/964/936
f 423/965/937 909/966/938 910/967/939
f 911/968/940 348/364/360 347/363/359
f 347/363/359 912/969/941 911/968/940
f 913/970/942 321/337/332 320/336/331
f 320/336/331 914/971/943 913/970/942
f 455/474/469 454/473/468 915/972/944
f 915/972/944 916/973/945 455/474/469
f 135/146/141 134/145/140 274/290/284
f 669/699/691 672/702/694 917/974/946
f 917/974/946 918/975/947 669/699/691
f 357/373/369 360/976/948 919/977/949
f 40/42/41 39/41/40 920/978/950
f 921/979/951 922/980/952 923/981/953
f 923/981/953 924/982/954 921/979/951
f 925/983/955 926/984/956 927/985/957
f 927/985/957 928/986/958 925/983/955
f 929/987/959 930/988/960 532/557/548
f 532/557/548 931/989/961 929/987/959
f 932/990/962 344/360/356 343/359/355
f 343/359/355 933/991/963 932/990/962
f 313/329/324 934/992/964 314/330/325
f 935/993/965 936/994/966 937/995/967
f 937/995/967 938/996/968 935/993/965
f 939/997/969 635/665/657 940/998/970
f 940/998/970 941/999/971 939/997/969
f 942/1000/972 943/1001/973 634/664/656
f 634/664/656 944/1002/974 942/1000/972
f 945/1003/975 946/1004/976 947/1005/977
f 947/1005/977 481/1006/978 945/1003/975
f 555/582/571 554/581/570 948/1007/979
f 948/1007/979 949/1008/980 555/582/571
f 950/1009/981 951/1010/982 952/1011/983
f 953/1012/984 734/764/756 733/763/755
f 733/763/755 954/1013/985 953/1012/984
f 955/1014/986 956/1015/987 957/1016/988
f 958/1017/989 959/1018/990 960/1019/991
f 961/1020/992 962/1021/993 173/184/179
f 173/184/179 468/1022/994 961/1020/992
f 226/241/236 963/1023/995 917/1024/996
f 917/1024/996 225/238/233 226/241/236
f 671/1025/997 964/1026/998 2/1027/999
f 806/850/831 805/849/830 965/1028/1000
f 965/1028/1000 966/1029/1001 806/850/831
f 389/407/401 388/406/400 967/1030/1002
f 968/1031/1003 969/1032/1004 970/1033/1005
f 779/816/802 971/1034/1006 780/817/803
f 581/608/598 972/1035/1007 582/609/599
f 973/1036/1008 974/1037/1009 975/1038/1010
f 975/1038/1010 976/1039/1011 973/1036/1008
f 499/521/515 498/520/514 976/1040/1011
f 976/1040/1011 975/1041/1010 499/521/515
f 977/1042/1012 978/1043/1013 979/1044/1014
f 979/1044/1014 980/1045/1015 977/1042/1012
f 21/1046/1016 981/1047/1017 982/1048/1018
f 982/1048/1018 22/1049/1019 21/1046/1016
f 20/21/20 19/20/19 91/1050/1020
f 91/1050/1020 983/1051/1021 20/21/20
f 984/1052/1022 138/149/144 44/46/45
f 44/46/45 985/1053/1023 984/1052/1022
f 986/1054/1024 8/9/8 6/8/6
f 299/315/310 987/1055/1025 988/1056/1026
f 988/1056/1026 989/1057/1027 299/315/310
f 990/1058/1028 440/459/1029 439/458/1030
f 439/458/1030 991/1059/1031 990/1058/1028
f 992/1060/1032 993/1061/1033 994/1062/1034
f 817/864/843 376/394/388 375/393/387
f 375/393/387 818/865/844 817/864/843
f 995/1063/1035 261/276/271 260/275/270
f 260/275/270 668/698/690 995/1063/1035
f 28/127/125 119/126/124 279/295/290
f 279/295/290 690/1064/1036 28/127/125
f 996/1065/1037 268/1066/1038 267/1067/1039
f 267/1067/1039 997/1068/1040 996/1065/1037
f 998/1069/1041 546/571/562 999/1070/1042
f 1000/1071/1043 493/1072/1044 1001/1073/1045
f 1002/1074/1046 76/78/79 75/77/78
f 1003/1075/1047 1004/1076/1048 1005/1077/1049
f 1006/1078/1050 757/792/780 1007/1079/1051
f 1007/1079/1051 1008/1080/1052 1006/1078/1050
f 8/9/8 986/1054/1024 155/166/161
f 8/9/8 155/166/161 154/165/160
f 1009/1081/1053 1010/1082/1054 1011/1083/1055
f 1011/1083/1055 132/1084/1056 1009/1081/1053
f 30/31/30 58/60/59 1012/1085/1057
f 1012/1085/1057 31/32/31 30/31/30
f 1013/1086/1058 1014/1087/1059 1015/1088/1060
f 993/1089/1033 1016/1090/1061 1017/1091/1062
f 1017/1091/1062 368/386/380 993/1089/1033
f 66/68/69 1018/1092/1063 1019/1093/1064
f 1019/1093/1064 1020/1094/1065 66/68/69
f 273/288/283 1021/1095/1066 1022/1096/1067
f 1022/1096/1067 271/286/281 273/288/283
f 514/537/530 513/536/529 1023/1097/1068
f 1024/1098/1069 685/715/707 684/714/706
f 178/1099/184 177/1100/183 1025/1101/1070
f 1026/1102/1071 318/334/329 317/333/328
f 317/333/328 1027/1103/1072 1026/1102/1071
f 1028/1104/1073 1029/1105/1074 1030/1106/1075
f 1031/1107/1076 1032/1108/1077 487/506/501
f 487/506/501 486/505/500 1031/1107/1076
f 1033/1109/1078 1034/1110/1079 1035/1111/1080
f 1036/1112/1081 1037/1113/1082 497/519/513
f 497/519/513 496/518/512 1036/1112/1081
f 1038/1114/1083 1039/1115/1084 1040/1116/1085
f 1041/1117/1086 624/654/1087 1042/1118/1088
f 1042/1118/1088 1043/1119/1089 1041/1117/1086
f 1044/1120/1090 18/1121/1091 36/1122/1092
f 36/1122/1092 38/1123/1093 1044/1120/1090
f 265/280/275 264/279/274 1045/1124/1094
f 1045/1124/1094 1046/1125/1095 265/280/275
f 325/341/336 324/340/335 1047/1126/1096
f 1048/1127/1097 494/513/508 25/26/25
f 25/26/25 119/126/1098 1048/1127/1097
f 127/1128/1099 1049/1129/1100 197/1130/1101
f 888/1131/914 887/1132/913 1050/1133/1102
f 1051/1134/1103 354/370/366 353/369/365
f 353/369/365 1052/1135/1104 1051/1134/1103
f 1053/1136/1105 428/447/442 1054/1137/1106
f 1054/1137/1106 1055/1138/1107 1053/1136/1105
f 1056/1139/1108 1057/1140/1109 1058/1141/1110
f 1058/1141/1110 1059/1142/1111 1056/1139/1108
f 951/1010/982 950/1009/981 1060/1143/1112
f 1061/1144/1113 1062/1145/1114 738/1146/760
f 738/1146/760 1063/1147/1115 1061/1144/1113
f 1064/1148/1116 1065/1149/1117 1066/1150/1118
f 393/1151/405 392/1152/404 1067/1153/1119
f 1067/1153/1119 1068/1154/1120 393/1151/405
f 743/775/765 742/774/764 1069/1155/1121
f 1069/1155/1121 1070/1156/1122 743/775/765
f 257/272/267 259/274/269 106/1157/109
f 106/1157/109 74/1158/77 257/272/267
f 1071/1159/1123 970/1033/1005 969/1032/1004
f 628/658/650 1072/1160/1124 629/659/651
f 563/590/579 1073/1161/1125 564/591/580
f 1074/1162/1126 1075/1163/1127 1076/1164/1128
f 1076/1164/1128 1077/1165/1129 1074/1162/1126
f 751/786/774 750/785/773 1078/1166/1130
f 1078/1166/1130 1079/1167/1131 751/786/774
f 1080/1168/1132 362/380/374 361/379/373
f 361/379/373 1081/1169/1133 1080/1168/1132
f 1082/1170/1134 244/259/254 243/258/253
f 243/258/253 759/794/782 1082/1170/1134
f 215/1171/223 1083/1172/1135 1084/1173/1136
f 1084/1173/1136 216/1174/224 215/1171/223
f 54/56/55 1085/1175/1137 149/160/155
f 149/160/155 1086/1176/1138 54/56/55
f 825/872/851 1087/1177/1139 1088/1178/1140
f 1088/1178/1140 822/869/848 825/872/851
f 1089/1179/1141 1090/1180/1142 740/1181/762
f 740/1181/762 515/1182/531 1089/1179/1141
f 267/1067/1039 1091/1183/1143 1092/1184/1144
f 1092/1184/1144 997/1068/1040 267/1067/1039
f 433/1185/1145 1093/1186/1146 1094/1187/1147
f 1094/1187/1147 1095/1188/1148 433/1185/1145
f 235/250/245 1096/1189/1149 1097/1190/1150
f 664/694/686 1098/1191/1151 1099/1192/1152
f 1099/1192/1152 661/691/683 664/694/686
f 1100/1193/1153 373/391/385 1101/1194/1154
f 1101/1194/1154 732/762/754 1100/1193/1153
f 1102/1195/1155 1103/1196/1156 1104/1197/1157
f 1104/1197/1157 1105/1198/1158 1102/1195/1155
f 1106/1199/1159 1107/1200/1160 1101/1194/1154
f 1101/1194/1154 373/391/385 1106/1199/1159
f 144/155/150 1108/1201/1161 1109/1202/1162
f 1109/1202/1162 1110/1203/1163 144/155/150
f 29/30/29 1111/1204/1164 1112/1205/1165
f 1112/1205/1165 255/270/265 29/30/29
f 78/1206/1166 258/273/268 1111/1204/1164
f 1111/1204/1164 29/30/29 78/1206/1166
f 681/1207/1167 680/1208/1168 678/708/700
f 678/708/700 677/707/699 681/1207/1167
f 1113/1209/1169 1114/1210/1170 1115/1211/1171
f 1116/1212/1172 1117/1213/1173 971/1034/1006
f 971/1034/1006 779/816/802 1116/1212/1172
f 1004/1076/1048 1003/1075/1047 1118/1214/1174
f 1118/1214/1174 1119/1215/1175 1004/1076/1048
f 1120/1216/1176 1121/1217/1177 1122/1218/1178
f 1123/1219/1179 1124/1220/1180 1125/1221/1181
f 1125/1221/1181 1126/1222/1182 1123/1219/1179
f 898/954/926 1127/1223/1183 1128/1224/1184
f 1128/1224/1184 895/951/923 898/954/926
f 1129/1225/1185 396/414/408 395/413/407
f 395/413/407 1130/1226/1186 1129/1225/1185
f 1131/1227/1187 1132/1228/1188 1133/1229/1189
f 1133/1229/1189 1134/1230/1190 1131/1227/1187
f 1135/1231/1191 1136/1232/1192 557/584/573
f 557/584/573 556/583/572 1135/1231/1191
f 593/620/612 1137/1233/1193 1138/1234/1194
f 1138/1234/1194 590/617/609 593/620/612
f 1139/1235/1195 1140/1236/1196 1141/1237/1197
f 316/332/327 319/335/330 1142/1238/1198
f 1142/1238/1198 1143/1239/1199 316/332/327
f 1144/1240/1200 444/463/458 443/462/457
f 443/462/457 1145/1241/1201 1144/1240/1200
f 17/18/1202 1146/1242/1202 18/19/1202
f 1147/1243/1203 1148/1244/1204 1149/1245/1205
f 118/125/1206 15/1246/15 281/1247/292
f 281/1247/292 119/126/1207 118/125/1206
f 281/1247/292 1150/1248/1208 119/126/1207
f 1151/1249/1209 1152/1250/1210 489/508/1211
f 489/508/1211 488/507/1212 1151/1249/1209
f 1153/1251/1213 813/860/839 816/863/842
f 533/558/549 530/1252/546 529/1253/545
f 529/1253/545 534/559/550 533/558/549
f 1034/1254/1079 1154/1255/1214 1155/1256/1215
f 650/1257/1216 652/1258/1217 649/679/671
f 649/679/671 1156/1259/1218 650/1257/1216
f 283/299/294 1157/1260/1219 1048/1261/1220
f 1048/1261/1220 280/296/291 283/299/294
f 1158/1262/1221 1104/1197/1157 1103/1196/1156
f 1103/1196/1156 1159/1263/1222 1158/1262/1221
f 478/497/492 477/496/491 1160/1264/1223
f 1160/1264/1223 1161/1265/1224 478/497/492
f 276/292/286 278/294/288 791/831/816
f 791/831/816 1162/1266/1225 276/292/286
f 791/831/816 790/830/815 1162/1266/1225
f 1163/1267/1226 1164/1268/1227 1165/1269/1228
f 1164/1270/1227 1166/1271/1229 1167/1272/1230
f 1168/1273/1231 745/777/767 1169/1274/1232
f 1170/1275/1233 700/730/722 699/729/721
f 699/729/721 706/736/728 1170/1275/1233
f 1171/1276/1234 1172/1277/1235 770/805/793
f 770/805/793 1173/1278/1236 1171/1276/1234
f 1123/1219/1179 403/421/1237 70/72/73
f 70/72/73 1124/1220/1180 1123/1219/1179
f 1174/1279/1238 1175/1280/1239 1176/1281/1240
f 1121/1217/1177 1120/1216/1176 1177/1282/1241
f 1177/1282/1241 1178/1283/1242 1121/1217/1177
f 378/396/390 1179/1284/1243 45/47/46
f 45/47/46 137/148/143 378/396/390
f 1180/1285/1244 1179/1286/1243 542/567/558
f 542/567/558 1181/1287/1245 1180/1285/1244
f 1175/1280/1239 1174/1279/1238 1182/1288/1246
f 1182/1288/1246 1183/1289/1247 1175/1280/1239
f 651/1290/673 650/1291/672 1184/1292/1248
f 1184/1292/1248 1185/1293/1249 651/1290/673
f 247/262/257 250/265/260 1186/1294/1250
f 1186/1294/1250 1187/1295/1251 247/262/257
f 1112/1205/1165 74/1158/77 10/1296/10
f 10/1296/10 255/270/265 1112/1205/1165
f 1188/1297/1252 10/11/10 74/76/77
f 74/76/77 76/78/79 1188/1297/1252
f 1189/1298/1253 719/749/741 718/748/740
f 718/748/740 310/326/321 1189/1298/1253
f 1190/1299/1254 753/788/776 1191/1300/1255
f 946/1004/976 1192/1301/1256 947/1005/977
f 1193/1302/1257 1194/1303/1258 450/469/464
f 450/469/464 1195/1304/1259 1193/1302/1257
f 110/114/114 12/13/12 1196/1305/1260
f 1196/1305/1260 1197/1306/1261 110/114/114
f 1002/1074/1046 1197/1306/1261 76/78/79
f 658/688/1262 1198/1307/1263 1199/1308/1264
f 1199/1308/1264 1200/1309/1265 658/688/1262
f 809/855/834 1201/1310/1266 680/1311/1267
f 680/1311/1267 810/856/835 809/855/834
f 152/163/158 177/188/183 153/164/159
f 153/164/159 150/161/156 152/163/158
f 204/1312/214 208/1313/216 177/1314/1268
f 191/202/197 443/1315/1269 1202/1316/1270
f 1202/1316/1270 1203/1317/1271 191/202/197
f 1204/1318/1272 568/1319/584 567/1320/583
f 567/1320/583 1205/1321/1273 1204/1318/1272
f 14/15/14 16/17/16 59/61/60
f 50/52/51 49/51/50 1206/1322/1274
f 1206/1322/1274 1207/1323/1275 50/52/51
f 1208/1324/1276 1209/1325/1277 1210/1326/1278
f 112/375/1279 1211/1327/1280 1212/1328/1281
f 1212/1328/1281 359/376/1282 112/375/1279
f 894/1329/1283 1213/1330/1284 1039/1331/1084
f 1039/1331/1084 111/1332/1285 894/1329/1283
f 110/114/114 894/1333/1286 111/115/115
f 688/718/710 687/717/709 1214/1334/1287
f 1214/1334/1287 1215/1335/1288 688/718/710
f 475/494/489 474/493/488 1216/1336/1289
f 1216/1336/1289 1217/1337/1290 475/494/489
f 109/1338/1291 1218/1339/1292 493/1340/1044
f 1209/1325/1277 1219/1341/1293 1220/1342/1294
f 1221/1343/1295 957/1344/988 163/174/169
f 163/174/169 165/176/171 1221/1343/1295
f 692/722/714 694/724/716 1222/1345/1296
f 1222/1345/1296 1223/1346/1297 692/722/714
f 1224/1347/1298 657/1348/679 1225/1349/1299
f 1226/1350/1300 424/442/438 423/441/437
f 423/441/437 1227/1351/1301 1226/1350/1300
f 1228/1352/1302 1227/1353/1303 1229/1354/1304
f 1229/1354/1304 1230/1355/1305 1228/1352/1302
f 368/1356/380 367/1357/379 1231/1358/1306
f 1231/1358/1306 1232/1359/1307 368/1356/380
f 660/1360/682 1225/1361/1299 657/1362/679
f 6/6/6 9/1363/9 917/1364/1308
f 917/1364/1308 7/7/7 6/6/6
f 311/327/322 310/326/321 718/748/740
f 718/748/740 1233/1365/1309 311/327/322
f 1234/1366/1310 3/289/3 275/291/285
f 275/291/285 788/828/813 1234/1366/1310
f 382/400/394 381/399/393 157/168/163
f 157/168/163 4/4/4 382/400/394
f 1235/1367/1311 721/751/743 720/750/742
f 720/750/742 727/757/749 1235/1367/1311
f 1236/1368/1312 1237/1369/1313 934/992/964
f 934/992/964 313/329/324 1236/1368/1312
f 1238/1370/1314 1239/1371/1315 587/614/604
f 587/614/604 586/613/603 1238/1370/1314
f 1240/1372/1316 1241/1373/1317 1242/1374/1318
f 1242/1374/1318 1243/1375/1319 1240/1372/1316
f 1244/1376/1320 1245/1377/1321 1246/1378/1322
f 1246/1378/1322 1247/1379/1323 1244/1376/1320
f 948/1007/979 1248/1380/1324 949/1008/980
f 225/1381/1325 1249/1382/1326 33/1383/33
f 33/34/33 8/1384/1327 154/1385/1328
f 154/1385/1328 304/320/315 33/34/33
f 1027/1103/1072 273/288/283 272/287/282
f 272/287/282 1026/1102/1071 1027/1103/1072
f 1250/1386/1329 786/826/811 1251/1387/1330
f 1252/1388/1331 617/647/639 1253/1389/1332
f 1254/1390/1333 1255/1391/1334 1140/1236/1196
f 1256/1392/1335 938/1393/1336 937/1394/1337
f 1064/1148/1116 1066/1150/1118 1257/1395/1338
f 1257/1395/1338 1258/1396/1339 1064/1148/1116
f 1259/1397/1340 1260/1398/1341 288/304/1342
f 288/304/1342 1261/1399/1343 1259/1397/1340
f 967/1030/1002 1262/1400/1344 1263/1401/1345
f 380/398/392 379/397/391 277/1402/287
f 277/1402/287 1264/1403/1346 380/398/392
f 376/394/388 817/864/843 1265/1404/1347
f 1265/1404/1347 1266/1405/1348 376/394/388
f 1267/1406/1349 1268/1407/1350 558/1408/574
f 558/1408/574 844/1409/870 1267/1406/1349
f 1269/1410/1351 1270/1411/1352 1271/1412/1353
f 1272/1413/1354 488/507/1212 1273/1414/1355
f 570/597/586 569/596/585 1274/1415/1356
f 1274/1415/1356 1275/1416/1357 570/597/586
f 763/798/786 1276/1417/1358 764/799/787
f 174/185/1359 175/186/1360 208/221/216
f 208/221/216 207/220/215 174/185/1359
f 1011/1418/1361 748/1419/1362 1277/1420/1363
f 1277/1420/1363 132/784/1364 1011/1418/1361
f 1278/1421/1365 294/310/305 293/309/304
f 1279/1422/1366 1280/1423/1367 240/1424/250
f 240/1424/250 239/1425/249 1279/1422/1366
f 835/1426/861 1281/1427/1368 1282/1428/1369
f 1283/1429/1370 1019/1093/1064 1284/1430/1371
f 1285/1431/1372 1286/1432/1373 339/355/351
f 339/355/351 1287/1433/1374 1285/1431/1372
f 1288/1434/1375 1015/1088/1060 1014/1087/1059
f 1289/1435/1376 443/1315/1269 191/202/197
f 191/202/197 190/201/196 1289/1435/1376
f 288/304/299 1260/1398/1377 1290/1436/1378
f 1290/1436/1378 289/305/300 288/304/299
f 1291/1437/1379 973/1438/1008 1292/1439/1380
f 1292/1439/1380 1293/1440/1381 1291/1437/1379
f 205/218/212 198/211/205 174/185/204
f 174/185/204 203/1441/210 205/218/212
f 1294/1442/1382 984/1443/1383 927/1444/957
f 927/1444/957 926/1445/956 1294/1442/1382
f 539/564/555 1295/1446/1384 1296/1447/1385
f 1296/1447/1385 540/565/556 539/564/555
f 1134/1230/1386 1133/1229/1387 1297/1448/1388
f 1297/1448/1388 1298/1449/1389 1134/1230/1386
f 1299/1450/1390 1300/1451/1391 773/808/796
f 773/808/796 772/807/795 1299/1450/1390
f 164/175/170 163/174/169 1301/1452/1392
f 1302/1453/1393 1303/1454/1394 1304/1455/1395
f 1304/1455/1395 979/1044/1014 1302/1453/1393
f 130/140/136 133/143/139 1012/1456/1396
f 1012/1456/1396 1305/1457/1397 130/140/136
f 527/550/1398 526/549/1399 1254/1458/1400
f 1254/1458/1400 1140/1459/1401 527/550/1398
f 1306/1460/1402 1296/1447/1385 1295/1446/1384
f 1295/1446/1384 1307/1461/1403 1306/1460/1402
f 1308/1462/1404 86/88/89 85/87/88
f 85/87/88 1201/1310/1266 1308/1462/1404
f 72/74/75 71/73/74 108/112/1405
f 339/355/351 1286/1432/1373 1309/1463/1406
f 1309/1463/1406 340/356/352 339/355/351
f 684/714/706 687/717/709 1310/1464/1407
f 1310/1464/1407 1024/1098/1069 684/714/706
f 434/453/1408 1311/1465/1409 1312/1466/1410
f 1312/1466/1410 885/940/1411 434/453/1408
f 1311/1465/1409 434/453/1408 433/452/1145
f 433/452/1145 1095/1467/1148 1311/1465/1409
f 1313/1468/1412 944/1002/974 1314/1469/1413
f 1314/1469/1413 1315/1470/1414 1313/1468/1412
f 184/1471/190 187/1472/193 1316/1473/1415
f 1316/1473/1415 1317/1474/1416 184/1471/190
f 386/404/398 385/403/397 1318/1475/1417
f 1318/1475/1417 1319/1476/1418 386/404/398
f 121/129/127 127/1128/1099 1320/1477/1419
f 1320/1477/1419 122/130/128 121/129/127
f 1321/1478/1420 1244/1376/1320 1322/1479/1421
f 1323/1480/1422 730/760/752 729/759/751
f 1324/1481/1423 1325/1482/1424 1326/1483/1425
f 1327/1484/1426 518/1485/534 1328/1486/1427
f 1328/1486/1427 514/1487/530 1327/1484/1426
f 268/1066/1038 996/1065/1037 1329/1488/1428
f 1329/1488/1428 422/1489/1429 268/1066/1038
f 909/966/938 423/965/937 422/1489/1429
f 422/1489/1429 1329/1488/1428 909/966/938
f 275/291/285 1330/1490/1430 789/829/814
f 789/829/814 788/828/813 275/291/285
f 545/570/561 1331/1491/1431 1181/1287/1245
f 1181/1287/1245 542/567/558 545/570/561
f 1332/1492/1432 1333/1493/1433 228/243/238
f 228/243/238 227/242/237 1332/1492/1432
f 199/212/206 1334/1494/1434 197/210/203
f 127/1495/1435 197/210/1435 1334/1494/1435
f 1335/1496/1436 696/1497/718 695/1498/717
f 695/1498/717 1336/1499/1437 1335/1496/1436
f 95/1500/1438 94/1501/1439 1337/1502/1440
f 458/1503/472 457/1504/471 512/1505/528
f 512/1505/528 1338/1506/1441 458/1503/472
f 1108/1201/1161 201/214/208 200/213/207
f 200/213/207 1109/1202/1162 1108/1201/1161
f 1339/1507/1442 1340/1508/1443 933/991/963
f 1341/1509/1444 1342/1510/1445 912/969/941
f 1343/1511/1446 1052/1135/1104 1344/1512/1447
f 1344/1512/1447 1345/1513/1448 1343/1511/1446
f 1346/1514/1449 1347/1515/1450 603/633/1451
f 603/633/1451 1348/1516/1452 1346/1514/1449
f 1349/1517/1453 544/569/560 543/568/559
f 543/568/559 161/1518/167 1349/1517/1453
f 790/830/815 1349/1519/1453 1162/1266/1225
f 590/617/1454 1138/1234/1455 1350/1520/1456
f 1350/1520/1456 1351/1521/1457 590/617/1454
f 594/622/614 102/104/105 101/103/104
f 101/103/104 595/623/615 594/622/614
f 331/347/342 334/1522/1458 1352/1523/1459
f 1352/1523/1459 1353/1524/1460 331/347/342
f 224/237/232 1354/1525/1461 1355/1526/1462
f 1355/1526/1462 180/191/186 224/237/232
f 1356/1527/1463 1357/1528/1464 914/971/943
f 1358/1529/1465 1359/1530/1466 1360/1531/1467
f 1360/1531/1467 1361/1532/1468 1358/1529/1465
f 169/1533/175 783/1534/1469 119/126/1470
f 119/126/1470 1362/1535/1471 169/1533/175
f 916/973/945 1363/1536/1472 1364/1537/1473
f 1365/1538/1474 192/1539/198 195/1540/201
f 195/1540/201 1098/1191/1151 1365/1538/1474
f 1366/1541/1475 1367/1542/1476 1368/1543/1477
f 1368/1543/1477 827/874/853 1366/1541/1475
f 715/745/737 1369/1544/1478 1370/1545/1479
f 1370/1545/1479 713/743/735 715/745/737
f 551/576/567 550/575/566 1371/1546/1480
f 1371/1546/1480 1372/1547/1481 551/576/567
f 966/1029/1001 1373/1548/1482 1374/1549/1483
f 328/344/339 141/152/147 140/151/146
f 483/502/497 482/501/496 1375/1550/1484
f 1376/1551/1485 1377/1552/1486 903/959/931
f 903/959/931 905/961/933 1376/1551/1485
f 1378/1553/1487 1379/1554/1488 1324/1481/1423
f 1324/1481/1423 813/860/839 1378/1553/1487
f 812/859/838 1325/1482/1424 1324/1481/1423
f 1324/1481/1423 1379/1554/1488 812/859/838
f 1239/1371/1315 1238/1370/1314 1380/1555/1489
f 1381/1556/1490 1382/1557/1491 1383/1558/1492
f 46/48/47 150/161/156 44/46/45
f 1360/1531/1467 1359/1530/1466 1384/1559/1493
f 1384/1559/1493 670/700/692 1360/1531/1467
f 1385/1560/1494 1386/1561/1495 954/1013/985
f 588/615/607 21/133/21 124/132/130
f 124/132/130 589/616/608 588/615/607
f 1387/1562/1496 1388/1563/1497 432/451/446
f 432/451/446 431/450/445 1387/1562/1496
f 468/1022/994 1389/1564/1498 469/1565/1499
f 931/989/961 928/986/958 1390/1566/1500
f 1390/1566/1500 929/987/959 931/989/961
f 460/479/474 461/480/475 462/481/476
f 462/481/476 1391/1567/1501 460/479/474
f 1136/1232/1192 1392/1568/1502 1393/1569/1503
f 1393/1569/1503 557/584/573 1136/1232/1192
f 1268/1407/1350 1392/1570/1502 1394/1571/1504
f 1394/1571/1504 558/1408/574 1268/1407/1350
f 574/1572/590 1395/1573/1505 1275/1416/1357
f 1275/1416/1357 1274/1415/1356 574/1572/590
f 1396/1574/1506 831/878/857 830/877/856
f 830/877/856 1397/1575/1507 1396/1574/1506
f 709/1576/731 708/1577/730 1398/1578/1508
f 1398/1578/1508 1399/1579/1509 709/1576/731
f 388/1580/400 1399/1579/1509 1400/1581/1510
f 1400/1581/1510 967/1582/1002 388/1580/400
f 964/1583/1511 484/503/498 56/58/57
f 56/58/57 2/1584/1512 964/1583/1511
f 1401/1585/1513 1402/1586/1514 1371/1546/1480
f 1371/1546/1480 550/575/566 1401/1585/1513
f 1027/1587/1515 1403/1588/1516 1404/1589/1517
f 1404/1589/1517 273/1590/1518 1027/1587/1515
f 1403/1591/1516 317/1592/1519 316/1593/1520
f 316/1593/1520 1405/1594/1521 1403/1591/1516
f 1406/1595/1522 1407/1596/1523 68/1597/71
f 68/1597/71 67/1598/70 1406/1595/1522
f 80/1599/83 179/190/185 178/189/184
f 178/189/184 81/1600/84 80/1599/83
f 1408/1601/1524 1409/1602/1525 1410/1603/1526
f 1410/1603/1526 841/1604/867 1408/1601/1524
f 603/633/1451 1347/1515/1450 1411/1605/1527
f 1411/1605/1527 601/630/1528 603/633/1451
f 1412/1606/1529 325/341/336 1047/1126/1096
f 1047/1126/1096 1413/1607/1530 1412/1606/1529
f 618/648/640 358/374/370 615/645/637
f 919/977/949 615/645/637 358/374/370
f 358/374/370 357/373/369 919/977/949
f 1073/1608/1125 567/1609/583 566/1610/582
f 566/1610/582 1414/1611/1531 1073/1608/1125
f 787/827/812 415/433/429 784/824/809
f 79/81/82 784/824/809 415/433/429
f 415/433/429 77/79/80 79/81/82
f 1415/1612/1532 960/1019/991 959/1018/990
f 1416/1613/1533 1417/1614/1534 1418/1615/1535
f 503/525/519 502/524/518 1419/1616/1536
f 1419/1616/1536 1420/1617/1537 503/525/519
f 1421/1618/1538 1422/1619/1539 231/246/241
f 231/246/241 234/249/244 1421/1618/1538
f 676/706/698 1423/1620/1540 1424/1621/1541
f 1424/1621/1541 673/703/695 676/706/698
f 577/604/593 1425/1622/1542 287/303/1543
f 287/303/1543 286/302/594 577/604/593
f 1134/1623/1190 287/303/1543 1425/1622/1542
f 1425/1622/1542 1426/1624/1544 1134/1623/1190
f 764/799/787 1276/1417/1358 1427/1625/1545
f 892/947/919 591/618/610 891/946/1546
f 891/946/1546 1428/1626/1547 892/947/919
f 827/874/853 826/873/852 1366/1541/1475
f 28/29/28 1429/1627/1548 29/30/29
f 1430/1628/1549 1042/1118/1550 624/654/646
f 624/654/646 623/653/645 1430/1628/1549
f 1431/1629/1551 1042/1118/1550 1430/1628/1549
f 1430/1628/1549 1432/1630/1552 1431/1629/1551
f 135/146/141 274/290/284 1433/1631/1553
f 1433/1631/1553 589/616/608 135/146/141
f 1434/1632/1554 461/480/475 460/479/474
f 460/479/474 459/478/473 1434/1632/1554
f 1435/1633/1555 907/1634/935 906/1635/934
f 906/1635/934 1436/1636/1556 1435/1633/1555
f 1437/1637/1557 1438/1638/1558 1130/1226/1186
f 1161/1265/1224 1439/1639/1559 478/497/492
f 507/1640/523 506/1641/522 1440/1642/1560
f 1441/1643/1561 530/1252/546 533/558/549
f 533/558/549 930/988/960 1441/1643/1561
f 783/1534/1562 1048/1127/1097 119/126/1098
f 762/797/785 214/227/222 213/226/221
f 213/226/221 1076/1644/1128 762/797/785
f 980/1045/1015 1304/1455/1395 1336/1645/1437
f 1336/1645/1437 695/1646/717 980/1045/1015
f 1442/1647/1563 1443/1648/1564 921/979/951
f 921/979/951 924/982/954 1442/1647/1563
f 1444/1649/1565 1021/1650/1566 273/1590/1518
f 273/1590/1518 1404/1589/1517 1444/1649/1565
f 1445/1651/1567 334/1522/1458 331/347/342
f 331/347/342 333/349/344 1445/1651/1567
f 1280/1423/1367 1279/1422/1366 1446/1652/1568
f 842/1653/868 307/323/318 306/322/317
f 948/1007/979 1447/1654/1569 1448/1655/1570
f 1448/1655/1570 1269/1656/1351 948/1007/979
f 1269/1656/1351 1448/1655/1570 1449/1657/1571
f 1388/1563/1497 1387/1562/1496 1450/1658/1572
f 141/152/147 1451/1659/1573 712/742/734
f 712/742/734 139/150/145 141/152/147
f 643/673/665 1452/1660/1574 338/354/350
f 338/354/350 337/353/349 643/673/665
f 1001/1661/1045 338/354/350 1452/1660/1574
f 1452/1660/1574 1000/1662/1043 1001/1661/1045
f 278/294/288 1234/1366/1310 788/828/813
f 788/828/813 791/831/816 278/294/288
f 1453/1663/1575 1172/1664/1235 1171/1665/1234
f 1171/1665/1234 1454/1666/1576 1453/1663/1575
f 771/1667/794 1455/1668/1577 1456/1669/1578
f 1323/1480/1422 729/759/751 1457/1670/1579
f 152/1671/1580 151/1672/1581 48/1673/1582
f 383/401/395 300/316/311 1458/1674/1583
f 1459/1675/1584 1460/1676/1585 1004/1076/1048
f 1004/1076/1048 1119/1215/1175 1459/1675/1584
f 1398/1578/1508 708/1577/730 145/156/151
f 145/156/151 1110/1203/1163 1398/1578/1508
f 600/629/621 251/266/261 1461/1677/1586
f 1461/1677/1586 1159/1263/1222 600/629/621
f 1462/1678/1587 254/269/264 878/933/904
f 878/933/904 1463/1679/1588 1462/1678/1587
f 1179/1286/1243 1180/1285/1244 45/1680/46
f 532/557/548 531/556/547 1464/1681/1589
f 1464/1681/1589 931/989/961 532/557/548
f 928/986/958 931/989/961 1464/1681/1589
f 1464/1681/1589 925/983/955 928/986/958
f 1465/1682/1590 1466/1683/1591 1467/1684/1592
f 1468/1685/1593 1469/1686/1594 776/813/799
f 776/813/799 778/815/801 1468/1685/1593
f 823/1687/1595 1470/1688/1596 1471/1689/1597
f 1471/1689/1597 291/1690/1598 823/1687/1595
f 291/307/1598 1471/1691/1597 1261/1399/1343
f 1261/1399/1343 288/304/1342 291/307/1598
f 1472/1692/1599 1458/1674/1583 300/316/311
f 300/316/311 303/319/314 1472/1692/1599
f 682/1693/1600 681/1694/1601 1472/1692/1599
f 1472/1692/1599 303/319/314 682/1693/1600
f 393/411/405 1473/1695/1602 1474/1696/1603
f 1474/1696/1603 394/412/406 393/411/405
f 159/170/165 1179/1284/1243 378/396/390
f 378/396/390 377/395/389 159/170/165
f 1475/1697/1604 646/676/668 649/679/671
f 649/679/671 652/1258/1217 1475/1697/1604
f 1476/1698/1605 1477/1699/1606 1124/1220/1180
f 1124/1220/1180 70/72/73 1476/1698/1605
f 1077/1165/1129 213/1700/221 212/1701/220
f 212/1701/220 1478/1702/1607 1077/1165/1129
f 605/635/627 604/634/626 83/85/86
f 83/85/86 609/639/631 605/635/627
f 1479/1703/1608 1217/1337/1609 625/655/1610
f 625/655/1610 1480/1704/1611 1479/1703/1608
f 625/655/1610 624/654/1087 1041/1117/1086
f 1041/1117/1086 1480/1704/1611 625/655/1610
f 1481/1705/1612 439/458/1030 885/940/1411
f 885/940/1411 1312/1466/1410 1481/1705/1612
f 439/458/1030 1481/1705/1612 991/1059/1031
f 181/192/187 180/191/186 1355/1526/1462
f 1355/1526/1462 1482/1706/1613 181/192/187
f 1483/1707/1614 1292/1708/1380 976/1040/1011
f 976/1040/1011 498/520/514 1483/1707/1614
f 1088/1178/1615 1484/1709/1616 1485/1710/1617
f 920/978/950 39/41/40 1486/1711/1618
f 1243/1375/1319 731/761/753 1240/1372/1316
f 833/880/859 508/530/524 507/529/523
f 507/529/523 834/881/860 833/880/859
f 126/144/132 136/147/142 127/1712/133
f 124/1713/1619 1320/1477/1419 127/1128/1099
f 717/747/739 715/745/737 714/744/736
f 714/744/736 571/598/587 717/747/739
f 936/994/966 1487/1714/1620 1237/1715/1313
f 1237/1715/1313 937/995/967 936/994/966
f 356/372/368 360/976/948 357/373/369
f 1488/1716/1621 846/894/872 113/897/117
f 1489/1717/1622 1490/1718/1623 1121/1217/1177
f 1121/1217/1177 1178/1283/1242 1489/1717/1622
f 463/482/477 331/347/342 1491/1719/1624
f 1492/1720/1625 373/391/385 130/140/136
f 130/140/136 1305/1457/1397 1492/1720/1625
f 148/159/154 1493/1721/1626 1086/1176/1138
f 1086/1176/1138 149/160/155 148/159/154
f 1493/1721/1626 148/159/154 1494/1722/1627
f 1427/1625/1545 211/224/219 214/227/222
f 214/227/222 764/799/787 1427/1625/1545
f 1406/1723/1628 404/1724/416 25/26/25
f 25/26/25 27/28/27 1406/1723/1628
f 32/33/32 35/36/35 1495/1725/1629
f 1496/1726/1630 1497/1727/1631 91/93/94
f 1498/1728/1632 1290/1436/1378 1260/1398/1377
f 1260/1398/1377 578/605/1633 1498/1728/1632
f 578/605/1633 286/302/297 285/301/296
f 285/301/296 1498/1728/1632 578/605/1633
f 896/1729/924 1499/1730/1634 1500/1731/1635
f 1500/1731/1635 342/1732/354 896/1729/924
f 342/358/354 1500/1733/1635 1287/1433/1374
f 1287/1433/1374 339/355/351 342/358/354
f 693/723/715 692/722/714 1501/1734/1636
f 1501/1734/1636 1502/1735/1637 693/723/715
f 1503/1736/1638 899/1737/1639 902/1738/1640
f 902/1738/1640 1504/1739/1641 1503/1736/1638
f 1505/1740/1642 201/214/208 1108/1201/1161
f 1108/1201/1161 1506/1741/1643 1505/1740/1642
f 14/15/1644 282/298/1645 39/1742/40
f 39/1742/40 41/1743/42 14/15/1644
f 13/896/13 1267/1744/1349 844/1745/870
f 844/1745/870 256/271/266 13/896/13
f 256/271/266 255/270/265 13/896/13
f 378/396/390 137/148/143 138/149/144
f 138/149/144 375/393/387 378/396/390
f 818/865/844 821/1746/847 1507/1747/1646
f 1507/1747/1646 819/866/845 818/865/844
f 354/1748/366 1051/1749/1103 1508/1750/1647
f 1508/1750/1647 1509/1751/1648 354/1748/366
f 1128/1752/1184 1510/1753/1649 1511/1754/1650
f 91/93/94 90/92/93 983/1755/1651
f 967/1756/1002 1400/1757/1510 1512/1758/1652
f 614/644/636 1038/1114/1083 1040/1116/1085
f 1040/1116/1085 611/641/633 614/644/636
f 844/1745/870 845/1759/871 30/31/30
f 30/31/30 256/271/266 844/1745/870
f 1513/1760/1653 684/1761/706 683/1762/705
f 344/360/356 932/990/962 1514/1763/1654
f 1515/1764/1655 1015/1765/1060 1288/1766/1375
f 348/364/360 911/968/940 1516/1767/1656
f 1140/1236/1196 1139/1235/1195 1517/1768/1657
f 1518/1769/1658 1519/1770/1659 527/550/543
f 527/550/543 1140/1459/1196 1518/1769/1658
f 775/810/798 774/809/797 1299/1450/1390
f 1299/1450/1390 1520/1771/1660 775/810/798
f 33/34/33 1249/1772/1326 8/1384/1327
f 97/1773/100 96/1774/99 1521/1775/1661
f 1521/1775/1661 58/1776/1662 97/1773/100
f 248/263/258 1522/1777/1663 1209/1778/1277
f 1209/1778/1277 1220/1779/1294 248/263/258
f 1523/1780/1664 1309/1463/1406 1286/1432/1373
f 1286/1432/1373 644/674/666 1523/1780/1664
f 644/674/666 337/353/349 336/352/348
f 336/352/348 1523/1780/1664 644/674/666
f 280/1781/291 1150/1248/1208 281/1247/292
f 771/806/794 1524/1782/1665 769/804/792
f 116/122/120 309/325/320 1525/1783/1666
f 1525/1783/1666 117/123/121 116/122/120
f 1188/1784/1667 117/123/121 1525/1783/1666
f 1525/1783/1666 10/1785/1668 1188/1784/1667
f 1154/1255/1214 1034/1254/1079 1033/1786/1078
f 321/337/332 913/970/942 1526/1787/1669
f 12/13/12 11/12/11 1196/1305/1260
f 1016/1788/1061 993/1061/1033 992/1060/1032
f 362/380/374 1080/1168/1132 1527/1789/1670
f 1528/1790/1671 400/418/412 1125/1221/1181
f 1125/1221/1181 1477/1699/1606 1528/1790/1671
f 1125/1221/1181 1124/1220/1180 1477/1699/1606
f 987/1055/1025 299/315/310 298/314/309
f 298/314/309 1529/1791/1672 987/1055/1025
f 1530/1792/1673 1531/1793/1674 515/771/531
f 515/771/531 514/1487/530 1530/1792/1673
f 974/1037/1009 973/1036/1008 1291/1794/1379
f 1291/1794/1379 1532/1795/1675 974/1037/1009
f 952/1011/983 951/1010/982 1533/1796/1676
f 1534/1797/1677 915/972/944 454/473/468
f 401/419/413 400/418/412 1528/1790/1671
f 1528/1790/1671 1454/1666/1576 401/419/413
f 939/997/969 1535/1798/1678 636/666/658
f 636/666/658 635/665/657 939/997/969
f 1536/1799/1679 1537/1800/1680 1113/1209/1169
f 520/543/536 1538/1801/1681 1539/1802/1682
f 1539/1802/1682 517/540/533 520/543/536
f 1440/1642/1560 1540/1803/1683 834/1804/860
f 834/1804/860 507/1640/523 1440/1642/1560
f 835/1426/861 834/1804/860 1540/1803/1683
f 1540/1803/1683 1281/1427/1368 835/1426/861
f 1541/1805/1684 711/741/733 97/99/100
f 58/60/1662 57/59/1685 1541/1806/1684
f 1541/1806/1684 97/1807/100 58/60/1662
f 314/330/325 934/992/964 1542/1808/1686
f 1542/1808/1686 1543/1809/1687 314/330/325
f 1544/1810/1688 1326/1483/1425 1325/1482/1424
f 1325/1482/1424 612/642/634 1544/1810/1688
f 1545/1811/1689 1544/1810/1688 612/642/634
f 612/642/634 611/641/633 1545/1811/1689
f 158/169/164 157/168/163 381/399/393
f 381/399/393 1546/1812/1690 158/169/164
f 597/626/618 596/625/617 1547/1813/1691
f 1548/1814/1692 81/1815/84 178/1816/184
f 178/1816/184 1025/1817/1070 1548/1814/1692
f 81/83/84 1548/1818/1692 610/640/632
f 610/640/632 82/84/85 81/83/84
f 129/139/135 42/207/43 1181/1287/1245
f 1181/1287/1245 1331/1491/1431 129/139/135
f 134/145/140 126/144/132 1330/1490/1430
f 1330/1490/1430 275/291/285 134/145/140
f 414/432/428 78/80/81 77/79/80
f 78/1819/81 414/1820/428 28/1821/1693
f 28/1821/1693 258/1822/1694 78/1819/81
f 1442/1647/1563 924/982/954 606/636/628
f 606/636/628 1549/1823/1695 1442/1647/1563
f 1550/1824/1696 193/1825/199 192/1539/198
f 192/1539/198 1551/1826/1697 1550/1824/1696
f 1552/1827/1698 1553/1828/1699 501/523/517
f 501/523/517 1419/1616/1536 1552/1827/1698
f 1554/1829/1700 1552/1827/1698 1419/1616/1536
f 1419/1616/1536 502/524/518 1554/1829/1700
f 984/1830/1383 1294/1831/1382 6/1832/1701
f 984/1052/1022 6/8/6 821/1746/847
f 821/1746/847 138/149/144 984/1052/1022
f 450/469/464 449/468/463 1555/1833/1702
f 1555/1833/1702 1195/1304/1259 450/469/464
f 1195/1304/1259 1556/1834/1703 1557/1835/1704
f 1557/1835/1704 1193/1302/1257 1195/1304/1259
f 1273/1836/1705 488/1837/502 491/1838/505
f 491/1838/505 1558/1839/1706 1273/1836/1705
f 969/1032/1004 1559/1840/1707 1560/1841/1708
f 1308/1462/1404 811/858/837 1561/1842/1709
f 1561/1842/1709 86/88/89 1308/1462/1404
f 1134/1623/1386 1298/1843/1389 284/300/295
f 284/300/295 287/303/298 1134/1623/1386
f 95/97/98 495/1844/511 1562/1845/1710
f 1562/1845/1710 92/94/95 95/97/98
f 1117/1213/1173 1116/1212/1172 1563/1846/1711
f 1563/1846/1711 221/1847/229 1117/1213/1173
f 222/1848/230 221/1847/229 1563/1846/1711
f 1563/1846/1711 1564/1849/1712 222/1848/230
f 820/1850/846 1565/1851/1713 1264/1403/1346
f 1264/1403/1346 1265/1852/1347 820/1850/846
f 820/1850/846 819/1853/845 1546/1812/1690
f 1546/1812/1690 1565/1851/1713 820/1850/846
f 1217/1337/1609 1479/1703/1608 1566/1854/1714
f 1566/1854/1714 475/494/1715 1217/1337/1609
f 475/494/1715 1566/1854/1714 1567/1855/1716
f 1567/1855/1716 472/491/1717 475/494/1715
f 606/636/628 605/635/627 1549/1823/1695
f 1301/1856/1392 163/1857/169 1568/1858/1718
f 1569/1859/1719 965/1028/1000 805/849/830
f 998/1069/1041 1570/1860/1720 547/572/563
f 547/572/563 546/571/562 998/1069/1041
f 1571/1861/1721 1572/1862/1722 1147/1243/1203
f 1504/1863/1641 902/1864/1640 472/491/1717
f 472/491/1717 1567/1855/1716 1504/1863/1641
f 1248/1380/1324 948/1007/979 1269/1656/1351
f 1302/1453/1393 979/1044/1014 978/1043/1013
f 796/838/821 1573/1865/1723 797/839/822
f 802/1866/827 1574/1867/1724 803/1868/828
f 537/562/553 539/564/555 538/563/554
f 904/960/932 903/959/931 445/464/459
f 445/464/459 448/467/462 904/960/932
f 1559/1840/1707 969/1032/1004 968/1031/1003
f 396/414/408 1129/1225/1185 1575/1869/1725
f 985/1870/1726 1390/1566/1500 928/986/958
f 928/986/958 927/985/957 985/1870/1726
f 927/1871/957 984/1872/1383 985/1873/1726
f 1407/1874/1523 1406/1875/1522 27/1876/1727
f 27/1876/1727 690/1877/712 1407/1874/1523
f 27/28/1727 26/27/1728 690/1064/712
f 1447/1654/1569 554/581/570 557/584/573
f 557/584/573 1393/1569/1503 1447/1654/1569
f 948/1007/979 554/581/570 1447/1654/1569
f 169/180/175 1362/1878/1471 1576/1879/1729
f 1576/1879/1729 166/177/172 169/180/175
f 1226/1880/1300 1227/1881/1301 1228/1882/1730
f 1228/1882/1730 1577/1883/1731 1226/1880/1300
f 1578/1884/1732 1241/1373/1317 1240/1372/1316
f 1579/1885/1733 250/265/1734 249/264/1735
f 249/264/1735 1580/1886/1736 1579/1885/1733
f 1468/1685/1593 778/815/801 328/344/339
f 328/344/339 140/151/146 1468/1685/1593
f 671/1025/997 963/1023/995 226/241/236
f 226/241/236 964/1026/998 671/1025/997
f 199/212/1737 48/1673/1737 47/1887/1737
f 691/1888/713 690/1064/712 26/27/1728
f 170/181/176 173/184/179 962/1021/993
f 962/1021/993 1581/1889/1738 170/181/176
f 1582/1890/1739 738/768/760 737/767/759
f 734/764/756 953/1012/984 1583/1891/1740
f 242/1892/252 241/1893/251 887/942/913
f 887/942/913 886/941/912 242/1892/252
f 40/42/41 920/978/950 234/249/244
f 234/249/244 233/248/243 40/42/41
f 501/523/517 500/522/516 1420/1617/1537
f 1420/1617/1537 1419/1616/1536 501/523/517
f 393/1151/405 1068/1154/1120 1473/1894/1602
f 20/21/20 983/1051/1021 982/1895/1741
f 982/1895/1741 981/1896/1742 20/21/20
f 1334/1897/1743 1348/1516/1744 603/633/1745
f 603/633/1745 602/632/1746 1334/1897/1743
f 1584/1898/1747 1585/1899/1748 1586/1900/1749
f 761/796/784 1587/1901/1750 758/793/781
f 16/17/1751 132/784/1364 1277/1420/1363
f 1391/1567/1501 510/1902/526 457/476/471
f 457/476/471 460/479/474 1391/1567/1501
f 1588/1903/1752 222/1848/230 1564/1849/1712
f 1564/1849/1712 1589/1904/1753 1588/1903/1752
f 24/25/24 174/185/180 197/210/1754
f 197/210/1754 125/1905/131 24/25/24
f 1028/1104/1073 1590/1906/1755 1591/1907/1756
f 550/575/566 103/105/106 1592/1908/1757
f 1592/1908/1757 1401/1585/1513 550/575/566
f 1593/1909/1758 102/104/105 594/622/614
f 594/622/614 1594/1910/1759 1593/1909/1758
f 4/4/4 3/3/3 1234/1911/1310
f 1234/1911/1310 382/400/394 4/4/4
f 851/901/877 1595/1912/1760 852/902/878
f 666/696/688 1596/1913/1761 667/697/689
f 1597/1914/1762 1431/1915/1763 38/1916/39
f 38/1916/39 37/1917/38 1597/1914/1762
f 1431/1629/1763 1597/1918/1762 1043/1119/1089
f 1043/1119/1089 1042/1118/1088 1431/1629/1763
f 1008/1080/1052 1598/1919/1764 1006/1078/1050
f 1599/1920/1765 1600/1921/1766 481/1922/495
f 1601/1923/1767 1599/1924/1768 481/1006/1769
f 481/1006/1769 947/1005/1770 1601/1923/1767
f 1211/1327/1280 894/1925/1771 1212/1328/1281
f 871/926/897 1602/1926/1772 872/927/898
f 704/734/726 1603/1927/1773 705/735/727
f 861/914/887 1604/1928/1774 862/915/888
f 1340/1508/1443 1339/1507/1442 1605/1929/1775
f 856/908/882 1606/1930/1776 857/909/883
f 866/921/892 1607/1931/1777 867/922/893
f 1342/1510/1445 1341/1509/1444 1608/1932/1778
f 1036/1112/1081 1609/1933/1779 1037/1113/1082
f 714/744/736 713/743/735 1610/1934/1780
f 1610/1934/1780 572/599/588 714/744/736
f 1611/1935/1781 1612/1936/1782 792/1937/817
f 792/1937/817 421/439/435 1611/1935/1781
f 1613/1938/1783 796/1939/821 795/1940/820
f 795/1940/820 1614/1941/1784 1613/1938/1783
f 1615/1942/1785 1616/1943/1786 798/1944/823
f 798/1944/823 408/426/422 1615/1942/1785
f 1617/1945/1787 802/1866/827 801/1946/826
f 801/1946/826 1618/1947/1788 1617/1945/1787
f 1619/1948/1789 1022/1096/1067 1021/1095/1066
f 697/727/719 696/726/718 1620/1949/1790
f 1620/1949/1790 1621/1950/1791 697/727/719
f 1622/1951/1792 1623/1952/1793 1624/1953/1794
f 1031/1107/1076 1625/1954/1795 1032/1108/1077
f 399/417/411 1126/1222/1182 1125/1221/1181
f 1125/1221/1181 400/418/412 399/417/411
f 1185/1293/1249 1626/1955/1796 1627/1956/1797
f 1627/1956/1797 1475/1957/1798 651/1290/673
f 651/1290/673 1185/1293/1249 1627/1956/1797
f 1628/1958/1799 1629/1959/1800 465/1960/479
f 465/1960/479 464/1961/478 1628/1958/1799
f 1629/1962/1800 1366/1541/1475 826/873/852
f 826/873/852 465/484/479 1629/1962/1800
f 440/459/1029 990/1058/1028 1630/1963/1801
f 326/342/337 325/341/336 1631/1964/1802
f 1632/1965/1803 1035/1966/1080 1034/1967/1079
f 266/1968/276 265/1969/275 1633/1970/1804
f 1634/1971/1805 1165/1269/1228 1164/1268/1227
f 1091/1972/1806 267/1973/277 270/1974/280
f 270/1974/280 1635/1975/1807 1091/1972/1806
f 1152/1250/1210 1428/1626/1547 891/946/1546
f 891/946/1546 489/508/1211 1152/1250/1210
f 1093/1976/1808 433/1977/447 436/1978/450
f 436/1978/450 1636/1979/1809 1093/1976/1808
f 631/661/653 634/664/656 943/1001/973
f 1637/1980/1810 1638/1981/1811 1072/1160/1124
f 584/1982/601 587/1983/604 1639/1984/1812
f 1640/1985/1813 1641/1986/1814 972/1035/1007
f 1015/1088/1060 351/1987/363 1509/1751/1648
f 1509/1751/1648 1013/1086/1058 1015/1088/1060
f 493/1340/1044 1000/1988/1043 75/1989/1815
f 493/1990/1816 75/77/78 107/111/110
f 107/111/110 492/1991/1817 493/1990/1816
f 752/787/775 751/786/774 1642/1992/1818
f 1643/1993/1819 1191/1300/1255 753/788/776
f 1644/1994/1820 1645/1995/1821 1054/1137/1106
f 1054/1137/1106 428/447/442 1644/1994/1820
f 1646/1996/1822 1647/1997/1823 1648/1998/1824
f 744/776/766 743/775/765 1649/1999/1825
f 1650/2000/1826 1169/1274/1232 745/777/767
f 1651/2001/1827 1652/2002/1828 367/1357/379
f 367/1357/379 366/2003/378 1651/2001/1827
f 1328/1486/1427 1530/1792/1673 514/1487/530
f 1073/1161/1125 1653/2004/1829 1654/2005/1830
f 1655/2006/1831 1205/1321/1273 567/1320/583
f 567/1320/583 1073/2007/1125 1655/2006/1831
f 47/2008/48 196/208/202 602/2009/1832
f 127/2010/1833 1334/2011/1833 128/2012/1833
f 905/2013/933 904/2014/932 553/2015/569
f 553/2015/569 1656/2016/1834 905/2013/933
f 831/2017/857 1396/2018/1506 1657/2019/1835
f 1658/2020/1836 591/618/918 590/617/1454
f 590/617/1454 1351/1521/1457 1658/2020/1836
f 835/2021/861 1659/2022/1837 1660/2023/1838
f 1660/2024/1838 833/2025/859 835/2026/861
f 543/568/559 542/567/558 1179/1286/1243
f 1179/1286/1243 162/2027/168 543/568/559
f 1179/1286/1243 159/2028/165 162/2027/168
f 883/938/909 1661/2029/1839 884/939/910
f 429/448/443 432/451/446 1662/2030/1840
f 1663/2031/1841 1664/2032/1842 808/2033/833
f 876/931/902 1665/2034/1843 877/932/903
f 858/911/884 630/660/652 1666/2035/1844
f 1666/2035/1844 1667/2036/1845 858/911/884
f 629/659/651 1072/1160/1124 1638/1981/1811
f 839/886/865 1668/2037/1846 840/887/866
f 725/755/747 1669/2038/1847 726/756/748
f 1375/1550/1484 482/501/496 1670/2039/1848
f 1671/2040/1849 1160/1264/1223 477/496/491
f 217/2041/225 216/2042/224 780/2043/803
f 780/2043/803 1672/2044/1850 217/2041/225
f 1143/2045/1851 1673/2046/1852 1405/2047/1521
f 1405/2047/1521 316/2048/1520 1143/2045/1851
f 772/807/795 87/89/90 1674/2049/1853
f 1674/2049/1853 1520/1771/1660 772/807/795
f 86/88/89 1561/1842/1709 1674/2049/1853
f 1674/2049/1853 87/89/90 86/88/89
f 1675/2050/1854 1676/2051/1855 1677/2052/1856
f 417/435/431 150/2053/1857 46/2054/1858
f 46/2054/1858 64/66/67 417/435/431
f 302/318/313 1678/2055/1859 682/1693/1600
f 682/1693/1600 303/319/314 302/318/313
f 1029/1105/1074 1028/1104/1073 1679/2056/1860
f 1679/2056/1860 1680/2057/1861 1029/1105/1074
f 1681/2058/1862 1057/2059/1109 1056/2060/1108
f 1056/2060/1108 1682/2061/1863 1681/2058/1862
f 1212/2062/1864 60/2063/62 62/106/65
f 62/106/65 210/223/218 1212/2062/1864
f 1357/1528/1464 1356/1527/1463 1683/2064/1865
f 1684/2065/1866 886/941/912 888/943/914
f 888/943/914 236/2066/246 1684/2065/1866
f 236/251/246 235/250/245 1097/1190/1150
f 1097/1190/1150 1684/2067/1866 236/251/246
f 824/2068/850 823/2069/849 291/307/302
f 291/307/302 290/306/301 824/2068/850
f 385/2070/397 384/2071/396 1685/2072/1867
f 1685/2072/1867 1686/2073/1868 385/2070/397
f 1005/1077/1049 1004/1076/1048 1460/1676/1585
f 187/2074/193 186/2075/192 1687/2076/1869
f 1687/2076/1869 1688/2077/1870 187/2074/193
f 1494/1722/1627 148/159/154 147/158/153
f 1689/2078/1871 1690/2079/1872 641/2080/663
f 641/2080/663 640/2081/662 1689/2078/1871
f 1691/2082/1873 1692/2083/1874 767/2084/790
f 767/2084/790 766/2085/789 1691/2082/1873
f 1227/1353/1303 423/965/937 910/967/939
f 910/967/939 1229/1354/1304 1227/1353/1303
f 730/812/752 1693/2086/1875 1300/1451/1391
f 1300/1451/1391 774/809/797 730/812/752
f 1694/2087/1876 730/2088/752 1323/2089/1422
f 1323/2089/1422 1695/2090/1877 1694/2087/1876
f 1696/2091/1878 851/901/877 850/900/876
f 1697/2092/1879 666/696/688 665/695/687
f 1197/1306/1261 1002/1074/1046 109/2093/1880
f 109/2093/1880 334/2094/1881 1197/1306/1261
f 334/2095/1458 1445/2096/1567 1197/2097/1882
f 1686/2098/1868 1691/2082/1873 1318/2099/1417
f 1318/2099/1417 385/2100/397 1686/2098/1868
f 1688/2101/1870 1689/2102/1871 1316/2103/1415
f 1316/2103/1415 187/198/193 1688/2101/1870
f 848/898/874 1698/2104/1883 1224/2105/1298
f 1224/2105/1298 654/684/676 848/898/874
f 1698/2104/1883 657/2106/679 1224/2105/1298
f 1246/1378/1322 120/128/126 1247/1379/1323
f 498/520/514 501/523/517 1553/1828/1699
f 1553/1828/1699 1483/1707/1614 498/520/514
f 1699/2107/1884 1186/2108/1885 250/2109/1886
f 250/2109/1886 1579/2110/1887 1699/2107/1884
f 868/923/894 522/545/538 1141/1237/1197
f 1141/1237/1197 1255/1391/1334 868/923/894
f 1141/1237/1197 1140/1236/1196 1255/1391/1334
f 1700/2111/1888 704/734/726 703/733/725
f 1701/2112/1889 861/914/887 860/913/886
f 1702/2113/1890 1703/2114/1891 863/2115/889
f 863/2115/889 412/430/426 1702/2113/1890
f 1704/2116/1892 866/2117/892 865/2118/891
f 870/925/896 872/927/898 1705/2119/1893
f 1706/2120/1894 1707/2121/1895 853/2122/879
f 853/2122/879 622/652/644 1706/2120/1894
f 1708/2123/1896 856/2124/882 855/2125/881
f 1709/2126/1897 1364/1537/1473 1363/1536/1472
f 1620/2127/1790 1710/2128/1898 1502/2129/1637
f 1502/2129/1637 1501/2130/1636 1620/2127/1790
f 995/1063/1035 1166/1271/1229 1163/2131/1226
f 1163/2131/1226 261/276/271 995/1063/1035
f 1166/1271/1229 1164/1270/1227 1163/2131/1226
f 880/935/906 583/610/600 1711/2132/1899
f 1711/2132/1899 1712/2133/1900 880/935/906
f 582/609/599 972/1035/1007 1641/1986/1814
f 1713/2134/1901 562/589/578 873/928/899
f 873/928/899 1714/2135/1902 1713/2134/1901
f 1653/2004/1829 1073/1161/1125 563/590/579
f 1170/1275/1233 746/778/768 1168/1273/1231
f 1168/1273/1231 700/730/722 1170/1275/1233
f 746/778/768 745/777/767 1168/1273/1231
f 160/171/166 377/395/389 376/394/388
f 376/394/388 1266/1405/1348 160/171/166
f 633/663/655 1314/1469/1413 944/1002/974
f 944/1002/974 634/664/656 633/663/655
f 1438/1638/1558 1437/1637/1557 1715/2136/1903
f 136/147/142 1716/2137/1904 127/1712/133
f 1215/1335/1288 1717/2138/1905 688/718/710
f 1718/2139/1906 1508/1750/1647 1343/2140/1446
f 1343/2140/1446 1345/2141/1448 1718/2139/1906
f 202/215/209 201/214/208 1505/1740/1642
f 1505/1740/1642 206/2142/213 202/215/209
f 1719/2143/1907 1374/1549/1483 1373/1548/1482
f 907/1634/935 1435/1633/1555 1720/2144/1908
f 1721/2145/1909 716/746/738 570/597/586
f 570/597/586 1275/1416/1357 1721/2145/1909
f 1443/1648/1564 1722/2146/1910 921/979/951
f 958/1017/989 960/1019/991 955/1014/986
f 955/1014/986 957/1016/988 958/1017/989
f 1221/1343/1295 1723/2147/1911 958/2148/989
f 958/2148/989 957/1344/988 1221/1343/1295
f 676/706/698 231/246/241 1422/1619/1539
f 1422/1619/1539 1423/1620/1540 676/706/698
f 676/706/698 675/705/697 232/247/242
f 232/247/242 231/246/241 676/706/698
f 1108/1201/1161 143/154/149 1506/1741/1643
f 143/154/149 1108/1201/1161 144/155/150
f 1623/1952/1793 1622/1951/1792 1096/1189/1149
f 149/160/155 1085/1175/1137 485/504/499
f 485/504/499 146/157/152 149/160/155
f 1470/2149/1596 823/870/1595 822/869/1912
f 822/869/1912 1724/2150/1913 1470/2149/1596
f 1088/1178/1615 1725/2151/1914 1724/2150/1913
f 1724/2150/1913 822/869/1912 1088/1178/1615
f 177/188/183 176/187/182 679/709/701
f 1122/1218/1178 1121/1217/1177 1490/1718/1623
f 1090/1180/1142 1467/2152/1592 1466/2153/1591
f 1156/1259/1218 649/679/671 648/678/670
f 648/678/670 1726/2154/1915 1156/1259/1218
f 360/976/948 356/372/368 1488/2155/1916
f 1207/1323/1275 175/2156/1917 23/2157/1918
f 23/2157/1918 50/52/51 1207/1323/1275
f 897/2158/925 896/2159/924 342/358/354
f 342/358/354 341/357/353 897/2158/925
f 420/438/434 1727/2160/1919 1611/1935/1781
f 1611/1935/1781 421/439/435 420/438/434
f 1284/1430/1371 1019/1093/1064 1018/1092/1063
f 407/425/421 1728/2161/1920 1615/1942/1785
f 1615/1942/1785 408/426/422 407/425/421
f 1176/1281/1240 1175/1280/1239 1729/2162/1921
f 735/765/757 734/764/756 737/767/759
f 737/767/759 739/769/761 735/765/757
f 1365/1538/1474 663/693/685 1551/1826/1697
f 1551/1826/1697 192/1539/198 1365/1538/1474
f 1647/1997/1823 1646/1996/1822 1055/1138/1107
f 1105/1198/1158 598/627/619 597/626/618
f 597/626/618 1730/2163/1922 1105/1198/1158
f 1408/1601/1524 1731/2164/1923 1409/1602/1525
f 559/586/575 558/585/574 1394/2165/1504
f 1441/2166/1561 1440/1642/1560 506/1641/522
f 506/1641/522 530/2167/546 1441/2166/1561
f 1732/2168/1924 1733/2169/1925 308/324/319
f 308/324/319 307/323/318 1732/2168/1924
f 1732/2168/1924 307/323/318 842/1653/868
f 842/1653/868 1410/2170/1526 1732/2168/1924
f 1644/1994/1820 428/447/442 427/446/441
f 427/446/441 1664/2171/1842 1644/1994/1820
f 875/930/901 877/932/903 1734/2172/1926
f 1735/2173/1927 883/938/909 882/937/908
f 1376/2174/1485 1736/2175/1928 1377/2176/1486
f 32/2177/32 1495/2178/1629 18/2179/18
f 1010/1082/1054 1009/1081/1053 1012/2180/1929
f 1012/2180/1929 1521/1775/1930 1010/1082/1054
f 335/351/347 338/354/350 1001/1661/1045
f 1001/1661/1045 1218/2181/1292 335/351/347
f 836/883/862 1737/2182/1931 1726/2154/1915
f 1726/2154/1915 648/678/670 836/883/862
f 838/885/864 840/887/866 1738/2183/1932
f 1739/2184/1933 725/755/747 724/754/746
f 71/73/1934 1157/1260/1219 283/299/294
f 1331/1491/1431 545/570/561 789/2185/814
f 789/2185/814 1330/2186/1430 1331/1491/1431
f 790/2187/815 789/2185/814 545/570/561
f 545/570/561 544/569/560 790/2187/815
f 1245/1377/1321 1244/1376/1320 1321/1478/1420
f 741/773/763 740/772/762 1466/1683/1591
f 1466/1683/1591 1465/1682/1590 741/773/763
f 941/999/971 1114/1210/1170 1113/1209/1169
f 1113/1209/1169 939/997/969 941/999/971
f 1740/2188/1935 1533/1796/1676 951/1010/982
f 951/1010/982 451/2189/465 1740/2188/1935
f 451/470/465 450/469/464 1194/1303/1258
f 1194/1303/1258 1740/2190/1935 451/470/465
f 1741/2191/1936 1742/2192/1937 1743/2193/1938
f 218/231/226 1743/2193/1938 1742/2192/1937
f 1742/2192/1937 215/228/223 218/231/226
f 1469/1686/1594 1744/2194/1939 776/813/799
f 1594/1910/1759 594/622/614 73/621/613
f 73/621/613 1048/2195/1940 1594/1910/1759
f 1745/2196/1941 1631/1964/1802 325/341/336
f 1745/2196/1941 325/341/336 1412/1606/1529
f 1412/1606/1529 1746/2197/1942 1745/2196/1941
f 1039/2198/1084 1038/2199/1083 112/116/1943
f 112/116/1943 111/115/1285 1039/2198/1084
f 1499/1730/1634 896/1729/924 895/2200/923
f 1128/1752/1184 1511/1754/1650 1499/1730/1634
f 1499/1730/1634 895/2200/923 1128/1752/1184
f 1072/1160/1124 628/658/650 1747/2201/1944
f 1082/1170/1134 1219/1341/1293 1208/1324/1276
f 1208/1324/1276 244/259/254 1082/1170/1134
f 1219/1341/1293 1209/1325/1277 1208/1324/1276
f 1424/1621/1541 1748/2202/1945 1333/2203/1433
f 1333/2203/1433 673/703/695 1424/1621/1541
f 1386/1561/1495 1385/1560/1494 1749/2204/1946
f 1742/2205/1937 1741/2206/1936 1083/1172/1135
f 1368/1543/1477 1367/1542/1476 1750/2207/1947
f 1370/1545/1479 1369/1544/1478 1751/2208/1948
f 123/131/129 1322/1479/1421 1244/1376/1320
f 1244/1376/1320 1247/1379/1323 123/131/129
f 1247/1379/1323 120/128/126 123/131/129
f 1138/1234/1194 1137/1233/1193 21/2209/1949
f 21/2209/1949 588/2210/1950 1138/1234/1194
f 1275/1416/1357 1395/1573/1505 749/783/771
f 749/783/771 1721/2145/1909 1275/1416/1357
f 1752/2211/1951 1672/2044/1850 971/2212/1006
f 971/2213/1006 1117/2214/1173 220/233/228
f 220/233/228 1752/2215/1951 971/2213/1006
f 1484/1709/1952 1088/1178/1140 1753/2216/1953
f 786/826/811 1250/1386/1329 1754/2217/1954
f 1754/2217/1954 787/827/812 786/826/811
f 413/431/427 415/433/429 787/827/812
f 787/827/812 1754/2217/1954 413/431/427
f 617/647/639 1252/1388/1331 1755/2218/1955
f 1755/2218/1955 618/648/640 617/647/639
f 355/371/367 358/374/370 618/648/640
f 618/648/640 1755/2218/1955 355/371/367
f 621/651/643 1756/2219/1956 1706/2120/1894
f 1706/2120/1894 622/652/644 621/651/643
f 1253/1389/1332 617/647/639 616/646/638
f 65/67/68 64/66/67 46/2054/1858
f 46/2054/1858 48/2220/1957 65/67/68
f 411/429/425 1757/2221/1958 1702/2113/1890
f 1702/2113/1890 412/430/426 411/429/425
f 1251/1387/1330 786/826/811 785/825/810
f 1079/1167/1131 1078/1166/1130 1758/2222/1959
f 1063/2223/1115 1759/2224/1960 1760/2225/1961
f 1760/2226/1961 1257/2227/1338 1066/2228/1118
f 1066/2228/1118 1063/2229/1115 1760/2226/1961
f 1237/2230/1313 1236/2231/1312 1761/2232/1962
f 1761/2233/1963 1256/1392/1335 937/1394/1337
f 937/1394/1337 1237/2234/1964 1761/2233/1963
f 1180/1285/1244 42/207/43 45/1680/46
f 1046/1125/1095 1045/1124/1094 1762/2235/1965
f 1235/1367/1311 754/789/777 1190/1299/1254
f 1190/1299/1254 721/751/743 1235/1367/1311
f 754/789/777 753/788/776 1190/1299/1254
f 810/2236/1966 154/165/160 153/164/159
f 153/164/159 679/709/701 810/2236/1966
f 810/2237/1967 680/2238/702 154/2239/1328
f 1763/2240/1968 994/2241/1034 993/2242/1033
f 993/2243/1033 368/1356/380 1764/2244/1969
f 1764/2244/1969 1763/2245/1968 993/2243/1033
f 121/129/127 1765/2246/1970 1049/1129/1100
f 1049/1129/1100 127/1128/1099 121/129/127
f 1198/1307/1971 658/688/680 657/687/679
f 657/687/679 1698/2247/1883 1198/1307/1971
f 1679/2056/1860 1028/1104/1073 1766/2248/1972
f 1766/2248/1972 662/692/684 1679/2056/1860
f 22/2249/1973 51/53/52 50/52/51
f 50/52/51 23/2157/1918 22/2249/1973
f 972/1035/1007 581/608/598 1767/2250/1974
f 1233/1365/1309 718/748/740 308/324/319
f 308/324/319 1733/2169/1925 1233/1365/1309
f 36/2251/1975 18/2252/1976 964/2253/1977
f 964/2253/1977 226/2254/1978 36/2251/1975
f 310/326/321 116/122/120 115/121/119
f 115/121/119 1189/1298/1253 310/326/321
f 1497/1727/1631 462/481/476 88/90/91
f 88/90/91 91/93/94 1497/1727/1631
f 1074/1162/1126 1768/2255/1979 1075/1163/1127
f 738/768/760 1582/1890/1739 1769/2256/1980
f 1759/2224/1960 1063/2223/1115 738/2257/760
f 738/2257/760 1769/2258/1980 1759/2224/1960
f 363/381/375 362/380/374 992/1060/1032
f 992/1060/1032 994/1062/1034 363/381/375
f 99/101/102 1451/1659/1573 141/152/147
f 141/152/147 330/346/341 99/101/102
f 1659/2259/1837 835/1426/861 1282/1428/1369
f 1495/1725/1629 1496/2260/1981 91/2261/1020
f 91/2261/1020 19/2262/19 1495/1725/1629
f 345/361/357 344/360/356 683/2263/705
f 683/2263/705 685/2264/707 345/361/357
f 349/365/361 348/364/360 1288/2265/1375
f 1288/2265/1375 1014/2266/1059 349/365/361
f 453/472/467 950/1009/981 952/1011/983
f 952/1011/983 454/473/468 453/472/467
f 1276/1417/1358 763/798/786 209/222/217
f 209/222/217 105/109/108 1276/1417/1358
f 1736/2267/1928 1376/2268/1485 1770/2269/1982
f 1656/2016/1834 1770/2269/1982 1376/2268/1485
f 1376/2268/1485 905/2013/933 1656/2016/1834
f 1771/2270/1983 478/497/492 1439/1639/1559
f 999/1070/1042 1148/1244/1204 1147/1243/1203
f 1147/1243/1203 998/1069/1041 999/1070/1042
f 322/338/333 321/337/332 1033/1786/1078
f 1033/1786/1078 1035/2271/1080 322/338/333
f 1768/2255/1979 1074/1162/1126 1772/2272/1984
f 1478/2273/1607 1772/2274/1984 1074/2275/1126
f 1074/2275/1126 1077/2276/1129 1478/2273/1607
f 397/415/409 396/414/408 968/1031/1003
f 968/1031/1003 970/1033/1005 397/415/409
f 29/2277/1985 79/81/82 78/80/81
f 1545/1811/1689 611/641/633 1040/1116/1085
f 1040/1116/1085 1213/2278/1284 1545/1811/1689
f 1070/2279/1122 1069/2280/1121 1773/2281/1986
f 1751/2208/1948 1774/2282/1987 1370/1545/1479
f 1610/1934/1780 713/743/735 1370/1545/1479
f 1370/1545/1479 1774/2282/1987 1610/1934/1780
f 1750/2207/1947 1775/2283/1988 1368/1543/1477
f 828/875/854 827/874/853 1368/1543/1477
f 1368/1543/1477 1775/2283/1988 828/875/854
f 1414/2284/1531 564/591/580 1073/1161/1125
f 228/243/238 1333/1493/1433 1748/2285/1945
f 1776/2286/1989 1777/2287/1990 1008/1080/1052
f 1008/1080/1052 1007/1079/1051 1776/2286/1989
f 1778/2288/1991 1776/2286/1989 756/791/779
f 756/791/779 315/331/326 1778/2288/1991
f 687/717/709 1779/2289/1992 1214/1334/1287
f 104/108/107 1427/1625/1545 1276/1417/1358
f 1276/1417/1358 105/109/108 104/108/107
f 1510/2290/1649 1128/1224/1184 1127/1223/1183
f 246/261/256 1780/2291/1993 761/796/784
f 761/796/784 760/795/783 246/261/256
f 605/635/627 609/639/631 608/638/630
f 608/638/630 1781/2292/1994 605/635/627
f 1781/2292/1994 1549/1823/1695 605/635/627
f 1782/2293/1995 1050/1133/1102 887/1132/913
f 887/1132/913 241/256/251 1783/2294/1996
f 1783/2294/1996 1782/2293/1995 887/1132/913
f 1503/2295/1638 1784/2296/1997 1383/1558/1998
f 1383/1558/1998 899/955/1639 1503/2295/1638
f 1785/2297/1999 1383/1558/1998 1784/2296/1997
f 576/781/592 1277/2298/2000 748/782/770
f 404/1724/416 1406/1723/1628 67/2299/417
f 1778/2288/1991 315/331/326 314/330/325
f 314/330/325 1543/1809/1687 1778/2288/1991
f 5/5/5 7/7/7 156/167/162
f 672/2300/2001 156/167/162 7/7/7
f 7/7/7 917/1364/1308 672/2300/2001
f 519/542/535 1786/2301/2002 1787/2302/2003
f 1787/2302/2003 520/543/536 519/542/535
f 1327/2303/1426 514/537/530 1023/1097/1068
f 1023/1097/1068 1786/2301/2002 1327/2303/1426
f 1232/1359/1307 1764/2244/1969 368/1356/380
f 352/2304/364 351/2305/363 1015/1765/1060
f 1015/1765/1060 1788/2306/2004 352/2304/364
f 1015/1765/1060 1515/1764/1655 1788/2306/2004
f 169/2307/808 168/2308/2005 782/2309/805
f 602/2009/1832 196/208/202 1334/2310/2006
f 237/252/247 236/251/246 888/2311/914
f 888/2311/914 1050/2312/1102 237/252/247
f 1457/2313/1579 1789/2314/2007 1323/2089/1422
f 359/2315/2008 919/977/949 360/976/948
f 1263/2316/1345 389/2317/401 967/2318/1002
f 1076/1644/1128 213/226/221 1077/2319/1129
f 504/526/520 1586/1900/1749 505/527/521
f 1067/2320/1119 392/410/404 969/2321/1004
f 969/2321/1004 1560/2322/1708 1067/2320/1119
f 392/410/404 391/409/403 1071/2323/1123
f 1071/2323/1123 969/2321/1004 392/410/404
f 114/120/118 117/123/121 1188/1784/1667
f 1188/1784/1667 1196/2324/2009 114/120/118
f 1779/2289/1992 687/717/709 684/714/706
f 684/714/706 1513/2325/1653 1779/2289/1992
f 1300/1451/1391 1299/1450/1390 774/809/797
f 708/1577/730 707/2326/729 142/153/148
f 142/153/148 145/156/151 708/1577/730
f 56/58/57 55/57/56 17/2327/2010
f 17/2327/2010 2/1584/1512 56/58/57
f 1790/2328/2011 1791/2329/2012 1418/1615/1535
f 1418/1615/1535 229/2330/239 1790/2328/2011
f 1792/2331/2013 1418/1615/1535 1791/2329/2012
f 1793/2332/2014 1210/1326/1278 1209/1325/1277
f 1209/1325/1277 1522/2333/1663 1793/2332/2014
f 1794/2334/2015 1639/2335/1812 587/614/604
f 587/614/604 1239/1371/1315 1794/2334/2015
f 804/848/829 164/2336/170 1301/1856/1392
f 1301/1856/1392 805/849/830 804/848/829
f 58/1776/59 1521/1775/2016 1012/2180/1057
f 808/853/833 426/852/440 430/449/444
f 430/449/444 429/448/443 808/853/833
f 481/1922/495 480/2337/494 945/2338/2017
f 486/505/500 188/199/194 1795/2339/2018
f 1795/2339/2018 1796/2340/2019 486/505/500
f 1797/2341/2020 1795/2339/2018 188/199/194
f 163/174/169 957/1344/988 956/2342/987
f 956/2342/987 1568/2343/1718 163/174/169
f 1271/2344/1353 1248/1380/1324 1269/1656/1351
f 1119/1215/1175 383/401/395 1458/1674/1583
f 1458/1674/1583 1459/1675/1584 1119/1215/1175
f 301/317/312 383/401/395 1119/1215/1175
f 1119/1215/1175 1118/1214/1174 301/317/312
f 443/1315/1269 1289/1435/1376 1145/2345/2021
f 533/558/549 532/557/548 930/988/960
f 1421/1618/1538 234/249/244 920/978/950
f 920/978/950 1486/1711/1618 1421/1618/1538
f 1796/2340/2019 1798/2346/2022 1031/1107/1076
f 1031/1107/1076 486/505/500 1796/2340/2019
f 496/518/512 170/181/176 1799/2347/2023
f 1799/2347/2023 1800/2348/2024 496/518/512
f 1581/1889/1738 1799/2347/2023 170/181/176
f 494/2349/508 1048/1261/1097 72/74/75
f 1801/2350/2025 1802/2351/2026 468/487/482
f 468/487/482 471/490/485 1801/2350/2025
f 188/199/194 191/202/197 1203/1317/1271
f 1203/1317/1271 1797/2341/2020 188/199/194
f 1803/2352/2027 940/998/970 635/665/657
f 635/665/657 638/668/660 1803/2352/2027
f 219/232/227 222/235/230 1588/2353/1752
f 1588/2353/1752 1804/2354/2028 219/232/227
f 1800/2348/2024 1805/2355/2029 1036/1112/1081
f 1036/1112/1081 496/518/512 1800/2348/2024
f 1197/2356/2030 893/948/920 14/15/14
f 14/15/14 110/950/922 1197/2356/2030
f 1731/2357/1923 1408/2358/1524 1806/2359/2031
f 843/891/869 1806/2359/2031 1408/2358/1524
f 1408/2358/1524 841/888/867 843/891/869
f 1185/1293/1249 1184/1292/1248 1626/1955/1796
f 942/1000/972 944/1002/974 1313/1468/1412
f 1313/1468/1412 1807/2360/2032 942/1000/972
f 476/495/490 483/502/497 1375/1550/1484
f 1375/1550/1484 477/496/491 476/495/490
f 1529/1791/1672 1808/2361/2033 1278/1421/1365
f 1278/1421/1365 987/1055/1025 1529/1791/1672
f 1808/2361/2033 294/310/305 1278/1421/1365
f 350/2362/362 1608/2363/1778 1341/2364/1444
f 1341/2364/1444 347/2365/359 350/2362/362
f 346/2366/358 1605/2367/1775 1339/2368/1442
f 1339/2368/1442 343/2369/355 346/2366/358
f 639/669/661 1317/1474/1416 1316/1473/1415
f 1316/1473/1415 640/670/662 639/669/661
f 765/800/788 1319/2370/1418 1318/2371/1417
f 1318/2371/1417 766/801/789 765/800/788
f 1809/2372/2034 1486/1711/1618 39/41/40
f 1809/2373/2034 39/1742/40 282/298/1645
f 282/298/1645 281/297/2035 1809/2373/2034
f 1810/2374/2036 1642/1992/1818 751/786/774
f 751/786/774 1079/1167/1131 1810/2374/2036
f 133/2375/2037 118/125/123 31/124/122
f 31/124/122 1012/2376/2038 133/2375/2037
f 132/784/772 15/16/15 118/2377/1206
f 1676/2051/1855 1675/2050/1854 1081/1169/1133
f 1001/1661/1045 493/2378/1044 1218/2181/1292
f 364/382/376 1677/2052/1856 1676/2051/1855
f 1676/2051/1855 361/379/373 364/382/376
f 13/14/13 12/13/12 113/2379/117
f 1645/1995/1821 1648/1998/1824 1647/1997/1823
f 1647/1997/1823 1054/1137/1106 1645/1995/1821
f 1524/2380/1665 771/1667/794 1456/1669/1578
f 890/945/916 490/509/504 489/508/503
f 489/508/503 891/946/917 890/945/916
f 674/2381/696 673/2382/695 1333/1493/1433
f 1333/1493/1433 1332/1492/1432 674/2381/696
f 323/339/334 1683/2064/1865 1356/1527/1463
f 1356/1527/1463 320/336/331 323/339/334
f 1487/2383/1620 1542/2384/1686 934/2385/964
f 934/2385/964 1237/2230/1313 1487/2383/1620
f 398/416/410 1715/2136/1903 1437/1637/1557
f 1437/1637/1557 395/413/407 398/416/410
f 1402/2386/1514 999/1070/1042 546/571/562
f 546/571/562 549/574/565 1402/2386/1514
f 814/861/840 813/860/839 1324/1481/1423
f 1324/1481/1423 1326/1483/1425 814/861/840
f 520/543/536 1787/2302/2003 1538/1801/1681
f 597/626/618 1811/2387/2039 1730/2163/1922
f 482/501/496 481/500/495 1600/2388/1766
f 1600/2388/1766 1670/2039/1848 482/501/496
f 539/564/555 537/562/553 1812/2389/2040
f 1812/2389/2040 1295/1446/1384 539/564/555
f 456/475/470 455/474/469 1364/1537/1473
f 1364/1537/1473 1709/2126/1897 456/475/470
f 1813/2390/2041 1649/1999/1825 743/775/765
f 1813/2390/2041 743/775/765 1070/1156/1122
f 1070/1156/1122 1814/2391/2042 1813/2390/2041
f 1187/1295/1251 1793/2392/2014 1522/1777/1663
f 1522/1777/1663 247/262/257 1187/1295/1251
f 986/1054/1024 44/46/45 150/161/156
f 150/161/156 155/166/161 986/1054/1024
f 1115/1211/1171 1536/1799/1679 1113/1209/1169
f 1304/1455/1395 980/1045/1015 979/1044/1014
f 1410/2170/1526 842/1653/868 841/2393/867
f 173/184/179 172/183/178 1389/1564/1498
f 1389/1564/1498 468/1022/994 173/184/179
f 1717/2138/1905 1215/1335/1288 1815/2394/2043
f 52/54/53 1729/2162/1921 1175/1280/1239
f 1175/1280/1239 1183/1289/1247 52/54/53
f 1816/2395/2044 1020/1094/1065 1019/1093/1064
f 1019/1093/1064 1283/1429/1370 1816/2395/2044
f 505/527/521 1586/1900/1749 1585/1899/1748
f 505/527/521 1585/1899/1748 1554/1829/1700
f 1554/1829/1700 502/524/518 505/527/521
f 1817/2396/2045 1633/1970/1804 265/1969/275
f 265/1969/275 1046/2397/1095 1817/2396/2045
f 60/62/61 1212/2398/2046 894/949/921
f 770/805/793 1172/1277/1235 771/806/794
f 771/2399/794 1172/1664/1235 1453/1663/1575
f 1453/1663/1575 1455/2400/1577 771/2399/794
f 262/277/272 261/276/271 1163/2131/1226
f 1163/2131/1226 1165/2401/1228 262/277/272
f 238/253/248 1624/1953/1794 1623/1952/1793
f 1623/1952/1793 235/250/245 238/253/248
f 1818/2402/2047 659/689/2048 658/688/1262
f 658/688/1262 1200/1309/1265 1818/2402/2047
f 521/544/537 1139/1235/1195 1141/1237/1197
f 1141/1237/1197 522/545/538 521/544/537
f 701/731/723 700/730/722 1168/1273/1231
f 1168/1273/1231 1169/1274/1232 701/731/723
f 1666/2035/1844 630/660/652 629/659/651
f 629/659/651 1638/1981/1811 1666/2035/1844
f 74/2403/2049 1463/1679/1588 878/933/904
f 878/933/904 257/2404/2050 74/2403/2049
f 1353/1524/1460 1491/1719/1624 331/347/342
f 780/2405/803 971/2406/1006 1672/2407/1850
f 1222/1345/1296 694/724/716 1819/2408/2051
f 296/312/307 299/315/310 989/1057/1027
f 989/1057/1027 1397/2409/1507 296/312/307
f 368/386/380 1017/1091/1062 365/383/377
f 30/31/30 847/895/873 846/894/872
f 846/894/872 57/59/58 30/31/30
f 802/1866/827 1617/1945/1787 1820/2410/2052
f 1574/1867/1724 802/1866/827 1820/2410/2052
f 796/1939/821 1613/1938/1783 1821/2411/2053
f 1573/2412/1723 796/1939/821 1821/2411/2053
f 1620/1949/1790 1501/1734/1636 1621/1950/1791
f 1621/1950/1791 1501/1734/1636 692/722/714
f 692/722/714 1223/1346/1297 1621/1950/1791
f 1149/1245/1205 1571/1861/1721 1147/1243/1203
f 1515/2413/1655 1288/2265/1375 348/364/360
f 348/364/360 1516/1767/1656 1515/2413/1655
f 1513/2414/1653 683/2263/705 344/360/356
f 344/360/356 1514/1763/1654 1513/2414/1653
f 807/851/832 806/850/831 1374/1549/1483
f 1374/1549/1483 1719/2143/1907 807/851/832
f 652/2415/674 651/1290/673 1475/1957/1798
f 18/2416/1976 1146/2417/2054 964/2418/1977
f 655/685/677 654/684/676 1224/2105/1298
f 1224/2105/1298 1225/2419/1299 655/685/677
f 419/437/433 1283/1429/1370 1284/1430/1371
f 1284/1430/1371 420/438/434 419/437/433
f 406/424/420 1174/1279/1238 1176/1281/1240
f 1176/1281/1240 407/425/421 406/424/420
f 1/1/1 156/167/162 672/2300/2001
f 672/2300/2001 671/2420/2055 1/1/1
f 1590/1906/1755 1028/1104/1073 1030/1106/1075
f 1033/1786/1078 321/337/332 1526/1787/1669
f 1526/1787/1669 1154/1255/1214 1033/1786/1078
f 952/1011/983 1533/1796/1676 1534/1797/1677
f 1534/1797/1677 454/473/468 952/1011/983
f 73/75/76 72/74/75 1048/1261/1097
f 992/1060/1032 362/380/374 1527/1789/1670
f 1527/1789/1670 1016/1788/1061 992/1060/1032
f 1711/2132/1899 583/610/600 582/609/599
f 582/609/599 1641/1986/1814 1711/2132/1899
f 1713/2134/1901 1653/2004/1829 563/590/579
f 563/590/579 562/589/578 1713/2134/1901
f 710/740/732 709/739/731 388/406/400
f 388/406/400 390/408/402 710/740/732
f 388/1580/400 709/1576/731 1399/1579/1509
f 452/2421/466 451/2422/465 951/2423/982
f 951/2423/982 1060/2424/1112 452/2421/466
f 69/71/72 1476/1698/1605 70/72/73
f 722/752/744 721/751/743 1190/1299/1254
f 1190/1299/1254 1191/1300/1255 722/752/744
f 666/696/688 1697/2092/1879 1822/2425/2056
f 1596/1913/1761 666/696/688 1822/2425/2056
f 819/1853/845 1507/2426/1646 158/169/164
f 158/169/164 1546/1812/1690 819/1853/845
f 851/901/877 1696/2091/1878 1823/2427/2057
f 1595/1912/1760 851/901/877 1823/2427/2057
f 568/1319/584 1204/1318/1272 1824/2428/2058
f 427/2429/441 808/2033/833 1664/2032/1842
f 856/2430/882 1708/2431/1896 1825/2432/2059
f 1606/2433/1776 856/2434/882 1825/2435/2059
f 704/734/726 1700/2111/1888 1826/2436/2060
f 1603/1927/1773 704/734/726 1826/2436/2060
f 866/2117/892 1704/2116/1892 1827/2437/2061
f 1607/2438/1777 866/2117/892 1827/2437/2061
f 1828/2439/2062 1705/2119/1893 872/927/898
f 1828/2439/2062 872/927/898 1602/1926/1772
f 861/914/887 1701/2112/1889 1829/2440/2063
f 1604/1928/1774 861/914/887 1829/2440/2063
f 34/35/34 304/320/315 682/712/704
f 682/712/704 1678/2441/2064 34/35/34
f 1262/2442/1344 967/1756/1002 1512/1758/1652
f 133/2375/2065 132/2443/2065 118/125/2065
f 379/2444/391 278/2445/288 277/2446/287
f 278/2447/288 379/397/391 382/400/394
f 382/400/394 1234/1911/1310 278/2447/288
f 9/2448/9 225/2449/2066 917/2450/1308
f 9/515/2067 95/514/1438 1337/2451/1440
f 1337/2451/1440 225/2452/2068 9/515/2067
f 736/766/758 1749/2204/1946 1385/1560/1494
f 1385/1560/1494 733/763/755 736/766/758
f 535/560/551 538/563/554 541/566/557
f 541/566/557 1436/2453/1556 535/560/551
f 1830/2454/2069 1794/2334/2015 1239/1371/1315
f 750/785/773 752/787/775 753/2455/776
f 753/2455/776 755/2456/778 750/785/773
f 753/2455/776 752/787/775 1642/1992/1818
f 1642/1992/1818 1643/2457/1819 753/2455/776
f 585/612/602 584/611/601 972/2458/1007
f 972/2458/1007 1767/2459/1974 585/612/602
f 972/2460/1007 584/1982/601 1639/1984/1812
f 1639/1984/1812 1640/2461/1813 972/2460/1007
f 1113/1209/1169 1537/1800/1680 1535/1798/1678
f 1535/1798/1678 939/997/969 1113/1209/1169
f 466/485/480 465/484/479 826/873/852
f 826/873/852 829/876/855 466/485/480
f 742/2462/764 744/2463/766 745/2464/767
f 745/2464/767 747/2465/769 742/2462/764
f 745/2466/767 744/776/766 1649/1999/1825
f 1649/1999/1825 1650/2467/1826 745/2466/767
f 808/853/833 429/448/443 1662/2030/1840
f 1662/2030/1840 1663/2468/1841 808/853/833
f 264/279/274 266/281/276 1164/2469/1227
f 1164/2469/1227 1167/2470/1230 264/279/274
f 1164/2471/1227 266/1968/276 1633/1970/1804
f 1633/1970/1804 1634/2472/1805 1164/2471/1227
f 632/662/654 631/661/653 1072/2473/1124
f 1072/2473/1124 1747/2474/1944 632/662/654
f 1072/2473/1124 631/661/653 943/1001/973
f 943/1001/973 1637/2475/1810 1072/2473/1124
f 327/343/338 326/342/337 1034/1967/1079
f 1034/1967/1079 1155/2476/1215 327/343/338
f 1034/1967/1079 326/342/337 1631/1964/1802
f 1631/1964/1802 1632/1965/1803 1034/1967/1079
f 373/391/385 1492/1720/1625 1106/1199/1159
f 1811/2387/2039 597/626/618 1547/1813/1691
f 902/958/930 901/957/929 473/2477/487
f 473/2477/487 472/2478/486 902/958/930
f 821/1746/847 5/2479/5 1507/1747/1646
f 1771/2270/1983 479/498/493 478/497/492
f 43/45/44 47/49/48 44/46/45
f 196/208/202 47/2008/48 43/209/44
f 1831/2480/2070 1810/2374/2036 1079/1167/1131
f 620/650/642 1252/1388/1331 1253/1389/1332
f 1253/1389/1332 621/651/643 620/650/642
f 1559/1840/1707 968/1031/1003 396/414/408
f 396/414/408 1575/1869/1725 1559/1840/1707
f 410/428/424 1250/1386/1329 1251/1387/1330
f 1251/1387/1330 411/429/425 410/428/424
f 185/2481/191 1493/1721/1626 1494/1722/1627
f 1494/1722/1627 186/2075/192 185/2481/191
f 387/2482/399 1003/1075/1047 1005/1077/1049
f 1005/1077/1049 384/2071/396 387/2482/399
f 1832/2483/2071 528/551/544 527/550/543
f 527/550/543 1519/1770/1659 1832/2483/2071
f 528/551/544 1833/2484/2072 1834/2485/2073
f 1834/2485/2073 525/548/541 528/551/544
f 805/849/830 1301/1856/1392 1568/1858/1718
f 1568/1858/1718 1569/1859/1719 805/849/830
f 138/149/144 821/1746/847 818/865/844
f 818/865/844 375/393/387 138/149/144
f 1657/2486/1835 1835/2487/2074 831/878/857
f 1835/2487/2074 832/879/858 831/878/857
f 257/272/267 1111/1204/1164 258/273/268
f 1040/1116/1085 1039/1115/1084 1213/2278/1284
f 259/274/269 258/273/268 691/721/713
f 369/387/381 1240/1372/1316 731/761/753
f 1240/1372/1316 369/387/381 372/390/384
f 372/390/384 1578/1884/1732 1240/1372/1316
f 1099/1192/1152 1680/2057/1861 1679/2056/1860
f 1679/2056/1860 661/691/683 1099/1192/1152
f 662/692/684 661/691/683 1679/2056/1860
f 973/1438/1008 976/2488/1011 1292/1439/1380
f 1598/1919/1764 1008/1080/1052 1777/2287/1990
f 434/453/448 885/940/911 435/454/449
f 268/2489/278 422/440/436 269/443/279
f 245/260/255 244/259/254 1208/1324/1276
f 1208/1324/1276 1210/1326/1278 245/260/255
f 1587/1901/1750 761/796/784 1780/2291/1993
f 737/767/759 734/764/756 1583/1891/1740
f 1583/1891/1740 1582/1890/1739 737/767/759
f 135/146/141 589/616/608 1716/2137/1904
f 1836/2490/2075 1837/2491/2076 1388/1563/1497
f 1293/1440/1381 1532/2492/1675 1291/1437/1379
f 1837/2491/2076 1662/2030/1840 432/451/446
f 432/451/446 1388/1563/1497 1837/2491/2076
f 1765/2246/1970 121/129/127 120/128/126
f 120/128/126 1246/1378/1322 1765/2246/1970
f 1838/2493/2077 1734/2172/1926 877/932/903
f 1838/2493/2077 877/932/903 1665/2034/1843
f 1839/2494/2078 1840/2495/2079 240/255/250
f 240/255/250 1280/2496/1367 1839/2494/2078
f 1403/1588/1516 1027/1587/1515 317/2497/1519
f 1147/1243/1203 1572/1862/1722 1570/1860/1720
f 1570/1860/1720 998/1069/1041 1147/1243/1203
f 883/938/909 1735/2173/1927 1841/2498/2080
f 1661/2029/1839 883/938/909 1841/2498/2080
f 360/2499/372 1488/1716/1621 113/897/117
f 686/716/708 1310/1464/1407 687/717/709
f 20/2500/2081 1350/1520/1456 1138/1234/1455
f 1138/1234/1455 588/2210/2082 20/2500/2081
f 89/91/92 88/90/91 461/480/475
f 461/480/475 1434/1632/1554 89/91/92
f 572/599/588 571/598/587 714/744/736
f 904/2014/932 448/2501/462 553/2015/569
f 1496/2260/1981 1495/1725/1629 35/36/35
f 373/391/385 1100/1193/1153 374/392/386
f 725/755/747 1739/2184/1933 1842/2502/2083
f 1669/2038/1847 725/755/747 1842/2502/2083
f 1843/2503/2084 1738/2183/1932 840/887/866
f 1843/2503/2084 840/887/866 1668/2037/1846
f 1462/1678/1587 1461/1677/1586 251/266/261
f 251/266/261 254/269/264 1462/1678/1587
f 93/95/96 295/311/306 294/310/305
f 294/310/305 1808/2361/2033 93/95/96
f 1330/2186/1430 126/136/132 1331/1491/1431
f 1270/2504/1352 1269/2505/1351 1449/2506/1571
f 1844/2507/2085 922/980/952 921/979/951
f 921/979/951 1722/2146/1910 1844/2507/2085
f 14/15/14 1845/2508/2086 281/297/292
f 281/297/292 15/16/15 14/15/14
f 182/193/188 1384/1559/1493 1359/1530/1466
f 1359/1530/1466 183/194/189 182/193/188
f 1685/2072/1867 384/2071/396 1005/1077/1049
f 1005/1077/1049 1460/1676/1585 1685/2072/1867
f 1687/2076/1869 186/2075/192 1494/1722/1627
f 1494/1722/1627 147/158/153 1687/2076/1869
f 1846/2509/2087 1272/1413/1354 1273/1414/1355
f 1847/2510/2088 1273/1836/1705 1558/1839/1706
f 1848/2511/2089 908/964/936 907/963/935
f 1720/2512/1908 1848/2511/2089 907/963/935
f 1840/2495/2079 1783/2294/1996 241/256/251
f 241/256/251 240/255/250 1840/2495/2079
f 1849/2513/2090 1817/2396/2045 1046/2397/1095
f 1349/1517/1453 790/2187/815 544/569/560
f 274/290/284 3/289/3 2/2514/2
f 2/2514/2 1433/1631/1553 274/290/284
f 467/2515/481 1120/1216/1176 1122/1218/1178
f 1122/1218/1178 464/1961/478 467/2515/481
f 1195/1304/1259 1555/1833/1702 1556/1834/1703
f 1850/2516/2091 1851/2517/2092 444/463/458
f 444/463/458 1144/1240/1200 1850/2516/2091
f 1851/2517/2092 441/460/455 444/463/458
f 688/718/710 1717/2138/1905 689/719/711
f 1375/1550/1484 1670/2039/1848 1671/2040/1849
f 1671/2040/1849 477/496/491 1375/1550/1484
f 1158/1262/1221 599/628/620 598/627/619
f 598/627/619 1104/1197/1157 1158/1262/1221
f 1105/1198/1158 1104/1197/1157 598/627/619
f 1852/2518/2093 1025/2519/2094 208/221/216
f 208/1313/216 1025/1817/2094 177/1314/1268
f 1057/1140/1109 512/534/528 511/533/527
f 511/533/527 1058/1141/1110 1057/1140/1109
f 512/1505/528 1057/2059/1109 1681/2058/1862
f 1681/2058/1862 1338/1506/1441 512/1505/528
f 1178/1283/1242 1177/1282/1241 332/348/343
f 332/348/343 463/482/477 1178/1283/1242
f 1359/1530/1466 1358/1529/1465 223/236/231
f 223/236/231 183/194/189 1359/1530/1466
f 1625/1954/1795 1031/1107/1076 1798/2346/2022
f 568/595/584 1824/2520/2058 1853/2521/2095
f 1853/2521/2095 565/592/581 568/595/584
f 766/2085/789 1318/2099/1417 1691/2082/1873
f 640/2081/662 1316/2522/1415 1689/2078/1871
f 1491/1719/1624 1489/1717/1622 1178/1283/1242
f 1178/1283/1242 463/482/477 1491/1719/1624
f 1854/2523/2096 777/814/800 776/813/799
f 776/813/799 1744/2194/1939 1854/2523/2096
f 167/178/173 1307/1461/1403 1295/1446/1384
f 1295/1446/1384 1812/2389/2040 167/178/173
f 1789/2314/2007 1695/2090/1877 1323/2089/1422
f 1609/1933/1779 1036/1112/1081 1805/2355/2029
f 732/762/754 1101/1194/1154 370/388/382
f 370/388/382 1101/1194/1154 1107/1200/1160
f 1107/1200/1160 371/389/383 370/388/382
f 145/156/151 144/155/150 1110/1203/1163
f 1628/1958/1799 464/1961/478 1122/1218/1178
f 1122/1218/1178 1490/1718/1623 1628/1958/1799
f 783/2524/2097 280/296/291 1048/1261/1220
f 1652/2002/1828 1231/1358/1306 367/1357/379
f 442/2525/2098 1202/1316/1270 443/1315/1269
f 1383/1558/1492 1785/2297/2099 1381/1556/1490
f 4/4/4 157/168/163 156/167/162
f 978/1043/1013 1855/2526/2100 1302/1453/1393
f 1303/1454/1394 1302/1453/1393 1855/2526/2100
f 1612/2527/1782 1614/1941/1784 795/1940/820
f 795/1940/820 792/2528/817 1612/2527/1782
f 1616/2529/1786 1618/1947/1788 801/1946/826
f 801/1946/826 798/2530/823 1616/2529/1786
f 1066/1150/1118 1065/1149/1117 1061/1144/1113
f 1061/1144/1113 1063/1147/1115 1066/1150/1118
f 1432/2531/1552 1044/1120/1090 38/1123/1093
f 38/1123/1093 1431/2532/1551 1432/2531/1552
f 198/211/2101 152/1671/1580 48/1673/1582
f 48/1673/1582 199/212/2102 198/211/2101
f 45/47/46 44/46/45 137/148/143
f 988/1056/1026 987/1055/1025 1278/1421/1365
f 1278/1421/1365 293/309/304 988/1056/1026
f 194/2533/200 193/2534/199 1347/1515/1450
f 1347/1515/1450 1346/1514/1449 194/2533/200
f 1355/2535/1462 1354/2536/1461 1803/2537/2027
f 1803/2537/2027 638/2538/660 1355/2535/1462
f 1482/2539/1613 1355/2540/1462 638/668/660
f 638/668/660 637/667/659 1482/2539/1613
f 1550/2541/1696 1411/1605/1527 1347/1515/1450
f 1347/1515/1450 193/2534/199 1550/2541/1696
f 1173/1278/1236 402/2542/414 401/2543/413
f 401/2543/413 1171/1276/1234 1173/1278/1236
f 1856/2544/2103 1584/1898/1747 1586/1900/1749
f 1586/1900/1749 504/526/520 1856/2544/2103
f 576/603/592 575/602/591 1277/2545/2000
f 1102/1195/1155 252/267/262 600/629/621
f 600/629/621 1103/1196/1156 1102/1195/1155
f 552/579/568 447/578/461 1321/2546/1420
f 1321/2546/1420 1322/2547/1421 552/579/568
f 177/188/183 679/709/701 153/164/159
f 1183/1289/1247 49/51/50 52/54/53
f 1206/1322/1274 49/51/50 1183/1289/1247
f 1183/1289/1247 1182/1288/1246 1206/1322/1274
f 1020/1094/1065 63/65/66 66/68/69
f 416/434/430 63/65/66 1020/1094/1065
f 1020/1094/1065 1816/2395/2044 416/434/430
f 216/1174/224 1084/1173/1136 781/2548/804
f 54/56/55 53/55/54 1085/1175/1137
f 1085/1175/1137 53/55/54 485/504/499
f 102/104/105 1593/1909/1758 1592/1908/1757
f 1592/1908/1757 103/105/106 102/104/105
f 1531/2549/1674 1089/1179/1141 515/1182/531
f 1790/2328/2011 229/2330/239 228/2550/238
f 228/2550/238 1748/2551/1945 1790/2328/2011
f 579/606/596 578/605/595 1260/1398/1341
f 1260/1398/1341 1259/1397/1340 579/606/596
f 959/2552/990 1723/2553/1911 1857/2554/2104
f 1418/1615/1535 1792/2331/2013 1416/1613/1533
f 283/2555/2105 1352/1523/1459 334/1522/1458
f 656/686/678 1696/2091/1878 850/900/876
f 850/900/876 653/683/675 656/686/678
f 446/2556/460 1245/2557/1321 1321/2546/1420
f 1321/2546/1420 447/578/461 446/2556/460
f 263/278/273 1697/2092/1879 665/695/687
f 665/695/687 260/275/270 263/278/273
f 1667/2036/1845 1701/2112/1889 860/913/886
f 860/913/886 858/911/884 1667/2036/1845
f 702/732/724 1700/2111/1888 703/733/725
f 703/733/725 699/729/721 702/732/724
f 1062/2558/1114 739/769/761 738/768/760
f 1703/2559/1891 1704/2116/1892 865/2118/891
f 865/2118/891 863/2560/889 1703/2559/1891
f 1707/2561/1895 1708/2431/1896 855/2562/881
f 855/2562/881 853/905/879 1707/2561/1895
f 870/925/896 1705/2119/1893 524/547/540
f 524/547/540 523/546/539 870/925/896
f 626/656/648 625/655/647 1217/1337/1290
f 1217/1337/1290 1216/1336/1289 626/656/648
f 1171/1665/1234 401/419/413 1454/1666/1576
f 830/2563/856 832/2564/858 297/313/308
f 297/313/308 296/312/307 830/2563/856
f 1852/2518/2093 208/221/216 175/186/1360
f 1466/2153/1591 740/1181/762 1090/1180/1142
f 1083/1172/1135 215/1171/223 1742/2205/1937
f 1858/2565/2106 1839/2494/2078 1280/2496/1367
f 1299/1450/1390 772/807/795 1520/1771/1660
f 248/263/258 247/262/257 1522/1777/1663
f 549/574/565 1371/2566/1480 1402/2386/1514
f 1372/2567/1481 1371/2568/1480 549/2569/565
f 549/2569/565 548/2570/564 1372/2567/1481
f 1192/1301/2107 1601/1923/1767 947/1005/1770
f 1723/2571/1911 959/2572/990 958/2573/989
f 1859/2574/2108 1818/2402/2047 1200/1309/1265
f 10/1296/10 13/896/13 255/270/265
f 793/2575/818 792/2576/817 795/2577/820
f 795/2577/820 794/2578/819 793/2575/818
f 1860/2579/2109 689/719/711 1717/2138/1905
f 799/843/824 798/842/823 801/845/826
f 801/845/826 800/844/825 799/843/824
f 42/207/43 1180/1285/1244 1181/1287/1245
f 912/969/941 347/363/359 1341/1509/1444
f 1056/1139/1108 1861/2580/2110 1682/2581/1863
f 1861/2580/2110 1056/1139/1108 1059/1142/1111
f 663/693/685 1365/1538/1474 664/694/686
f 664/694/686 1365/1538/1474 1098/1191/1151
f 933/991/963 343/359/355 1339/1507/1442
f 980/2582/1015 695/725/717 698/728/720
f 698/728/720 977/2583/1012 980/2582/1015
f 380/398/392 1565/1851/1713 1546/1812/1690
f 1546/1812/1690 381/399/393 380/398/392
f 1565/1851/1713 380/398/392 1264/1403/1346
f 645/675/667 644/674/666 1286/1432/1373
f 1286/1432/1373 1285/1431/1372 645/675/667
f 18/19/18 1495/2584/1629 19/20/19
f 528/551/544 1832/2483/2071 1833/2484/2072
f 607/637/629 606/636/628 924/982/954
f 924/982/954 923/981/953 607/637/629
f 1096/1189/1149 235/250/245 1623/1952/1793
f 875/930/901 1734/2172/1926 1714/2135/1902
f 1714/2135/1902 873/928/899 875/930/901
f 1712/2133/1900 1735/2173/1927 882/937/908
f 882/937/908 880/935/906 1712/2133/1900
f 559/586/575 1394/2165/1504 1136/1232/1192
f 1136/1232/1192 1135/1231/1191 559/586/575
f 1136/2585/1192 1394/1571/1504 1392/1570/1502
f 1862/2586/2111 1153/1251/1213 816/863/842
f 838/885/864 1738/2183/1932 1737/2182/1931
f 1737/2182/1931 836/883/862 838/885/864
f 906/2587/934 908/2588/936 536/561/552
f 536/561/552 535/560/551 906/2587/934
f 1658/2020/1836 889/944/915 591/618/918
f 723/753/745 1739/2184/1933 724/754/746
f 724/754/746 720/750/742 723/753/745
f 1284/1430/1371 1018/1092/1063 1727/2160/1919
f 1727/2160/1919 420/438/434 1284/1430/1371
f 1176/1281/1240 1729/2162/1921 1728/2161/1920
f 1728/2161/1920 407/425/421 1176/1281/1240
f 428/447/442 1053/1136/1105 425/444/439
f 158/169/164 1507/2426/1646 5/5/5
f 126/136/132 129/139/135 1331/1491/1431
f 1635/2589/1807 1863/2590/2112 1091/2591/1806
f 1091/1183/1143 1863/2592/2113 1092/1184/1144
f 1636/1979/1809 1864/2593/2114 1093/1976/1808
f 1093/1186/1146 1864/2594/2115 1094/1187/1147
f 1222/1345/1296 1819/2408/2051 1865/2595/2116
f 900/956/928 899/955/927 1383/1558/1492
f 1383/1558/1492 1382/1557/1491 900/956/928
f 849/899/875 653/683/675 850/900/876
f 668/698/690 260/275/270 665/695/687
f 1143/2596/1851 1866/2597/2117 1673/2598/1852
f 1142/2599/1198 1866/2600/2118 1143/2601/1199
f 1/2602/2119 671/2603/2119 2/2604/2119
f 859/912/885 858/911/884 860/913/886
f 706/736/728 699/729/721 703/733/725
f 351/1987/363 354/1748/366 1509/1751/1648
f 870/925/896 523/546/539 869/924/895
f 864/919/890 863/918/889 865/920/891
f 854/910/880 853/2605/879 855/907/881
f 128/138/134 1334/2310/2006 196/208/202
f 574/1572/590 573/780/589 1395/1573/1505
f 1395/1573/1505 573/780/589 749/783/771
f 641/2080/663 1690/2079/1872 1867/2606/2120
f 1867/2607/2120 642/672/664 641/671/663
f 767/2084/790 1692/2083/1874 1868/2608/2121
f 1868/2608/2121 768/2609/791 767/2084/790
f 161/1518/167 543/568/559 162/2027/168
f 1103/1196/1156 600/629/621 1159/1263/1222
f 813/860/839 1153/1251/1213 1378/1553/1487
f 696/1497/718 1335/1496/1436 1710/2128/1898
f 1710/2128/1898 1620/2127/1790 696/1497/718
f 329/345/340 328/344/339 778/815/801
f 1055/1138/1107 1054/1137/1106 1647/1997/1823
f 914/971/943 320/336/331 1356/1527/1463
f 154/2610/1328 680/2611/702 304/2612/315
f 257/2404/2050 878/933/904 879/934/905
f 879/934/905 1111/2613/2122 257/2404/2050
f 230/2614/240 229/2330/239 1418/1615/1535
f 1418/1615/1535 1417/1614/1534 230/2614/240
f 1134/1623/1190 1426/1624/1544 1131/2615/1187
f 1253/1389/1332 616/646/638 1756/2219/1956
f 1756/2219/1956 621/651/643 1253/1389/1332
f 1251/1387/1330 785/825/810 1757/2221/1958
f 1757/2221/1958 411/429/425 1251/1387/1330
f 1374/1549/1483 806/850/831 966/1029/1001
f 1361/1532/1468 1360/1531/1467 669/699/691
f 669/699/691 918/975/947 1361/1532/1468
f 1364/1537/1473 455/474/469 916/973/945
f 1081/1169/1133 361/379/373 1676/2051/1855
f 1117/2214/1173 221/234/229 220/233/228
f 812/859/838 612/642/634 1325/1482/1424
f 135/146/141 1716/2137/1904 136/147/142
f 830/877/856 296/2616/307 1397/1575/1507
f 1130/1226/1186 395/413/407 1437/1637/1557
f 881/936/907 880/935/906 882/937/908
f 875/930/901 873/928/899 874/929/900
f 1196/1305/1260 76/78/79 1197/1306/1261
f 76/78/79 1196/1305/1260 1188/1297/1252
f 93/95/96 92/94/95 295/311/306
f 92/94/95 1562/1845/1710 292/308/303
f 292/308/303 295/311/306 92/94/95
f 1265/1404/1347 817/864/843 820/867/846
f 727/757/749 720/750/742 724/754/746
f 838/885/864 836/883/862 837/884/863
f 160/171/166 159/170/165 377/395/389
f 83/85/86 82/84/85 609/639/631
f 1021/1650/1566 1444/1649/1565 1869/2617/2123
f 1870/2618/2124 437/456/451 440/459/454
f 206/2142/213 205/2619/212 202/215/209
f 202/2620/209 205/2621/212 203/2622/210
f 589/616/608 1433/1631/1553 17/18/605
f 2/2514/2 17/18/605 1433/1631/1553
f 906/1635/934 535/2623/551 1436/1636/1556
f 757/792/780 756/791/779 1007/1079/1051
f 1007/1079/1051 756/791/779 1776/2286/1989
f 954/1013/985 733/763/755 1385/1560/1494
f 167/178/173 166/177/172 1307/1461/1403
f 166/177/172 1576/1879/1729 1306/1460/1402
f 1306/1460/1402 1307/1461/1403 166/177/172
f 1308/1462/1404 809/855/834 811/858/837
f 1201/1310/1266 809/855/834 1308/1462/1404
f 759/794/782 243/258/253 760/795/783
f 760/795/783 243/258/253 246/261/256
f 124/132/130 1716/2137/1904 589/616/608
f 1716/2137/1904 124/132/130 127/1712/133
f 35/36/35 34/35/34 1678/2441/2064
f 1786/2301/2002 519/542/535 1327/2303/1426
f 1327/2303/1426 519/542/535 518/541/534
f 1591/1907/1756 1766/2248/1972 1028/1104/1073
f 1140/1459/1196 1517/2624/1657 1518/1769/1658
f 152/1671/1580 204/217/214 177/2625/1268
f 198/211/2101 204/217/214 152/1671/1580
f 99/101/102 98/100/101 1451/1659/1573
f 1451/1659/1573 98/100/101 712/742/734
f 670/700/692 669/699/691 1360/1531/1467
f 1802/2626/2125 961/1020/992 468/1022/994
f 1073/1608/1125 1654/2627/1830 1655/2628/1831
f 1052/1135/1104 1343/1511/1446 1051/1134/1103
f 1051/1749/1103 1343/2140/1446 1508/1750/1647
f 488/507/1212 1272/1413/1354 1151/1249/1209
f 1088/1178/1140 1087/1177/1139 1753/2216/1953
f 57/59/58 846/894/872 1488/1716/1621
f 1485/1710/1617 1725/2151/1914 1088/1178/1615
f 1273/1414/1355 1847/2629/2126 1846/2509/2087
f 1694/2087/1876 1693/2630/1875 730/2088/752
f 1871/2631/2127 1872/2632/2128 1873/2633/2129
f 1873/2633/2129 1874/2634/2130 1871/2631/2127
f 1875/2635/2131 1876/2636/2132 1877/2637/2133
f 1877/2637/2133 1878/2638/2134 1875/2635/2131
f 1879/2639/2135 1880/2640/2136 1881/2641/2137
f 1881/2641/2137 1882/2642/2138 1879/2639/2135
f 1883/2643/2139 1884/2644/2140 1885/2645/2141
f 1885/2645/2141 1886/2646/2142 1883/2643/2139
f 1887/2647/2143 1888/2648/2144 1889/2649/2145
f 1889/2649/2145 1890/2650/2146 1887/2647/2143
f 1891/2651/2147 1892/2652/2148 1893/2653/2149
f 1894/2654/2150 1895/2655/2151 1896/2656/2152
f 1897/2657/2153 1898/2658/2154 1899/2659/2155
f 1899/2659/2155 1900/2660/2156 1897/2657/2153
f 1901/2661/2157 1902/2662/2158 1903/2663/2159
f 1903/2663/2159 1904/2664/2160 1901/2661/2157
f 1905/2665/2161 1906/2666/2162 1907/2667/2163
f 1907/2667/2163 1908/2668/2164 1905/2665/2161
f 1909/2669/2165 1910/2670/2166 1911/2671/2167
f 1911/2671/2167 1872/2632/2128 1909/2669/2165
f 1912/2672/2152 1895/2655/2151 1913/2673/2168
f 1914/2674/2169 1915/2675/2170 1916/2676/2171
f 1916/2676/2171 1917/2677/2172 1914/2674/2169
f 1918/2678/2173 1895/2655/2151 1894/2654/2150
f 1919/2679/2174 1920/2680/2175 1921/2681/2176
f 1921/2681/2176 1922/2682/2177 1919/2679/2174
f 1923/2683/2178 1924/2684/2179 1925/2685/2180
f 1925/2685/2180 1926/2686/2181 1923/2683/2178
f 1927/2687/2182 1928/2688/2183 1929/2689/2184
f 1929/2689/2184 1930/2690/2185 1927/2687/2182
f 1931/2691/2186 1932/2692/2187 1933/2693/2188
f 1933/2693/2188 1934/2694/2189 1931/2691/2186
f 1935/2695/2190 1936/2696/2191 1937/2697/2192
f 1937/2697/2192 1938/2698/2193 1935/2695/2190
f 1939/2699/2194 1940/2700/2195 1941/2701/2196
f 1941/2701/2196 1942/2702/2197 1939/2699/2194
f 1943/2703/2198 1944/2704/2199 1945/2705/2200
f 1945/2705/2200 1946/2706/2201 1943/2703/2198
f 1947/2707/2202 1948/2708/2203 1949/2709/2204
f 1949/2709/2204 1950/2710/2205 1947/2707/2202
f 1951/2711/2206 1952/2712/2206 1953/2713/2207
f 1953/2713/2207 1954/2714/2207 1951/2711/2206
f 1955/2715/2208 1956/2716/2209 1957/2717/2210
f 1957/2717/2210 1958/2718/2211 1955/2715/2208
f 1959/2719/2212 1960/2720/2213 1961/2721/2214
f 1961/2721/2214 1962/2722/2215 1959/2719/2212
f 1963/2723/2216 1964/2724/2217 1965/2725/2218
f 1965/2725/2218 1966/2726/2219 1963/2723/2216
f 1883/2643/2139 1967/2727/2220 1884/2644/2140
f 1968/2728/2221 1889/2649/2145 1888/2648/2144
f 1888/2648/2144 1969/2729/2222 1968/2728/2221
f 1970/2730/2223 1971/2731/2224 1972/2732/2225
f 1972/2732/2225 1973/2733/2225 1970/2730/2223
f 1886/2646/2142 1974/2734/2226 1975/2735/2227
f 1975/2735/2227 1883/2643/2139 1886/2646/2142
f 1887/2647/2143 1976/2736/2228 1977/2737/2229
f 1977/2737/2229 1888/2648/2144 1887/2647/2143
f 1978/2738/2230 1979/2739/2231 1939/2699/2194
f 1939/2699/2194 1942/2702/2197 1978/2738/2230
f 1947/2707/2202 1980/2740/2232 1948/2708/2203
f 1981/2741/2233 1982/2742/2234 1910/2670/2166
f 1910/2670/2166 1909/2669/2165 1981/2741/2233
f 1983/2743/2235 1984/2744/2235 1973/2733/2225
f 1973/2733/2225 1972/2732/2225 1983/2743/2235
f 1981/2745/2236 1985/2746/2236 1913/2673/2237
f 1913/2673/2237 1982/2747/2238 1981/2745/2236
f 1986/2748/2239 1987/2749/2240 1988/2750/2241
f 1988/2750/2241 1989/2751/2242 1986/2748/2239
f 1990/2752/2243 1991/2753/2244 1992/2754/2245
f 1993/2755/2246 1994/2756/2247 1995/2757/2248
f 1995/2757/2248 1996/2758/2249 1993/2755/2246
f 1944/2704/2199 1943/2703/2198 1997/2759/2250
f 1997/2759/2250 1998/2760/2251 1944/2704/2199
f 1999/2761/2252 1881/2641/2137 1880/2640/2136
f 1880/2640/2136 2000/2762/2253 1999/2761/2252
f 2001/2763/2254 2002/2764/2255 2003/2765/2256
f 2003/2765/2256 1882/2642/2138 2001/2763/2254
f 2004/2766/2257 2005/2767/2258 2006/2768/2259
f 2006/2768/2259 2007/2769/2260 2004/2766/2257
f 1936/2696/2191 1935/2695/2190 2008/2770/2261
f 2008/2770/2261 2009/2771/2262 1936/2696/2191
f 2010/2772/2263 2011/2773/2264 2012/2774/2265
f 2012/2774/2265 2013/2775/2266 2010/2772/2263
f 2014/2776/2267 2015/2777/2268 2016/2778/2269
f 2016/2778/2269 2017/2779/2270 2014/2776/2267
f 2018/2780/2271 1929/2689/2184 1928/2688/2183
f 1928/2688/2183 2019/2781/2272 2018/2780/2271
f 1950/2710/2205 1949/2709/2204 2020/2782/2273
f 2020/2782/2273 2021/2783/2274 1950/2710/2205
f 2022/2784/2275 1890/2650/2146 2023/2785/2276
f 2023/2785/2276 2024/2786/2277 2022/2784/2275
f 2025/2787/2278 2026/2788/2279 2027/2789/2280
f 2028/2790/2281 2029/2791/2282 2030/2792/2283
f 2030/2792/2283 1931/2691/2186 2028/2790/2281
f 1953/2793/2284 1952/2794/2285 2031/2795/2286
f 2031/2795/2286 1884/2644/2140 1953/2793/2284
f 2032/2796/2287 1940/2700/2195 2033/2797/2288
f 2033/2797/2288 2034/2798/2289 2032/2796/2287
f 2035/2799/2290 2036/2800/2291 2037/2801/2292
f 2037/2801/2292 2038/2802/2293 2035/2799/2290
f 2039/2803/2294 2040/2804/2295 2017/2779/2270
f 2017/2779/2270 2016/2778/2269 2039/2803/2294
f 1894/2654/2150 1896/2656/2152 2041/2805/2296
f 2041/2805/2296 2039/2803/2297 1894/2654/2150
f 2042/2806/2298 1918/2678/2299 2043/2807/2300
f 2043/2807/2300 2044/2808/2300 2042/2806/2298
f 2045/2809/2301 2046/2810/2301 2044/2808/2300
f 2044/2808/2300 2043/2807/2300 2045/2809/2301
f 2047/2811/2302 2048/2812/2303 2049/2813/2304
f 2049/2813/2304 2050/2814/2305 2047/2811/2302
f 2051/2815/2306 2052/2816/2307 1893/2653/2149
f 2053/2817/2308 2054/2818/2309 2055/2819/2310
f 2055/2819/2310 2056/2820/2311 2053/2817/2308
f 2057/2821/2312 2058/2822/2313 2059/2823/2314
f 2059/2823/2314 2060/2824/2315 2057/2821/2312
f 2061/2825/2316 1911/2671/2167 1910/2670/2166
f 1910/2670/2166 2062/2826/2317 2061/2825/2316
f 2063/2827/2318 2064/2828/2319 1957/2717/2210
f 1957/2717/2210 1956/2716/2209 2063/2827/2318
f 1999/2761/2252 2065/2829/2320 2066/2830/2321
f 2066/2830/2321 1881/2641/2137 1999/2761/2252
f 2067/2831/2322 2068/2832/2323 2069/2833/2324
f 2069/2833/2324 1969/2729/2222 2067/2831/2322
f 1926/2686/2181 2070/2834/2325 2003/2765/2256
f 2003/2765/2256 1923/2683/2178 1926/2686/2181
f 2071/2835/2326 2072/2836/2326 2073/2837/2327
f 2073/2837/2327 2074/2838/2328 2071/2835/2326
f 2075/2839/2329 2076/2840/2330 2077/2841/2331
f 2077/2841/2331 2078/2842/2332 2075/2839/2329
f 2023/2843/2333 2079/2844/2333 2080/2845/2334
f 2080/2845/2334 2024/2846/2334 2023/2843/2333
f 2081/2847/2335 1901/2661/2157 2082/2848/2336
f 2082/2848/2336 2052/2816/2307 2081/2847/2335
f 2083/2849/2337 2084/2850/2338 2085/2851/2339
f 2085/2851/2339 2086/2852/2340 2083/2849/2337
f 1991/2753/2244 1990/2752/2243 2087/2853/2341
f 2088/2854/2342 2089/2855/2343 1912/2672/2344
f 1912/2672/2344 1980/2856/2345 2088/2854/2342
f 2090/2857/2346 2091/2858/2347 2092/2859/2348
f 2092/2859/2348 2093/2860/2349 2090/2857/2346
f 2094/2861/2350 2095/2862/2351 1893/2653/2149
f 2096/2863/2352 2097/2864/2353 1893/2653/2149
f 2098/2865/2354 2099/2866/2355 1900/2660/2156
f 1944/2867/2356 1998/2868/2357 1994/2756/2247
f 1994/2756/2247 1993/2755/2246 1944/2867/2356
f 1899/2659/2155 1898/2658/2154 2100/2869/2358
f 2101/2870/2359 2102/2871/2360 2103/2872/2361
f 2103/2872/2361 2104/2873/2362 2101/2870/2359
f 1996/2874/2249 2105/2875/2363 1938/2698/2193
f 1938/2698/2193 1937/2697/2192 1996/2874/2249
f 1939/2699/2194 2106/2876/2364 2107/2877/2365
f 2107/2877/2365 1940/2700/2195 1939/2699/2194
f 2108/2878/2366 2109/2879/2367 2110/2880/2368
f 2110/2880/2368 2111/2881/2369 2108/2878/2366
f 1897/2882/2370 2112/2883/2371 2113/2884/2372
f 2113/2884/2372 1898/2885/2373 1897/2882/2370
f 2114/2886/2374 2099/2887/2375 2024/2846/2334
f 2024/2846/2334 2080/2845/2334 2114/2886/2374
f 2115/2888/2376 2041/2805/2376 2116/2889/2377
f 2116/2889/2377 1967/2890/2378 2115/2888/2376
f 2062/2826/2317 1925/2685/2180 1924/2684/2179
f 1924/2684/2179 2061/2825/2316 2062/2826/2317
f 2117/2891/2379 1961/2721/2214 1960/2720/2213
f 1960/2720/2213 2118/2892/2380 2117/2891/2379
f 2054/2818/2309 2053/2817/2308 2119/2893/2381
f 2119/2893/2381 2120/2894/2382 2054/2818/2309
f 2121/2895/2383 2122/2896/2384 1904/2664/2160
f 1904/2664/2160 1903/2663/2159 2121/2895/2383
f 2123/2897/2385 1885/2645/2141 1934/2694/2189
f 1934/2694/2189 1933/2693/2188 2123/2897/2385
f 2124/2898/2386 1970/2730/2387 1973/2733/2388
f 1973/2733/2388 2025/2787/2278 2124/2898/2386
f 1880/2640/2136 1879/2639/2135 1983/2899/2389
f 1983/2899/2389 1972/2900/2390 1880/2640/2136
f 2075/2901/2391 2078/2902/2392 1968/2728/2221
f 1968/2728/2221 2125/2903/2393 2075/2901/2391
f 2126/2904/2394 2033/2797/2288 1940/2700/2195
f 1940/2700/2195 2127/2905/2395 2126/2904/2394
f 2128/2906/2396 2129/2907/2397 2130/2908/2398
f 2130/2908/2398 2131/2909/2399 2128/2906/2396
f 2132/2910/2400 2030/2792/2283 2029/2791/2282
f 2029/2791/2282 2133/2911/2401 2132/2910/2400
f 2030/2792/2283 2134/2912/2402 1932/2692/2187
f 2042/2913/2403 2044/2914/2404 1877/2637/2133
f 1877/2637/2133 2038/2802/2293 2042/2913/2403
f 2014/2915/2405 2017/2916/2406 2010/2917/2263
f 2010/2917/2263 1908/2668/2164 2014/2915/2405
f 2029/2791/2282 2028/2790/2281 2135/2918/2407
f 2135/2918/2407 2136/2919/2408 2029/2791/2282
f 2088/2920/2409 1980/2740/2232 1947/2707/2202
f 1947/2707/2202 2133/2911/2401 2088/2920/2409
f 1872/2632/2128 1871/2631/2127 2137/2921/2410
f 2137/2921/2410 1909/2669/2165 1872/2632/2128
f 2010/2772/2263 2017/2922/2406 2011/2773/2264
f 2115/2923/2411 1967/2727/2220 1883/2643/2139
f 1883/2643/2139 1975/2735/2227 2115/2923/2411
f 1923/2683/2178 2138/2924/2412 2139/2925/2413
f 2139/2925/2413 1924/2684/2179 1923/2683/2178
f 2140/2926/2414 1960/2720/2213 2141/2927/2415
f 2141/2927/2415 2142/2928/2416 2140/2926/2414
f 2143/2929/2417 2081/2847/2335 2144/2930/2418
f 2144/2930/2418 2145/2931/2419 2143/2929/2417
f 1988/2750/2241 1987/2749/2240 2145/2931/2419
f 2145/2931/2419 2146/2932/2420 1988/2750/2241
f 1962/2722/2215 2147/2933/2421 2148/2934/2422
f 2148/2934/2422 1959/2719/2212 1962/2722/2215
f 2097/2864/2353 2096/2863/2352 2148/2934/2422
f 2148/2934/2422 2147/2933/2421 2097/2864/2353
f 2125/2903/2393 2000/2935/2253 1971/2936/2423
f 1971/2936/2423 2075/2901/2391 2125/2903/2393
f 2000/2935/2253 2125/2903/2393 2069/2833/2324
f 2069/2833/2324 1999/2937/2252 2000/2935/2253
f 2057/2821/2312 2060/2824/2315 2056/2820/2311
f 2056/2820/2311 2055/2819/2310 2057/2821/2312
f 2149/2938/2424 2150/2939/2425 1893/2653/2149
f 2151/2940/2426 1930/2690/2185 2152/2941/2427
f 2152/2941/2427 2153/2942/2428 2151/2940/2426
f 1942/2702/2197 2154/2943/2429 2155/2944/2430
f 2155/2944/2430 1978/2738/2230 1942/2702/2197
f 2156/2945/2431 2157/2946/2432 2158/2947/2433
f 2158/2947/2433 2159/2948/2434 2156/2945/2431
f 2160/2949/2435 2161/2950/2436 2162/2951/2437
f 2162/2951/2437 2163/2952/2438 2160/2949/2435
f 1874/2634/2130 2020/2953/2273 1949/2954/2204
f 1949/2954/2204 1871/2631/2127 1874/2634/2130
f 2164/2955/2439 2165/2956/2440 2166/2957/2441
f 2166/2957/2441 2167/2958/2442 2164/2955/2439
f 1913/2673/2168 1895/2655/2151 2025/2787/2278
f 2168/2959/2443 2169/2960/2444 1982/2747/2238
f 1982/2747/2238 1913/2673/2237 2168/2959/2443
f 2170/2961/2445 2171/2962/2445 2078/2842/2332
f 2078/2842/2332 2077/2841/2331 2170/2961/2445
f 2170/2961/2446 2077/2841/2447 2172/2963/2448
f 2172/2963/2448 2173/2964/2449 2170/2961/2446
f 2174/2965/2450 2175/2966/2450 1966/2726/2219
f 1966/2726/2219 1965/2725/2218 2174/2965/2450
f 1918/2678/2173 1894/2654/2150 1964/2724/2451
f 1964/2724/2451 2045/2809/2151 1918/2678/2173
f 2089/2855/2343 2088/2854/2342 2136/2967/2452
f 2136/2967/2452 2176/2968/2452 2089/2855/2343
f 1896/2656/2152 1895/2655/2151 1912/2672/2152
f 2036/2800/2291 2177/2969/2453 2178/2970/2454
f 2105/2971/2363 1996/2758/2249 1995/2757/2248
f 1995/2757/2248 2178/2970/2454 2105/2971/2363
f 2071/2972/2455 2074/2973/2456 2070/2834/2325
f 2070/2834/2325 1926/2686/2181 2071/2972/2455
f 1925/2685/2180 2062/2826/2317 2169/2974/2457
f 2169/2974/2457 2179/2975/2458 1925/2685/2180
f 1906/2666/2162 1905/2665/2161 2180/2976/2459
f 2180/2976/2459 2181/2977/2460 1906/2666/2162
f 1917/2677/2172 1916/2676/2171 2182/2978/2461
f 2182/2978/2461 2183/2979/2462 1917/2677/2172
f 2092/2980/2463 2091/2981/2464 2137/2921/2410
f 2137/2921/2410 1948/2982/2203 2092/2980/2463
f 2184/2983/2465 2106/2876/2364 1979/2739/2231
f 1979/2739/2231 2185/2984/2466 2184/2983/2465
f 2007/2769/2260 2006/2768/2259 2009/2771/2262
f 2009/2771/2262 2008/2770/2261 2007/2769/2260
f 2061/2825/2316 2186/2985/2467 2187/2986/2468
f 2187/2986/2468 1911/2671/2167 2061/2825/2316
f 1873/2633/2129 1872/2632/2128 2187/2986/2468
f 2030/2792/2283 2132/2910/2400 2188/2987/2469
f 1950/2710/2205 2021/2783/2274 2188/2987/2469
f 2189/2988/2470 2190/2989/2471 2035/2799/2290
f 2035/2799/2290 1876/2636/2132 2189/2988/2470
f 2036/2800/2291 2035/2799/2290 2190/2989/2471
f 2190/2989/2471 2177/2969/2453 2036/2800/2291
f 2191/2990/2472 2192/2991/2473 1892/2652/2148
f 1892/2652/2148 2154/2943/2429 2191/2990/2472
f 2034/2798/2289 2193/2992/2474 2194/2993/2475
f 2194/2993/2475 2032/2796/2287 2034/2798/2289
f 2183/2979/2462 2195/2994/2476 1875/2635/2131
f 1875/2635/2131 1917/2677/2172 2183/2979/2462
f 1876/2636/2132 1875/2635/2131 2195/2994/2476
f 2195/2994/2476 2189/2988/2470 1876/2636/2132
f 1974/2734/2226 1886/2646/2142 2196/2995/2477
f 2196/2995/2477 2197/2996/2478 1974/2734/2226
f 2198/2997/2479 2199/2998/2480 2013/2775/2266
f 2013/2775/2266 2012/2774/2265 2198/2997/2479
f 2038/2802/2293 2037/2801/2292 2200/2999/2481
f 2200/2999/2481 2042/2913/2403 2038/2802/2293
f 1908/2668/2164 1907/2667/2163 2175/3000/2482
f 2175/3000/2482 2014/2915/2405 1908/2668/2164
f 1915/2675/2170 1914/2674/2169 1963/3001/2483
f 1963/3001/2483 1966/3002/2484 1915/2675/2170
f 1931/2691/2186 1934/2694/2189 2031/2795/2286
f 2031/2795/2286 2028/2790/2281 1931/2691/2186
f 1877/2637/2133 2044/2914/2404 1878/2638/2134
f 1969/2729/2222 2069/2833/2324 2125/2903/2393
f 2125/2903/2393 1968/2728/2221 1969/2729/2222
f 1882/2642/2138 2003/2765/2256 2070/2834/2325
f 2070/2834/2325 1879/2639/2135 1882/2642/2138
f 1889/2649/2145 1968/2728/2221 2078/2902/2392
f 2078/2902/2392 2171/3003/2485 1889/2649/2145
f 1886/2646/2142 1885/2645/2141 2123/2897/2385
f 1996/2874/2249 1937/2697/2192 2100/2869/2358
f 2100/2869/2358 1993/3004/2246 1996/2874/2249
f 1899/2659/2155 2100/2869/2358 1937/2697/2192
f 1937/2697/2192 1936/2696/2191 1899/2659/2155
f 2186/2985/2467 2061/2825/2316 1924/2684/2179
f 1924/2684/2179 2139/2925/2413 2186/2985/2467
f 2162/2951/2437 2161/2950/2436 2201/3005/2486
f 2006/2768/2259 2005/2767/2258 2022/2784/2275
f 2022/2784/2275 2098/2865/2354 2006/2768/2259
f 1890/2650/2146 2022/2784/2275 2005/2767/2258
f 2005/2767/2258 1887/2647/2143 1890/2650/2146
f 1936/2696/2191 2009/2771/2262 1900/2660/2156
f 1900/2660/2156 1899/2659/2155 1936/2696/2191
f 2098/2865/2354 1900/2660/2156 2009/2771/2262
f 2009/2771/2262 2006/2768/2259 2098/2865/2354
f 2165/2956/2440 2164/2955/2439 2202/3006/2487
f 2202/3006/2487 2203/3007/2488 2165/2956/2440
f 2203/3007/2488 2202/3006/2487 2204/3008/2489
f 2205/3009/2490 2206/3010/2491 2207/3011/2492
f 2207/3011/2492 2208/3012/2493 2205/3009/2490
f 1891/2651/2147 2208/3012/2493 2155/2944/2430
f 2155/2944/2430 1892/2652/2148 1891/2651/2147
f 2135/3013/2494 2209/3014/2494 2176/2968/2452
f 2176/2968/2452 2136/2967/2452 2135/3013/2494
f 2169/2960/2444 2168/2959/2443 2210/3015/2495
f 2210/3015/2495 2179/3016/2495 2169/2960/2444
f 2211/3017/2496 2212/3018/2497 2059/2823/2314
f 2059/2823/2314 2058/2822/2313 2211/3017/2496
f 2184/2983/2465 2185/2984/2466 2212/3018/2497
f 2212/3018/2497 2211/3017/2496 2184/2983/2465
f 2213/3019/2498 2214/3020/2499 2085/2851/2339
f 2085/2851/2339 2215/3021/2500 2213/3019/2498
f 2213/3019/2498 2215/3021/2500 1893/2653/2149
f 2216/3022/2501 1928/2688/2183 1927/2687/2182
f 1927/2687/2182 2122/2896/2384 2216/3022/2501
f 2201/3005/2486 2217/3023/2502 2218/3024/2503
f 2218/3024/2503 2162/2951/2437 2201/3005/2486
f 2217/3023/2502 2219/3025/2504 1893/2653/2149
f 1918/2678/2173 1943/2703/2151 1946/2706/2505
f 1997/2759/2250 1918/2678/2299 2200/3026/2506
f 2200/3026/2506 1998/2760/2251 1997/2759/2250
f 2181/2977/2460 2182/2978/2461 1916/2676/2171
f 1916/2676/2171 1906/2666/2162 2181/2977/2460
f 2220/3027/2507 2221/3028/2508 1989/2751/2242
f 1989/2751/2242 1988/2750/2241 2220/3027/2507
f 2119/2893/2381 1920/2680/2175 2202/3006/2487
f 2202/3006/2487 2164/2955/2439 2119/2893/2381
f 2069/2833/2324 2068/2832/2323 2065/3029/2320
f 2150/2939/2425 2149/2938/2424 2222/3030/2509
f 2223/3031/2510 2222/3030/2509 2149/2938/2424
f 2140/2926/2414 2142/2928/2416 2224/3032/2511
f 2224/3032/2511 2064/2828/2319 2140/2926/2414
f 2048/2812/2303 2047/2811/2302 2224/3032/2511
f 2224/3032/2511 2225/3033/2512 2048/2812/2303
f 2214/3020/2499 2226/3034/2513 2227/3035/2514
f 1884/2644/2140 2031/2795/2286 1934/2694/2189
f 1934/2694/2189 1885/2645/2141 1884/2644/2140
f 1948/2982/2203 2137/2921/2410 1871/2631/2127
f 1871/2631/2127 1949/2954/2204 1948/2982/2203
f 2206/3010/2491 2205/3009/2490 2228/3036/2515
f 2228/3036/2515 2229/3037/2516 2206/3010/2491
f 2121/2895/2383 2230/3038/2517 2231/3039/2518
f 2231/3039/2518 2216/3022/2501 2121/2895/2383
f 1928/2688/2183 2216/3022/2501 2231/3039/2518
f 2231/3039/2518 2019/2781/2272 1928/2688/2183
f 2063/3040/2519 1956/3041/2520 2187/2986/2521
f 2187/2986/2521 2186/2985/2522 2063/3040/2519
f 2232/3042/2523 2184/3043/2524 2008/3044/2525
f 2008/3044/2525 1935/3045/2526 2232/3042/2523
f 2147/2933/2421 1962/2722/2215 2203/3007/2488
f 2203/3007/2488 2204/3008/2489 2147/2933/2421
f 2233/3046/2527 2234/3047/2528 1893/2653/2149
f 1976/2736/2228 1887/2647/2143 2005/2767/2258
f 2005/2767/2258 2004/2766/2257 1976/2736/2228
f 2058/2822/2529 2057/2821/2530 1976/3048/2531
f 1976/3048/2531 2004/3049/2532 2058/2822/2529
f 2036/2800/2291 2178/2970/2454 1995/2757/2248
f 2036/2800/2291 1995/2757/2248 1994/2756/2247
f 1994/2756/2247 2037/2801/2292 2036/2800/2291
f 1975/2735/2227 2011/2773/2264 2040/3050/2533
f 2040/3050/2533 2115/2923/2411 1975/2735/2227
f 2011/2773/2264 1975/2735/2227 1974/2734/2226
f 1974/2734/2226 2012/2774/2265 2011/2773/2264
f 2133/2911/2401 2029/2791/2282 2136/2919/2408
f 2136/2919/2408 2088/2920/2409 2133/2911/2401
f 2218/3024/2503 2217/3023/2502 2153/2942/2428
f 2153/2942/2428 2152/2941/2427 2218/3024/2503
f 2230/3038/2517 2121/2895/2383 1903/2663/2159
f 1903/2663/2159 2235/3051/2534 2230/3038/2517
f 2196/2995/2477 1886/2646/2142 2123/2897/2385
f 2236/3052/2535 2192/2991/2473 2194/2993/2475
f 2194/2993/2475 2193/2992/2474 2236/3052/2535
f 2192/2991/2473 2236/3052/2535 1893/2653/2149
f 2237/3053/2536 1960/2720/2213 2140/2926/2414
f 2140/2926/2414 2238/3054/2537 2237/3053/2536
f 2003/2765/2256 2002/2764/2255 2138/2924/2412
f 2191/2990/2472 2194/2993/2475 2192/2991/2473
f 1917/2677/2172 1875/2635/2131 1878/2638/2134
f 1878/2638/2134 1914/2674/2169 1917/2677/2172
f 2012/2774/2265 1974/2734/2226 2197/2996/2478
f 2197/2996/2478 2198/2997/2479 2012/2774/2265
f 1906/2666/2162 1916/2676/2171 1915/2675/2170
f 1915/2675/2170 1907/2667/2163 1906/2666/2162
f 1905/2665/2161 2013/3055/2266 2199/3056/2480
f 2199/3056/2480 2180/2976/2459 1905/2665/2161
f 2013/3055/2266 1905/2665/2161 1908/2668/2164
f 1908/2668/2164 2010/2917/2263 2013/3055/2266
f 1876/2636/2132 2035/2799/2290 2038/2802/2293
f 2038/2802/2293 1877/2637/2133 1876/2636/2132
f 1988/2750/2241 2146/2932/2420 2083/2849/2337
f 2083/2849/2337 2220/3027/2507 1988/2750/2241
f 2146/2932/2420 2239/3057/2538 2084/2850/2338
f 2084/2850/2338 2083/2849/2337 2146/2932/2420
f 2157/2946/2432 2156/2945/2431 2229/3037/2516
f 2229/3037/2516 2228/3036/2515 2157/2946/2432
f 2094/2861/2350 2157/2946/2432 2228/3036/2515
f 2228/3036/2515 2095/2862/2351 2094/2861/2350
f 1901/2661/2157 2081/2847/2335 2240/3058/2539
f 1901/2661/2157 2240/3058/2539 2104/2873/2362
f 2104/2873/2362 1902/2662/2158 1901/2661/2157
f 2028/2790/2281 2031/2795/2286 1952/2794/2285
f 1952/2794/2285 2135/2918/2407 2028/2790/2281
f 2000/2762/2253 1880/2640/2136 1972/2900/2390
f 1972/2900/2390 1971/3059/2423 2000/2762/2253
f 1914/2674/2169 1878/2638/2134 2046/3060/2540
f 2046/3060/2540 1963/3001/2483 1914/2674/2169
f 1879/2639/2135 2070/2834/2325 2074/2973/2456
f 2074/2973/2456 1983/2899/2389 1879/2639/2135
f 2062/2826/2317 1910/2670/2166 1982/2742/2234
f 1982/2742/2234 2169/2974/2457 2062/2826/2317
f 1926/2686/2181 1925/2685/2180 2179/2975/2458
f 2179/2975/2458 2071/2972/2455 1926/2686/2181
f 1907/2667/2163 1915/2675/2170 1966/3002/2484
f 1966/3002/2484 2175/3000/2482 1907/2667/2163
f 1993/3004/2246 2100/2869/2358 1945/3061/2541
f 1945/3061/2541 1944/3062/2356 1993/3004/2246
f 1909/2669/2165 2137/2921/2410 2091/2981/2464
f 2091/2981/2464 1981/2741/2233 1909/2669/2165
f 1890/2650/2146 1889/2649/2145 2171/3003/2485
f 2171/3003/2485 2023/2785/2276 1890/2650/2146
f 2037/2801/2292 1994/2756/2247 1998/2868/2357
f 1998/2868/2357 2200/2999/2481 2037/2801/2292
f 2109/2879/2367 2108/2878/2366 2241/3063/2542
f 2241/3063/2542 2163/2952/2438 2109/2879/2367
f 2067/2831/2322 1969/2729/2222 1977/2737/2229
f 2164/2955/2439 2167/2958/2442 2120/2894/2382
f 2120/2894/2382 2119/2893/2381 2164/2955/2439
f 2040/3050/2533 2011/2773/2264 2017/2922/2406
f 1945/3061/2541 2100/2869/2358 1898/2658/2154
f 1898/2885/2373 2113/2884/2372 1946/2706/2201
f 1946/2706/2201 1945/2705/2200 1898/2885/2373
f 2046/3060/2540 1878/2638/2134 2044/2914/2404
f 2134/2912/2402 2030/2792/2283 2188/2987/2469
f 2111/2881/2369 2110/2880/2368 1929/2689/2184
f 1929/2689/2184 2018/2780/2271 2111/2881/2369
f 2025/2787/2278 1895/2655/2151 2242/3064/2543
f 2041/2805/2296 1896/2656/2152 2116/2889/2296
f 1955/2715/2208 1958/2718/2211 2160/2949/2435
f 2160/2949/2435 2243/3065/2544 1955/2715/2208
f 1991/2753/2244 2221/3028/2508 2220/3027/2507
f 2220/3027/2507 1992/2754/2245 1991/2753/2244
f 2217/3023/2502 2201/3005/2486 2049/2813/2304
f 2049/2813/2304 2219/3025/2504 2217/3023/2502
f 2048/2812/2303 2225/3033/2512 2219/3025/2504
f 2223/3031/2510 2122/2896/2384 1927/2687/2182
f 1927/2687/2182 2222/3030/2509 2223/3031/2510
f 2131/2909/2399 2130/2908/2398 2033/2797/2288
f 2033/2797/2288 2126/2904/2394 2131/2909/2399
f 1872/2632/2128 1911/2671/2167 2187/2986/2468
f 1969/2729/2222 1888/2648/2144 1977/2737/2229
f 1882/2642/2138 1881/2641/2137 2066/2830/2321
f 2227/3035/2514 2129/2907/2397 1990/2752/2243
f 1990/2752/2243 2214/3020/2499 2227/3035/2514
f 1992/2754/2245 2086/2852/2340 2214/3020/2499
f 2214/3020/2499 1990/2752/2243 1992/2754/2245
f 2102/2871/2360 2101/2870/2359 1987/2749/2240
f 1987/2749/2240 1986/2748/2239 2102/2871/2360
f 2238/3054/2537 2140/2926/2414 2064/2828/2319
f 2064/2828/2319 2063/2827/2318 2238/3054/2537
f 2001/2763/2254 1882/2642/2138 2066/2830/2321
f 2166/2957/2441 2165/2956/2440 1961/2721/2214
f 1961/2721/2214 2117/2891/2379 2166/2957/2441
f 1920/2680/2175 2119/2893/2381 2053/2817/2308
f 2053/2817/2308 1921/2681/2176 1920/2680/2175
f 2052/2816/2307 2051/2815/2306 2144/2930/2418
f 2144/2930/2418 2081/2847/2335 2052/2816/2307
f 2128/2906/2396 2087/2853/2341 1990/2752/2243
f 2185/2984/2466 1979/2739/2231 1978/2738/2230
f 1978/2738/2230 2207/3011/2492 2185/2984/2466
f 1959/2719/2212 2141/2927/2415 1960/2720/2213
f 2244/3066/2545 2148/2934/2422 2096/2863/2352
f 2206/3010/2491 2212/3018/2497 2185/2984/2466
f 2185/2984/2466 2207/3011/2492 2206/3010/2491
f 2024/2786/2277 2099/2866/2355 2098/2865/2354
f 2098/2865/2354 2022/2784/2275 2024/2786/2277
f 2133/2911/2401 1947/2707/2202 1950/2710/2205
f 1950/2710/2205 2132/2910/2400 2133/2911/2401
f 2152/2941/2427 2110/2880/2368 2109/2879/2367
f 2109/2879/2367 2218/3024/2503 2152/2941/2427
f 2193/2992/2474 2034/2798/2289 2245/3067/2546
f 2245/3067/2546 2246/3068/2547 2193/2992/2474
f 2236/3052/2535 2213/3019/2498 1893/2653/2149
f 2069/2833/2324 2065/3029/2320 1999/2937/2252
f 2030/2792/2283 1932/2692/2187 1931/2691/2186
f 1950/2710/2205 2188/2987/2469 2132/2910/2400
f 2003/2765/2256 2138/2924/2412 1923/2683/2178
f 2129/2907/2397 2227/3035/2514 2245/3067/2546
f 2245/3067/2546 2130/2908/2398 2129/2907/2397
f 2208/3012/2493 1891/2651/2147 2247/3069/2548
f 2247/3069/2548 2205/3009/2490 2208/3012/2493
f 2050/2814/2305 2049/2813/2304 2201/3005/2486
f 2201/3005/2486 2161/2950/2436 2050/2814/2305
f 2161/2950/2436 2160/2949/2435 1958/2718/2211
f 1958/2718/2211 2050/2814/2305 2161/2950/2436
f 1930/2690/2185 2151/2940/2426 2222/3030/2509
f 2222/3030/2509 1927/2687/2182 1930/2690/2185
f 2186/2985/2522 2139/2925/2549 2238/3070/2550
f 2238/3070/2550 2063/3040/2519 2186/2985/2522
f 2139/2925/2549 2138/2924/2551 2237/3071/2552
f 2237/3071/2552 2238/3070/2550 2139/2925/2549
f 2178/3072/2553 2177/3073/2554 2126/3074/2555
f 2126/3074/2555 2127/3075/2556 2178/3072/2553
f 2127/3075/2556 2107/3076/2557 2105/3077/2558
f 2105/3077/2558 2178/3072/2553 2127/3075/2556
f 2019/3078/2559 2231/3079/2560 1933/2693/2561
f 1933/2693/2561 1932/2692/2562 2019/3078/2559
f 1932/3080/2562 2134/3081/2563 2018/3082/2564
f 2018/3082/2564 2019/3083/2559 1932/3080/2562
f 1902/2662/2158 2235/3051/2534 1903/2663/2159
f 2112/2883/2565 1895/2655/2151 2113/2884/2566
f 1946/2706/2505 1895/2655/2151 1918/2678/2173
f 1912/2672/2152 2090/2857/2151 2093/2860/2151
f 2093/2860/2349 2092/2859/2348 1980/2856/2345
f 1980/2856/2345 1912/2672/2344 2093/2860/2349
f 1912/2672/2152 1913/2673/2168 1985/2746/2151
f 1935/2695/2526 1938/2698/2567 2106/3084/2568
f 2106/3084/2568 2232/3085/2523 1935/2695/2526
f 1938/3086/2567 2105/3077/2558 2107/3076/2557
f 2107/3076/2557 2106/3087/2568 1938/3086/2567
f 2145/2931/2419 1987/2749/2240 2101/2870/2359
f 2101/2870/2359 2143/2929/2417 2145/2931/2419
f 2104/2873/2362 2240/3058/2539 2143/2929/2417
f 2143/2929/2417 2101/2870/2359 2104/2873/2362
f 2237/3053/2536 2118/2892/2380 1960/2720/2213
f 2091/2858/2347 2090/2857/2346 1985/2746/2236
f 1985/2746/2236 1981/2745/2236 2091/2858/2347
f 2171/2962/2445 2170/2961/2445 2079/2844/2333
f 2079/2844/2333 2023/2843/2333 2171/2962/2445
f 1901/2661/2157 2248/3088/2569 2082/2848/2336
f 1901/2661/2157 1904/2664/2160 2248/3088/2569
f 1897/2657/2153 1900/2660/2156 2099/2866/2355
f 2099/2887/2375 2114/2886/2374 2112/2883/2371
f 2112/2883/2371 1897/2882/2370 2099/2887/2375
f 1953/2793/2284 1884/2644/2140 1967/2727/2220
f 1967/2890/2378 2116/2889/2377 1954/2714/2207
f 1954/2714/2207 1953/2713/2207 1967/2890/2378
f 2042/2806/2298 2200/3026/2506 1918/2678/2299
f 2046/2810/2301 2045/2809/2301 1964/2724/2217
f 1964/2724/2217 1963/2723/2216 2046/2810/2301
f 2249/3089/2570 2151/2940/2426 2153/2942/2428
f 2153/2942/2428 2217/3023/2502 2249/3089/2570
f 2249/3089/2570 2217/3023/2502 1893/2653/2149
f 2179/3016/2495 2210/3015/2495 2072/2836/2326
f 2072/2836/2326 2071/2835/2326 2179/3016/2495
f 2092/3090/2463 1948/2708/2203 1980/2740/2232
f 1971/2731/2224 1970/2730/2223 2076/2840/2330
f 2076/2840/2330 2075/2839/2329 1971/2731/2224
f 1952/2712/2206 1951/2711/2206 2209/3014/2494
f 2209/3014/2494 2135/3013/2494 1952/2712/2206
f 2040/2804/2295 2039/2803/2294 2041/2805/2376
f 2041/2805/2376 2115/2888/2376 2040/2804/2295
f 2074/2838/2328 2073/2837/2327 1984/2744/2235
f 1984/2744/2235 1983/2743/2235 2074/2838/2328
f 2064/2828/2319 2224/3032/2511 2047/2811/2302
f 2047/2811/2302 1957/2717/2210 2064/2828/2319
f 2191/2990/2472 1941/2701/2196 2032/2796/2287
f 2032/2796/2287 2194/2993/2475 2191/2990/2472
f 2032/2796/2287 1941/2701/2196 1940/2700/2195
f 2175/2966/2450 2174/2965/2450 2015/2777/2268
f 2015/2777/2268 2014/2776/2267 2175/2966/2450
f 2239/3057/2538 2051/2815/2306 2215/3021/2500
f 2215/3021/2500 2084/2850/2338 2239/3057/2538
f 2004/2766/2532 2007/2769/2571 2211/3091/2572
f 2211/3091/2572 2058/3092/2529 2004/2766/2532
f 2007/2769/2571 2008/2770/2525 2184/3093/2524
f 2184/3093/2524 2211/3091/2572 2007/2769/2571
f 2244/3066/2545 2142/2928/2416 2141/2927/2415
f 2141/2927/2415 2148/2934/2422 2244/3066/2545
f 2142/2928/2416 2244/3066/2545 2225/3033/2512
f 2225/3033/2512 2224/3032/2511 2142/2928/2416
f 1913/2673/2168 2025/2787/2278 2210/3015/2573
f 2233/3046/2527 2204/3008/2489 1919/2679/2174
f 1919/2679/2174 2234/3047/2528 2233/3046/2527
f 1919/2679/2174 1922/2682/2177 2234/3047/2528
f 2066/3094/2574 2065/3095/2575 2167/3096/2576
f 2167/3096/2576 2166/3097/2577 2066/3094/2574
f 2166/3098/2577 2117/3099/2578 2001/2763/2579
f 2001/2763/2579 2066/2830/2574 2166/3098/2577
f 2246/3068/2547 2245/3067/2546 2227/3035/2514
f 2227/3035/2514 2226/3034/2513 2246/3068/2547
f 2246/3068/2547 2213/3019/2498 2236/3052/2535
f 2236/3052/2535 2193/2992/2474 2246/3068/2547
f 1977/2737/2580 1976/2736/2531 2057/3100/2530
f 2057/3100/2530 2055/3101/2581 1977/2737/2580
f 2055/3101/2581 2054/3102/2582 2067/2831/2583
f 2067/2831/2583 1977/2737/2580 2055/3101/2581
f 2025/2787/2278 1973/2733/2388 1984/2744/2388
f 1961/2721/2214 2165/2956/2440 2203/3007/2488
f 2203/3007/2488 1962/2722/2215 1961/2721/2214
f 2231/3079/2560 2230/3103/2584 2123/2897/2585
f 2123/2897/2585 1933/2693/2561 2231/3079/2560
f 2065/3095/2575 2068/3104/2586 2120/3105/2587
f 2120/3105/2587 2167/3096/2576 2065/3095/2575
f 2230/3103/2584 2235/3106/2588 2196/2995/2589
f 2196/2995/2589 2123/2897/2585 2230/3103/2584
f 2138/2924/2551 2002/2764/2590 2118/3107/2591
f 2118/3107/2591 2237/3071/2552 2138/2924/2551
f 2111/3108/2592 2018/3109/2564 2134/2912/2563
f 2134/2912/2563 2188/2987/2593 2111/3108/2592
f 2188/3110/2593 2021/3111/2594 2108/3112/2595
f 2108/3112/2595 2111/3113/2592 2188/3110/2593
f 2207/3011/2492 1978/2738/2230 2155/2944/2430
f 2155/2944/2430 2208/3012/2493 2207/3011/2492
f 2141/2927/2415 1959/2719/2212 2148/2934/2422
f 1956/3041/2520 1955/3114/2596 1873/2633/2597
f 1873/2633/2597 2187/2986/2521 1956/3041/2520
f 2080/2845/2598 2079/2844/2599 2027/2789/2280
f 2027/2789/2280 2026/2788/2279 2080/2845/2598
f 2052/2816/2307 2082/2848/2336 1893/2653/2149
f 2056/2820/2311 2159/2948/2434 1921/2681/2176
f 1921/2681/2176 2053/2817/2308 2056/2820/2311
f 2155/2944/2430 2154/2943/2429 1892/2652/2148
f 2127/2905/2395 1940/2700/2195 2107/2877/2365
f 2172/2963/2448 2077/2841/2447 2076/2840/2600
f 2198/3115/2601 2197/3116/2602 1902/3117/2603
f 1902/3117/2603 2103/3118/2604 2198/3115/2601
f 2103/3118/2604 2102/3119/2605 2199/3120/2606
f 2199/3120/2606 2198/3115/2601 2103/3118/2604
f 2163/2952/2438 2162/2951/2437 2218/3024/2503
f 2218/3024/2503 2109/2879/2367 2163/2952/2438
f 2212/3018/2497 2206/3010/2491 2229/3037/2516
f 2229/3037/2516 2059/2823/2314 2212/3018/2497
f 2121/2895/2383 2216/3022/2501 2122/2896/2384
f 2151/2940/2426 2249/3089/2570 2150/2939/2425
f 2150/2939/2425 2222/3030/2509 2151/2940/2426
f 2034/2798/2289 2033/2797/2288 2130/2908/2398
f 2130/2908/2398 2245/3067/2546 2034/2798/2289
f 1894/2654/2150 1965/2725/2607 1964/2724/2451
f 2158/2947/2433 2157/2946/2432 2094/2861/2350
f 2094/2861/2350 2234/3047/2528 2158/2947/2433
f 2243/3065/2544 2160/2949/2435 2163/2952/2438
f 2163/2952/2438 2241/3063/2542 2243/3065/2544
f 2145/2931/2419 2144/2930/2418 2239/3057/2538
f 2239/3057/2538 2146/2932/2420 2145/2931/2419
f 1912/2672/2152 2089/2855/2151 2176/2968/2608
f 2047/2811/2302 2050/2814/2305 1958/2718/2211
f 1958/2718/2211 1957/2717/2210 2047/2811/2302
f 2184/2983/2465 2232/3121/2609 2106/2876/2364
f 2241/3122/2610 2108/3112/2595 2021/3111/2594
f 2021/3111/2594 2020/3123/2611 2241/3122/2610
f 2020/3123/2611 1874/3124/2612 2243/3125/2613
f 2243/3125/2613 2241/3122/2610 2020/3123/2611
f 2205/3009/2490 2247/3069/2548 2095/2862/2351
f 2095/2862/2351 2228/3036/2515 2205/3009/2490
f 2220/3027/2507 2083/2849/2337 2086/2852/2340
f 2086/2852/2340 1992/2754/2245 2220/3027/2507
f 1941/2701/2196 2191/2990/2472 2154/2943/2429
f 2154/2943/2429 1942/2702/2197 1941/2701/2196
f 1989/3126/2614 2221/3127/2615 2182/2978/2616
f 2182/2978/2616 2181/2977/2617 1989/3126/2614
f 2181/3128/2617 2180/3129/2618 1986/3130/2619
f 1986/3130/2619 1989/3131/2614 2181/3128/2617
f 2097/2864/2353 2233/3046/2527 1893/2653/2149
f 2177/2969/2554 2190/2989/2620 2131/3132/2621
f 2131/3132/2621 2126/3133/2555 2177/2969/2554
f 2247/3069/2548 1891/2651/2147 1893/2653/2149
f 2197/2996/2602 2196/2995/2589 2235/3106/2588
f 2235/3106/2588 1902/3134/2603 2197/2996/2602
f 2128/3135/2622 2131/3132/2621 2190/2989/2620
f 2190/2989/2620 2189/2988/2623 2128/3135/2622
f 2189/2988/2623 2195/2994/2624 2087/3136/2625
f 2087/3136/2625 2128/3135/2622 2189/2988/2623
f 2173/2964/2449 2027/2789/2280 2079/2844/2599
f 2079/2844/2599 2170/2961/2446 2173/2964/2449
f 1912/2672/2152 1985/2746/2151 2090/2857/2151
f 1918/2678/2173 1997/2759/2151 1943/2703/2151
f 1954/2714/2626 2176/2968/2608 2209/3014/2151
f 2209/3014/2151 1951/2711/2151 1954/2714/2626
f 2025/2787/2278 1984/2744/2388 2073/2837/2627
f 2180/3137/2618 2199/3120/2606 2102/3119/2605
f 2102/3119/2605 1986/3138/2619 2180/3137/2618
f 1920/2680/2175 1919/2679/2174 2204/3008/2489
f 2204/3008/2489 2202/3006/2487 1920/2680/2175
f 2129/2907/2397 2128/2906/2396 1990/2752/2243
f 1902/2662/2158 2104/2873/2362 2103/2872/2361
f 1874/3124/2612 1873/3139/2597 1955/3140/2596
f 1955/3140/2596 2243/3125/2613 1874/3124/2612
f 2195/2994/2624 2183/2979/2628 1991/3141/2629
f 1991/3141/2629 2087/3136/2625 2195/2994/2624
f 1892/2652/2148 2192/2991/2473 1893/2653/2149
f 2049/2813/2304 2048/2812/2303 2219/3025/2504
f 2110/2880/2368 2152/2941/2427 1930/2690/2185
f 1930/2690/2185 1929/2689/2184 2110/2880/2368
f 1918/2678/2173 2045/2809/2151 2043/2807/2151
f 2114/2886/2630 2080/2845/2598 2026/2788/2279
f 2026/2788/2279 2112/2883/2565 2114/2886/2630
f 2242/3064/2543 1895/2655/2151 2112/2883/2565
f 2060/2824/2315 2156/2945/2431 2159/2948/2434
f 2159/2948/2434 2056/2820/2311 2060/2824/2315
f 2117/3142/2578 2118/3143/2591 2002/3144/2590
f 2002/3144/2590 2001/3145/2579 2117/3142/2578
f 2183/2979/2628 2182/2978/2616 2221/3127/2615
f 2221/3127/2615 1991/3141/2629 2183/2979/2628
f 2054/3146/2582 2120/3147/2587 2068/3148/2586
f 2068/3148/2586 2067/3149/2583 2054/3146/2582
f 2234/3047/2528 2094/2861/2350 1893/2653/2149
f 2113/2884/2566 1895/2655/2151 1946/2706/2505
f 1913/2673/2168 2210/3015/2573 2168/2959/2151
f 2122/2896/2384 2223/3031/2510 2248/3088/2569
f 2248/3088/2569 1904/2664/2160 2122/2896/2384
f 2159/2948/2434 2158/2947/2433 1922/2682/2177
f 1922/2682/2177 1921/2681/2176 2159/2948/2434
f 2076/2840/2600 1970/2730/2387 2124/2898/2386
f 2124/2898/2386 2172/2963/2448 2076/2840/2600
f 2016/2778/2631 1894/2654/2150 2039/2803/2297
f 2214/3020/2499 2086/2852/2340 2085/2851/2339
f 1939/2699/2194 1979/2739/2231 2106/2876/2364
f 1922/2682/2177 2158/2947/2433 2234/3047/2528
f 1965/2725/2607 1894/2654/2150 2015/2777/2631
f 2015/2777/2631 2174/2965/2151 1965/2725/2607
f 1894/2654/2150 2016/2778/2631 2015/2777/2631
f 2219/3025/2504 2225/3033/2512 2244/3066/2545
f 2244/3066/2545 2096/2863/2352 2219/3025/2504
f 2219/3025/2504 2096/2863/2352 1893/2653/2149
f 2147/2933/2421 2204/3008/2489 2233/3046/2527
f 2233/3046/2527 2097/2864/2353 2147/2933/2421
f 2082/2848/2336 2248/3088/2569 2223/3031/2510
f 2223/3031/2510 2149/2938/2424 2082/2848/2336
f 2082/2848/2336 2149/2938/2424 1893/2653/2149
f 2143/2929/2417 2240/3058/2539 2081/2847/2335
f 1896/2656/2152 1954/2714/2626 2116/2889/2296
f 2239/3057/2538 2144/2930/2418 2051/2815/2306
f 2059/2823/2314 2229/3037/2516 2156/2945/2431
f 2156/2945/2431 2060/2824/2315 2059/2823/2314
f 2226/3034/2513 2214/3020/2499 2213/3019/2498
f 2246/3068/2547 2226/3034/2513 2213/3019/2498
f 2215/3021/2500 2051/2815/2306 1893/2653/2149
f 2095/2862/2351 2247/3069/2548 1893/2653/2149
f 1896/2656/2152 1912/2672/2152 2176/2968/2608
f 1896/2656/2152 2176/2968/2608 1954/2714/2626
f 2025/2787/2278 2073/2837/2627 2072/2836/2632
f 2072/2836/2632 2210/3015/2573 2025/2787/2278
f 2025/2787/2278 2027/2789/2280 2173/2964/2449
f 2025/2787/2278 2173/2964/2449 2172/2963/2448
f 2025/2787/2278 2172/2963/2448 2124/2898/2386
f 2085/2851/2339 2084/2850/2338 2215/3021/2500
f 2242/3064/2543 2112/2883/2565 2026/2788/2279
f 2026/2788/2279 2025/2787/2278 2242/3064/2543
f 2150/2939/2425 2249/3089/2570 1893/2653/2149
f 2250/3150/2633 2251/3151/2634 2252/3152/2635
f 2252/3152/2635 2253/3153/2636 2250/3150/2633
f 2254/3154/2637 2255/3155/2638 2256/3156/2639
f 2256/3156/2639 2257/3157/2640 2254/3154/2637
f 2258/3158/2641 2259/3159/2642 2260/3160/2643
f 2260/3160/2643 2261/3161/2644 2258/3158/2641
f 2262/3162/2645 2263/3163/2646 2264/3164/2647
f 2264/3164/2647 2265/3165/2648 2262/3162/2645
f 2266/3166/2649 2267/3167/2650 2268/3168/2651
f 2268/3168/2651 2269/3169/2652 2266/3166/2649
f 2270/3170/2653 2271/3171/2654 2272/3172/2655
f 2272/3172/2655 2273/3173/2656 2270/3170/2653
f 2274/3174/2657 2275/3175/2658 2276/3176/2659
f 2276/3176/2659 2277/3177/2660 2274/3174/2657
f 2278/3178/2661 2279/3179/2662 2280/3180/2663
f 2281/3181/2664 2282/3182/2665 2283/3183/2666
f 2283/3183/2666 2284/3184/2667 2281/3181/2664
f 2285/3185/2668 2286/3186/2669 2287/3187/2670
f 2287/3187/2670 2288/3188/2671 2285/3185/2668
f 2289/3189/2672 2290/3190/2673 2291/3191/2674
f 2291/3191/2674 2292/3192/2675 2289/3189/2672
f 2293/3193/2676 2294/3194/2677 2295/3195/2678
f 2295/3195/2678 2296/3196/2679 2293/3193/2676
f 2297/3197/2680 2298/3198/2681 2299/3199/2682
f 2299/3199/2682 2300/3200/2683 2297/3197/2680
f 2301/3201/2684 2302/3202/2685 2303/3203/2686
f 2303/3203/2686 2304/3204/2687 2301/3201/2684
f 2305/3205/2151 2306/3206/2151 2307/3207/2151
f 2308/3208/2688 2309/3209/2689 2310/3210/2690
f 2310/3210/2690 2311/3211/2691 2308/3208/2688
f 2263/3163/2646 2262/3162/2645 2312/3212/2692
f 2312/3212/2692 2313/3213/2693 2263/3163/2646
f 2314/3214/2694 2315/3215/2694 2316/3216/2694
f 2317/3217/2695 2318/3218/2696 2319/3219/2697
f 2319/3219/2697 2320/3220/2698 2317/3217/2695
f 2321/3221/2699 2322/3222/2700 2323/3223/2701
f 2323/3223/2701 2324/3224/2702 2321/3221/2699
f 2325/3225/2694 2326/3226/2694 2327/3227/2694
f 2328/3228/2703 2329/3229/2704 2330/3230/2705
f 2330/3230/2705 2331/3231/2706 2328/3228/2703
f 2332/3232/2707 2333/3233/2708 2334/3234/2709
f 2334/3234/2709 2335/3235/2710 2332/3232/2707
f 2336/3236/2151 2337/3237/2151 2338/3238/2151
f 2339/3239/2151 2306/3206/2151 2340/3240/2151
f 2341/3241/2711 2342/3242/2712 2343/3243/2713
f 2343/3243/2713 2344/3244/2714 2341/3241/2711
f 2337/3237/2151 2345/3245/2715 2338/3238/2151
f 2346/3246/2716 2347/3247/2717 2348/3248/2718
f 2348/3248/2718 2349/3249/2719 2346/3246/2716
f 2350/3250/2720 2351/3251/2721 2352/3252/2722
f 2352/3252/2722 2353/3253/2723 2350/3250/2720
f 2354/3254/2724 2355/3255/2725 2356/3256/2726
f 2356/3256/2726 2357/3257/2727 2354/3254/2724
f 2358/3258/2728 2359/3259/2729 2360/3260/2730
f 2360/3260/2730 2361/3261/2731 2358/3258/2728
f 2362/3262/2732 2363/3263/2151 2338/3238/2151
f 2364/3264/2733 2365/3265/2734 2366/3266/2735
f 2366/3266/2735 2367/3267/2736 2364/3264/2733
f 2368/3268/2737 2369/3269/2738 2370/3270/2739
f 2370/3270/2739 2371/3271/2740 2368/3268/2737
f 2372/3272/2694 2373/3273/2694 2316/3216/2694
f 2374/3274/2741 2375/3275/2742 2376/3276/2743
f 2376/3276/2743 2377/3277/2744 2374/3274/2741
f 2378/3278/2694 2326/3226/2694 2379/3279/2694
f 2380/3280/2745 2381/3281/2746 2382/3282/2747
f 2382/3282/2747 2383/3283/2748 2380/3280/2745
f 2384/3284/2749 2385/3285/2750 2386/3286/2751
f 2386/3286/2751 2387/3287/2752 2384/3284/2749
f 2388/3288/2753 2326/3226/2694 2389/3289/2694
f 2390/3290/2754 2391/3291/2755 2392/3292/2756
f 2392/3292/2756 2393/3293/2757 2390/3290/2754
f 2394/3294/2758 2395/3295/2759 2396/3296/2760
f 2396/3296/2760 2397/3297/2761 2394/3294/2758
f 2398/3298/2151 2399/3299/2151 2400/3300/2151
f 2401/3301/2762 2402/3302/2763 2403/3303/2764
f 2403/3303/2764 2404/3304/2765 2401/3301/2762
f 2405/3305/2694 2406/3306/2694 2407/3307/2694
f 2407/3307/2694 2408/3308/2694 2405/3305/2694
f 2409/3309/2766 2410/3310/2767 2411/3311/2768
f 2411/3311/2768 2412/3312/2769 2409/3309/2766
f 2413/3313/2770 2414/3314/2771 2415/3315/2772
f 2415/3315/2772 2416/3316/2773 2413/3313/2770
f 2417/3317/2694 2418/3318/2694 2314/3214/2694
f 2353/3253/2723 2419/3319/2774 2420/3320/2775
f 2420/3320/2775 2350/3250/2720 2353/3253/2723
f 2421/3321/2776 2255/3155/2638 2254/3154/2637
f 2254/3154/2637 2422/3322/2777 2421/3321/2776
f 2423/3323/2778 2424/3324/2779 2425/3325/2780
f 2425/3325/2780 2426/3326/2781 2423/3323/2778
f 2427/3327/2782 2428/3328/2783 2429/3329/2784
f 2429/3329/2784 2362/3262/2732 2427/3327/2782
f 2430/3330/2785 2431/3331/2786 2432/3332/2787
f 2432/3332/2787 2347/3247/2717 2430/3330/2785
f 2433/3333/2788 2434/3334/2789 2266/3166/2649
f 2266/3166/2649 2269/3169/2652 2433/3333/2788
f 2435/3335/2790 2436/3336/2791 2437/3337/2792
f 2437/3337/2792 2438/3338/2793 2435/3335/2790
f 2439/3339/2694 2440/3340/2694 2441/3341/2694
f 2441/3341/2694 2442/3342/2694 2439/3339/2694
f 2443/3343/2794 2444/3344/2795 2445/3345/2796
f 2445/3345/2796 2446/3346/2797 2443/3343/2794
f 2447/3347/2694 2448/3348/2694 2449/3349/2694
f 2449/3349/2694 2407/3307/2694 2447/3347/2694
f 2450/3350/2694 2451/3351/2694 2452/3352/2694
f 2452/3352/2694 2442/3342/2694 2450/3350/2694
f 2453/3353/2694 2454/3354/2694 2455/3355/2694
f 2456/3356/2798 2457/3357/2798 2458/3358/2799
f 2458/3358/2799 2459/3359/2800 2456/3356/2798
f 2460/3360/2801 2461/3361/2802 2462/3362/2803
f 2462/3362/2803 2463/3363/2804 2460/3360/2801
f 2464/3364/2805 2465/3365/2805 2278/3366/2806
f 2278/3366/2806 2466/3367/2807 2464/3364/2805
f 2467/3368/2808 2468/3369/2809 2469/3370/2810
f 2469/3370/2810 2470/3371/2811 2467/3368/2808
f 2471/3372/2694 2472/3373/2694 2473/3374/2694
f 2473/3374/2694 2474/3375/2694 2471/3372/2694
f 2475/3376/2694 2441/3341/2694 2476/3377/2694
f 2477/3378/2694 2478/3379/2694 2479/3380/2694
f 2479/3380/2694 2480/3381/2694 2477/3378/2694
f 2481/3382/2812 2482/3383/2813 2483/3384/2814
f 2483/3384/2814 2484/3385/2815 2481/3382/2812
f 2485/3386/2694 2455/3355/2694 2486/3387/2694
f 2487/3388/2816 2488/3389/2817 2489/3390/2818
f 2489/3390/2818 2490/3391/2819 2487/3388/2816
f 2491/3392/2820 2492/3393/2821 2493/3394/2822
f 2493/3394/2822 2494/3395/2823 2491/3392/2820
f 2495/3396/2824 2496/3397/2825 2497/3398/2151
f 2497/3398/2151 2336/3236/2151 2495/3396/2824
f 2498/3399/2151 2306/3206/2151 2499/3400/2151
f 2500/3401/2826 2501/3402/2827 2502/3403/2828
f 2502/3403/2828 2503/3404/2829 2500/3401/2826
f 2504/3405/2830 2505/3406/2830 2506/3407/2831
f 2506/3407/2831 2507/3408/2832 2504/3405/2830
f 2508/3409/2833 2509/3410/2834 2510/3411/2835
f 2510/3411/2835 2511/3412/2836 2508/3409/2833
f 2512/3413/2837 2513/3414/2838 2514/3415/2838
f 2514/3415/2838 2515/3416/2837 2512/3413/2837
f 2318/3218/2696 2317/3217/2695 2516/3417/2839
f 2516/3417/2839 2517/3418/2840 2318/3218/2696
f 2480/3381/2694 2479/3380/2694 2518/3419/2694
f 2518/3419/2694 2519/3420/2694 2480/3381/2694
f 2520/3421/2694 2521/3422/2694 2522/3423/2694
f 2522/3423/2694 2480/3381/2694 2520/3421/2694
f 2523/3424/2694 2524/3425/2694 2442/3342/2694
f 2525/3426/2841 2526/3427/2842 2527/3428/2843
f 2527/3428/2843 2528/3429/2844 2525/3426/2841
f 2529/3430/2845 2530/3431/2846 2531/3432/2847
f 2531/3432/2847 2532/3433/2848 2529/3430/2845
f 2323/3223/2701 2533/3434/2849 2534/3435/2850
f 2534/3435/2850 2324/3224/2702 2323/3223/2701
f 2535/3436/2851 2536/3437/2852 2537/3438/2852
f 2537/3438/2852 2538/3439/2851 2535/3436/2851
f 2482/3383/2813 2481/3382/2812 2539/3440/2853
f 2539/3440/2853 2540/3441/2854 2482/3383/2813
f 2541/3442/2855 2542/3443/2856 2543/3444/2857
f 2543/3444/2857 2544/3445/2858 2541/3442/2855
f 2545/3446/2859 2546/3447/2860 2547/3448/2861
f 2547/3448/2861 2548/3449/2862 2545/3446/2859
f 2549/3450/2863 2550/3451/2864 2551/3452/2865
f 2551/3452/2865 2552/3453/2866 2549/3450/2863
f 2553/3454/2867 2554/3455/2868 2555/3456/2869
f 2555/3456/2869 2556/3457/2870 2553/3454/2867
f 2557/3458/2871 2558/3459/2872 2559/3460/2873
f 2559/3460/2873 2560/3461/2874 2557/3458/2871
f 2561/3462/2875 2336/3236/2151 2562/3463/2876
f 2562/3463/2876 2563/3464/2877 2561/3462/2875
f 2564/3465/2878 2565/3466/2879 2566/3467/2880
f 2566/3467/2880 2567/3468/2881 2564/3465/2878
f 2568/3469/2882 2569/3470/2883 2371/3471/2740
f 2371/3471/2740 2570/3472/2884 2568/3469/2882
f 2571/3473/2885 2384/3474/2886 2572/3475/2887
f 2572/3475/2887 2573/3476/2888 2571/3473/2885
f 2403/3303/2764 2402/3302/2763 2574/3477/2889
f 2574/3477/2889 2575/3478/2890 2403/3303/2764
f 2576/3479/2151 2306/3206/2151 2398/3298/2151
f 2577/3480/2891 2578/3481/2892 2579/3482/2893
f 2579/3482/2893 2580/3483/2894 2577/3480/2891
f 2581/3484/2895 2582/3485/2896 2416/3316/2773
f 2416/3316/2773 2415/3315/2772 2581/3484/2895
f 2583/3486/2694 2584/3487/2694 2475/3376/2694
f 2475/3376/2694 2476/3377/2694 2583/3486/2694
f 2585/3488/2694 2586/3489/2694 2587/3490/2694
f 2587/3490/2694 2588/3491/2694 2585/3488/2694
f 2380/3280/2745 2383/3283/2748 2589/3492/2897
f 2589/3492/2897 2590/3493/2898 2380/3280/2745
f 2591/3494/2899 2592/3495/2900 2593/3496/2901
f 2593/3496/2901 2594/3497/2902 2591/3494/2899
f 2595/3498/2903 2596/3499/2904 2597/3500/2905
f 2598/3501/2906 2599/3502/2907 2256/3156/2639
f 2256/3156/2639 2600/3503/2908 2598/3501/2906
f 2343/3504/2713 2601/3505/2909 2602/3506/2910
f 2602/3506/2910 2603/3507/2911 2343/3504/2713
f 2604/3508/2912 2605/3509/2912 2606/3510/2913
f 2606/3510/2913 2607/3511/2914 2604/3508/2912
f 2447/3347/2694 2407/3307/2694 2406/3306/2694
f 2608/3512/2694 2486/3387/2694 2447/3347/2694
f 2447/3347/2694 2609/3513/2694 2608/3512/2694
f 2610/3514/2915 2611/3515/2916 2532/3433/2848
f 2532/3433/2848 2612/3516/2917 2610/3514/2915
f 2613/3517/2694 2614/3518/2694 2486/3387/2694
f 2475/3376/2694 2615/3519/2694 2616/3520/2694
f 2617/3521/2918 2618/3522/2919 2619/3523/2920
f 2619/3523/2920 2620/3524/2921 2617/3521/2918
f 2621/3525/2694 2622/3526/2694 2316/3216/2694
f 2259/3159/2642 2258/3158/2641 2623/3527/2922
f 2623/3527/2922 2624/3528/2923 2259/3159/2642
f 2625/3529/2924 2626/3530/2925 2627/3531/2926
f 2627/3531/2926 2252/3152/2635 2625/3529/2924
f 2628/3532/2927 2629/3533/2928 2630/3534/2929
f 2630/3534/2929 2527/3428/2843 2628/3532/2927
f 2631/3535/2930 2632/3536/2931 2265/3165/2648
f 2265/3165/2648 2264/3164/2647 2631/3535/2930
f 2633/3537/2932 2634/3538/2933 2418/3318/2934
f 2418/3318/2934 2635/3539/2932 2633/3537/2932
f 2636/3540/2151 2637/3541/2935 2427/3327/2782
f 2566/3467/2880 2638/3542/2936 2639/3543/2937
f 2639/3543/2937 2567/3468/2881 2566/3467/2880
f 2478/3379/2694 2477/3378/2694 2640/3544/2694
f 2641/3545/2938 2340/3546/2939 2642/3547/2940
f 2642/3547/2940 2643/3548/2941 2641/3545/2938
f 2644/3549/2942 2645/3550/2943 2646/3551/2944
f 2646/3551/2944 2647/3552/2944 2644/3549/2942
f 2325/3225/2945 2648/3553/2946 2649/3554/2947
f 2649/3554/2947 2650/3555/2948 2325/3225/2945
f 2510/3411/2835 2509/3410/2834 2651/3556/2949
f 2651/3556/2949 2652/3557/2950 2510/3411/2835
f 2653/3558/2951 2654/3559/2952 2655/3560/2953
f 2655/3560/2953 2656/3561/2954 2653/3558/2951
f 2505/3406/2830 2504/3405/2830 2657/3562/2955
f 2657/3562/2955 2658/3563/2956 2505/3406/2830
f 2340/3546/2939 2641/3545/2938 2659/3564/2957
f 2659/3564/2957 2660/3565/2958 2340/3546/2939
f 2661/3566/2959 2662/3567/2960 2499/3568/2961
f 2499/3568/2961 2663/3569/2961 2661/3566/2959
f 2515/3416/2837 2664/3570/2962 2665/3571/2963
f 2665/3571/2963 2512/3413/2837 2515/3416/2837
f 2363/3263/2151 2666/3572/2964 2338/3238/2151
f 2460/3573/2965 2667/3574/2965 2668/3575/2966
f 2668/3575/2966 2461/3576/2967 2460/3573/2965
f 2669/3577/2968 2670/3578/2968 2671/3579/2969
f 2671/3579/2969 2672/3580/2970 2669/3577/2968
f 2673/3581/2971 2674/3582/2972 2675/3583/2973
f 2675/3583/2973 2676/3584/2974 2673/3581/2971
f 2677/3585/2975 2678/3586/2976 2679/3587/2977
f 2679/3587/2977 2680/3588/2978 2677/3585/2975
f 2681/3589/2979 2682/3590/2980 2619/3523/2920
f 2619/3523/2920 2618/3522/2919 2681/3589/2979
f 2683/3591/2981 2684/3592/2982 2358/3258/2728
f 2358/3258/2728 2361/3261/2731 2683/3591/2981
f 2685/3593/2983 2686/3594/2984 2687/3595/2985
f 2687/3595/2985 2688/3596/2986 2685/3593/2983
f 2689/3597/2987 2690/3598/2988 2691/3599/2989
f 2310/3600/2690 2692/3601/2990 2693/3602/2991
f 2693/3602/2991 2694/3603/2992 2310/3600/2690
f 2399/3604/2993 2695/3605/2994 2696/3606/2995
f 2696/3606/2995 2400/3607/2995 2399/3604/2993
f 2697/3608/2996 2698/3609/2997 2699/3610/2998
f 2699/3610/2998 2700/3611/2999 2697/3608/2996
f 2701/3612/3000 2702/3613/3001 2703/3614/2151
f 2703/3614/2151 2362/3262/2732 2701/3612/3000
f 2525/3426/2841 2704/3615/3002 2705/3616/3003
f 2705/3616/3003 2526/3427/2842 2525/3426/2841
f 2521/3422/2694 2520/3421/2694 2706/3617/2694
f 2706/3617/2694 2707/3618/2694 2521/3422/2694
f 2708/3619/3004 2709/3620/3005 2710/3621/3006
f 2710/3621/3006 2711/3622/3006 2708/3619/3004
f 2712/3623/3007 2713/3624/3008 2714/3625/3009
f 2714/3625/3009 2715/3626/3009 2712/3623/3007
f 2716/3627/3010 2717/3628/3011 2718/3629/3012
f 2304/3630/3013 2303/3631/3014 2719/3632/3015
f 2280/3633/3016 2720/3634/3017 2466/3367/2807
f 2466/3367/2807 2278/3366/2806 2280/3633/3016
f 2474/3375/2694 2721/3635/2694 2640/3544/2694
f 2640/3544/2694 2477/3378/2694 2474/3375/2694
f 2594/3497/2902 2593/3496/2901 2722/3636/3018
f 2722/3636/3018 2723/3637/3019 2594/3497/2902
f 2724/3638/3020 2282/3182/2665 2281/3181/2664
f 2281/3181/2664 2725/3639/3021 2724/3638/3020
f 2726/3640/3022 2725/3639/3021 2727/3641/3023
f 2727/3641/3023 2728/3642/3024 2726/3640/3022
f 2729/3643/3025 2606/3644/3026 2730/3645/3027
f 2730/3645/3027 2731/3646/3028 2729/3643/3025
f 2732/3647/3029 2733/3648/3030 2734/3649/3031
f 2734/3649/3031 2735/3650/3032 2732/3647/3029
f 2493/3394/2822 2492/3393/2821 2736/3651/3033
f 2736/3651/3033 2737/3652/3034 2493/3394/2822
f 2738/3653/3035 2590/3493/2898 2739/3654/3036
f 2739/3654/3036 2740/3655/3037 2738/3653/3035
f 2741/3656/3038 2742/3657/3039 2743/3658/3040
f 2743/3658/3040 2744/3659/3041 2741/3656/3038
f 2745/3660/3042 2746/3661/3043 2747/3662/3044
f 2747/3662/3044 2748/3663/3042 2745/3660/3042
f 2315/3215/3045 2749/3664/3046 2750/3665/3047
f 2677/3666/3048 2751/3667/3049 2752/3668/3050
f 2752/3668/3050 2678/3669/3051 2677/3666/3048
f 2753/3670/3052 2754/3671/3052 2755/3672/3053
f 2755/3672/3053 2586/3489/3054 2753/3670/3052
f 2756/3673/3055 2757/3674/3056 2758/3675/3057
f 2758/3675/3057 2759/3676/3058 2756/3673/3055
f 2355/3677/2725 2354/3678/2724 2760/3679/3059
f 2760/3679/3059 2761/3680/3060 2355/3677/2725
f 2762/3681/3061 2603/3507/2911 2675/3583/2973
f 2675/3583/2973 2763/3682/3062 2762/3681/3061
f 2764/3683/3063 2339/3684/3064 2660/3685/2958
f 2660/3685/2958 2659/3686/2957 2764/3683/3063
f 2559/3460/2873 2558/3459/2872 2765/3687/3065
f 2765/3687/3065 2766/3688/3066 2559/3460/2873
f 2767/3689/3067 2285/3185/2668 2768/3690/3068
f 2768/3690/3068 2769/3691/3069 2767/3689/3067
f 2734/3649/3031 2770/3692/3070 2771/3693/3071
f 2564/3694/2878 2772/3695/3072 2773/3696/3073
f 2773/3696/3073 2565/3697/2879 2564/3694/2878
f 2384/3474/2886 2571/3473/2885 2774/3698/3074
f 2774/3698/3074 2385/3699/3075 2384/3474/2886
f 2775/3700/3076 2776/3701/3077 2325/3225/2945
f 2325/3225/2945 2650/3555/2948 2775/3700/3076
f 2777/3702/3078 2778/3703/3079 2779/3704/3080
f 2779/3704/3080 2780/3705/3081 2777/3702/3078
f 2726/3706/3082 2728/3707/3083 2781/3708/3084
f 2781/3708/3084 2782/3709/3082 2726/3706/3082
f 2783/3710/3085 2784/3711/3086 2785/3712/3087
f 2785/3712/3087 2786/3713/3088 2783/3710/3085
f 2787/3714/3089 2788/3715/3090 2789/3716/3091
f 2789/3716/3091 2790/3717/3092 2787/3714/3089
f 2375/3275/2742 2374/3274/2741 2624/3528/2923
f 2624/3528/2923 2623/3527/2922 2375/3275/2742
f 2791/3718/2694 2792/3719/2694 2706/3617/2694
f 2310/3210/2690 2309/3209/2689 2793/3720/3093
f 2793/3720/3093 2692/3721/2990 2310/3210/2690
f 2457/3357/2798 2456/3356/2798 2794/3722/3094
f 2794/3722/3094 2795/3723/3095 2457/3357/2798
f 2796/3724/3096 2797/3725/3097 2274/3174/2657
f 2274/3174/2657 2798/3726/3098 2796/3724/3096
f 2799/3727/3099 2305/3728/3099 2507/3408/2832
f 2507/3408/2832 2506/3407/2831 2799/3727/3099
f 2800/3729/3100 2644/3549/3101 2647/3552/3102
f 2647/3552/3102 2801/3730/3103 2800/3729/3100
f 2802/3731/3104 2803/3732/3105 2804/3733/3106
f 2804/3733/3106 2805/3734/3107 2802/3731/3104
f 2806/3735/3108 2807/3736/3109 2689/3597/2987
f 2689/3597/2987 2808/3737/3110 2806/3735/3108
f 2809/3738/3111 2810/3739/3112 2811/3740/3113
f 2811/3740/3113 2812/3741/3114 2809/3738/3111
f 2813/3742/3115 2814/3743/3116 2400/3607/2995
f 2400/3607/2995 2696/3606/2995 2813/3742/3115
f 2815/3744/3117 2816/3745/3118 2576/3746/3119
f 2576/3746/3119 2817/3747/3119 2815/3744/3117
f 2818/3748/3120 2819/3749/3121 2296/3196/2679
f 2296/3196/2679 2295/3195/2678 2818/3748/3120
f 2820/3750/2694 2485/3386/2694 2486/3387/2694
f 2821/3751/3122 2322/3222/2700 2321/3221/2699
f 2321/3221/2699 2822/3752/3123 2821/3751/3122
f 2823/3753/3124 2426/3326/2781 2824/3754/3125
f 2824/3754/3125 2825/3755/3126 2823/3753/3124
f 2826/3756/3127 2827/3757/3128 2828/3758/3129
f 2828/3758/3129 2622/3526/3130 2826/3756/3127
f 2829/3759/3131 2555/3456/2869 2554/3455/2868
f 2554/3455/2868 2372/3272/3132 2829/3759/3131
f 2830/3760/3133 2831/3761/3134 2832/3762/3135
f 2832/3762/3135 2833/3763/3136 2830/3760/3133
f 2834/3764/3137 2835/3765/3138 2836/3766/3139
f 2836/3766/3139 2837/3767/3140 2834/3764/3137
f 2838/3768/2151 2306/3206/2151 2305/3205/2151
f 2839/3769/3141 2840/3770/3142 2841/3771/3143
f 2841/3771/3143 2842/3772/3144 2839/3769/3141
f 2637/3541/2935 2843/3773/3145 2427/3327/2782
f 2844/3774/3146 2845/3775/3147 2846/3776/3148
f 2846/3776/3148 2847/3777/3149 2844/3774/3146
f 2272/3172/2655 2271/3171/2654 2487/3388/2816
f 2487/3388/2816 2490/3391/2819 2272/3172/2655
f 2848/3778/3150 2849/3779/3151 2850/3780/3151
f 2850/3780/3151 2851/3781/3150 2848/3778/3150
f 2852/3782/3152 2578/3481/2892 2577/3480/2891
f 2577/3480/2891 2853/3783/3153 2852/3782/3152
f 2854/3784/3154 2855/3785/3155 2500/3401/2826
f 2500/3401/2826 2503/3404/2829 2854/3784/3154
f 2754/3671/3052 2753/3670/3052 2856/3786/3156
f 2856/3786/3156 2857/3787/3157 2754/3671/3052
f 2742/3788/3158 2741/3789/3159 2858/3790/3160
f 2635/3539/2932 2417/3317/3161 2859/3791/3162
f 2859/3791/3162 2633/3537/2932 2635/3539/2932
f 2860/3792/3163 2859/3791/3162 2417/3317/3161
f 2417/3317/3161 2861/3793/3164 2860/3792/3163
f 2862/3794/3165 2863/3795/3165 2398/3796/3166
f 2398/3796/3166 2864/3797/3166 2862/3794/3165
f 2865/3798/3167 2866/3799/3167 2711/3622/3006
f 2711/3622/3006 2710/3621/3006 2865/3798/3167
f 2867/3800/3168 2544/3445/2858 2868/3801/3169
f 2868/3801/3169 2869/3802/3170 2867/3800/3168
f 2868/3801/3169 2870/3803/3171 2871/3804/3172
f 2871/3804/3172 2869/3802/3170 2868/3801/3169
f 2872/3805/3173 2873/3806/3174 2874/3807/3175
f 2874/3807/3175 2875/3808/3176 2872/3805/3173
f 2876/3809/3177 2877/3810/3178 2878/3811/3179
f 2878/3811/3179 2879/3812/3180 2876/3809/3177
f 2880/3813/3181 2881/3814/3182 2611/3515/2916
f 2611/3515/2916 2882/3815/3183 2880/3813/3181
f 2348/3248/2718 2883/3816/3184 2884/3817/3185
f 2884/3817/3185 2349/3249/2719 2348/3248/2718
f 2885/3818/3186 2886/3819/3187 2887/3820/3188
f 2887/3820/3188 2275/3175/2658 2885/3818/3186
f 2887/3821/3188 2888/3822/3189 2889/3823/3190
f 2889/3823/3190 2890/3824/3191 2887/3821/3188
f 2256/3156/2639 2599/3502/2907 2891/3825/3192
f 2891/3825/3192 2257/3157/2640 2256/3156/2639
f 2441/3341/2694 2892/3826/2694 2893/3827/2694
f 2893/3827/2694 2442/3342/2694 2441/3341/2694
f 2894/3828/3193 2895/3829/3194 2313/3213/2693
f 2313/3213/2693 2312/3212/2692 2894/3828/3193
f 2896/3830/2694 2897/3831/2694 2442/3342/2694
f 2499/3400/2151 2306/3206/2151 2898/3832/2151
f 2898/3833/3195 2899/3834/3196 2663/3569/2961
f 2663/3569/2961 2499/3568/2961 2898/3833/3195
f 2900/3835/3197 2901/3836/3198 2517/3418/2840
f 2517/3418/2840 2516/3417/2839 2900/3835/3197
f 2902/3837/2694 2451/3351/2694 2450/3350/2694
f 2450/3350/2694 2903/3838/2694 2902/3837/2694
f 2450/3350/2694 2455/3355/2694 2903/3838/2694
f 2904/3839/3199 2905/3840/3200 2906/3841/3201
f 2907/3842/3202 2908/3843/3203 2699/3610/2998
f 2699/3610/2998 2909/3844/3204 2907/3842/3202
f 2910/3845/3205 2911/3846/3206 2912/3847/3207
f 2912/3847/3207 2913/3848/3208 2910/3845/3205
f 2914/3849/3209 2718/3629/3012 2915/3850/3210
f 2915/3850/3210 2916/3851/3211 2914/3849/3209
f 2917/3852/2694 2326/3226/2694 2718/3629/2694
f 2918/3853/3212 2351/3251/2721 2350/3250/2720
f 2350/3250/2720 2919/3854/3213 2918/3853/3212
f 2920/3855/3214 2921/3856/3215 2922/3857/3216
f 2922/3857/3216 2923/3858/3217 2920/3855/3214
f 2924/3859/3218 2925/3860/3219 2717/3861/3220
f 2717/3861/3220 2716/3862/3221 2924/3859/3218
f 2926/3863/3222 2572/3864/3223 2384/3284/2749
f 2384/3284/2749 2387/3287/2752 2926/3863/3222
f 2927/3865/3224 2928/3866/3225 2929/3867/3226
f 2929/3867/3226 2930/3868/3227 2927/3865/3224
f 2931/3869/3228 2932/3870/3229 2933/3871/3230
f 2933/3871/3230 2704/3615/3002 2931/3869/3228
f 2934/3872/3231 2768/3690/3068 2285/3185/2668
f 2285/3185/2668 2288/3188/2671 2934/3872/3231
f 2430/3330/2785 2935/3873/3232 2936/3874/3233
f 2936/3874/3233 2431/3331/2786 2430/3330/2785
f 2371/3271/2740 2370/3270/2739 2937/3875/3234
f 2937/3875/3234 2570/3876/2884 2371/3271/2740
f 2435/3877/2790 2438/3878/2793 2821/3751/3122
f 2821/3751/3122 2822/3752/3123 2435/3877/2790
f 2819/3879/3121 2818/3880/3120 2484/3385/2815
f 2484/3385/2815 2483/3384/2814 2819/3879/3121
f 2938/3881/3235 2939/3882/3236 2940/3883/3237
f 2940/3883/3237 2941/3884/3238 2938/3881/3235
f 2942/3885/3239 2488/3389/2817 2487/3388/2816
f 2487/3388/2816 2943/3886/3240 2942/3885/3239
f 2944/3887/3241 2945/3888/3242 2328/3228/2703
f 2328/3228/2703 2946/3889/3243 2944/3887/3241
f 2947/3890/3244 2948/3891/3244 2949/3892/3245
f 2949/3892/3245 2950/3893/3245 2947/3890/3244
f 2951/3894/3246 2434/3334/2789 2433/3333/2788
f 2433/3333/2788 2952/3895/3247 2951/3894/3246
f 2953/3896/3248 2954/3897/3249 2955/3898/3250
f 2955/3898/3250 2956/3899/3251 2953/3896/3248
f 2957/3900/2694 2958/3901/2694 2316/3216/2694
f 2748/3663/3042 2957/3900/3252 2959/3902/3253
f 2959/3902/3253 2745/3660/3042 2748/3663/3042
f 2386/3903/2751 2385/3904/2750 2960/3905/3254
f 2960/3905/3254 2961/3906/3255 2386/3903/2751
f 2775/3907/3256 2650/3908/3257 2651/3556/2949
f 2651/3556/2949 2962/3909/3258 2775/3907/3256
f 2963/3910/3259 2670/3911/3260 2460/3360/2801
f 2460/3360/2801 2463/3363/2804 2963/3910/3259
f 2895/3912/3194 2894/3913/3193 2964/3914/3261
f 2964/3914/3261 2965/3915/3262 2895/3912/3194
f 2313/3213/2693 2746/3916/3263 2745/3917/3264
f 2745/3917/3264 2263/3163/2646 2313/3213/2693
f 2966/3918/3265 2967/3919/3266 2382/3282/2747
f 2382/3282/2747 2968/3920/3267 2966/3918/3265
f 2967/3921/3268 2966/3922/3269 2969/3923/3270
f 2297/3924/3271 2648/3553/2946 2970/3925/3272
f 2970/3925/3272 2298/3926/3273 2297/3924/3271
f 2729/3927/3274 2971/3928/3275 2607/3511/2914
f 2607/3511/2914 2606/3510/2913 2729/3927/3274
f 2972/3929/3276 2836/3930/3277 2835/3931/3278
f 2835/3931/3278 2973/3932/3278 2972/3929/3276
f 2974/3933/3279 2975/3934/3280 2976/3935/3281
f 2976/3935/3281 2977/3936/3282 2974/3933/3279
f 2978/3937/3283 2979/3938/3284 2377/3277/2744
f 2377/3277/2744 2376/3276/2743 2978/3937/3283
f 2980/3939/2694 2791/3718/2694 2706/3617/2694
f 2706/3617/2694 2520/3421/2694 2980/3939/2694
f 2632/3536/2931 2631/3535/2930 2981/3940/3285
f 2981/3940/3285 2982/3941/3286 2632/3536/2931
f 2414/3314/2771 2413/3313/2770 2761/3680/3060
f 2761/3680/3060 2760/3679/3059 2414/3314/2771
f 2615/3519/2694 2475/3376/2694 2584/3487/2694
f 2983/3942/3287 2984/3943/3288 2540/3441/2854
f 2540/3441/2854 2539/3440/2853 2983/3942/3287
f 2985/3944/2694 2609/3513/2694 2447/3347/2694
f 2447/3347/2694 2406/3306/2694 2985/3944/2694
f 2986/3945/3289 2987/3946/3290 2738/3653/3035
f 2738/3653/3035 2740/3655/3037 2986/3945/3289
f 2465/3365/2805 2464/3364/2805 2988/3947/3291
f 2988/3947/3291 2989/3948/3292 2465/3365/2805
f 2990/3949/3293 2991/3950/3294 2292/3192/2675
f 2292/3192/2675 2291/3191/2674 2990/3949/3293
f 2992/3951/2694 2993/3952/2694 2474/3375/2694
f 2489/3390/2818 2994/3953/3295 2995/3954/3296
f 2995/3954/3296 2490/3391/2819 2489/3390/2818
f 2996/3955/3297 2997/3956/3298 2998/3957/3299
f 2998/3957/3299 2999/3958/3300 2996/3955/3297
f 2991/3950/3294 2990/3949/3293 2357/3257/2727
f 2357/3257/2727 2356/3256/2726 2991/3950/3294
f 2292/3192/2675 2759/3959/3301 2758/3960/3302
f 2758/3960/3302 2289/3189/2672 2292/3192/2675
f 2392/3292/2756 2684/3961/2982 2683/3962/2981
f 2683/3962/2981 2393/3293/2757 2392/3292/2756
f 3000/3963/3303 2674/3582/2972 2673/3581/2971
f 2673/3581/2971 3001/3964/3304 3000/3963/3303
f 2899/3965/3196 2898/3966/3195 3002/3967/3305
f 3002/3967/3305 3003/3968/3306 2899/3965/3196
f 3004/3969/3307 3005/3970/3308 2916/3971/3309
f 2916/3971/3309 2915/3972/3310 3004/3969/3307
f 2462/3362/2803 2461/3361/2802 3006/3973/3311
f 3006/3973/3311 3007/3974/3312 2462/3362/2803
f 3008/3975/3313 2458/3976/3314 2457/3977/3315
f 2457/3977/3315 3009/3978/3316 3008/3975/3313
f 3010/3979/3317 2373/3273/3318 2781/3708/3084
f 2781/3708/3084 2728/3707/3083 3010/3979/3317
f 2553/3454/2694 2373/3273/2694 2372/3272/2694
f 2372/3272/2694 2554/3455/2694 2553/3454/2694
f 2730/3980/3027 2606/3981/3026 2605/3982/3319
f 2605/3982/3319 3011/3983/3320 2730/3980/3027
f 3012/3984/3321 3013/3985/3322 2677/3585/2975
f 2677/3585/2975 2680/3588/2978 3012/3984/3321
f 3014/3986/3323 3015/3987/3324 3016/3988/3325
f 3016/3988/3325 2691/3599/2989 3014/3986/3323
f 3017/3989/3326 3018/3990/3327 2783/3710/3085
f 2783/3710/3085 2786/3713/3088 3017/3989/3326
f 2816/3745/3118 2815/3744/3117 3019/3991/3328
f 3019/3991/3328 3020/3992/3329 2816/3745/3118
f 3020/3993/2151 2306/3206/2151 2576/3479/2151
f 2377/3277/2744 2555/3994/3330 2829/3995/3331
f 2829/3995/3331 2374/3274/2741 2377/3277/2744
f 2725/3639/3021 3021/3996/3332 2724/3638/3020
f 2620/3524/2921 2619/3523/2920 3022/3997/3333
f 3022/3997/3333 3023/3998/3334 2620/3524/2921
f 2401/3301/2762 3024/3999/3335 2830/3760/3133
f 2830/3760/3133 2402/3302/2763 2401/3301/2762
f 2695/4000/2994 2399/4001/2993 3025/4002/3336
f 3025/4002/3336 3026/4003/3337 2695/4000/2994
f 2341/3241/2711 3027/4004/3338 2802/3731/3104
f 2802/3731/3104 2342/3242/2712 2341/3241/2711
f 3028/4005/3339 2838/4006/3340 3029/4007/3341
f 3029/4007/3341 3030/4008/3342 3028/4005/3339
f 2854/3784/3154 2503/3404/2829 3031/4009/3343
f 3031/4009/3343 3032/4010/3344 2854/3784/3154
f 2709/4011/3005 2708/4012/3004 3033/4013/3345
f 3033/4013/3345 3034/4014/3345 2709/4011/3005
f 3035/4015/3346 2698/3609/2997 2697/3608/2996
f 2697/3608/2996 3036/4016/3347 3035/4015/3346
f 3037/4017/3348 2362/3262/2732 3038/4018/3349
f 3038/4018/3349 3039/4019/3350 3037/4017/3348
f 3040/4020/3351 3041/4021/3352 3042/4022/3353
f 3042/4022/3353 3043/4023/3354 3040/4020/3351
f 3044/4024/3355 3045/4025/3356 3022/3997/3333
f 3022/3997/3333 3046/4026/3357 3044/4024/3355
f 2736/3651/3033 2842/3772/3144 2841/3771/3143
f 2841/3771/3143 2737/3652/3034 2736/3651/3033
f 3047/4027/3358 2428/3328/2783 2427/3327/2782
f 2582/3485/2896 2581/3484/2895 2982/3941/3286
f 2982/3941/3286 2981/3940/3285 2582/3485/2896
f 2749/4028/3359 2981/3940/3285 2631/3535/2930
f 2631/3535/2930 2750/4029/3360 2749/4028/3359
f 3048/4030/2694 3049/4031/2694 2588/3491/2694
f 2752/3668/3050 2969/3923/3270 2966/3922/3269
f 2966/3922/3269 2678/3669/3051 2752/3668/3050
f 2965/3915/3262 2514/4032/3361 3050/4033/3362
f 3050/4033/3362 2895/3912/3194 2965/3915/3262
f 2515/4034/3363 2319/3219/2697 2318/3218/2696
f 2318/3218/2696 2664/4035/3364 2515/4034/3363
f 2550/3451/2864 3051/4036/3365 3052/4037/3366
f 2551/3452/2865 3053/4038/3367 3054/4039/3368
f 2984/3943/3288 2983/3942/3287 2261/3161/2644
f 2261/3161/2644 2260/3160/2643 2984/3943/3288
f 2827/4040/3369 2260/3160/2643 2259/3159/2642
f 2259/3159/2642 2828/4041/3370 2827/4040/3369
f 3055/4042/3371 3056/4043/3372 2754/4044/3373
f 2754/4044/3373 2857/4045/3374 3055/4042/3371
f 3057/4046/3375 3058/4047/2151 2338/3238/2151
f 3059/4048/3376 3060/4049/3377 2785/3712/3087
f 2785/3712/3087 2784/3711/3086 3059/4048/3376
f 2517/3418/2840 2664/4035/3364 2318/3218/2696
f 2848/4050/3378 2366/3266/2735 2365/3265/2734
f 2365/3265/2734 2849/4051/3379 2848/4050/3378
f 2884/3817/3185 2883/3816/3184 2423/3323/2778
f 2423/3323/2778 3061/4052/3380 2884/3817/3185
f 2841/3771/3143 2840/3770/3142 2884/3817/3185
f 2884/3817/3185 3061/4052/3380 2841/3771/3143
f 2933/3871/3230 3062/4053/3381 2705/3616/3003
f 2705/3616/3003 2704/3615/3002 2933/3871/3230
f 3063/4054/3382 3064/4055/3383 3065/4056/3384
f 2443/3343/2794 2267/3167/2650 2266/3166/2649
f 2266/3166/2649 2444/3344/2795 2443/3343/2794
f 2527/3428/2843 2630/3534/2929 3066/4057/3385
f 3066/4057/3385 2528/3429/2844 2527/3428/2843
f 2568/3469/2882 3067/4058/3386 2251/3151/2634
f 2251/3151/2634 2569/3470/2883 2568/3469/2882
f 2876/3809/3177 2879/3812/3180 3068/4059/3387
f 3068/4059/3387 3069/4060/3388 2876/3809/3177
f 2767/3689/3067 3070/4061/3389 2286/3186/2669
f 2286/3186/2669 2285/3185/2668 2767/3689/3067
f 3071/4062/3390 3072/4063/3391 3073/4064/3392
f 3073/4064/3392 3074/4065/3393 3071/4062/3390
f 2844/3774/3146 2847/3777/3149 2891/3825/3192
f 2891/3825/3192 2599/3502/2907 2844/3774/3146
f 3075/4066/3394 3076/4067/3395 3077/4068/3396
f 3078/4069/3397 2533/3434/2849 2323/3223/2701
f 2323/3223/2701 3079/4070/3398 3078/4069/3397
f 2880/3813/3181 2882/3815/3183 2534/3435/2850
f 2534/3435/2850 2533/3434/2849 2880/3813/3181
f 2429/3329/2784 2701/3612/3000 2362/3262/2732
f 3080/4071/3399 3081/4072/3400 2942/3885/3239
f 2942/3885/3239 2943/3886/3240 3080/4071/3399
f 2926/3863/3222 3082/4073/3401 3083/4074/3402
f 3083/4074/3402 2572/3864/3223 2926/3863/3222
f 2655/3560/2953 2654/3559/2952 3084/4075/3403
f 3084/4075/3403 3085/4076/3404 2655/3560/2953
f 3086/4077/3405 2336/3236/2151 3087/4078/3406
f 2951/3894/3246 3088/4079/3407 2956/3899/3251
f 2469/3370/2810 2468/3369/2809 3089/4080/3408
f 3089/4080/3408 2381/3281/2746 2469/3370/2810
f 2679/3587/2977 2678/3586/2976 2966/3918/3265
f 2966/3918/3265 2968/3920/3267 2679/3587/2977
f 2508/3409/2833 2798/3726/3098 3090/4081/3409
f 3090/4081/3409 2509/3410/2834 2508/3409/2833
f 3091/4082/3410 3092/4083/3411 2775/3907/3256
f 2775/3907/3256 2962/3909/3258 3091/4082/3410
f 2436/3336/2791 2595/3498/2903 2597/3500/2905
f 2597/3500/2905 2846/3776/3148 2436/3336/2791
f 3093/4084/3412 3094/4085/3413 2437/3337/2792
f 2437/3337/2792 2845/3775/3147 3093/4084/3412
f 3016/3988/3325 3015/3987/3324 2557/3458/2871
f 2557/3458/2871 2560/3461/2874 3016/3988/3325
f 2550/3451/2864 2549/3450/2863 2727/3641/3023
f 2727/3641/3023 3051/4036/3365 2550/3451/2864
f 2441/3341/2694 2475/3376/2694 3095/4086/2694
f 2620/3524/2921 3023/3998/3334 2421/3321/2776
f 2421/3321/2776 2422/3322/2777 2620/3524/2921
f 2639/3543/2937 2638/3542/2936 3096/4087/3414
f 3096/4087/3414 3097/4088/3415 2639/3543/2937
f 2952/3895/3247 3098/4089/3416 3099/4090/3417
f 3099/4090/3417 2951/3894/3246 2952/3895/3247
f 2738/3653/3035 3100/4091/3418 2380/3280/2745
f 2380/3280/2745 2590/3493/2898 2738/3653/3035
f 2470/3371/2811 2661/3566/3419 2663/3569/3420
f 2663/3569/3420 2467/3368/2808 2470/3371/2811
f 3031/4009/3343 2503/3404/2829 2502/3403/2828
f 2502/3403/2828 3101/4092/3421 3031/4009/3343
f 3102/4093/2694 2474/3375/2694 2477/3378/2694
f 2477/3378/2694 3103/4094/2694 3102/4093/2694
f 3104/4095/3422 3105/4096/3423 3106/4097/3424
f 3106/4097/3424 2789/3716/3091 3104/4095/3422
f 3107/4098/3425 2790/3717/3092 2789/3716/3091
f 2789/3716/3091 3106/4097/3424 3107/4098/3425
f 2936/3874/3233 2935/3873/3232 2874/4099/3175
f 2874/4099/3175 3108/4100/3426 2936/3874/3233
f 2432/3332/2787 2431/3331/2786 3109/4101/3427
f 3109/4101/3427 3110/4102/3428 2432/3332/2787
f 3111/4103/3429 2881/3814/3182 2880/3813/3181
f 2880/3813/3181 3112/4104/3430 3111/4103/3429
f 3113/4105/3431 3114/4106/3432 3115/4107/3433
f 3115/4107/3433 3116/4108/3434 3113/4105/3431
f 3115/4107/3433 2592/3495/2900 2591/3494/2899
f 2591/3494/2899 3072/4063/3391 3115/4107/3433
f 3117/4109/3435 3118/4110/3436 3119/4111/3436
f 3119/4111/3436 3120/4112/3435 3117/4109/3435
f 2665/3571/2694 3121/4113/2694 2958/3901/2694
f 2958/3901/2694 2513/3414/2694 2665/3571/2694
f 2541/3442/2855 2273/3173/2656 3122/4114/3437
f 3122/4114/3437 2542/3443/2856 2541/3442/2855
f 3093/4084/3412 2845/3775/3147 2844/3774/3146
f 2844/3774/3146 3123/4115/3438 3093/4084/3412
f 3124/4116/2694 2315/3215/2694 2314/3214/2694
f 2749/3664/3046 2315/3215/3045 3124/4116/3439
f 3124/4116/3439 3125/4117/3440 2749/3664/3046
f 2268/3168/2651 2267/3167/2650 3126/4118/3441
f 3126/4118/3441 2877/3810/3178 2268/3168/2651
f 3127/4119/3442 2627/3531/2926 2630/3534/2929
f 2630/3534/2929 2629/3533/2928 3127/4119/3442
f 2252/3152/2635 2627/3531/2926 3127/4119/3442
f 3127/4119/3442 2253/3153/2636 2252/3152/2635
f 2442/4120/3443 3128/4121/3444 3129/4122/3445
f 3129/4122/3445 3130/4123/3446 2442/4120/3443
f 2552/3453/2866 3131/4124/3447 3010/4125/3448
f 3010/4125/3448 2549/3450/2863 2552/3453/2866
f 2457/3977/3315 2795/4126/3449 3132/4127/3450
f 3132/4127/3450 3009/3978/3316 2457/3977/3315
f 2860/4128/3451 2355/3677/2725 2761/3680/3060
f 2761/3680/3060 2859/4129/3452 2860/4128/3451
f 2356/3256/2726 3133/4130/3453 3134/4131/3454
f 3134/4131/3454 2991/3950/3294 2356/3256/2726
f 2532/3433/2848 2531/3432/2847 3135/4132/3455
f 3135/4132/3455 2612/3516/2917 2532/3433/2848
f 2614/4133/3456 2613/4134/3457 3136/4135/3458
f 3136/4135/3458 2612/4136/3459 2614/4133/3456
f 2562/3463/2876 2336/3236/2151 3137/4137/3460
f 3137/4137/3460 3138/4138/3461 2562/3463/2876
f 3014/3986/3323 3018/3990/3327 3017/3989/3326
f 3017/3989/3326 3015/3987/3324 3014/3986/3323
f 2481/3382/2812 2484/3385/2815 3139/4139/3462
f 3139/4139/3462 3140/4140/3463 2481/3382/2812
f 2818/3748/3120 2295/3195/2678 3141/4141/3464
f 3141/4141/3464 3142/4142/3465 2818/3748/3120
f 2942/4143/3239 2494/3395/2823 3143/4144/3466
f 3143/4144/3466 2488/4145/2817 2942/4143/3239
f 2824/3754/3125 3144/4146/3467 3143/4144/3466
f 3143/4144/3466 2825/3755/3126 2824/3754/3125
f 3145/4147/2151 3146/4148/3468 3147/4149/3469
f 3147/4149/3469 2637/3541/2935 3145/4147/2151
f 3148/4150/3470 2888/3822/3189 2887/3821/3188
f 2887/3821/3188 2886/4151/3187 3148/4150/3470
f 2658/3563/2956 2657/3562/2955 3020/3992/3329
f 3020/3992/3329 3019/3991/3328 2658/3563/2956
f 3119/4152/3471 2517/3418/2840 2901/3836/3198
f 2901/3836/3198 3120/4153/3472 3119/4152/3471
f 2685/4154/2983 2930/3868/3227 2929/3867/3226
f 2929/3867/3226 2686/4155/2984 2685/4154/2983
f 2933/3871/3230 2412/4156/2769 2411/4157/2768
f 2411/4157/2768 3062/4053/3381 2933/3871/3230
f 2360/3260/2730 2359/3259/2729 2871/3804/3172
f 2871/3804/3172 2870/3803/3171 2360/3260/2730
f 3149/4158/3473 2800/3729/3100 3150/4159/3474
f 3150/4159/3474 2803/3732/3105 3149/4158/3473
f 2510/3411/2835 2652/3557/2950 3151/4160/3475
f 3151/4160/3475 3152/4161/3476 2510/3411/2835
f 3135/4132/3455 2531/3432/2847 2370/3270/2739
f 2370/3270/2739 2369/3269/2738 3135/4132/3455
f 2837/3767/3140 2694/3603/2992 3153/4162/3477
f 3153/4162/3477 2834/3764/3137 2837/3767/3140
f 2986/3945/3289 2740/3655/3037 3154/4163/3478
f 3154/4163/3478 2279/3179/2662 2986/3945/3289
f 2471/3372/2694 3155/4164/2694 2472/3373/2694
f 2681/4165/2979 2419/3319/2774 2353/3253/2723
f 2353/3253/2723 2682/4166/2980 2681/4165/2979
f 2713/4167/2151 2949/4168/2151 2948/4169/2151
f 2948/4169/2151 2714/4170/2151 2713/4167/2151
f 3156/4171/3479 2326/3226/2694 2970/3925/2694
f 2389/3289/2694 2326/3226/2694 3157/4172/3480
f 3158/4173/3481 3092/4174/3481 2960/4175/3482
f 2960/4175/3482 2389/3289/3483 3158/4173/3481
f 2540/3441/2854 2777/4176/3484 2939/4177/3485
f 2939/4177/3485 2482/3383/2813 2540/3441/2854
f 2938/4178/3486 2483/3384/2814 2482/3383/2813
f 2482/3383/2813 2939/4177/3485 2938/4178/3486
f 2416/3316/2773 2634/4179/3487 2633/4180/3488
f 2633/4180/3488 2413/3313/2770 2416/3316/2773
f 2981/3940/3285 3125/4181/3489 2582/3485/2896
f 2296/3196/2679 2538/4182/3490 2537/4183/3491
f 2537/4183/3491 2293/3193/2676 2296/3196/2679
f 2483/3384/2814 3159/4184/3492 2819/3879/3121
f 2340/3240/2151 2306/3206/2151 2838/3768/2151
f 2838/4006/3340 3028/4005/3339 2643/4185/2941
f 2643/4185/2941 2642/4186/2940 2838/4006/3340
f 3006/3973/3311 2458/3976/3314 3008/3975/3313
f 3008/3975/3313 3007/3974/3312 3006/3973/3311
f 3006/4187/3493 3160/4188/3494 2459/3359/2800
f 2459/3359/2800 2458/3358/2799 3006/4187/3493
f 2960/3905/3254 3092/4083/3411 3091/4082/3410
f 3091/4082/3410 2961/3906/3255 2960/3905/3254
f 2671/4189/3495 2670/3911/3260 2963/3910/3259
f 2963/3910/3259 3161/4190/3496 2671/4189/3495
f 2605/3982/3319 3013/3985/3322 3012/3984/3321
f 3012/3984/3321 3011/3983/3320 2605/3982/3319
f 2605/3509/2912 2604/3508/2912 3162/4191/3497
f 3162/4191/3497 3013/4192/3497 2605/3509/2912
f 2572/3475/2887 3083/4193/3498 2573/3476/2888
f 2398/3298/2151 2972/4194/2151 2973/4195/2151
f 2264/3164/2647 2750/4029/3360 2631/3535/2930
f 2624/3528/2923 2828/4041/3370 2259/3159/2642
f 2976/3935/3281 2873/3806/3174 2872/3805/3173
f 2872/3805/3173 2977/3936/3282 2976/3935/3281
f 3068/4059/3387 3067/4058/3386 2568/3469/2882
f 2568/3469/2882 3163/4196/3499 3068/4059/3387
f 2927/3865/3224 2446/3346/2797 2445/3345/2796
f 2445/3345/2796 2928/3866/3225 2927/3865/3224
f 2931/3869/3228 2704/3615/3002 2525/3426/2841
f 2525/3426/2841 3164/4197/3500 2931/3869/3228
f 2396/3296/2760 2558/3459/2872 2557/3458/2871
f 2557/3458/2871 2397/3297/2761 2396/3296/2760
f 3073/4064/3392 3070/4061/3389 2767/3689/3067
f 2767/3689/3067 3165/4198/3501 3073/4064/3392
f 3166/4199/3502 2364/3264/2733 2367/3267/2736
f 2367/3267/2736 3167/4200/3503 3166/4199/3502
f 3168/4201/3504 3141/4141/3464 2295/3195/2678
f 2295/3195/2678 2294/3194/2677 3168/4201/3504
f 2894/3828/3193 2312/3212/2692 3169/4202/3505
f 3169/4202/3505 3170/4203/3506 2894/3828/3193
f 2964/3914/3261 3171/4204/3507 3172/4205/3508
f 2260/3160/2643 2827/4040/3369 2778/4206/3509
f 2778/4206/3509 2984/3943/3288 2260/3160/2643
f 2777/4176/3484 2984/3943/3288 2778/4206/3509
f 3151/4160/3475 2652/3557/2950 2649/4207/3510
f 2649/4207/3510 3173/4208/3511 3151/4160/3475
f 3173/4209/3512 2649/3554/2947 2648/3553/2946
f 2589/3492/2897 2383/3283/2748 3174/4210/3513
f 3174/4210/3513 2755/4211/3514 2589/3492/2897
f 3174/4212/3515 2587/3490/3516 2586/3489/3054
f 2586/3489/3054 2755/3672/3053 3174/4212/3515
f 3175/4213/3517 3176/4214/3518 3095/4215/3519
f 3095/4215/3519 3177/4216/3520 3175/4213/3517
f 2516/3417/2839 3178/4217/3521 2900/3835/3197
f 2882/3815/3183 2611/3515/2916 2610/3514/2915
f 2610/3514/2915 2904/3839/3199 2882/3815/3183
f 3179/4218/3522 3180/4219/3523 2905/3840/3524
f 2905/3840/3524 2904/3839/3525 3179/4218/3522
f 3181/4220/3526 2595/3498/2903 2436/3336/2791
f 2436/3336/2791 2435/3335/2790 3181/4220/3526
f 3182/4221/2694 3128/4222/2694 2442/3342/2694
f 2522/4223/3527 2521/4224/3528 3063/4225/3528
f 3063/4225/3528 3183/4226/3529 2522/4223/3527
f 3184/4227/3530 2674/3582/2972 3000/3963/3303
f 3000/3963/3303 3185/4228/3531 3184/4227/3530
f 2763/3682/3062 2764/4229/3532 2659/4230/3533
f 2659/4230/3533 2762/3681/3061 2763/3682/3062
f 2345/3245/2715 3186/4231/3534 2338/3238/2151
f 2608/3512/2694 3187/4232/2694 2486/3387/2694
f 3142/4233/3465 3139/4139/3462 2484/3385/2815
f 2484/3385/2815 2818/3880/3120 3142/4233/3465
f 3188/4234/3535 2550/3451/2864 3052/4037/3366
f 2723/3637/3536 3189/4235/3537 3102/4236/3538
f 3102/4236/3538 3103/4237/3539 2723/3637/3536
f 2287/3187/2670 2286/3186/2669 2594/3497/2902
f 2594/3497/2902 2723/3637/3019 2287/3187/2670
f 3190/4238/3540 2486/4239/3541 3191/4240/3542
f 3191/4240/3542 3192/4241/3540 3190/4238/3540
f 2569/3470/2883 2251/3151/2634 2250/3150/2633
f 2250/3150/2633 3192/4242/3543 2569/3470/2883
f 2773/3696/3073 2772/3695/3072 3193/4243/3544
f 3193/4243/3544 2771/3693/3071 2773/3696/3073
f 2346/3246/2716 3194/4244/3545 2430/3330/2785
f 2430/3330/2785 2347/3247/2717 2346/3246/2716
f 2910/3845/3205 2913/3848/3208 3195/4245/3546
f 3195/4245/3546 2908/3843/3203 2910/3845/3205
f 2867/3800/3168 3196/4246/3547 2541/3442/2855
f 2541/3442/2855 2544/3445/2858 2867/3800/3168
f 2423/3323/2778 2883/3816/3184 3197/4247/3548
f 3197/4247/3548 2424/3324/2779 2423/3323/2778
f 3197/4247/3548 3198/4248/3549 3111/4103/3429
f 3111/4103/3429 3112/4104/3430 3197/4247/3548
f 2317/3217/2695 2320/3220/2698 3172/4205/3508
f 3199/4249/3550 3200/4250/3551 2516/3417/2839
f 2516/3417/2839 2317/3217/2695 3199/4249/3550
f 2801/3730/3103 3201/4251/3552 2508/3409/2833
f 2508/3409/2833 2511/3412/2836 2801/3730/3103
f 2647/3552/2944 2646/3551/2944 3202/4252/3553
f 3202/4252/3553 3203/4253/3554 2647/3552/2944
f 2332/3232/2707 2766/3688/3066 3204/4254/3555
f 3204/4254/3555 2333/3233/2708 2332/3232/2707
f 2409/3309/2766 2769/3691/3069 2768/3690/3068
f 2768/3690/3068 2410/3310/2767 2409/3309/2766
f 2343/3243/2713 2342/3242/2712 3205/4255/3556
f 3205/4255/3556 2601/4256/2909 2343/3243/2713
f 2299/3199/2682 2298/3198/2681 2729/3643/3025
f 2729/3643/3025 2731/3646/3028 2299/3199/2682
f 2500/3401/2826 2946/3889/3243 3206/4257/3557
f 3206/4257/3557 2501/3402/2827 2500/3401/2826
f 2743/3658/3040 2742/3657/3039 2671/4189/3495
f 2671/4189/3495 3161/4190/3496 2743/3658/3040
f 3044/4258/3355 3046/4259/3357 2352/3252/2722
f 2352/3252/2722 3041/4021/3352 3044/4258/3355
f 2722/3636/3018 2593/3496/2901 2919/3854/3213
f 2919/3854/3213 3207/4260/3558 2722/3636/3018
f 2474/4261/3559 3102/4262/3538 3189/4263/3537
f 3189/4263/3537 3207/4264/3560 2474/4261/3559
f 2410/3310/2767 2768/3690/3068 2934/3872/3231
f 2934/3872/3231 3208/4265/3561 2410/3310/2767
f 2480/4266/3562 3209/4267/3563 3208/4268/3563
f 3208/4268/3563 3210/4269/3564 2480/4266/3562
f 3211/4270/3565 3077/4068/3396 3076/4067/3395
f 2441/4271/3566 3095/4272/3519 3176/4273/3518
f 3176/4273/3518 3211/4270/3567 2441/4271/3566
f 2996/3955/3297 2999/3958/3300 3212/4274/3568
f 3212/4274/3568 2994/4275/3295 2996/3955/3297
f 2407/4276/3569 3213/4277/3570 2629/3533/3571
f 2629/3533/3571 3214/4278/3572 2407/4276/3569
f 3214/4279/3572 3215/4280/3573 2706/4281/3574
f 2706/4281/3574 2407/4282/3569 3214/4279/3572
f 2390/3290/2754 2923/3858/3217 2922/3857/3216
f 2922/3857/3216 2391/3291/2755 2390/3290/2754
f 3113/4105/3431 3043/4023/3354 3042/4022/3353
f 3042/4022/3353 3114/4106/3432 3113/4105/3431
f 2373/3273/3318 3010/3979/3317 3131/4283/3575
f 2556/4284/3576 2979/4285/3284 2724/3638/3020
f 2724/3638/3020 3021/3996/3332 2556/4284/3576
f 2556/3457/2870 3021/4286/3577 3216/4287/3578
f 3216/4287/3578 2553/3454/2867 2556/3457/2870
f 3134/4288/3579 3133/4289/3580 3217/4290/3581
f 3217/4290/3581 3218/4291/3579 3134/4288/3579
f 2311/3211/2691 2862/4292/3582 2864/4293/3583
f 2864/4293/3583 2308/3208/2688 2311/3211/2691
f 2837/3767/3140 2311/4294/2691 2310/3600/2690
f 2310/3600/2690 2694/3603/2992 2837/3767/3140
f 2643/4295/3584 2344/3244/2714 2641/4296/3585
f 2762/3681/3061 2344/4297/2714 2343/3504/2713
f 2343/3504/2713 2603/3507/2911 2762/3681/3061
f 3050/4298/3586 2514/3415/2838 2513/3414/2838
f 2513/3414/2838 2958/3901/3587 3050/4298/3586
f 2945/3888/3242 2947/4299/3588 2950/4300/3589
f 2950/4300/3589 3219/4301/3590 2945/3888/3242
f 3219/4301/3590 2329/3229/2704 2328/3228/2703
f 2328/3228/2703 2945/3888/3242 3219/4301/3590
f 2944/3887/3241 2946/3889/3243 2500/3401/2826
f 2500/3401/2826 2855/3785/3155 2944/3887/3241
f 2715/4302/3591 2855/3785/3155 2712/4303/3592
f 3024/3999/3335 2695/3605/3593 3026/4304/3594
f 3026/4304/3594 3220/4305/3595 3024/3999/3335
f 3220/4305/3595 2831/3761/3134 2830/3760/3133
f 2830/3760/3133 3024/3999/3335 3220/4305/3595
f 3032/4010/3344 2709/4011/3596 3034/4014/3597
f 3034/4014/3597 2854/3784/3154 3032/4010/3344
f 2852/3782/3152 3032/4010/3344 3031/4009/3343
f 3031/4009/3343 2578/3481/2892 2852/3782/3152
f 3221/4306/3598 3100/4091/3418 2738/3653/3035
f 2738/3653/3035 2987/3946/3290 3221/4306/3598
f 2989/4307/3599 2987/3946/3290 2465/4308/3600
f 2656/3561/2954 2815/4309/3601 2817/4310/3602
f 2817/4310/3602 2653/3558/2951 2656/3561/2954
f 3148/4150/3470 2656/3561/2954 2655/3560/2953
f 2655/3560/2953 2888/3822/3189 3148/4150/3470
f 3027/4004/3338 3028/4311/3603 3030/4312/3604
f 3030/4312/3604 3149/4158/3473 3027/4004/3338
f 3149/4158/3473 2803/3732/3105 2802/3731/3104
f 2802/3731/3104 3027/4004/3338 3149/4158/3473
f 2696/3606/3605 2404/3304/2765 2813/3742/3606
f 2653/3558/2951 2404/3304/2765 2403/3303/2764
f 2403/3303/2764 2654/3559/2952 2653/3558/2951
f 3222/4313/3607 2906/3841/3201 2905/3840/3200
f 2450/4314/3608 3223/4315/3609 3224/4316/3610
f 3224/4316/3610 3222/4317/3611 2450/4314/3608
f 2780/3705/2694 2779/3704/2694 2622/3526/2694
f 3126/4118/3441 3225/4318/3612 3226/4319/3613
f 3226/4319/3613 3227/4320/3614 3126/4118/3441
f 3126/4118/3441 3227/4320/3614 2878/3811/3179
f 2878/3811/3179 2877/3810/3178 3126/4118/3441
f 3228/4321/3615 3229/4322/3616 3230/4323/3617
f 3230/4323/3617 3045/4025/3356 3228/4321/3615
f 3228/4321/3615 3045/4025/3356 3044/4024/3355
f 3044/4024/3355 3231/4324/3618 3228/4321/3615
f 2995/3954/3296 2994/3953/3295 3212/4325/3568
f 3212/4325/3568 3094/4085/3413 2995/3954/3296
f 2995/3954/3296 3094/4085/3413 3093/4084/3412
f 3093/4084/3412 3232/4326/3619 2995/3954/3296
f 2990/3949/3293 2291/3191/2674 3233/4327/3620
f 3233/4327/3620 3234/4328/3621 2990/3949/3293
f 3235/4329/3622 3236/4330/3623 2354/3254/2724
f 2354/3254/2724 2357/3257/2727 3235/4329/3622
f 2262/3162/2645 2265/3165/2648 3237/4331/3624
f 3237/4331/3624 3238/4332/3625 2262/3162/2645
f 2414/3314/2771 2760/3679/3059 3239/4333/3626
f 3239/4333/3626 3240/4334/3627 2414/3314/2771
f 3241/4335/3628 3242/4336/3629 2581/3484/2895
f 2581/3484/2895 2415/3315/2772 3241/4335/3628
f 2978/3937/3283 2376/3276/2743 3243/4337/3630
f 3243/4337/3630 3244/4338/3631 2978/3937/3283
f 2632/3536/2931 2982/3941/3286 3245/4339/3632
f 3245/4339/3632 3246/4340/3633 2632/3536/2931
f 2983/3942/3287 2539/3440/2853 3247/4341/3634
f 3247/4341/3634 3248/4342/3635 2983/3942/3287
f 3249/4343/3636 3250/4344/3637 2258/3158/2641
f 2258/3158/2641 2261/3161/2644 3249/4343/3636
f 3132/4345/3450 2795/4346/3449 2303/3203/2686
f 2303/3203/2686 2302/3202/2685 3132/4345/3450
f 3251/4347/3638 3252/4348/3639 2375/3275/2742
f 2375/3275/2742 2623/3527/2922 3251/4347/3638
f 3253/4349/3640 3254/4350/3641 2907/4351/3642
f 2907/4351/3642 2909/4352/3643 3253/4349/3640
f 2545/3446/2859 2548/3449/2862 3035/4015/3346
f 3035/4015/3346 3036/4016/3347 2545/3446/2859
f 3140/4140/3463 3247/4341/3634 2539/3440/2853
f 2539/3440/2853 2481/3382/2812 3140/4140/3463
f 3155/4353/3644 2471/4354/3645 2419/4355/3646
f 2419/4355/3646 3255/4356/3647 3155/4353/3644
f 2449/4357/3648 2448/4358/3649 2253/4359/3650
f 2253/4359/3650 3256/4360/3651 2449/4357/3648
f 2842/3772/3144 2427/4361/3652 3257/4362/3653
f 3257/4362/3653 2839/3769/3141 2842/3772/3144
f 2842/3772/3144 2736/3651/3033 3258/4363/3654
f 3258/4363/3654 2427/4361/3652 2842/3772/3144
f 3259/4364/3655 3260/4365/3656 3261/4366/3657
f 3261/4366/3657 2369/4367/3658 3259/4364/3655
f 3262/4368/3659 3263/4369/3660 3264/4370/3661
f 3264/4370/3661 3265/4371/3662 3262/4368/3659
f 3104/4095/3422 2789/3716/3091 2788/3715/3090
f 2788/3715/3090 3265/4372/3663 3104/4095/3422
f 3210/4269/3564 2288/4373/3664 3266/4374/3665
f 3266/4374/3665 2480/4266/3562 3210/4269/3564
f 2288/4373/3664 3267/4375/3666 2477/4376/3666
f 2477/4376/3666 3266/4374/3665 2288/4373/3664
f 2941/3884/3238 3268/4377/3667 3159/4378/3668
f 3159/4378/3668 2938/3881/3235 2941/3884/3238
f 2941/3884/2694 2622/3526/2694 2535/3436/2694
f 2535/3436/2694 3268/4377/2694 2941/3884/2694
f 2308/3208/2688 2853/3783/3153 2577/3480/2891
f 2577/3480/2891 2309/3209/2689 2308/3208/2688
f 2864/3797/3166 2398/3796/3166 2866/3799/3167
f 2866/3799/3167 2865/3798/3167 2864/3797/3166
f 2467/3368/2808 3185/4228/3531 3000/3963/3303
f 3000/3963/3303 2468/3369/2809 2467/3368/2808
f 3215/4379/3669 3065/4056/3384 3064/4055/3383
f 3215/4280/3573 3064/4380/3670 2707/4381/3671
f 2707/4381/3671 2706/4281/3574 3215/4280/3573
f 3055/4382/3371 2857/4383/3374 2741/3656/3038
f 2741/3656/3038 2744/3659/3041 3055/4382/3371
f 2330/3230/2705 2329/3229/2704 3154/4384/3478
f 3154/4384/3478 3269/4385/3672 2330/3230/2705
f 3151/4160/3475 3173/4208/3511 2297/3197/2680
f 2297/3197/2680 2300/3200/2683 3151/4160/3475
f 2301/3201/2684 2304/3204/2687 2916/3971/3309
f 2916/3971/3309 3005/3970/3308 2301/3201/2684
f 2832/3762/3135 2831/3761/3134 3153/4162/3477
f 3153/4162/3477 3270/4386/3673 2832/3762/3135
f 3004/3969/3307 2915/3972/3310 2717/3861/3220
f 2717/3861/3220 2925/3860/3219 3004/3969/3307
f 2924/3859/3218 2716/3862/3221 3083/4074/3402
f 3083/4074/3402 3082/4073/3401 2924/3859/3218
f 3086/4077/3405 3087/4078/3406 3271/4387/3674
f 3271/4387/3674 3088/4388/3675 3086/4077/3405
f 2953/3896/3248 2812/3741/3114 2811/3740/3113
f 2811/3740/3113 2954/3897/3249 2953/3896/3248
f 3122/4114/3437 3232/4326/3619 3093/4084/3412
f 3093/4084/3412 3123/4115/3438 3122/4114/3437
f 3040/4020/3351 3231/4389/3618 3044/4258/3355
f 3044/4258/3355 3041/4021/3352 3040/4020/3351
f 2920/3855/3214 2395/3295/2759 2394/3294/2758
f 2394/3294/2758 2921/3856/3215 2920/3855/3214
f 3071/4062/3390 3116/4108/3434 3115/4107/3433
f 3115/4107/3433 3072/4063/3391 3071/4062/3390
f 2432/3332/2787 3110/4102/3428 3111/4103/3429
f 3111/4103/3429 3198/4248/3549 2432/3332/2787
f 2796/3724/3096 2798/3726/3098 2508/3409/2833
f 2508/3409/2833 3201/4251/3552 2796/3724/3096
f 3203/4390/3554 3202/4391/3553 2305/3728/3099
f 2305/3728/3099 2799/3727/3099 3203/4390/3554
f 2885/3818/3186 2275/3175/2658 2274/3174/2657
f 2274/3174/2657 2797/3725/3097 2885/3818/3186
f 3272/4392/3676 3273/4393/3677 2931/3869/3228
f 2931/3869/3228 3164/4197/3500 3272/4392/3676
f 3272/4392/3676 3164/4197/3500 3226/4319/3613
f 3226/4319/3613 3225/4318/3612 3272/4392/3676
f 3274/4394/3678 3069/4060/3388 3068/4059/3387
f 3068/4059/3387 3163/4196/3499 3274/4394/3678
f 3274/4394/3678 3163/4196/3499 3275/4395/3679
f 3275/4395/3679 3108/4396/3426 3274/4394/3678
f 3276/4397/3680 2335/4398/2710 2334/4399/2709
f 2334/4399/2709 2932/3870/3229 3276/4397/3680
f 3276/4397/3680 2932/3870/3229 2931/3869/3228
f 2931/3869/3228 3273/4393/3677 3276/4397/3680
f 2543/3444/2857 2600/3503/2908 3277/4400/3681
f 3277/4400/3681 3278/4401/3682 2543/3444/2857
f 2543/3444/2857 2542/3443/2856 2598/3501/2906
f 2598/3501/2906 2600/3503/2908 2543/3444/2857
f 2765/3687/3065 3074/4065/3393 3073/4064/3392
f 3073/4064/3392 3165/4198/3501 2765/3687/3065
f 2765/3687/3065 3165/4198/3501 3204/4254/3555
f 3204/4254/3555 2766/3688/3066 2765/3687/3065
f 3279/4402/3683 3278/4401/3682 3277/4400/3681
f 3277/4400/3681 3280/4403/3684 3279/4402/3683
f 3279/4402/3683 3280/4403/3684 3230/4323/3617
f 3230/4323/3617 3229/4322/3616 3279/4402/3683
f 2425/3325/2780 2424/3324/2779 3078/4069/3397
f 3078/4069/3397 3079/4070/3398 2425/3325/2780
f 2425/3325/2780 3079/4070/3398 2998/3957/3299
f 2998/3957/3299 2997/3956/3298 2425/3325/2780
f 2547/3448/2861 2546/3447/2860 3107/4404/3425
f 3107/4404/3425 3106/4405/3424 2547/3448/2861
f 3105/4406/3685 2666/3572/2964 3281/4407/3686
f 3281/4407/3686 3282/4408/3687 3105/4406/3685
f 3167/4200/3503 2367/3267/2736 2900/3835/3197
f 2900/3835/3197 3178/4217/3521 3167/4200/3503
f 2903/3838/2694 2455/3355/2694 3283/4409/2694
f 2529/3430/2845 2532/3433/2848 2611/3515/2916
f 2611/3515/2916 2881/3814/3182 2529/3430/2845
f 3111/4103/3429 3110/4102/3428 2529/3430/2845
f 2529/3430/2845 2881/3814/3182 3111/4103/3429
f 2625/3529/2924 2252/3152/2635 2251/3151/2634
f 2251/3151/2634 3067/4058/3386 2625/3529/2924
f 3068/4059/3387 2879/3812/3180 2625/3529/2924
f 2625/3529/2924 3067/4058/3386 3068/4059/3387
f 2918/3853/3212 2919/3854/3213 2593/3496/2901
f 2593/3496/2901 2592/3495/2900 2918/3853/3212
f 3115/4107/3433 3114/4106/3432 2918/3853/3212
f 2918/3853/3212 2592/3495/2900 3115/4107/3433
f 2591/3494/2899 2594/3497/2902 2286/3186/2669
f 2286/3186/2669 3070/4061/3389 2591/3494/2899
f 3073/4064/3392 3072/4063/3391 2591/3494/2899
f 2591/3494/2899 3070/4061/3389 3073/4064/3392
f 3284/4410/3688 3285/4411/3689 3286/4412/3690
f 3286/4412/3690 3257/4413/3691 3284/4410/3688
f 2598/3501/2906 3123/4115/3438 2844/3774/3146
f 2844/3774/3146 2599/3502/2907 2598/3501/2906
f 3122/4114/3437 3123/4115/3438 2598/3501/2906
f 2598/3501/2906 2542/3443/2856 3122/4114/3437
f 3078/4069/3397 3112/4104/3430 2880/3813/3181
f 2880/3813/3181 2533/3434/2849 3078/4069/3397
f 3197/4247/3548 3112/4104/3430 3078/4069/3397
f 3078/4069/3397 2424/3324/2779 3197/4247/3548
f 3150/4159/3474 2511/3412/2836 2510/3411/2835
f 2510/3411/2835 3152/4161/3476 3150/4159/3474
f 2801/3730/3103 2511/3412/2836 3150/4159/3474
f 3150/4159/3474 2800/3729/3100 2801/3730/3103
f 2491/3392/2820 2494/3395/2823 2942/4143/3239
f 2942/4143/3239 3081/4414/3400 2491/3392/2820
f 3287/4415/3692 2701/3612/3000 2429/3329/2784
f 2429/3329/2784 3288/4416/3693 3287/4415/3692
f 2469/3370/2810 2381/3281/2746 2380/3280/2745
f 2380/3280/2745 3100/4091/3418 2469/3370/2810
f 3221/4306/3598 2470/3371/2811 2469/3370/2810
f 2469/3370/2810 3100/4091/3418 3221/4306/3598
f 2893/4417/3694 2892/4418/3695 3075/4419/3696
f 3075/4419/3696 2596/4420/3697 2893/4417/3694
f 3075/4066/3394 2597/3500/2905 2596/3499/2904
f 2475/4421/3698 2616/4422/3699 2618/4423/3700
f 2618/4423/3700 3289/4424/3701 2475/4421/3698
f 3289/4424/3701 3175/4425/3517 3177/4426/3520
f 3177/4426/3520 2475/4421/3698 3289/4424/3701
f 3207/4427/3560 3290/4428/3702 3291/4429/3703
f 3291/4429/3703 2474/4430/3559 3207/4427/3560
f 3290/4428/3702 2419/4355/3646 2471/4354/3645
f 2471/4354/3645 3291/4429/3703 3290/4428/3702
f 2369/4367/3658 3191/4240/3542 2486/4239/3541
f 2486/4239/3541 3259/4364/3655 2369/4367/3658
f 2268/3168/2651 2877/3810/3178 2876/3809/3177
f 2876/3809/3177 2975/3934/3280 2268/3168/2651
f 2974/3933/3279 2269/3169/2652 2268/3168/2651
f 2268/3168/2651 2975/3934/3280 2974/3933/3279
f 2559/3460/2873 2766/3688/3066 2332/3232/2707
f 2332/3232/2707 2688/3596/2986 2559/3460/2873
f 2687/3595/2985 2560/3461/2874 2559/3460/2873
f 2559/3460/2873 2688/3596/2986 2687/3595/2985
f 2489/4431/2818 3144/4146/3467 2996/3955/3297
f 2996/3955/3297 2994/4275/3295 2489/4431/2818
f 3143/4144/3466 3144/4146/3467 2489/4431/2818
f 2489/4431/2818 2488/4145/2817 3143/4144/3466
f 3130/4123/3446 3224/4316/3610 3223/4315/3609
f 3223/4315/3609 2442/4120/3443 3130/4123/3446
f 2291/3191/2674 2290/3190/2673 3054/4039/3368
f 2305/3205/2151 2646/4432/2151 2645/4433/2151
f 2561/3462/2875 2563/3464/2877 2690/4434/3704
f 2690/4434/3704 3292/4435/3705 2561/3462/2875
f 2576/3479/2151 2398/3298/2151 2400/3300/2151
f 2400/3300/2151 2814/4436/2151 2576/3479/2151
f 2814/4437/3116 2813/4438/3115 2817/3747/3119
f 2817/3747/3119 2576/3746/3119 2814/4437/3116
f 2662/4439/2960 2661/4440/2959 2989/3948/3292
f 2989/3948/3292 2988/3947/3291 2662/4439/2960
f 2466/4441/2151 2662/4442/2151 2988/4443/2151
f 2456/3356/2694 2459/3359/2694 3293/4444/2694
f 3293/4444/2694 2917/3852/2694 2456/3356/2694
f 2794/3722/3094 2719/3632/3015 2303/3631/3014
f 2303/3631/3014 2795/3723/3095 2794/3722/3094
f 2898/3832/2151 2306/3206/2151 2339/3239/2151
f 2339/3684/3064 2764/3683/3063 3003/3968/3306
f 3003/3968/3306 3002/3967/3305 2339/3684/3064
f 2823/3753/3124 3061/4052/3380 2423/3323/2778
f 2423/3323/2778 2426/3326/2781 2823/3753/3124
f 2841/3771/3143 3061/4052/3380 2823/3753/3124
f 2823/3753/3124 2737/3652/3034 2841/3771/3143
f 3294/4445/3706 2935/3873/3232 2430/3330/2785
f 2430/3330/2785 3194/4244/3545 3294/4445/3706
f 3193/4243/3544 2772/3695/3072 3294/4445/3706
f 3294/4445/3706 3194/4244/3545 3193/4243/3544
f 2270/3170/2653 2273/3173/2656 2541/3442/2855
f 2541/3442/2855 3196/4246/3547 2270/3170/2653
f 3195/4245/3546 2913/3848/3208 2270/3170/2653
f 2270/3170/2653 3196/4246/3547 3195/4245/3546
f 2725/3639/3021 2281/3181/2664 3051/4036/3365
f 3051/4036/3365 2727/3641/3023 2725/3639/3021
f 2856/3786/3156 2858/3790/3160 2741/3789/3159
f 2741/3789/3159 2857/3787/3157 2856/3786/3156
f 2856/3786/2694 2588/3491/2694 2672/3580/2694
f 2672/3580/2694 2858/3790/2694 2856/3786/2694
f 3204/4254/3555 3165/4198/3501 2767/3689/3067
f 2767/3689/3067 2769/3691/3069 3204/4254/3555
f 3204/4254/3555 2769/3691/3069 2409/3309/2766
f 2409/3309/2766 2333/3233/2708 3204/4254/3555
f 2878/3811/3179 3227/4320/3614 3066/4057/3385
f 3066/4057/3385 2626/3530/2925 2878/3811/3179
f 2878/3811/3179 2626/3530/2925 2625/3529/2924
f 2625/3529/2924 2879/3812/3180 2878/3811/3179
f 3109/4101/3427 3295/4446/3707 2937/3875/3234
f 2937/3875/3234 2530/3431/2846 3109/4101/3427
f 3109/4101/3427 2530/3431/2846 2529/3430/2845
f 2529/3430/2845 3110/4102/3428 3109/4101/3427
f 2806/4447/3108 2810/3739/3112 2809/3738/3111
f 2809/3738/3111 2807/4448/3109 2806/4447/3108
f 2787/3714/3089 3060/4049/3377 3059/4048/3376
f 3059/4048/3376 2788/3715/3090 2787/3714/3089
f 2732/3647/3029 2840/3770/3142 2839/3769/3141
f 2839/3769/3141 2733/3648/3030 2732/3647/3029
f 2912/3847/3207 2911/3846/3206 3080/4071/3399
f 3080/4071/3399 2943/3886/3240 2912/3847/3207
f 2718/3629/2694 2326/3226/2694 3296/4449/3708
f 2573/3476/2888 3083/4193/3498 2716/3627/3010
f 2716/3627/3010 2718/3629/3012 2573/3476/2888
f 2874/4099/3175 2935/3873/3232 3294/4445/3706
f 3294/4445/3706 2875/4450/3176 2874/4099/3175
f 3137/4137/3460 3263/4369/3660 3297/4451/3709
f 3297/4451/3709 3298/4452/3710 3137/4137/3460
f 2951/3894/3246 2956/3899/3251 2955/3898/3250
f 2955/3898/3250 2434/3334/2789 2951/3894/3246
f 3275/4453/3679 3295/4446/3707 2936/3874/3233
f 2936/3874/3233 3108/4100/3426 3275/4453/3679
f 2551/3452/2865 2550/3451/2864 3188/4234/3535
f 3188/4234/3535 3053/4038/3367 2551/3452/2865
f 2964/3914/3261 2894/3913/3193 3170/4454/3506
f 3170/4454/3506 3171/4204/3507 2964/3914/3261
f 2979/3938/3284 2556/4455/3576 2555/3994/3330
f 2555/3994/3330 2377/3277/2744 2979/3938/3284
f 2319/3219/2697 2515/4034/3363 2514/4032/3361
f 2514/4032/3361 2965/3915/3262 2319/3219/2697
f 2965/3915/3262 2964/3914/3261 2320/3220/2698
f 2320/3220/2698 2319/3219/2697 2965/3915/3262
f 3184/4227/3530 2763/3682/3062 2675/3583/2973
f 2675/3583/2973 2674/3582/2972 3184/4227/3530
f 3220/4305/3595 2834/3764/3137 3153/4162/3477
f 3153/4162/3477 2831/3761/3134 3220/4305/3595
f 3219/4301/3590 2279/4456/2662 3154/4384/3478
f 3154/4384/3478 2329/3229/2704 3219/4301/3590
f 2702/3613/3001 2701/3612/3000 3299/4457/3711
f 3299/4457/3711 3300/4458/3712 2702/3613/3001
f 2861/3793/3164 3217/4290/3581 3133/4289/3580
f 3133/4289/3580 2860/3792/3163 2861/3793/3164
f 3217/4290/2694 2861/3793/2694 2314/3214/2694
f 3267/4459/3666 2723/3637/3536 3103/4237/3539
f 3103/4237/3539 2477/4460/3666 3267/4459/3666
f 2589/3492/2897 2755/4211/3514 2754/4044/3373
f 2754/4044/3373 3056/4043/3372 2589/3492/2897
f 2937/3875/3234 3295/4446/3707 3275/4453/3679
f 3275/4453/3679 2570/3876/2884 2937/3875/3234
f 2889/3823/3190 2888/3822/3189 2655/3560/2953
f 2655/3560/2953 3085/4076/3404 2889/3823/3190
f 2276/3176/2659 2275/3175/2658 2887/3820/3188
f 2887/3820/3188 2890/4461/3191 2276/3176/2659
f 3205/4255/3556 2342/3242/2712 2802/3731/3104
f 2802/3731/3104 2805/3734/3107 3205/4255/3556
f 3206/4257/3557 2946/3889/3243 2328/3228/2703
f 2328/3228/2703 2331/3231/2706 3206/4257/3557
f 3153/4162/3477 2694/3603/2992 2693/3602/2991
f 2693/3602/2991 3270/4386/3673 3153/4162/3477
f 2675/3583/2973 2603/3507/2911 2602/3506/2910
f 2602/3506/2910 2676/3584/2974 2675/3583/2973
f 3090/4081/3409 2798/3726/3098 2274/3174/2657
f 2274/3174/2657 2277/3177/2660 3090/4081/3409
f 2574/3477/2889 2402/3302/2763 2830/3760/3133
f 2830/3760/3133 2833/3763/3136 2574/3477/2889
f 2804/3733/3106 2803/3732/3105 3150/4159/3474
f 3150/4159/3474 3152/4161/3476 2804/3733/3106
f 2793/3720/3093 2309/3209/2689 2577/3480/2891
f 2577/3480/2891 2580/3483/2894 2793/3720/3093
f 3154/4163/3478 2740/3655/3037 2739/3654/3036
f 2739/3654/3036 3269/4462/3672 3154/4163/3478
f 3084/4075/3403 2654/3559/2952 2403/3303/2764
f 2403/3303/2764 2575/3478/2890 3084/4075/3403
f 3089/4080/3408 2468/3369/2809 3000/3963/3303
f 3000/3963/3303 3001/3964/3304 3089/4080/3408
f 2579/3482/2893 2578/3481/2892 3031/4009/3343
f 3031/4009/3343 3101/4092/3421 2579/3482/2893
f 3300/4458/3712 3301/4463/3713 3302/4464/3714
f 3302/4464/3714 2702/3613/3001 3300/4458/3712
f 3303/4465/3715 3304/4466/3716 3186/4231/3534
f 3186/4231/3534 2345/3245/2715 3303/4465/3715
f 3096/4087/3414 3098/4089/3416 2952/3895/3247
f 3066/4057/3385 2630/3534/2929 2627/3531/2926
f 2627/3531/2926 2626/3530/2925 3066/4057/3385
f 2352/3252/2722 3046/4259/3357 2682/4166/2980
f 2682/4166/2980 2353/3253/2723 2352/3252/2722
f 2437/3337/2792 2436/3336/2791 2846/3776/3148
f 2846/3776/3148 2845/3775/3147 2437/3337/2792
f 3022/3997/3333 2619/3523/2920 2682/3590/2980
f 2682/3590/2980 3046/4026/3357 3022/3997/3333
f 2410/3310/2767 3208/4265/3561 3305/4467/3717
f 3305/4467/3717 2411/3311/2768 2410/3310/2767
f 2904/3839/3525 3136/4468/3458 2613/4469/3457
f 2613/4469/3457 3179/4218/3522 2904/3839/3525
f 2428/3328/2783 3047/4027/3358 3258/4470/3718
f 3258/4470/3718 3306/4471/3719 2428/3328/2783
f 2496/3397/2825 2495/3396/2824 3307/4472/3720
f 3307/4472/3720 3308/4473/3721 2496/3397/2825
f 3192/4241/3540 3309/4474/3722 2447/4475/3723
f 2447/4475/3723 3190/4238/3540 3192/4241/3540
f 3309/4476/3722 2253/4359/3650 2448/4358/3649
f 2448/4358/3649 2447/4477/3723 3309/4476/3722
f 2734/3649/3031 2771/3693/3071 3193/4243/3544
f 3193/4243/3544 2735/3650/3032 2734/3649/3031
f 3193/4243/3544 3194/4244/3545 2346/3246/2716
f 2346/3246/2716 2735/3650/3032 3193/4243/3544
f 3096/4087/3414 2952/3895/3247 2433/3333/2788
f 2433/3333/2788 3097/4088/3415 3096/4087/3414
f 2433/3333/2788 2269/3169/2652 2974/3933/3279
f 2974/3933/3279 3097/4088/3415 2433/3333/2788
f 3310/4478/3724 3311/4479/3725 3147/4149/3469
f 3147/4149/3469 3146/4148/3468 3310/4478/3724
f 2689/3597/2987 2691/3599/2989 3016/3988/3325
f 3016/3988/3325 2808/3737/3110 2689/3597/2987
f 3016/3988/3325 2560/3461/2874 2687/3595/2985
f 2687/3595/2985 2808/3737/3110 3016/3988/3325
f 2699/3610/2998 2908/3843/3203 3195/4245/3546
f 3195/4245/3546 2700/3611/2999 2699/3610/2998
f 3195/4245/3546 3196/4246/3547 2867/3800/3168
f 2867/3800/3168 2700/3611/2999 3195/4245/3546
f 3233/4327/3620 2291/3191/2674 3054/4039/3368
f 2289/3189/2672 2758/3960/3302 3131/4124/3447
f 3131/4124/3447 2552/3453/2866 2289/3189/2672
f 2552/3453/2866 2551/3452/2865 2290/3190/2673
f 2290/3190/2673 2289/3189/2672 2552/3453/2866
f 2293/3193/2676 2537/4183/3491 2849/4051/3379
f 2849/4051/3379 2365/3265/2734 2293/3193/2676
f 2365/3265/2734 2364/3264/2733 2294/3194/2677
f 2294/3194/2677 2293/3193/2676 2365/3265/2734
f 2374/3274/2741 2829/3995/3331 3312/4480/3726
f 3312/4480/3726 2624/3528/2923 2374/3274/2741
f 2263/3163/2646 2745/3917/3264 2959/4481/3727
f 2959/4481/3727 2264/3164/2647 2263/3163/2646
f 2991/3950/3294 3134/4131/3454 2759/3959/3301
f 2759/3959/3301 2292/3192/2675 2991/3950/3294
f 2366/3266/2735 2848/4050/3378 3120/4153/3472
f 3120/4153/3472 2901/3836/3198 2366/3266/2735
f 2901/3836/3198 2900/3835/3197 2367/3267/2736
f 2367/3267/2736 2366/3266/2735 2901/3836/3198
f 2549/3450/2863 3010/4125/3448 2728/3642/3024
f 2728/3642/3024 2727/3641/3023 2549/3450/2863
f 2413/3313/2770 2633/4180/3488 2859/4129/3452
f 2859/4129/3452 2761/3680/3060 2413/3313/2770
f 2355/3255/2725 2860/4482/3451 3133/4130/3453
f 3133/4130/3453 2356/3256/2726 2355/3255/2725
f 2895/3829/3194 3050/4483/3362 2746/3916/3263
f 2746/3916/3263 2313/3213/2693 2895/3829/3194
f 2636/3540/2151 2427/3327/2782 2338/3238/2151
f 2427/3327/2782 2362/3262/2732 2338/3238/2151
f 2415/3315/2772 2414/3314/2771 3240/4334/3627
f 3240/4334/3627 3241/4335/3628 2415/3315/2772
f 2312/3212/2692 2262/3162/2645 3238/4332/3625
f 3238/4332/3625 3169/4202/3505 2312/3212/2692
f 2760/3679/3059 2354/3678/2724 3236/4484/3623
f 3236/4484/3623 3239/4333/3626 2760/3679/3059
f 2376/3276/2743 2375/3275/2742 3252/4348/3639
f 3252/4348/3639 3243/4337/3630 2376/3276/2743
f 2282/3182/2665 2978/4485/3283 3244/4486/3631
f 3244/4486/3631 2283/3183/2666 2282/3182/2665
f 2282/3182/2665 2724/3638/3020 2979/4285/3284
f 2979/4285/3284 2978/4485/3283 2282/3182/2665
f 2357/3257/2727 2990/3949/3293 3234/4328/3621
f 3234/4328/3621 3235/4329/3622 2357/3257/2727
f 2265/3165/2648 2632/3536/2931 3246/4340/3633
f 3246/4340/3633 3237/4331/3624 2265/3165/2648
f 2261/3161/2644 2983/3942/3287 3248/4342/3635
f 3248/4342/3635 3249/4343/3636 2261/3161/2644
f 2623/3527/2922 2258/3158/2641 3250/4344/3637
f 3250/4344/3637 3251/4347/3638 2623/3527/2922
f 2982/3941/3286 2581/3484/2895 3242/4336/3629
f 3242/4336/3629 3245/4339/3632 2982/3941/3286
f 2771/3693/3071 2770/3692/3070 3313/4487/3728
f 3313/4487/3728 2773/3696/3073 2771/3693/3071
f 3313/4488/3729 2637/3541/2935 3147/4149/3469
f 3147/4149/3469 3311/4479/3725 3313/4488/3729
f 2909/4352/3643 3314/4489/3730 3315/4490/3731
f 3315/4490/3731 3253/4349/3640 2909/4352/3643
f 3314/4489/3730 3038/4018/3349 2362/3262/2732
f 2362/3262/2732 3315/4490/3731 3314/4489/3730
f 2958/3901/2694 2957/3900/2694 2748/3663/2694
f 2958/3901/3587 2747/3662/3044 2746/3661/3043
f 2746/3661/3043 3050/4298/3586 2958/3901/3587
f 2750/4029/3360 2264/3164/2647 2959/4481/3727
f 2750/3665/3047 2959/3902/3253 2957/3900/3252
f 2957/3900/3252 2315/3215/3045 2750/3665/3047
f 2782/3709/3082 3216/4287/3578 3021/4286/3577
f 3021/4286/3577 2726/3706/3082 2782/3709/3082
f 2373/3273/2694 3216/4287/2694 2781/3708/2694
f 2691/3599/2989 2690/3598/2988 3316/4491/3732
f 3316/4491/3732 3014/3986/3323 2691/3599/2989
f 2562/3463/2876 3138/4138/3461 3317/4492/3733
f 3317/4492/3733 3316/4493/3734 2562/3463/2876
f 2828/4041/3370 2624/3528/2923 3312/4480/3726
f 2622/3526/3130 2828/3758/3129 3312/4494/3735
f 3304/4466/3716 3310/4478/3724 3146/4148/3468
f 3146/4148/3468 3186/4231/3534 3304/4466/3716
f 2382/3282/2747 2967/3919/3266 3174/4210/3513
f 3174/4210/3513 2383/3283/2748 2382/3282/2747
f 2967/3921/3268 2969/3923/3270 2587/3490/3516
f 2587/3490/3516 3174/4212/3515 2967/3921/3268
f 2651/3556/2949 2650/3908/3257 2649/4207/3510
f 2649/4207/3510 2652/3557/2950 2651/3556/2949
f 2597/3500/2905 3075/4066/3394 2847/3777/3149
f 2847/3777/3149 2846/3776/3148 2597/3500/2905
f 2847/3777/3149 3075/4066/3394 3077/4068/3396
f 3077/4068/3396 2891/3825/3192 2847/3777/3149
f 2622/3526/2694 2372/3272/2694 2316/3216/2694
f 2372/3272/3132 2622/3526/3130 3312/4494/3735
f 3312/4494/3735 2829/3759/3131 2372/3272/3132
f 3305/4495/3717 3063/4054/3382 3062/4053/3381
f 3062/4053/3381 2411/4157/2768 3305/4495/3717
f 3062/4053/3381 3063/4054/3382 3065/4056/3384
f 3065/4056/3384 2705/3616/3003 3062/4053/3381
f 3168/4201/3504 2294/3194/2677 3166/4199/3502
f 2454/3354/3736 2453/3353/3737 3168/4496/3738
f 3168/4496/3738 3166/4497/3739 2454/3354/3736
f 3199/4249/3550 2317/3217/2695 3172/4205/3508
f 2452/3352/3740 2451/3351/3741 3199/4498/3742
f 3199/4498/3742 3172/4499/3743 2452/3352/3740
f 3185/4228/3531 2467/3368/2808 2663/3569/3420
f 2663/3569/3420 2899/3834/3744 3185/4228/3531
f 2899/3834/3744 3003/4500/3745 3184/4227/3530
f 3184/4227/3530 3185/4228/3531 2899/3834/3744
f 2797/3725/3097 2796/3724/3096 2799/4501/3746
f 2799/4501/3746 2506/4502/3747 2797/3725/3097
f 2797/3725/3097 2506/4502/3747 2885/3818/3186
f 2853/3783/3153 2308/3208/2688 2864/4293/3583
f 2864/4293/3583 2865/4503/3748 2853/3783/3153
f 2853/3783/3153 2865/4503/3748 2852/3782/3152
f 3201/4251/3552 2801/3730/3103 2647/3552/3102
f 2647/3552/3102 3203/4253/3749 3201/4251/3552
f 3201/4251/3552 3203/4253/3749 2796/3724/3096
f 2886/3819/3187 2885/3818/3186 2505/4504/3750
f 2505/4504/3750 2658/4505/3751 2886/3819/3187
f 2886/4151/3187 2658/4506/3751 3148/4150/3470
f 2587/3490/2694 2969/3923/2694 3048/4030/2694
f 3048/4030/2694 2588/3491/2694 2587/3490/2694
f 3318/4507/3752 3175/4508/3753 2422/3322/2777
f 2422/3322/2777 2254/3154/2637 3318/4507/3752
f 2422/3322/2777 3175/4508/3753 2617/3521/2918
f 2617/3521/2918 2620/3524/2921 2422/3322/2777
f 3319/4509/3754 3130/4510/3755 2822/3752/3123
f 2822/3752/3123 2321/3221/2699 3319/4509/3754
f 2822/3752/3123 3130/4510/3755 3181/4511/3526
f 3181/4511/3526 2435/3877/2790 2822/3752/3123
f 3065/4056/3384 3215/4379/3669 2526/3427/2842
f 2526/3427/2842 2705/3616/3003 3065/4056/3384
f 2526/3427/2842 3215/4379/3669 2628/3532/2927
f 2628/3532/2927 2527/3428/2843 2526/3427/2842
f 2569/3470/2883 3192/4242/3543 2368/4512/2737
f 2368/4512/2737 2371/3471/2740 2569/3470/2883
f 2906/3841/3201 3222/4313/3607 2324/3224/2702
f 2324/3224/2702 2534/3435/2850 2906/3841/3201
f 2324/3224/2702 3222/4313/3607 3319/4509/3754
f 3319/4509/3754 2321/3221/2699 2324/3224/2702
f 2420/3320/2775 3207/4260/3558 2919/3854/3213
f 2919/3854/3213 2350/3250/2720 2420/3320/2775
f 2257/3157/2640 3211/4270/3565 3318/4507/3752
f 3318/4507/3752 2254/3154/2637 2257/3157/2640
f 3077/4068/3396 3211/4270/3565 2257/3157/2640
f 2257/3157/2640 2891/3825/3192 3077/4068/3396
f 2882/3815/3183 2904/3839/3199 2906/3841/3201
f 2906/3841/3201 2534/3435/2850 2882/3815/3183
f 3298/4452/3710 3317/4492/3733 3138/4138/3461
f 3138/4138/3461 3137/4137/3460 3298/4452/3710
f 3081/4414/3400 3287/4513/3756 3288/4514/3757
f 3288/4514/3757 2491/3392/2820 3081/4414/3400
f 3080/4071/3399 3287/4515/3756 3081/4072/3400
f 3263/4369/3660 3262/4368/3659 3297/4451/3709
f 2536/3437/2694 3320/4516/2694 2316/3216/2694
f 2516/3417/2839 3200/4250/3551 3178/4217/3521
f 2903/3838/3758 3283/4409/3759 3167/4517/3760
f 3167/4517/3760 3178/4518/3761 2903/3838/3758
f 3039/4019/3350 3282/4408/3687 3281/4407/3686
f 3281/4407/3686 3037/4017/3348 3039/4019/3350
f 3222/4317/3611 2905/4519/3524 3180/4520/3523
f 3180/4520/3523 2450/4314/3608 3222/4317/3611
f 3187/4232/3762 2608/3512/3763 3140/4521/3763
f 3140/4521/3763 3139/4522/3764 3187/4232/3762
f 2519/3420/3765 2518/3419/3766 3052/4523/3767
f 3052/4523/3767 2284/4524/3768 2519/3420/3765
f 2281/3181/2664 2284/3184/2667 3052/4037/3366
f 3211/4270/3567 3076/4067/3769 3321/4525/3770
f 3321/4525/3770 2441/4271/3566 3211/4270/3567
f 3076/4526/3769 3075/4419/3696 2892/4418/3695
f 2892/4418/3695 3321/4527/3770 3076/4526/3769
f 2478/3379/3771 2640/3544/3772 3054/4528/3773
f 3054/4528/3773 3053/4529/3771 2478/3379/3771
f 2294/3194/2677 2364/3264/2733 3166/4199/3502
f 2281/3181/2664 3052/4037/3366 3051/4036/3365
f 2465/4308/3600 2987/3946/3290 2278/3178/2661
f 2713/4167/2151 2306/3206/2151 2949/4168/2151
f 2398/3298/2151 2306/3206/2151 2708/4530/2151
f 2947/4299/3588 2945/3888/3242 2715/4302/3591
f 2715/3626/3009 2714/3625/3009 2948/3891/3244
f 2948/3891/3244 2947/3890/3244 2715/3626/3009
f 2344/4297/2714 2762/3681/3061 2659/4230/3533
f 2659/4230/3533 2641/4531/3585 2344/4297/2714
f 2279/4456/2662 3219/4301/3590 2950/4300/3589
f 2950/4300/3589 2280/4532/2663 2279/4456/2662
f 2950/3893/3245 2949/3892/3245 2720/3634/3017
f 2720/3634/3017 2280/3633/3016 2950/3893/3245
f 2855/3785/3155 2854/3784/3154 3034/4014/3597
f 3034/4014/3597 2712/4303/3592 2855/3785/3155
f 3034/4014/3345 3033/4013/3345 2713/4533/3008
f 2713/4533/3008 2712/4303/3007 3034/4014/3345
f 2661/3566/3419 2470/3371/2811 2989/4307/3599
f 2311/4294/2691 2837/3767/3140 2836/3766/3139
f 2836/3766/3139 2862/4534/3582 2311/4294/2691
f 2836/3930/3277 2972/3929/3276 2863/3795/3165
f 2863/3795/3165 2862/3794/3165 2836/3930/3277
f 2939/3882/3236 2777/3702/3078 2780/3705/3081
f 2780/3705/3081 2940/3883/3237 2939/3882/3236
f 2764/4229/3532 2763/3682/3062 3003/4500/3745
f 2834/3764/3137 3220/4305/3595 3026/4304/3594
f 3026/4304/3594 2835/3765/3138 2834/3764/3137
f 3026/4003/3337 3025/4002/3336 2973/3932/3278
f 2973/3932/3278 2835/3931/3278 3026/4003/3337
f 2695/3605/3593 3024/3999/3335 2696/3606/3605
f 2800/3729/3100 3149/4158/3473 3030/4312/3604
f 3030/4312/3604 2644/3549/3101 2800/3729/3100
f 3030/4008/3342 3029/4007/3341 2645/4535/2943
f 2645/4535/2943 2644/4536/2942 3030/4008/3342
f 3032/4010/3344 2852/3782/3152 2710/4537/3774
f 2710/4537/3774 2709/4011/3596 3032/4010/3344
f 3088/4388/3675 3099/4538/3775 3322/4539/3776
f 3322/4539/3776 3086/4077/3405 3088/4388/3675
f 3322/4539/3776 3099/4538/3775 3098/4540/3777
f 3098/4540/3777 2345/3245/2715 3322/4539/3776
f 2656/3561/2954 3148/4150/3470 3019/4541/3778
f 3019/4541/3778 2815/4309/3601 2656/3561/2954
f 2551/3452/2865 3054/4039/3368 2290/3190/2673
f 3028/4311/3603 3027/4004/3338 2643/4295/3584
f 2404/3304/2765 2653/3558/2951 2817/4310/3602
f 2817/4310/3602 2813/3742/3606 2404/3304/2765
f 2964/3914/3261 3172/4205/3508 2320/3220/2698
f 3308/4473/3721 3323/4542/3779 3324/4543/3780
f 3324/4543/3780 2496/3397/2825 3308/4473/3721
f 3323/4542/3779 3271/4387/3674 3087/4078/3406
f 3087/4078/3406 3324/4543/3780 3323/4542/3779
f 2634/4179/3487 2416/3316/2773 2582/3485/2896
f 2582/3485/2896 3125/4181/3489 2634/4179/3487
f 2634/3538/2933 3125/4117/3440 3124/4116/3439
f 3124/4116/3439 2418/3318/2934 2634/3538/2933
f 3218/4291/3579 2756/3673/3055 2759/3676/3058
f 2759/3676/3058 3134/4288/3579 3218/4291/3579
f 3325/4544/2694 3217/4290/2694 2314/3214/2694
f 2538/4182/3490 2296/3196/2679 2819/3749/3121
f 2819/3749/3121 3159/4545/3492 2538/4182/3490
f 2538/3439/2851 3159/4378/3668 3268/4377/3667
f 3268/4377/3667 2535/3436/2851 2538/3439/2851
f 2595/3498/2903 3181/4220/3526 3129/4546/3781
f 3130/4510/3755 3129/4547/3781 3181/4511/3526
f 3175/4508/3753 3318/4507/3752 3176/4273/3782
f 3211/4270/3565 3176/4273/3782 3318/4507/3752
f 2908/3843/3203 2907/3842/3202 3301/4548/3783
f 3301/4548/3783 2910/3845/3205 2908/3843/3203
f 3301/4463/3713 2907/4351/3642 3254/4350/3641
f 3254/4350/3641 3302/4464/3714 3301/4463/3713
f 2612/4136/3459 3261/4549/3657 3260/4550/3656
f 3260/4550/3656 2614/4133/3456 2612/4136/3459
f 2956/3899/3251 3088/4079/3407 3271/4551/3784
f 3271/4551/3784 2953/3896/3248 2956/3899/3251
f 2345/3245/2715 3098/4540/3777 3303/4465/3715
f 3255/4356/3647 2618/4423/3700 2616/4422/3699
f 2616/4422/3699 3155/4353/3644 3255/4356/3647
f 3256/4552/3651 2629/3533/3571 3213/4277/3570
f 3213/4277/3570 2449/4553/3648 3256/4552/3651
f 2596/4420/3697 2595/4554/3785 3182/4555/3786
f 3182/4555/3786 2893/4417/3694 2596/4420/3697
f 2595/4554/3785 3129/4122/3445 3128/4121/3444
f 3128/4121/3444 3182/4555/3786 2595/4554/3785
f 2984/3943/3288 2777/4176/3484 2540/3441/2854
f 2524/3425/3787 2523/3424/3788 3169/4556/3789
f 3169/4556/3789 3238/4557/3787 2524/3425/3787
f 3183/4226/3529 3208/4268/3563 3209/4267/3563
f 3209/4267/3563 2522/4223/3527 3183/4226/3529
f 2897/3831/3790 2896/3830/3791 3171/4558/3792
f 3171/4558/3792 3170/4559/3793 2897/3831/3790
f 2980/3939/3794 2520/3421/3795 2283/4560/3796
f 2283/4560/3796 3244/4561/3797 2980/3939/3794
f 2993/3952/3798 2992/3951/3799 3235/4562/3800
f 3235/4562/3800 3234/4563/3798 2993/3952/3798
f 2440/3340/3801 2439/3339/3802 3237/4564/3803
f 3237/4564/3803 3246/4565/3804 2440/3340/3801
f 2485/3386/3805 2820/3750/3806 3142/4566/3807
f 3142/4566/3807 3141/4567/3805 2485/3386/3805
f 2583/3486/3808 2476/3377/3809 3245/4568/3809
f 3245/4568/3809 3242/4569/3810 2583/3486/3808
f 2473/3374/3811 2472/3373/3812 3239/4570/3813
f 3239/4570/3813 3236/4571/3814 2473/3374/3811
f 2615/3519/3815 2584/3487/3816 3241/4572/3817
f 3241/4572/3817 3240/4573/3818 2615/3519/3815
f 2405/3305/3819 2408/3308/3820 3251/4574/3821
f 3251/4574/3821 3250/4575/3822 2405/3305/3819
f 2985/3944/3823 2406/3306/3824 3249/4576/3824
f 3249/4576/3824 3248/4577/3825 2985/3944/3823
f 2792/3719/3826 2791/3718/3827 3243/4578/3828
f 3243/4578/3828 3252/4579/3826 2792/3719/3826
f 2717/3628/3011 2915/3850/3210 2718/3629/3012
f 2670/3578/2968 2669/3577/2968 2667/3574/2965
f 2667/3574/2965 2460/3573/2965 2670/3578/2968
f 2385/3699/3075 2774/3698/3074 2389/3289/3483
f 2389/3289/3483 2960/4175/3482 2385/3699/3075
f 2461/3576/2967 2668/3575/2966 3160/4188/3494
f 3160/4188/3494 3006/4187/3493 2461/3576/2967
f 2297/3924/3271 3173/4209/3512 2648/3553/2946
f 2304/3630/3013 2719/3632/3015 2914/3849/3209
f 2914/3849/3209 2916/3851/3211 2304/3630/3013
f 3092/4174/3481 3158/4173/3481 2776/3701/3077
f 2776/3701/3077 2775/3700/3076 3092/4174/3481
f 2742/3788/3158 2858/3790/3160 2672/3580/2970
f 2672/3580/2970 2671/3579/2969 2742/3788/3158
f 3013/4192/3497 3162/4191/3497 2751/3667/3049
f 2751/3667/3049 2677/3666/3048 3013/4192/3497
f 2298/3926/3273 2970/3925/3272 2971/3928/3275
f 2971/3928/3275 2729/3927/3274 2298/3926/3273
f 2843/3773/3145 2637/3541/2935 2770/4580/3829
f 2770/4580/3829 3326/4581/3830 2843/3773/3145
f 3326/4581/3830 3286/4412/3690 3285/4411/3689
f 3285/4411/3689 2843/3773/3145 3326/4581/3830
f 3049/4031/2694 2326/3226/2694 2588/3491/2694
f 2588/3491/2694 2326/3226/2694 3327/4582/3831
f 3063/4054/3382 3305/4495/3717 3183/4583/3832
f 3208/4265/3561 3183/4584/3832 3305/4467/3717
f 3207/4260/3558 2420/3320/2775 3290/4585/3833
f 2419/3319/2774 3290/4585/3833 2420/3320/2775
f 3130/4510/3755 3319/4509/3754 3224/4586/3834
f 3222/4313/3607 3224/4586/3834 3319/4509/3754
f 2629/3533/2928 2628/3532/2927 3214/4278/3835
f 3215/4379/3669 3214/4278/3835 2628/3532/2927
f 2369/3269/2738 2368/3268/2737 3191/4587/3836
f 3192/4242/3543 3191/4588/3836 2368/4512/2737
f 2618/3522/2919 2617/3521/2918 3289/4589/3837
f 3175/4508/3753 3289/4589/3837 2617/3521/2918
f 2637/3541/2935 3313/4488/3729 2770/4580/3829
f 3328/4590/2694 2379/3279/2694 3162/4191/2694
f 3162/4191/2694 2604/3508/2694 3328/4590/2694
f 2645/4433/2151 3029/4591/2151 2838/3768/2151
f 2838/3768/2151 2305/3205/2151 2645/4433/2151
f 3166/4497/3739 3167/4517/3760 3283/4409/3759
f 3283/4409/3759 2454/3354/3736 3166/4497/3739
f 2720/4592/2151 2306/3206/2151 2498/3399/2151
f 3316/4493/3734 2690/4434/3704 2563/3464/2877
f 2563/3464/2877 2562/3463/2876 3316/4493/3734
f 2504/4593/2151 2507/4594/2151 2305/3205/2151
f 2305/3205/2151 3020/3993/2151 2504/4593/2151
f 2955/3898/3250 2954/3897/3249 2445/3345/2796
f 2445/3345/2796 2444/3344/2795 2955/3898/3250
f 2955/3898/3250 2444/3344/2795 2266/3166/2649
f 2266/3166/2649 2434/3334/2789 2955/3898/3250
f 2902/3837/3838 2903/3838/3758 3178/4518/3761
f 3178/4518/3761 3200/4595/3839 2902/3837/3838
f 3306/4471/3719 3288/4416/3693 2429/3329/2784
f 2429/3329/2784 2428/3328/2783 3306/4471/3719
f 2711/4596/2151 2866/4597/2151 2398/3298/2151
f 2398/3298/2151 2708/4530/2151 2711/4596/2151
f 3025/4598/2151 2398/3298/2151 2973/4195/2151
f 3292/4435/3705 3307/4472/3720 2495/3396/2824
f 2495/3396/2824 2561/3462/2875 3292/4435/3705
f 2284/4524/3768 2283/4560/3796 2520/3421/3795
f 2520/3421/3795 2519/3420/3765 2284/4524/3768
f 3053/4529/3771 3188/4599/3840 2479/3380/3841
f 2479/3380/3841 2478/3379/3771 3053/4529/3771
f 3188/4599/3840 3052/4523/3767 2518/3419/3766
f 2518/3419/3766 2479/3380/3841 3188/4599/3840
f 3240/4573/3818 3239/4570/3813 2472/3373/3812
f 2472/3373/3812 2615/3519/3815 3240/4573/3818
f 3170/4559/3793 3169/4556/3789 2523/3424/3788
f 2523/3424/3788 2897/3831/3790 3170/4559/3793
f 3139/4522/3764 3142/4566/3807 2820/3750/3806
f 2820/3750/3806 3187/4232/3762 3139/4522/3764
f 3172/4499/3743 3171/4558/3792 2896/3830/3791
f 2896/3830/3791 2452/3352/3740 3172/4499/3743
f 3236/4571/3814 3235/4562/3800 2992/3951/3799
f 2992/3951/3799 2473/3374/3811 3236/4571/3814
f 3248/4577/3825 3247/4600/3842 2609/3513/3843
f 2609/3513/3843 2985/3944/3823 3248/4577/3825
f 3247/4600/3842 3140/4521/3763 2608/3512/3763
f 2608/3512/3763 2609/3513/3843 3247/4600/3842
f 3238/4557/3787 3237/4564/3803 2439/3339/3802
f 2439/3339/3802 2524/3425/3787 3238/4557/3787
f 3141/4567/3805 3168/4496/3738 2453/3353/3737
f 2453/3353/3737 2485/3386/3805 3141/4567/3805
f 3234/4563/3798 3233/4601/3844 2721/3635/3845
f 2721/3635/3845 2993/3952/3798 3234/4563/3798
f 3233/4601/3844 3054/4528/3773 2640/3544/3772
f 2640/3544/3772 2721/3635/3845 3233/4601/3844
f 3200/4595/3839 3199/4498/3742 2451/3351/3741
f 2451/3351/3741 2902/3837/3838 3200/4595/3839
f 3244/4561/3797 3243/4578/3828 2791/3718/3827
f 2791/3718/3827 2980/3939/3794 3244/4561/3797
f 3242/4569/3810 3241/4572/3817 2584/3487/3816
f 2584/3487/3816 2583/3486/3808 3242/4569/3810
f 3252/4579/3826 3251/4574/3821 2408/3308/3820
f 2408/3308/3820 2792/3719/3826 3252/4579/3826
f 3246/4565/3804 3245/4568/3809 2476/3377/3809
f 2476/3377/3809 2440/3340/3801 3246/4565/3804
f 3250/4575/3822 3249/4576/3824 2406/3306/3824
f 2406/3306/3824 2405/3305/3819 3250/4575/3822
f 2272/3172/2655 2490/3391/2819 2995/3954/3296
f 2995/3954/3296 3232/4326/3619 2272/3172/2655
f 2272/3172/2655 3232/4326/3619 3122/4114/3437
f 3122/4114/3437 2273/3173/2656 2272/3172/2655
f 2976/3935/3281 2975/3934/3280 2876/3809/3177
f 2876/3809/3177 3069/4060/3388 2976/3935/3281
f 2976/3935/3281 3069/4060/3388 3274/4394/3678
f 3274/4394/3678 2873/3806/3174 2976/3935/3281
f 2920/3855/3214 2923/3858/3217 3113/4105/3431
f 3113/4105/3431 3116/4108/3434 2920/3855/3214
f 2920/3855/3214 3116/4108/3434 3071/4062/3390
f 3071/4062/3390 2395/3295/2759 2920/3855/3214
f 3058/4047/2151 3057/4046/3375 2666/3572/2964
f 2666/3572/2964 3264/4370/3661 3058/4047/2151
f 3264/4370/3661 2666/3572/2964 3104/4602/3846
f 3104/4602/3846 3265/4371/3662 3264/4370/3661
f 2683/3591/2981 2361/3261/2731 3228/4321/3615
f 3228/4321/3615 3231/4324/3618 2683/3591/2981
f 2683/3962/2981 3231/4389/3618 3040/4020/3351
f 3040/4020/3351 2393/3293/2757 2683/3962/2981
f 2396/3296/2760 2395/3295/2759 3071/4062/3390
f 3071/4062/3390 3074/4065/3393 2396/3296/2760
f 2396/3296/2760 3074/4065/3393 2765/3687/3065
f 2765/3687/3065 2558/3459/2872 2396/3296/2760
f 2348/3248/2718 2347/3247/2717 2432/3332/2787
f 2432/3332/2787 3198/4248/3549 2348/3248/2718
f 2348/3248/2718 3198/4248/3549 3197/4247/3548
f 3197/4247/3548 2883/3816/3184 2348/3248/2718
f 2927/3865/3224 2930/3868/3227 3276/4397/3680
f 3276/4397/3680 3273/4393/3677 2927/3865/3224
f 2927/3865/3224 3273/4393/3677 3272/4392/3676
f 3272/4392/3676 2446/3346/2797 2927/3865/3224
f 2701/3612/3000 3287/4415/3692 3299/4457/3711
f 3159/4184/3492 2483/3384/2814 2938/4178/3486
f 2778/3703/3079 2827/3757/3128 2826/3756/3127
f 2826/3756/3127 2779/3704/3080 2778/3703/3079
f 2418/3318/2694 3124/4116/2694 2314/3214/2694
f 3125/4181/3489 2981/3940/3285 2749/4028/3359
f 2849/3779/3151 2537/3438/2852 2536/3437/2852
f 2536/3437/2852 2850/3780/3151 2849/3779/3151
f 3033/4603/2151 2306/3206/2151 2713/4167/2151
f 3131/4283/3575 2758/3675/3057 2757/3674/3056
f 2757/3674/3056 2373/3273/3318 3131/4283/3575
f 2664/4035/3364 2517/3418/2840 3119/4152/3471
f 2664/3570/2962 3119/4111/3436 3118/4110/3436
f 3118/4110/3436 2665/3571/2963 2664/3570/2962
f 3157/4172/3480 2776/3701/2694 2389/3289/2694
f 3120/4112/3435 2848/3778/3150 2851/3781/3150
f 2851/3781/3150 3117/4109/3435 3120/4112/3435
f 2521/4224/3528 2707/4381/3671 3064/4380/3670
f 3064/4380/3670 3063/4225/3528 2521/4224/3528
f 3021/3996/3332 2725/3639/3021 2726/3640/3022
f 2958/3901/2694 3121/4113/2694 2316/3216/2694
f 3121/4113/2694 2536/3437/2694 2316/3216/2694
f 2614/3518/2694 3260/4604/2694 2486/3387/2694
f 3177/4605/2694 3095/4086/2694 2475/3376/2694
f 2449/3349/2694 3213/4606/2694 2407/3307/2694
f 2522/3423/2694 3209/4607/2694 2480/3381/2694
f 2893/3827/2694 3182/4221/2694 2442/3342/2694
f 2616/3520/2694 2615/3519/2694 2472/3373/2694
f 2472/3373/2694 3155/4164/2694 2616/3520/2694
f 3266/4608/2694 2477/3378/2694 2480/3381/2694
f 3190/4609/2694 2447/3347/2694 2486/3387/2694
f 2613/3517/2694 2486/3387/2694 2455/3355/2694
f 2455/3355/2694 3179/4610/2694 2613/3517/2694
f 2455/3355/2694 2450/3350/2694 3180/4611/2694
f 3180/4611/2694 3179/4610/2694 2455/3355/2694
f 2471/3372/2694 2474/3375/2694 3291/4612/2694
f 2940/3883/2694 2780/3705/2694 2622/3526/2694
f 3260/4604/2694 3259/4613/2694 2486/3387/2694
f 2665/3571/2694 3118/4110/2694 3121/4113/2694
f 3321/4614/2694 2892/3826/2694 2441/3341/2694
f 2588/3491/2694 2917/3852/2694 3293/4444/2694
f 3302/4464/3714 3254/4350/3641 2362/3262/2732
f 2774/3698/2694 2573/3476/2694 2389/3289/2694
f 2315/3215/2694 2957/3900/2694 2316/3216/2694
f 2874/3807/3175 2873/3806/3174 3274/4394/3678
f 3274/4394/3678 3108/4396/3426 2874/3807/3175
f 2706/3617/2694 2792/3719/2694 2408/3308/2694
f 2408/3308/2694 2407/3307/2694 2706/3617/2694
f 2824/3754/3125 2426/3326/2781 2425/3325/2780
f 2425/3325/2780 2997/3956/3298 2824/3754/3125
f 2824/3754/3125 2997/3956/3298 2996/3955/3297
f 2996/3955/3297 3144/4146/3467 2824/3754/3125
f 2816/4615/2151 3020/3993/2151 2576/3479/2151
f 2390/3290/2754 2393/3293/2757 3040/4020/3351
f 3040/4020/3351 3043/4023/3354 2390/3290/2754
f 2390/3290/2754 3043/4023/3354 3113/4105/3431
f 3113/4105/3431 2923/3858/3217 2390/3290/2754
f 2443/3343/2794 2446/3346/2797 3272/4392/3676
f 3272/4392/3676 3225/4318/3612 2443/3343/2794
f 2443/3343/2794 3225/4318/3612 3126/4118/3441
f 3126/4118/3441 2267/3167/2650 2443/3343/2794
f 2868/3801/3169 2544/3445/2858 2543/3444/2857
f 2543/3444/2857 3278/4401/3682 2868/3801/3169
f 2868/3801/3169 3278/4401/3682 3279/4402/3683
f 3279/4402/3683 2870/3803/3171 2868/3801/3169
f 2685/3593/2983 2688/3596/2986 2332/3232/2707
f 2332/3232/2707 2335/3235/2710 2685/3593/2983
f 2685/4154/2983 2335/4398/2710 3276/4397/3680
f 3276/4397/3680 2930/3868/3227 2685/4154/2983
f 2360/3260/2730 2870/3803/3171 3279/4402/3683
f 3279/4402/3683 3229/4322/3616 2360/3260/2730
f 2360/3260/2730 3229/4322/3616 3228/4321/3615
f 3228/4321/3615 2361/3261/2731 2360/3260/2730
f 2672/3580/2694 2588/3491/2694 2667/3574/2694
f 2667/3574/2694 2669/3577/2694 2672/3580/2694
f 2588/3491/2694 2668/3575/2694 2667/3574/2694
f 2949/4168/2151 2306/3206/2151 2720/4592/2151
f 2974/3933/3279 2977/3936/3282 2639/3543/2937
f 2639/3543/2937 3097/4088/3415 2974/3933/3279
f 2871/3804/3172 3036/4016/3347 2697/3608/2996
f 2697/3608/2996 2869/3802/3170 2871/3804/3172
f 2871/3804/3172 2359/3259/2729 2545/3446/2859
f 2545/3446/2859 3036/4016/3347 2871/3804/3172
f 2346/3246/2716 2349/3249/2719 2732/3647/3029
f 2732/3647/3029 2735/3650/3032 2346/3246/2716
f 2970/3925/2694 2326/3226/2694 2378/3278/2694
f 2557/3458/2871 3015/3987/3324 3017/3989/3326
f 3017/3989/3326 2397/3297/2761 2557/3458/2871
f 3329/4616/2151 3253/4349/3640 3315/4490/3731
f 3315/4490/3731 2362/3262/2732 3329/4616/2151
f 2394/3294/2758 2786/3713/3088 2785/3712/3087
f 2785/3712/3087 2921/3856/3215 2394/3294/2758
f 2394/3294/2758 2397/3297/2761 3017/3989/3326
f 3017/3989/3326 2786/3713/3088 2394/3294/2758
f 2687/3595/2985 2686/3594/2984 2806/3735/3108
f 2806/3735/3108 2808/3737/3110 2687/3595/2985
f 2838/3768/2151 2642/4617/2151 2340/3240/2151
f 2450/3350/2694 2442/3342/2694 3223/4618/2694
f 2929/3867/3226 2810/3739/3112 2806/4447/3108
f 2806/4447/3108 2686/4155/2984 2929/3867/3226
f 2929/3867/3226 2928/3866/3225 2811/3740/3113
f 2811/3740/3113 2810/3739/3112 2929/3867/3226
f 2823/3753/3124 2825/3755/3126 2493/3394/2822
f 2493/3394/2822 2737/3652/3034 2823/3753/3124
f 2358/3258/2728 2546/3447/2860 2545/3446/2859
f 2545/3446/2859 2359/3259/2729 2358/3258/2728
f 2358/3258/2728 2684/3592/2982 3107/4404/3425
f 3107/4404/3425 2546/3447/2860 2358/3258/2728
f 3258/4470/3718 3047/4027/3358 2427/3327/2782
f 2922/3857/3216 3060/4049/3377 2787/3714/3089
f 2787/3714/3089 2391/3291/2755 2922/3857/3216
f 2922/3857/3216 2921/3856/3215 2785/3712/3087
f 2785/3712/3087 3060/4049/3377 2922/3857/3216
f 2884/3817/3185 2840/3770/3142 2732/3647/3029
f 2732/3647/3029 2349/3249/2719 2884/3817/3185
f 3143/4144/3466 2494/3395/2823 2493/3394/2822
f 2493/3394/2822 2825/3755/3126 3143/4144/3466
f 3294/4445/3706 2772/3695/3072 2564/3694/2878
f 2564/3694/2878 2875/4450/3176 3294/4445/3706
f 2445/3345/2796 2954/3897/3249 2811/3740/3113
f 2811/3740/3113 2928/3866/3225 2445/3345/2796
f 2872/3805/3173 2567/3468/2881 2639/3543/2937
f 2639/3543/2937 2977/3936/3282 2872/3805/3173
f 2872/3805/3173 2875/3808/3176 2564/3465/2878
f 2564/3465/2878 2567/3468/2881 2872/3805/3173
f 2392/3292/2756 2790/3717/3092 3107/4098/3425
f 3107/4098/3425 2684/3961/2982 2392/3292/2756
f 2392/3292/2756 2391/3291/2755 2787/3714/3089
f 2787/3714/3089 2790/3717/3092 2392/3292/2756
f 2487/3388/2816 2271/3171/2654 2912/3847/3207
f 2912/3847/3207 2943/3886/3240 2487/3388/2816
f 2270/3170/2653 2913/3848/3208 2912/3847/3207
f 2912/3847/3207 2271/3171/2654 2270/3170/2653
f 2867/3800/3168 2869/3802/3170 2697/3608/2996
f 2697/3608/2996 2700/3611/2999 2867/3800/3168
f 2917/3852/2694 2588/3491/2694 3327/4582/3831
f 3327/4582/3831 2326/3226/2694 2917/3852/2694
f 2936/3874/3233 3295/4446/3707 3109/4101/3427
f 3109/4101/3427 2431/3331/2786 2936/3874/3233
f 2452/3352/2694 2896/3830/2694 2442/3342/2694
f 2820/3750/2694 2486/3387/2694 3187/4232/2694
f 2454/3354/2694 3283/4409/2694 2455/3355/2694
f 2519/3420/2694 2520/3421/2694 2480/3381/2694
f 2524/3425/2694 2439/3339/2694 2442/3342/2694
f 2897/3831/2694 2523/3424/2694 2442/3342/2694
f 2476/3377/2694 2441/3341/2694 2440/3340/2694
f 2851/3781/2694 2850/3780/2694 2536/3437/2694
f 2993/3952/2694 2721/3635/2694 2474/3375/2694
f 3002/4619/2151 2898/3832/2151 2339/3239/2151
f 2473/3374/2694 2992/3951/2694 2474/3375/2694
f 2485/3386/2694 2453/3353/2694 2455/3355/2694
f 2305/3205/2151 3202/4620/2151 2646/4432/2151
f 2398/3298/2151 2863/4621/2151 2972/4194/2151
f 2466/4441/2151 2988/4443/2151 2464/4622/2151
f 3020/3993/2151 2657/4623/2151 2504/4593/2151
f 2398/3298/2151 3025/4598/2151 2399/3299/2151
f 3132/4127/3450 2692/3721/2990 2793/3720/3093
f 2793/3720/3093 3009/3978/3316 3132/4127/3450
f 3132/4345/3450 2302/3202/2685 2693/3602/2991
f 2693/3602/2991 2692/3601/2990 3132/4345/3450
f 2743/3658/3040 2331/3231/2706 2330/3230/2705
f 2330/3230/2705 2744/3659/3041 2743/3658/3040
f 2743/3658/3040 3161/4190/3496 3206/4257/3557
f 3206/4257/3557 2331/3231/2706 2743/3658/3040
f 2589/3492/2897 3056/4043/3372 2739/3654/3036
f 2739/3654/3036 2590/3493/2898 2589/3492/2897
f 3091/4082/3410 2277/3177/2660 2276/3176/2659
f 2276/3176/2659 2961/3906/3255 3091/4082/3410
f 3091/4082/3410 2962/3909/3258 3090/4081/3409
f 3090/4081/3409 2277/3177/2660 3091/4082/3410
f 2382/3282/2747 2381/3281/2746 3089/4080/3408
f 3089/4080/3408 2968/3920/3267 2382/3282/2747
f 2963/3910/3259 2501/3402/2827 3206/4257/3557
f 3206/4257/3557 3161/4190/3496 2963/3910/3259
f 2963/3910/3259 2463/3363/2804 2502/3403/2828
f 2502/3403/2828 2501/3402/2827 2963/3910/3259
f 3008/3975/3313 2580/3483/2894 2579/3482/2893
f 2579/3482/2893 3007/3974/3312 3008/3975/3313
f 3008/3975/3313 3009/3978/3316 2793/3720/3093
f 2793/3720/3093 2580/3483/2894 3008/3975/3313
f 2730/3645/3027 2601/4256/2909 3205/4255/3556
f 3205/4255/3556 2731/3646/3028 2730/3645/3027
f 2730/3980/3027 3011/3983/3320 2602/3506/2910
f 2602/3506/2910 2601/3505/2909 2730/3980/3027
f 2386/3286/2751 2890/3824/3191 2889/3823/3190
f 2889/3823/3190 2387/3287/2752 2386/3286/2751
f 2386/3903/2751 2961/3906/3255 2276/3176/2659
f 2276/3176/2659 2890/4461/3191 2386/3903/2751
f 2301/3201/2684 3270/4386/3673 2693/3602/2991
f 2693/3602/2991 2302/3202/2685 2301/3201/2684
f 2301/3201/2684 3005/3970/3308 2832/3762/3135
f 2832/3762/3135 3270/4386/3673 2301/3201/2684
f 3055/4042/3371 3269/4462/3672 2739/3654/3036
f 2739/3654/3036 3056/4043/3372 3055/4042/3371
f 3055/4382/3371 2744/3659/3041 2330/3230/2705
f 2330/3230/2705 3269/4385/3672 3055/4382/3371
f 2502/3403/2828 2463/3363/2804 2462/3362/2803
f 2462/3362/2803 3101/4092/3421 2502/3403/2828
f 3012/3984/3321 2676/3584/2974 2602/3506/2910
f 2602/3506/2910 3011/3983/3320 3012/3984/3321
f 3012/3984/3321 2680/3588/2978 2673/3581/2971
f 2673/3581/2971 2676/3584/2974 3012/3984/3321
f 2924/3859/3218 2575/3478/2890 2574/3477/2889
f 2574/3477/2889 2925/3860/3219 2924/3859/3218
f 2924/3859/3218 3082/4073/3401 3084/4075/3403
f 3084/4075/3403 2575/3478/2890 2924/3859/3218
f 3090/4081/3409 2962/3909/3258 2651/3556/2949
f 2651/3556/2949 2509/3410/2834 3090/4081/3409
f 2804/3733/3106 3152/4161/3476 3151/4160/3475
f 3151/4160/3475 2300/3200/2683 2804/3733/3106
f 2804/3733/3106 2300/3200/2683 2299/3199/2682
f 2299/3199/2682 2805/3734/3107 2804/3733/3106
f 2889/3823/3190 3085/4076/3404 2926/3863/3222
f 2926/3863/3222 2387/3287/2752 2889/3823/3190
f 3004/3969/3307 2833/3763/3136 2832/3762/3135
f 2832/3762/3135 3005/3970/3308 3004/3969/3307
f 3004/3969/3307 2925/3860/3219 2574/3477/2889
f 2574/3477/2889 2833/3763/3136 3004/3969/3307
f 2299/3199/2682 2731/3646/3028 3205/4255/3556
f 3205/4255/3556 2805/3734/3107 2299/3199/2682
f 2579/3482/2893 3101/4092/3421 2462/3362/2803
f 2462/3362/2803 3007/3974/3312 2579/3482/2893
f 2673/3581/2971 2680/3588/2978 2679/3587/2977
f 2679/3587/2977 3001/3964/3304 2673/3581/2971
f 2926/3863/3222 3085/4076/3404 3084/4075/3403
f 3084/4075/3403 3082/4073/3401 2926/3863/3222
f 2679/3587/2977 2968/3920/3267 3089/4080/3408
f 3089/4080/3408 3001/3964/3304 2679/3587/2977
f 2660/4624/2151 2339/3239/2151 2340/3240/2151
f 2914/3849/2694 2719/3632/2694 2718/3629/2694
f 2917/3852/2694 2719/3632/2694 2794/3722/2694
f 2719/3632/2694 2917/3852/2694 2718/3629/2694
f 3226/4319/3613 3164/4197/3500 2525/3426/2841
f 2525/3426/2841 2528/3429/2844 3226/4319/3613
f 3226/4319/3613 2528/3429/2844 3066/4057/3385
f 3066/4057/3385 3227/4320/3614 3226/4319/3613
f 3230/4323/3617 3280/4403/3684 2421/3321/2776
f 2421/3321/2776 3023/3998/3334 3230/4323/3617
f 3230/4323/3617 3023/3998/3334 3022/3997/3333
f 3022/3997/3333 3045/4025/3356 3230/4323/3617
f 2998/3957/3299 3079/4070/3398 2323/3223/2701
f 2323/3223/2701 2322/3222/2700 2998/3957/3299
f 2998/3957/3299 2322/3222/2700 2821/3751/3122
f 2821/3751/3122 2999/3958/3300 2998/3957/3299
f 3042/4022/3353 3041/4021/3352 2352/3252/2722
f 2352/3252/2722 2351/3251/2721 3042/4022/3353
f 3042/4022/3353 2351/3251/2721 2918/3853/3212
f 2918/3853/3212 3114/4106/3432 3042/4022/3353
f 3275/4395/3679 3163/4196/3499 2568/3469/2882
f 2568/3469/2882 2570/3472/2884 3275/4395/3679
f 2334/3234/2709 2333/3233/2708 2409/3309/2766
f 2409/3309/2766 2412/3312/2769 2334/3234/2709
f 2334/4399/2709 2412/4156/2769 2933/3871/3230
f 2933/3871/3230 2932/3870/3229 2334/4399/2709
f 3212/4274/3568 2999/3958/3300 2821/3751/3122
f 2821/3751/3122 2438/3878/2793 3212/4274/3568
f 3212/4325/3568 2438/3338/2793 2437/3337/2792
f 2437/3337/2792 3094/4085/3413 3212/4325/3568
f 3277/4400/3681 2600/3503/2908 2256/3156/2639
f 2256/3156/2639 2255/3155/2638 3277/4400/3681
f 3277/4400/3681 2255/3155/2638 2421/3321/2776
f 2421/3321/2776 3280/4403/3684 3277/4400/3681
f 3324/4543/3780 3087/4078/3406 2336/3236/2151
f 3218/4291/2694 3217/4290/2694 3325/4544/2694
f 3325/4544/2694 2756/3673/2694 3218/4291/2694
f 2917/3852/2694 2794/3722/2694 2456/3356/2694
f 2909/3844/3204 2698/3609/2997 3314/4625/3847
f 3314/4625/3847 2698/3609/2997 3038/4626/3848
f 3018/3990/3327 3317/4627/3849 3298/4628/3850
f 3298/4628/3850 2783/3710/3085 3018/3990/3327
f 3018/3990/3327 3014/3986/3323 3316/4491/3732
f 3316/4491/3732 3317/4627/3849 3018/3990/3327
f 2937/3875/3234 2370/3270/2739 2531/3432/2847
f 2531/3432/2847 2530/3431/2846 2937/3875/3234
f 2733/3648/3030 3286/4629/3851 3326/4630/3852
f 3326/4630/3852 2734/3649/3031 2733/3648/3030
f 2733/3648/3030 2839/3769/3141 3257/4362/3653
f 3257/4362/3653 3286/4629/3851 2733/3648/3030
f 2553/3454/2694 3216/4287/2694 2373/3273/2694
f 2807/3736/3109 3307/4631/3853 3292/4632/3854
f 3292/4632/3854 2689/3597/2987 2807/3736/3109
f 3307/4633/3853 2807/4448/3109 3308/4634/3855
f 3106/4405/3424 3105/4635/3423 3282/4636/3856
f 3282/4636/3856 2547/3448/2861 3106/4405/3424
f 2363/3263/2151 3330/4637/2151 3281/4407/3686
f 3281/4407/3686 2666/3572/2964 2363/3263/2151
f 3310/4638/3857 2565/3466/2879 3311/4639/3858
f 2565/3697/2879 2773/3696/3073 3313/4487/3728
f 3313/4487/3728 3311/4640/3858 2565/3697/2879
f 2911/3846/3206 3300/4641/3859 3299/4642/3860
f 3299/4642/3860 3080/4071/3399 2911/3846/3206
f 2911/3846/3206 2910/3845/3205 3301/4548/3783
f 3301/4548/3783 3300/4641/3859 2911/3846/3206
f 2784/3711/3086 3297/4643/3861 3262/4644/3862
f 3262/4644/3862 3059/4048/3376 2784/3711/3086
f 2784/3711/3086 2783/3710/3085 3298/4628/3850
f 3298/4628/3850 3297/4643/3861 2784/3711/3086
f 3157/4172/3480 2326/3226/2694 2325/3225/2694
f 2776/3701/2694 3157/4172/3480 2325/3225/2694
f 2788/3715/3090 3059/4048/3376 3262/4644/3862
f 3262/4644/3862 3265/4372/3663 2788/3715/3090
f 2573/3476/2694 2774/3698/2694 2571/3473/2694
f 2492/3393/2821 3306/4645/3863 3258/4363/3654
f 3258/4363/3654 2736/3651/3033 2492/3393/2821
f 2492/3393/2821 2491/3392/2820 3288/4514/3757
f 3288/4514/3757 3306/4645/3863 2492/3393/2821
f 2362/3262/2732 3330/4637/2151 2363/3263/2151
f 3308/4634/3855 2812/3741/3114 3323/4646/3864
f 3323/4646/3864 2812/3741/3114 3271/4551/3784
f 3038/4626/3848 2548/3449/2862 3039/4647/3865
f 2548/3449/2862 2547/3448/2861 3282/4636/3856
f 3282/4636/3856 3039/4647/3865 2548/3449/2862
f 2958/3901/2694 2748/3663/2694 2747/3662/2694
f 3184/4227/3530 3003/4500/3745 2763/3682/3062
f 2573/3476/2694 2326/3226/2694 3331/4648/2694
f 2389/3289/2694 2573/3476/2694 3331/4648/2694
f 3331/4648/2694 2388/3288/2753 2389/3289/2694
f 3296/4449/3708 2326/3226/2694 2573/3476/2694
f 2718/3629/2694 3296/4449/3708 2573/3476/2694
f 2696/3606/3605 2401/3301/2762 2404/3304/2765
f 2401/3301/2762 2696/3606/3605 3024/3999/3335
f 2782/3709/2694 2781/3708/2694 3216/4287/2694
f 2708/4530/2151 2306/3206/2151 3033/4603/2151
f 2865/4503/3748 2710/4537/3774 2852/3782/3152
f 2944/3887/3241 2715/4302/3591 2945/3888/3242
f 2715/4302/3591 2944/3887/3241 2855/3785/3155
f 2658/4506/3751 3019/4541/3778 3148/4150/3470
f 2986/3945/3289 2278/3178/2661 2987/3946/3290
f 2278/3178/2661 2986/3945/3289 2279/3179/2662
f 3221/4306/3598 2989/4307/3599 2470/3371/2811
f 2989/4307/3599 3221/4306/3598 2987/3946/3290
f 2341/3241/2711 2643/4295/3584 3027/4004/3338
f 2643/4295/3584 2341/3241/2711 2344/3244/2714
f 2506/4502/3747 2505/4504/3750 2885/3818/3186
f 3203/4253/3749 2799/4501/3746 2796/3724/3096
f 2417/3317/2694 2314/3214/2694 2861/3793/2694
f 3332/4649/2694 2326/3226/2694 3049/4031/2694
f 3048/4030/2694 2751/3667/2694 3332/4649/2694
f 3332/4649/2694 3049/4031/2694 3048/4030/2694
f 2638/3542/2936 3304/4650/3866 3303/4651/3867
f 3303/4651/3867 3096/4087/3414 2638/3542/2936
f 3304/4650/3866 2638/3542/2936 3310/4638/3857
f 2389/3289/2694 2776/3701/2694 3158/4173/2694
f 2941/3884/2694 2940/3883/2694 2622/3526/2694
f 3331/4648/2694 2326/3226/2694 2388/3288/2753
f 2535/3436/2694 2622/3526/2694 3320/4516/2694
f 2536/3437/2694 2535/3436/2694 3320/4516/2694
f 3328/4590/2694 2604/3508/2694 2607/3511/2694
f 2607/3511/2694 2971/3928/2694 3328/4590/2694
f 3302/4464/3714 2362/3262/2732 2703/3614/2151
f 2703/3614/2151 2702/3613/3001 3302/4464/3714
f 3058/4047/2151 2336/3236/2151 2338/3238/2151
f 2336/3236/2151 3058/4047/2151 3137/4137/3460
f 3058/4047/2151 3264/4370/3661 3263/4369/3660
f 3137/4137/3460 3058/4047/2151 3263/4369/3660
f 2327/3227/2694 2326/3226/2694 3333/4652/2694
f 2327/3227/2694 3333/4652/2694 2325/3225/2694
f 2779/3704/2694 2826/3756/2694 2622/3526/2694
f 2689/3597/2987 3292/4632/3854 2690/3598/2988
f 2662/4442/2151 2466/4441/2151 2499/3400/2151
f 3096/4087/3414 3303/4651/3867 3098/4089/3416
f 2337/3237/2151 2336/3236/2151 3334/4653/2151
f 2337/3237/2151 3334/4653/2151 3322/4539/3776
f 3322/4539/3776 2345/3245/2715 2337/3237/2151
f 2843/3773/3145 3285/4411/3689 3284/4410/3688
f 3284/4410/3688 2427/3327/2782 2843/3773/3145
f 3320/4516/2694 2621/3525/2694 2316/3216/2694
f 2621/3525/2694 3320/4516/2694 2622/3526/2694
f 2417/3317/2694 2635/3539/2694 2418/3318/2694
f 2812/3741/3114 2953/3896/3248 3271/4551/3784
f 2638/3542/2936 2566/3467/2880 3310/4638/3857
f 2565/3466/2879 3310/4638/3857 2566/3467/2880
f 2698/3609/2997 3035/4015/3346 3038/4626/3848
f 2548/3449/2862 3038/4626/3848 3035/4015/3346
f 3284/4410/3688 3257/4413/3691 2427/3327/2782
f 2951/3894/3246 3099/4090/3417 3088/4079/3407
f 2373/3273/2694 2314/3214/2694 2316/3216/2694
f 2373/3273/2694 2757/3674/2694 2314/3214/2694
f 2757/3674/2694 2756/3673/2694 3325/4544/2694
f 3325/4544/2694 2314/3214/2694 2757/3674/2694
f 2665/3571/2694 2513/3414/2694 2512/3413/2694
f 3086/4077/3405 3334/4653/2151 2336/3236/2151
f 3086/4077/3405 3322/4539/3776 3334/4653/2151
f 2588/3491/2694 3293/4444/2694 2668/3575/2694
f 3160/4188/2694 2668/3575/2694 3293/4444/2694
f 3293/4444/2694 2459/3359/2694 3160/4188/2694
f 3020/3993/2151 2305/3205/2151 2307/3207/2151
f 2307/3207/2151 2306/3206/2151 3020/3993/2151
f 2466/4441/2151 2720/4592/2151 2498/3399/2151
f 2466/4441/2151 2498/3399/2151 2499/3400/2151
f 3048/4030/2694 2969/3923/2694 2752/3668/2694
f 2752/3668/2694 2751/3667/2694 3048/4030/2694
f 3328/4590/2694 2378/3278/2694 2379/3279/2694
f 2378/3278/2694 2971/3928/2694 2970/3925/2694
f 2378/3278/2694 3328/4590/2694 2971/3928/2694
f 3208/4265/3561 2934/3872/3231 3210/4654/3868
f 3210/4654/3868 2934/3872/3231 2288/3188/2671
f 2612/3516/2917 3135/4132/3455 3261/4655/3869
f 3261/4655/3869 3135/4132/3455 2369/3269/2738
f 2807/4448/3109 2809/3738/3111 3308/4634/3855
f 2812/3741/3114 3308/4634/3855 2809/3738/3111
f 2734/3649/3031 3326/4630/3852 2770/3692/3070
f 2419/3319/2774 2681/4165/2979 3255/4656/3870
f 3255/4657/3870 2681/3589/2979 2618/3522/2919
f 2666/3572/2964 3057/4046/3375 2338/3238/2151
f 2666/3572/2964 3105/4406/3685 3104/4602/3846
f 3192/4242/3543 2250/3150/2633 3309/4658/3871
f 3309/4658/3871 2250/3150/2633 2253/3153/2636
f 2253/3153/2636 3127/4119/3442 3256/4552/3872
f 3256/4552/3872 3127/4119/3442 2629/3533/2928
f 2723/3637/3019 2722/3636/3018 3189/4235/3873
f 3189/4235/3873 2722/3636/3018 3207/4260/3558
f 2288/3188/2671 2287/3187/2670 3267/4459/3874
f 3267/4459/3874 2287/3187/2670 2723/3637/3019
f 2904/3839/3199 2610/3514/2915 3136/4468/3875
f 3136/4468/3875 2610/3514/2915 2612/3516/2917
f 2561/3462/2875 2495/3396/2824 2336/3236/2151
f 3080/4071/3399 3299/4642/3860 3287/4515/3756
f 3117/4109/2694 2851/3781/2694 2536/3437/2694
f 2536/3437/2694 3121/4113/2694 3117/4109/2694
f 3118/4110/2694 3117/4109/2694 3121/4113/2694
f 2636/3540/2151 3145/4147/2151 2637/3541/2935
f 3145/4147/2151 2636/3540/2151 3186/4231/3534
f 3186/4231/3534 3146/4148/3468 3145/4147/2151
f 3186/4231/3534 2636/3540/2151 2338/3238/2151
f 2698/3609/2997 2909/3844/3204 2699/3610/2998
f 2379/3279/2694 2326/3226/2694 3332/4649/2694
f 2379/3279/2694 3332/4649/2694 2751/3667/2694
f 2751/3667/2694 3162/4191/2694 2379/3279/2694
f 3330/4637/2151 2362/3262/2732 3037/4017/3348
f 3037/4017/3348 3281/4407/3686 3330/4637/2151
f 3254/4350/3641 3253/4349/3640 3329/4616/2151
f 3329/4616/2151 2362/3262/2732 3254/4350/3641
f 3324/4543/3780 2336/3236/2151 2497/3398/2151
f 2497/3398/2151 2496/3397/2825 3324/4543/3780
f 3333/4652/2694 2326/3226/2694 3156/4171/3479
f 3156/4171/3479 2970/3925/2694 3333/4652/2694
f 2648/3553/2694 2325/3225/2694 3333/4652/2694
f 2648/3553/2694 3333/4652/2694 2970/3925/2694
f 2588/3491/2694 2856/3786/2694 2753/3670/2694
f 2588/3491/2694 3335/4659/2694 2585/3488/2694
f 2585/3488/2694 3335/4659/2694 2753/3670/2694
f 2753/3670/2694 2586/3489/2694 2585/3488/2694
f 2588/3491/2694 2753/3670/2694 3335/4659/2694
