# Blender v3.1.2 OBJ File: '2a11bfd4-f3df-4ef2-9d0b-6536b0c6510a.blend'
# www.blender.org
mtllib 4.mtl
o Sideboard_/_Side_Cabinet_/_Console_raw_model.014
v 3.405119 0.867802 -0.086870
v 3.154311 0.220174 -0.086870
v 3.405119 0.220174 -0.086870
v 3.398271 0.231022 -0.086868
v 3.405119 0.219090 -0.086868
v 3.154311 0.219090 -0.086868
v 2.744285 0.119293 0.280088
v 2.744284 0.119293 -0.079854
v 2.744284 1.097779 -0.079854
v 2.728876 0.119296 0.280088
v 2.728876 1.097779 -0.077514
v 2.728876 0.119293 -0.077514
v 3.161159 0.856954 -0.079848
v 3.154311 0.913364 -0.079848
v 3.154311 0.174613 -0.079848
v 3.368311 0.818986 -0.107928
v 3.191119 0.268991 -0.107928
v 3.191119 0.818986 -0.107928
v 3.506127 0.856954 -0.079848
v 3.499279 0.913364 -0.079848
v 3.506127 0.231022 -0.079848
v 3.713279 0.818986 -0.107928
v 3.536087 0.268991 -0.107928
v 3.536087 0.818986 -0.107928
v 3.161159 0.231022 -0.086868
v 3.154311 0.868838 -0.086868
v 3.154311 0.867802 -0.086870
v 2.773938 1.149883 0.202865
v 3.785482 1.149883 0.202865
v 3.785482 1.149883 -0.047515
v 3.785482 1.124931 -0.047515
v 3.785482 1.124931 0.202865
v 2.773938 1.124931 0.202865
v 2.773938 1.124931 -0.047515
v 2.773938 1.149883 -0.047515
v 2.809343 0.913364 -0.079848
v 2.809343 0.174613 -0.079848
v 2.816191 0.231022 -0.079848
v 2.846151 0.268991 -0.107928
v 3.023343 0.818986 -0.107928
v 3.023343 0.268991 -0.107928
v 2.816191 0.856954 -0.079848
v 2.846151 0.818986 -0.107928
v 3.398271 0.856954 -0.079848
v 3.161159 0.856954 -0.086868
v 3.398271 0.856954 -0.086868
v 3.398271 0.231022 -0.079848
v 3.405119 0.174613 -0.079848
v 3.405119 0.913364 -0.079848
v 3.815137 0.119292 0.280087
v 3.815137 1.097779 -0.079855
v 3.815137 0.119292 -0.079855
v 3.830544 0.119296 0.280087
v 3.830545 0.119292 -0.077515
v 3.830545 1.097779 -0.077515
v 3.506127 0.231022 -0.086868
v 3.499279 0.219090 -0.086868
v 3.499279 0.868838 -0.086868
v 3.750087 0.867802 -0.086870
v 3.499279 0.220174 -0.086870
v 3.750087 0.220174 -0.086870
v 3.161159 0.231022 -0.079848
v 3.116647 0.174613 -0.109098
v 3.154311 0.865632 -0.109098
v 3.154311 0.222344 -0.109098
v 3.506127 0.856954 -0.086868
v 3.499279 0.867802 -0.086870
v 2.816191 0.231022 -0.086868
v 2.809343 0.219090 -0.086868
v 2.809343 0.868838 -0.086868
v 3.060151 0.867802 -0.086870
v 2.809343 0.220174 -0.086870
v 3.060151 0.220174 -0.086870
v 2.816191 0.856954 -0.086868
v 2.809343 0.867802 -0.086870
v 3.713279 0.268991 -0.107928
v 2.778105 0.080809 0.248506
v 2.780195 0.085963 0.232088
v 2.777828 0.085963 0.248349
v 2.720108 0.080809 0.215671
v 2.718017 0.085963 0.232088
v 2.720384 0.085963 0.215828
v 2.777828 0.085963 -0.067569
v 2.780195 0.085961 -0.083829
v 2.780195 0.085963 -0.083829
v 2.721685 0.091055 -0.068305
v 2.729841 0.095784 -0.057497
v 2.723936 0.095784 -0.069579
v 3.499279 0.174613 -0.079848
v 3.461615 0.174613 -0.109098
v 3.499279 0.865632 -0.109098
v 3.499279 0.222344 -0.109098
v 3.788130 0.080809 -0.053494
v 3.798428 0.085963 -0.044572
v 3.788342 0.085963 -0.053783
v 3.810325 0.085963 -0.126323
v 3.798966 0.091055 -0.121309
v 3.810325 0.091057 -0.124397
v 3.405119 0.865632 -0.109098
v 3.405119 0.174613 -0.109098
v 3.405119 0.222344 -0.109098
v 3.368311 0.268991 -0.107928
v 3.803407 0.024440 0.209263
v 3.797543 0.024440 0.214617
v 3.796284 0.025595 0.212895
v 3.810325 0.085963 0.274580
v 3.821683 0.091055 0.269568
v 3.810325 0.091055 0.272656
v 3.837745 0.091057 0.216563
v 3.829591 0.095780 0.205755
v 3.835495 0.095784 0.217838
v 3.780646 0.091057 0.232088
v 3.785154 0.095784 0.246339
v 3.783080 0.095784 0.232088
v 2.721860 0.095780 -0.083829
v 2.762063 0.000000 -0.083829
v 2.763832 0.023737 -0.092167
v 2.765045 0.023737 -0.083829
v 3.789338 0.091057 -0.055145
v 3.798966 0.091057 -0.046351
v 3.799899 0.095783 -0.049426
v 3.821683 0.091055 -0.121309
v 3.810325 0.095784 -0.121068
v 3.820751 0.095784 -0.118233
v 2.744284 0.119293 0.268535
v 2.744284 1.097779 0.268535
v 3.815137 1.097779 0.268535
v 3.815137 1.097779 0.280235
v 2.744285 1.097779 0.280235
v 2.744285 0.119293 0.280235
v 3.815137 0.119292 0.280235
v 3.815137 0.119292 0.268535
v 2.728119 0.091055 0.203402
v 2.723936 0.095784 0.217838
v 2.729841 0.095784 0.205756
v 2.776352 0.095780 0.232088
v 2.771218 0.099855 0.219570
v 2.773039 0.099855 0.232088
v 2.776351 0.095784 -0.083829
v 2.774277 0.095784 -0.098080
v 2.773039 0.099855 -0.083829
v 2.749106 0.085961 -0.126323
v 2.737748 0.091055 -0.121309
v 2.749106 0.091058 -0.124396
v 3.836106 0.067978 -0.083829
v 3.836794 0.071535 -0.098816
v 3.838975 0.071535 -0.083829
v 3.801160 0.000023 -0.071305
v 3.804225 0.023737 -0.063702
v 3.799054 0.023737 -0.068425
v 2.761077 0.000000 0.238866
v 2.765045 0.023737 0.232088
v 2.763832 0.023737 0.240426
v 2.744148 0.000000 0.215727
v 2.737835 0.023737 0.216683
v 2.743007 0.023737 0.211961
v 3.805366 -0.000000 0.215726
v 3.799054 0.023737 0.216683
v 3.804225 0.023737 0.211959
v 3.819487 -0.000000 0.244611
v 3.822298 0.000023 0.238866
v 3.821596 0.023737 0.247492
v 3.781603 0.085963 0.215826
v 3.782904 0.091055 0.216563
v 3.822222 0.085963 0.192830
v 3.810325 0.085963 0.189595
v 3.810325 0.091055 0.191520
v 2.736149 0.000000 -0.083829
v 2.734381 0.023737 -0.075492
v 2.736147 0.000023 -0.083829
v 2.758270 0.000023 -0.096354
v 2.755206 0.023737 -0.103957
v 2.760376 0.023737 -0.099235
v 3.819487 -0.000000 -0.071307
v 3.825051 0.023737 -0.075493
v 3.821596 0.023737 -0.068425
v 3.810325 -0.000000 -0.101540
v 3.804225 0.023737 -0.103958
v 3.810325 0.023737 -0.105616
v 3.743239 0.856954 -0.079848
v 3.743239 0.856954 -0.086868
v 3.750087 0.174613 -0.079848
v 3.743239 0.231022 -0.086868
v 3.060151 0.174613 -0.079848
v 3.053303 0.231022 -0.086868
v 3.053303 0.856954 -0.079848
v 3.053303 0.856954 -0.086868
v 2.749106 0.085963 0.189596
v 2.737748 0.091055 0.194608
v 2.749106 0.091055 0.191521
v 2.742188 0.024440 0.209262
v 2.736325 0.024440 0.214618
v 2.735065 0.025597 0.212896
v 2.749106 0.085963 0.274580
v 2.760464 0.091058 0.269567
v 2.749106 0.091055 0.272656
v 2.754064 0.000000 0.248450
v 2.758268 0.000000 0.244611
v 2.760376 0.023737 0.247494
v 2.731335 0.119262 -0.073767
v 2.735506 0.119262 -0.065239
v 2.749128 0.119262 -0.083799
v 2.728119 0.091055 -0.112515
v 2.721686 0.091058 -0.099353
v 2.729841 0.095784 -0.110161
v 2.772226 1.097779 0.280085
v 2.772226 1.097779 -0.049855
v 2.772226 1.124931 0.205206
v 2.772226 1.124931 0.280085
v 3.787194 1.124931 0.205205
v 2.717453 1.149883 0.280085
v 3.841968 1.149883 0.280085
v 2.772226 1.149883 0.205206
v 2.717453 1.149883 -0.124720
v 3.787194 1.097779 -0.049855
v 3.787194 1.097779 0.280085
v 3.787194 1.124931 0.280085
v 3.787194 1.149883 0.205205
v 3.841968 1.149883 -0.124720
v 3.828094 0.119262 -0.073769
v 3.829559 0.119262 -0.083829
v 3.810325 0.119262 -0.083787
v 3.831311 0.091057 -0.055145
v 3.835495 0.095784 -0.069579
v 3.829591 0.095780 -0.057496
v 2.768342 0.119262 0.232088
v 2.766876 0.119262 0.222027
v 2.749135 0.119262 0.232072
v 2.728120 0.091058 0.260773
v 2.737748 0.091058 0.269567
v 2.738680 0.095783 0.266492
v 3.837569 0.095784 0.232088
v 3.826946 0.041694 0.241498
v 3.828317 0.041690 0.232088
v 3.828067 0.045359 0.232088
v 2.749106 0.085963 -0.041337
v 2.760464 0.091058 -0.046351
v 2.749106 0.091055 -0.043262
v 2.744148 0.000000 -0.067468
v 2.749106 0.023737 -0.062043
v 2.743007 0.023737 -0.063702
v 2.771676 1.074999 -0.079852
v 3.269871 0.940483 -0.079854
v 3.269871 1.074999 -0.079854
v 2.793076 0.967602 -0.097403
v 3.248471 1.047878 -0.097404
v 3.248471 0.967602 -0.097404
v 3.787744 0.940483 -0.079854
v 3.289548 1.074999 -0.079854
v 3.289548 0.940483 -0.079854
v 3.766344 1.047878 -0.097404
v 3.310948 0.967602 -0.097404
v 3.310948 1.047878 -0.097404
v 2.771676 0.940483 -0.079852
v 2.793076 1.047878 -0.097403
v 3.796724 0.119262 0.250677
v 3.802963 0.119262 0.256379
v 3.810313 0.119262 0.232127
v 3.829590 0.095784 0.258419
v 3.837745 0.091057 0.247612
v 3.835495 0.095784 0.246339
v 3.787744 1.074999 -0.079854
v 3.766344 0.967602 -0.097404
v 3.805366 -0.000000 0.248449
v 3.810325 0.023737 0.253874
v 3.804225 0.023737 0.252216
v 3.803535 0.045359 0.254492
v 3.810325 0.049489 0.256726
v 3.803426 0.049484 0.254851
v 2.757427 0.062028 -0.111285
v 2.749106 0.065395 -0.116194
v 2.758168 0.065395 -0.113731
v 2.767665 0.058085 -0.073322
v 2.769195 0.058085 -0.083829
v 2.770848 0.062028 -0.083829
v 3.815137 1.097779 0.280087
v 3.830545 1.097779 0.280087
v 3.778937 0.080807 -0.083829
v 3.781603 0.085961 -0.067569
v 3.781603 0.085963 -0.067569
v 3.803535 0.045359 -0.106234
v 3.797578 0.049489 -0.101252
v 3.803426 0.049484 -0.106592
v 2.744285 1.097779 0.280087
v 2.728877 1.097779 0.280087
v 3.787194 1.149883 -0.049855
v 2.772226 1.149883 -0.049855
v 2.763312 0.058090 0.251506
v 2.767665 0.058086 0.242596
v 2.770982 0.065395 0.244474
v 2.749106 0.045359 0.207838
v 2.742208 0.049484 0.209326
v 2.749106 0.049489 0.207449
v 3.817115 0.045359 -0.061425
v 3.822870 0.045359 -0.066682
v 3.823071 0.049489 -0.066408
v 3.803535 0.045359 -0.061425
v 3.810325 0.049484 -0.059192
v 3.803426 0.049484 -0.061067
v 2.729020 0.062028 -0.072457
v 2.732364 0.065392 -0.060945
v 2.727230 0.065395 -0.071444
v 2.742317 0.045359 -0.106234
v 2.736360 0.049484 -0.101251
v 2.742208 0.049489 -0.106593
v 3.802963 0.119262 -0.059539
v 3.810325 0.119262 -0.057538
v 3.789338 0.091057 -0.112514
v 3.785154 0.095784 -0.098080
v 3.791059 0.095784 -0.110161
v 3.802963 0.119262 0.207798
v 3.796724 0.119262 0.213498
v 3.810346 0.119262 0.232058
v 3.798966 0.091055 0.194608
v 3.791059 0.095780 0.205755
v 3.799899 0.095784 0.197683
v 3.832066 0.062028 -0.083829
v 3.830412 0.062028 -0.095202
v 3.832201 0.065395 -0.096215
v 3.817115 0.045359 -0.106234
v 3.810325 0.045359 -0.108080
v 3.810325 0.049489 -0.108468
v 2.736385 0.041694 0.249477
v 2.742317 0.045359 0.254493
v 2.736561 0.045359 0.249236
v 2.732715 0.045359 0.241369
v 2.732453 0.049484 0.241517
v 3.800460 0.067974 0.264639
v 3.810325 0.067978 0.267326
v 3.810325 0.071535 0.271247
v 3.791765 0.058085 0.242595
v 3.794951 0.062028 0.253100
v 3.790238 0.062028 0.243459
v 3.810325 0.045359 0.207838
v 3.803426 0.049489 0.209325
v 3.810325 0.049484 0.207450
v 3.827718 0.053824 0.222240
v 3.822870 0.045359 0.214941
v 3.823636 0.053820 0.213893
v 2.749106 0.119262 -0.110120
v 2.741746 0.119262 -0.108117
v 2.749118 0.119262 -0.083868
v 2.766030 0.099855 -0.106960
v 2.756736 0.103034 -0.109005
v 2.763204 0.103033 -0.103098
v 2.756467 0.119262 0.256377
v 2.762708 0.119262 0.250680
v 2.770093 0.091058 0.260773
v 2.774277 0.095784 0.246339
v 2.768371 0.095784 0.258420
v 2.756794 0.058085 -0.058461
v 2.763311 0.058085 -0.064413
v 2.764480 0.062028 -0.062816
v 2.769192 0.062028 -0.072457
v 3.834825 1.097779 0.280085
v 3.834825 1.097779 -0.114957
v 2.724595 1.097779 -0.114956
v 2.724596 1.097779 0.280085
v 2.728876 0.119293 -0.109104
v 2.728876 0.119293 -0.079854
v 2.728876 1.097779 -0.079854
v 2.769964 0.119293 -0.109104
v 2.728876 1.097779 -0.109104
v 2.741419 0.058085 -0.058461
v 2.749106 0.058090 -0.056369
v 2.749106 0.062028 -0.054112
v 2.732715 0.045359 -0.074549
v 2.735794 0.053824 -0.065635
v 2.731714 0.053820 -0.073983
v 3.839047 0.085963 -0.100091
v 3.832308 0.085963 -0.113876
v 3.831312 0.091055 -0.112515
v 3.832422 0.114307 -0.071319
v 3.832410 0.117577 -0.083829
v 3.830729 0.117577 -0.072278
v 3.786648 0.065392 -0.083829
v 3.790238 0.062028 -0.072458
v 3.786509 0.067974 -0.070346
v 3.802004 0.062028 -0.056375
v 3.810325 0.065392 -0.051467
v 3.801263 0.065395 -0.053929
v 2.732715 0.045359 0.222808
v 2.731364 0.045359 0.232088
v 2.731081 0.049484 0.232088
v 2.742317 0.045359 0.209684
v 2.749106 0.062028 0.261805
v 2.758168 0.065395 0.261990
v 2.749106 0.065395 0.264453
v 2.764480 0.062028 0.253101
v 2.765849 0.065392 0.254972
v 2.732194 0.114307 0.208971
v 2.728703 0.117577 0.220537
v 2.733490 0.117576 0.210743
v 2.760465 0.091055 0.194608
v 2.749106 0.095780 0.194847
v 2.759532 0.095784 0.197684
v 3.830545 0.119292 -0.109105
v 3.789455 0.119291 -0.109110
v 3.789457 1.097779 -0.109105
v 3.830545 1.097779 -0.079855
v 3.830545 0.119292 -0.079855
v 2.721685 0.091055 -0.099354
v 2.741419 0.058085 -0.109197
v 2.735794 0.053824 -0.102024
v 2.734900 0.058090 -0.103247
v 2.759532 0.095783 -0.049425
v 2.749106 0.119262 -0.057539
v 2.756467 0.119262 -0.059539
v 3.832423 0.114305 0.244599
v 3.834244 0.114305 0.232088
v 3.832410 0.117577 0.232088
v 3.834258 0.099855 0.232088
v 3.783854 0.071537 0.217102
v 3.781674 0.071536 0.232088
v 3.779766 0.075901 0.232088
v 3.810325 0.062028 0.202371
v 3.802004 0.062028 0.204633
v 3.801263 0.065395 0.202186
v 3.803407 0.024440 0.254913
v 3.810325 0.025597 0.259230
v 3.802725 0.025597 0.257164
v 3.810325 0.045359 0.256338
v 3.817115 0.045359 0.254492
v 3.817223 0.049489 0.254851
v 3.826716 0.045359 -0.093110
v 3.822870 0.045359 -0.100977
v 3.823071 0.049489 -0.101252
v 3.823282 -0.000000 -0.083829
v 3.825051 0.023737 -0.092167
v 3.826264 0.023737 -0.083829
v 2.726755 0.110418 0.219434
v 2.724913 0.110418 0.232088
v 2.725187 0.114305 0.232088
v 2.732193 0.114305 0.255206
v 2.740654 0.117577 0.259976
v 2.733490 0.117576 0.253434
v 3.832519 0.080809 -0.053494
v 3.839324 0.080807 -0.067412
v 3.839047 0.085963 -0.067569
v 3.837745 0.091057 -0.099354
v 3.829590 0.095784 -0.110161
v 3.835495 0.095784 -0.098080
v 3.787497 0.107066 0.232088
v 3.789235 0.107066 0.244028
v 3.787973 0.110416 0.244742
v 3.798966 0.091057 0.269567
v 3.810325 0.095783 0.269327
v 3.799899 0.095783 0.266492
v 3.853962 1.124899 0.280085
v 3.847115 1.124899 -0.131756
v 3.853962 1.124899 -0.141115
v 2.712306 1.124899 -0.131755
v 3.850325 1.141038 -0.136142
v 2.709095 1.141038 -0.136142
v 2.710399 1.142161 -0.134360
v 2.710128 1.141957 0.280085
v 3.797602 0.041690 -0.101219
v 3.793702 0.041690 -0.093241
v 3.793933 0.045359 -0.093110
v 3.803407 0.024440 -0.106655
v 3.810325 0.024440 -0.108537
v 3.829010 0.105242 0.221509
v 3.824626 0.105242 0.212540
v 3.826466 0.107066 0.210025
v 3.802794 0.104855 0.207236
v 3.796024 0.105242 0.212540
v 3.794183 0.107066 0.210024
v 2.776527 0.091058 0.216565
v 2.768371 0.095784 0.205756
v 2.774277 0.095784 0.217838
v 2.769197 0.058090 0.232088
v 2.767667 0.058090 0.221579
v 2.769192 0.062028 0.220716
v 3.792142 0.104855 -0.073536
v 3.796409 0.104855 -0.064809
v 3.794183 0.107066 -0.061767
v 3.801172 0.114305 -0.114034
v 3.793411 0.114305 -0.106947
v 3.794708 0.117576 -0.105175
v 2.732964 0.107066 -0.105892
v 2.728016 0.107066 -0.095769
v 2.726755 0.110416 -0.096484
v 2.732193 0.114305 -0.060711
v 2.740654 0.117576 -0.055940
v 2.733490 0.117576 -0.062484
v 3.801172 0.114307 -0.053626
v 3.810325 0.117577 -0.053643
v 3.801873 0.117576 -0.055940
v 3.810325 0.095783 -0.046591
v 3.810325 0.099855 -0.051117
v 3.810325 0.119262 0.258378
v 3.817686 0.119262 0.256376
v 3.810325 0.119262 0.232130
v 3.828094 0.119262 0.242148
v 3.829561 0.119262 0.232088
v 3.442783 0.174613 -0.109098
v 3.405119 0.913364 -0.109098
v 3.442783 0.913364 -0.109098
v 3.787751 0.174613 -0.109098
v 3.750087 0.913364 -0.109098
v 3.787751 0.913364 -0.109098
v 3.750087 0.865632 -0.109098
v 3.750087 0.174613 -0.109098
v 3.750087 0.222343 -0.109098
v 3.060151 0.865632 -0.109098
v 3.060151 0.174613 -0.109098
v 3.060151 0.222344 -0.109098
v 2.749106 0.107066 0.200887
v 2.740370 0.107066 0.203262
v 2.739848 0.110418 0.201537
v 2.771934 0.107066 0.232088
v 2.770197 0.107066 0.220148
v 2.771457 0.110416 0.219434
v 3.826716 0.045359 0.241367
v 3.826979 0.049489 0.241516
v 3.839324 0.080809 0.248506
v 3.841712 0.080809 0.232088
v 3.839047 0.085963 0.248349
v 3.802963 0.119262 -0.108120
v 3.796724 0.119262 -0.102420
v 3.810325 0.119262 -0.083871
v 3.817686 0.119262 -0.108119
v 3.810325 0.119262 -0.110122
v 2.766878 0.119262 -0.093890
v 2.762708 0.119262 -0.102421
v 2.749128 0.119262 -0.083859
v 2.766876 0.119262 -0.073768
v 2.768341 0.119262 -0.083829
v 2.749137 0.119262 -0.083829
v 3.800459 0.067975 -0.051276
v 3.810325 0.067978 -0.048591
v 3.810325 0.071537 -0.044668
v 3.821683 0.091055 -0.046350
v 2.714885 1.143916 0.280085
v 2.712306 1.124899 0.280085
v 2.705458 1.124899 0.280085
v 2.771679 0.913364 -0.109098
v 2.809343 0.865632 -0.109098
v 2.771679 0.174613 -0.109098
v 3.461615 0.913364 -0.109098
v 3.853845 1.134541 0.280085
v 2.769962 0.119291 -0.079859
v 2.769964 1.097779 -0.079854
v 2.758972 0.067978 -0.116386
v 2.749106 0.067978 -0.119067
v 2.749106 0.071536 -0.122990
v 2.777828 0.085963 -0.100090
v 3.097815 0.174613 -0.109098
v 3.060151 0.913364 -0.109098
v 3.097815 0.913364 -0.109098
v 3.116647 0.913364 -0.109098
v 2.771679 0.174613 -0.079848
v 2.809343 0.222344 -0.109098
v 2.737135 0.000000 0.225312
v 2.736149 0.000000 0.232088
v 2.733167 0.023737 0.232088
v 2.733910 0.032788 0.252859
v 2.741306 0.034600 0.257827
v 2.734693 0.034600 0.251789
v 3.817115 0.045359 0.209684
v 3.817222 0.049484 0.209326
v 3.819487 -0.000000 0.219564
v 3.816425 0.023737 0.211959
v 3.821596 0.023737 0.216683
v 2.765729 0.041690 -0.074418
v 2.767931 0.053820 -0.083829
v 2.765760 0.049484 -0.074400
v 2.749106 0.000000 -0.066119
v 2.755206 0.023737 -0.063702
v 2.741746 0.119262 0.256377
v 2.749106 0.119262 0.258378
v 2.735505 0.119262 0.213497
v 2.731335 0.119262 0.222027
v 2.749077 0.119262 0.232105
v 3.459903 0.172446 0.007890
v 3.459903 0.172446 -0.109110
v 3.459903 0.915533 -0.109110
v 3.444495 0.172446 0.007890
v 3.444495 0.915533 0.007890
v 3.444495 0.172446 -0.109110
v 3.459903 0.915533 0.007890
v 3.444495 0.915533 -0.109110
v 3.789455 0.119291 -0.079860
v 3.796409 0.104855 0.251109
v 3.801589 0.107065 0.260912
v 3.794183 0.107066 0.254151
v 3.810325 0.107066 0.263290
v 3.819583 0.110416 0.262638
v 3.810325 0.110418 0.265156
v 3.795128 0.032788 0.211316
v 3.789993 0.030849 0.220577
v 3.791494 0.034601 0.221426
v 3.790469 0.032788 0.243330
v 3.795128 0.032789 0.252858
v 3.791494 0.034601 0.242749
v 2.736561 0.045359 0.214941
v 2.732453 0.049484 0.222659
v 2.727123 0.085961 0.202041
v 2.749106 0.067976 0.267324
v 2.760070 0.071535 0.268267
v 2.749106 0.071535 0.271248
v 2.726912 0.080807 0.262424
v 2.737209 0.085963 0.271346
v 2.727123 0.085963 0.262135
v 3.793218 0.110418 0.208705
v 3.787973 0.110418 0.219433
v 3.788226 0.114305 0.219576
v 3.786132 0.110416 0.232088
v 3.788226 0.114305 0.244599
v 3.786407 0.114307 0.232088
v 2.809343 0.174613 -0.109098
v 2.761828 0.041694 0.249477
v 2.765498 0.045359 0.241369
v 2.761652 0.045359 0.249236
v 2.749106 0.032789 0.261462
v 2.757528 0.030849 0.259877
v 2.757330 0.032789 0.259226
v 3.789994 0.030850 -0.072319
v 3.795128 0.032789 -0.063060
v 3.790470 0.032789 -0.072589
v 3.795128 0.032789 -0.104600
v 3.790469 0.032788 -0.095071
v 3.791494 0.034600 -0.094492
v 3.819060 0.107066 -0.112656
v 3.810325 0.110416 -0.116897
v 3.819583 0.110418 -0.114380
v 3.829010 0.105242 -0.094409
v 3.824241 0.104855 -0.102850
v 3.826466 0.107066 -0.105892
v 2.757842 0.107066 0.260915
v 2.766214 0.110416 0.255471
v 2.758365 0.110418 0.262639
v 2.732964 0.107066 0.254151
v 2.740370 0.107066 0.260915
v 2.739848 0.110418 0.262639
v 3.789457 1.097779 -0.079855
v 3.830545 1.097779 -0.109105
v 2.749106 0.107066 -0.052628
v 2.757842 0.107066 -0.055003
v 2.758365 0.110416 -0.053278
v 2.770197 0.107066 -0.071888
v 2.773300 0.110416 -0.083829
v 2.771457 0.110416 -0.071175
v 3.810325 0.045359 -0.059580
v 3.817242 0.024440 -0.061003
v 3.824366 0.025595 -0.064638
v 3.817924 0.025597 -0.058754
v 2.768964 0.025597 0.232088
v 2.767452 0.025597 0.221701
v 2.768656 0.027123 0.221020
v 2.765729 0.041690 0.222677
v 2.761652 0.045359 0.214941
v 2.761852 0.049484 0.214667
v 3.779766 0.075900 -0.083829
v 3.782092 0.075901 -0.067846
v 3.810325 0.071537 -0.122992
v 3.799361 0.071535 -0.120008
v 3.798631 0.075900 -0.122418
v 3.824626 0.105242 -0.064282
v 3.831415 0.107066 -0.071890
v 3.826466 0.107066 -0.061767
v 3.810325 0.107066 -0.052628
v 3.819583 0.110416 -0.053280
v 3.810325 0.110416 -0.050762
v 3.053303 0.231022 -0.079848
v 3.060151 0.913364 -0.079848
v 3.743239 0.231022 -0.079848
v 3.750087 0.913364 -0.079848
v 3.730376 0.840654 -0.099612
v 3.518990 0.840654 -0.099612
v 3.738892 0.851444 -0.096896
v 3.734595 0.241977 -0.098026
v 3.378123 0.831420 -0.102961
v 3.174022 0.840654 -0.099611
v 3.385408 0.840654 -0.099612
v 3.378123 0.256556 -0.102961
v 3.023343 0.818986 -0.105003
v 2.839571 0.827325 -0.103963
v 3.033155 0.831420 -0.102961
v 3.029923 0.260653 -0.103963
v 2.740370 0.107066 -0.112656
v 2.731999 0.110416 -0.107212
v 2.739848 0.110418 -0.114380
v 2.765248 0.107066 -0.105892
v 2.757842 0.107066 -0.112656
v 2.758365 0.110418 -0.114380
v 3.810325 0.067975 -0.119065
v 3.805366 -0.000000 -0.067468
v 3.810325 -0.000000 -0.066120
v 3.810325 0.023737 -0.062044
v 3.819488 0.000023 -0.096355
v 3.815283 -0.000000 -0.100192
v 3.816425 0.023737 -0.103958
v 3.788342 0.085961 0.262135
v 3.789338 0.091057 0.260773
v 3.790066 0.071535 0.259777
v 3.799361 0.071535 0.268267
v 3.798631 0.075901 0.270676
v 3.819060 0.107066 0.203262
v 3.819583 0.110416 0.201537
v 3.817686 0.119262 0.207798
v 3.810325 0.119262 0.205798
v 3.821288 0.071535 0.268267
v 3.831933 0.075900 0.261621
v 3.822019 0.075900 0.270676
v 2.765248 0.107066 0.254151
v 2.770197 0.107066 0.244028
v 2.771457 0.110416 0.244743
v 2.773300 0.110418 0.232088
v 2.736384 0.041694 -0.101218
v 2.732484 0.041694 -0.093240
v 2.732715 0.045359 -0.093110
v 2.737835 0.023737 -0.099235
v 2.737135 0.000000 -0.090606
v 2.734380 0.023737 -0.092167
v 3.821288 0.071535 0.195908
v 3.810325 0.075900 0.190320
v 3.822019 0.075901 0.193499
v 3.836796 0.071537 0.217102
v 3.830584 0.071535 0.204398
v 3.831933 0.075900 0.202554
v 3.053813 0.857599 -0.100468
v 3.054443 0.229578 -0.102095
v 3.053428 0.230865 -0.098702
v 3.730376 0.247323 -0.099612
v 3.526276 0.256556 -0.102961
v 3.723091 0.256556 -0.102961
v 3.803535 0.045359 0.209684
v 3.797060 0.038715 0.213958
v 3.793933 0.045359 0.222808
v 3.797603 0.041694 0.214698
v 2.749106 0.110416 -0.050762
v 2.732964 0.107066 -0.061765
v 2.740371 0.107065 -0.055004
v 2.739848 0.110416 -0.053278
v 3.815283 -0.000000 0.215726
v 3.810325 -0.000000 0.249797
v 2.758972 0.067976 0.199534
v 2.749106 0.067978 0.196850
v 2.749106 0.071536 0.192927
v 2.770093 0.091058 0.203403
v 2.739242 0.067974 -0.051278
v 2.749106 0.067976 -0.048594
v 2.749106 0.071536 -0.044668
v 2.726912 0.080807 -0.053494
v 2.737209 0.085961 -0.044571
v 2.727123 0.085961 -0.053783
v 2.716914 1.114951 -0.125456
v 2.715397 1.116948 -0.127529
v 3.844023 1.116948 -0.127530
v 2.715575 1.116783 0.280085
v 2.824835 0.845999 -0.098026
v 2.824835 0.241977 -0.098026
v 2.816191 0.856954 -0.096228
v 3.048956 0.851444 -0.096896
v 3.169803 0.845999 -0.098026
v 3.169803 0.241977 -0.098026
v 3.165507 0.851444 -0.096896
v 3.393924 0.851444 -0.096896
v 3.529507 0.827325 -0.103964
v 3.526276 0.831420 -0.102961
v 3.719859 0.827325 -0.103964
v 3.033155 0.256556 -0.102961
v 2.836340 0.256556 -0.102961
v 2.842848 0.264804 -0.104645
v 2.758268 0.000000 -0.071307
v 2.761077 0.000000 -0.077051
v 2.763832 0.023737 -0.075492
v 2.737135 0.000000 -0.077051
v 2.739945 0.000000 -0.071307
v 2.761652 0.045359 -0.100977
v 2.756004 0.049484 -0.106592
v 2.761852 0.049489 -0.101252
v 2.757528 0.030849 -0.111618
v 2.749106 0.030851 -0.113908
v 2.757330 0.032789 -0.110967
v 2.718548 0.075899 0.232088
v 2.720875 0.075899 0.248072
v 2.720874 0.075902 0.248072
v 2.720108 0.080809 0.248506
v 2.749106 0.000000 0.249799
v 2.755206 0.023737 0.252216
v 2.749106 0.023737 0.253875
v 2.739942 0.000023 0.244614
v 2.743007 0.023737 0.252216
v 2.737835 0.023737 0.247494
v 3.831415 0.107066 0.244028
v 3.834518 0.110416 0.232088
v 3.832677 0.110416 0.244742
v 3.819060 0.107066 0.260915
v 2.727008 0.114305 0.244599
v 2.721860 0.095780 0.232088
v 2.721685 0.091055 0.247613
v 2.723936 0.095784 0.246339
v 2.777338 0.075899 0.216105
v 2.770715 0.075900 0.202554
v 2.778105 0.080807 0.215671
v 2.777338 0.075902 0.248072
v 2.779664 0.075900 0.232088
v 2.780494 0.080807 0.232088
v 2.761003 0.085961 -0.044571
v 2.771089 0.085961 -0.053783
v 2.770093 0.091055 -0.055143
v 2.757427 0.062028 -0.056374
v 2.765850 0.065395 -0.060944
v 2.758168 0.065395 -0.053928
v 2.760464 0.091058 -0.121308
v 2.749106 0.095780 -0.121070
v 2.759532 0.095784 -0.118233
v 2.770715 0.075900 -0.113364
v 2.760800 0.075900 -0.122417
v 2.771301 0.080807 -0.114165
v 3.810325 0.107066 -0.115031
v 3.801589 0.107066 -0.112656
v 3.793218 0.110416 -0.107212
v 3.801066 0.110418 -0.114380
v 2.727499 0.075899 -0.113362
v 2.720875 0.075899 -0.099813
v 2.720874 0.075900 -0.099813
v 2.718548 0.075899 -0.083829
v 2.720108 0.080808 -0.067412
v 2.717719 0.080809 -0.083829
v 3.846669 0.128249 0.280087
v 3.846505 0.127666 -0.130921
v 3.846963 0.130687 0.280087
v 3.830544 0.151840 0.280087
v 2.754064 0.000000 0.215727
v 2.749106 0.000000 0.214378
v 2.749106 0.023737 0.210302
v 2.749129 0.000000 0.232119
v 3.782905 0.091057 -0.099354
v 3.783080 0.095784 -0.083829
v 3.788213 0.099855 -0.071312
v 3.796227 0.103034 -0.064561
v 3.791905 0.103034 -0.073401
v 2.763022 0.104854 -0.102850
v 2.773300 0.110418 -0.083829
v 2.771204 0.114307 -0.096340
v 2.773025 0.114307 -0.083829
v 3.821288 0.071535 -0.047651
v 3.831932 0.075899 -0.054296
v 3.822019 0.075901 -0.045242
v 3.830584 0.071535 -0.056140
v 3.836795 0.071536 -0.068844
v 3.838557 0.075899 -0.067846
v 2.728876 0.151840 -0.109104
v 3.830544 0.151840 -0.109105
v 2.712915 0.133708 -0.130919
v 2.712572 0.129149 -0.131389
v 2.712457 0.130688 0.280088
v 3.846848 0.132226 -0.131389
v 2.728876 0.151840 0.280088
v 2.718558 0.119296 0.280088
v 2.749106 0.025597 0.204945
v 2.741009 0.027122 0.205369
v 2.749106 0.027122 0.203167
v 2.755896 0.045359 0.209684
v 3.810325 0.067975 0.196852
v 3.799361 0.071535 0.195908
v 3.810325 0.071535 0.192928
v 3.798427 0.085961 0.192830
v 3.788342 0.085961 0.202040
v 3.788342 0.085963 0.202041
v 3.053428 0.857113 -0.098702
v 3.832331 0.030850 -0.083829
v 3.830180 0.032789 -0.095071
v 3.830707 0.034601 -0.083829
v 3.825521 0.032789 -0.063060
v 3.830656 0.030849 -0.072319
v 3.829156 0.034601 -0.073168
v 2.754064 0.000000 -0.100191
v 2.749106 0.000000 -0.101538
v 2.749106 0.023737 -0.105616
v 2.749106 0.000000 -0.083786
v 3.797368 -0.000000 0.232088
v 3.798355 -0.000000 0.238865
v 3.795599 0.023737 0.240424
v 3.810347 -0.000000 0.232057
v 2.724913 0.110418 -0.083829
v 2.727008 0.114307 -0.071318
v 2.725187 0.114307 -0.083829
v 2.726995 0.099855 -0.071310
v 2.725173 0.099855 -0.083829
v 3.184539 0.260653 -0.103963
v 3.374891 0.260653 -0.103964
v 3.532784 0.264804 -0.104646
v 3.389627 0.241977 -0.098026
v 3.165507 0.236532 -0.096896
v 2.769962 0.172446 -0.079860
v 2.769962 0.172446 -0.109109
v 3.789455 0.172446 -0.109110
v 3.781326 0.080809 0.248506
v 3.781603 0.085963 0.248349
v 3.783855 0.071535 0.247074
v 3.788717 0.075900 0.261621
v 3.782092 0.075901 0.248072
v 2.738142 0.071535 0.195910
v 2.737412 0.075902 0.193499
v 2.732362 0.065395 0.209203
v 2.729020 0.062028 0.220716
v 2.727230 0.065395 0.219703
v 2.733910 0.032789 -0.063058
v 2.740685 0.030851 -0.056041
v 2.740882 0.032789 -0.056691
v 2.736385 0.041694 -0.066441
v 2.742317 0.045359 -0.061425
v 2.736561 0.045359 -0.066682
v 2.749106 0.032789 -0.054455
v 2.756906 0.034600 -0.058090
v 2.749106 0.034601 -0.055970
v 2.757484 0.028915 -0.056182
v 2.764587 0.028917 -0.062669
v 2.764667 0.030849 -0.062560
v 3.824531 0.058090 -0.103247
v 3.827067 0.065392 -0.106713
v 3.830585 0.071537 -0.111521
v 3.821288 0.071535 -0.120008
v 3.822019 0.075899 -0.122417
v 3.801163 -0.000000 -0.096352
v 3.798355 -0.000000 -0.090607
v 3.798352 0.000023 -0.090608
v 3.810356 -0.000000 -0.083829
v 3.787751 0.913364 -0.079848
v 3.787751 0.174613 -0.079848
v 3.097815 0.913364 -0.079848
v 3.097815 0.174613 -0.079848
v 3.442783 0.913364 -0.079848
v 3.442783 0.174613 -0.079848
v 2.728775 0.030849 0.220578
v 2.728724 0.034601 0.232088
v 2.729251 0.032789 0.220847
v 2.727946 0.027123 0.232088
v 2.728775 0.030849 0.243599
v 2.727212 0.028917 0.232088
v 2.757842 0.107066 0.203262
v 2.749106 0.110416 0.199021
v 2.758365 0.110416 0.201537
v 2.749106 0.119262 0.205798
v 2.741746 0.119262 0.207800
v 2.749118 0.119262 0.232050
v 2.769964 1.097779 -0.109104
v 3.787744 0.940483 -0.109104
v 3.787744 1.074999 -0.109104
v 3.831311 0.091057 0.203403
v 3.838557 0.075899 0.216104
v 2.776528 0.091055 -0.068305
v 2.756638 0.104855 -0.058977
v 2.763408 0.105242 -0.064281
v 2.765248 0.107066 -0.061767
v 3.787973 0.110418 -0.071175
v 3.793412 0.114307 -0.060713
v 3.788226 0.114305 -0.071319
v 3.792555 0.119262 -0.073769
v 3.796723 0.119262 -0.065239
v 3.398782 0.857599 -0.100468
v 3.398396 0.230865 -0.098702
v 3.398271 0.856954 -0.096229
v 3.287847 0.936144 -0.050604
v 3.287847 0.936144 -0.109104
v 3.287847 1.077168 -0.109104
v 3.271583 0.936144 -0.050604
v 3.271583 1.077168 -0.050604
v 3.271583 0.936144 -0.109104
v 3.271583 1.077168 -0.109104
v 3.287847 1.077168 -0.050604
v 2.769964 0.915533 -0.050602
v 2.769964 0.915533 -0.109103
v 3.789467 0.915533 -0.109104
v 2.769964 0.936144 -0.050603
v 3.789467 0.936144 -0.050604
v 2.769964 0.936144 -0.109103
v 3.789467 0.915533 -0.050604
v 3.789467 0.936144 -0.109104
v 3.789455 0.172446 -0.079860
v 3.116647 0.913364 -0.079848
v 3.116647 0.174613 -0.079848
v 3.154311 0.174613 -0.109098
v 3.461615 0.174613 -0.079848
v 3.499279 0.174613 -0.109098
v 3.404263 0.865632 -0.109098
v 3.155167 0.913364 -0.109098
v 3.404263 0.913364 -0.109098
v 3.500135 0.174613 -0.109098
v 3.749231 0.222343 -0.109098
v 3.749231 0.174613 -0.109098
v 3.059295 0.865632 -0.109098
v 2.810199 0.913364 -0.109098
v 3.059295 0.913364 -0.109098
v 3.500135 0.222344 -0.109098
v 3.155167 0.174613 -0.109098
v 3.404263 0.222344 -0.109098
v 3.404263 0.174613 -0.109098
v 3.155167 0.222344 -0.109098
v 3.155167 0.865632 -0.109098
v 2.810199 0.865632 -0.109098
v 3.500135 0.913364 -0.109098
v 3.749231 0.865632 -0.109098
v 3.500135 0.865632 -0.109098
v 3.790066 0.071536 -0.111521
v 3.782092 0.075901 -0.099814
v 3.788717 0.075900 -0.113364
v 2.771676 1.074999 -0.109103
v 2.727615 0.032788 -0.083829
v 2.730274 0.034600 -0.073167
v 2.728724 0.034601 -0.083829
v 2.733910 0.032789 -0.104600
v 2.728776 0.030851 -0.095340
v 2.729251 0.032789 -0.095071
v 3.269871 0.940483 -0.109104
v 3.289548 1.074999 -0.109104
v 2.810199 0.174613 -0.109098
v 3.059295 0.222344 -0.109098
v 3.059295 0.174613 -0.109098
v 3.749231 0.913364 -0.109098
v 2.810199 0.222344 -0.109098
v 2.769962 1.077168 -0.109110
v 2.769962 1.130324 -0.109110
v 3.789456 1.130324 -0.109110
v 2.769962 1.130324 -0.079860
v 2.769962 1.077168 -0.079860
v 3.789456 1.077168 -0.079860
v 3.789456 1.130324 -0.079860
v 3.789456 1.077168 -0.109110
v 2.756705 0.025597 -0.108906
v 2.749106 0.025597 -0.110971
v 2.749106 0.027123 -0.112752
v 2.749106 0.032789 -0.113203
v 2.741306 0.034600 -0.109568
v 2.749106 0.034601 -0.111688
v 2.769365 0.071535 0.204398
v 2.760800 0.075899 0.193500
v 2.775576 0.071535 0.217103
v 3.154311 0.913364 -0.109098
v 3.499279 0.913364 -0.109098
v 3.461615 0.913364 -0.079848
v 2.809343 0.913364 -0.109098
v 2.771679 0.913364 -0.079848
v 3.269871 1.074999 -0.109104
v 3.289548 0.940483 -0.109104
v 3.793671 0.049484 0.222659
v 3.792298 0.049489 0.232088
v 3.793670 0.049489 0.222659
v 3.793702 0.041690 0.241498
v 3.797779 0.045359 0.249236
v 3.793933 0.045359 0.241367
v 2.771676 0.940483 -0.109103
v 2.759532 0.095783 0.266492
v 2.749106 0.107066 0.263290
v 3.837571 0.095780 -0.083829
v 3.827246 0.099857 -0.060701
v 3.832436 0.099855 -0.071312
v 3.828744 0.103034 -0.073401
v 2.728847 0.071537 -0.056138
v 2.738142 0.071535 -0.047651
v 2.737412 0.075902 -0.045240
v 2.734901 0.058085 -0.064413
v 2.733733 0.062028 -0.062816
v 3.744379 0.229578 -0.102095
v 3.743364 0.857113 -0.098704
v 3.745231 0.859477 -0.103524
v 2.749106 0.099855 -0.116541
v 2.749106 0.107066 -0.115031
v 3.829156 0.034600 0.242749
v 3.830708 0.034600 0.232088
v 3.829084 0.036156 0.232088
v 3.825886 0.030849 0.210819
v 3.818746 0.030849 0.204298
v 3.825521 0.032788 0.211316
v 3.838557 0.075900 0.248072
v 3.838976 0.071536 0.232088
v 3.840883 0.075900 0.232088
v 3.828885 0.058085 0.242595
v 3.834003 0.065395 0.232088
v 3.832201 0.065395 0.244474
v 3.787973 0.110418 -0.096484
v 3.786131 0.110418 -0.083829
v 3.786407 0.114307 -0.083829
v 3.786392 0.099855 -0.083829
v 3.792583 0.045359 -0.083829
v 3.793703 0.041694 -0.074419
v 3.797603 0.041694 -0.066441
v 3.797779 0.045359 -0.066682
v 3.798313 0.080807 -0.044194
v 3.810325 0.080808 -0.040928
v 3.810325 0.091055 -0.043262
v 3.820751 0.095783 -0.049426
v 3.821682 0.091057 0.194610
v 3.810325 0.095784 0.194849
v 3.820751 0.095784 0.197683
v 3.810325 0.107066 0.200887
v 3.810325 0.110418 0.199019
v 2.770597 0.032789 -0.083829
v 2.769437 0.030849 -0.095340
v 2.768961 0.032789 -0.095071
v 2.764302 0.032789 -0.104600
v 2.756906 0.034601 -0.109567
v 2.762371 0.036156 -0.101960
v 2.749106 0.000000 0.232045
v 3.801066 0.110416 0.201537
v 3.801172 0.114307 0.201883
v 3.794708 0.117576 0.210743
v 3.801873 0.117577 0.204200
v 2.758265 0.099855 0.201866
v 2.766028 0.099857 0.208960
v 2.765248 0.107066 0.210026
v 3.290404 0.940483 -0.109104
v 3.772336 0.958923 -0.109104
v 3.786888 0.940483 -0.109104
v 3.290404 1.074999 -0.109104
v 3.772336 1.056557 -0.109104
v 3.304956 1.056557 -0.109104
v 2.772532 0.940483 -0.109103
v 3.254463 0.958923 -0.109104
v 3.269015 0.940483 -0.109104
v 3.304956 0.958923 -0.109104
v 3.786888 1.074999 -0.109104
v 3.810325 0.027123 0.261009
v 3.818423 0.027122 0.258807
v 3.818703 0.028916 0.259735
v 3.825287 0.027123 0.252539
v 3.830552 0.028916 0.243539
v 3.825806 0.028916 0.253248
v 2.749106 0.099855 0.199376
v 2.739947 0.099855 0.201866
v 2.741477 0.103033 0.206912
v 2.732183 0.099855 0.208957
v 2.730687 0.103033 0.221660
v 2.735009 0.103034 0.212820
v 3.505618 0.230377 -0.100468
v 3.504988 0.858399 -0.102095
v 3.505618 0.857599 -0.100468
v 2.815052 0.229578 -0.102095
v 2.816067 0.857113 -0.098702
v 2.816067 0.230865 -0.098702
v 2.728847 0.071537 0.259780
v 2.738142 0.071535 0.268267
v 2.737413 0.075899 0.270676
v 2.730545 0.058090 0.242597
v 2.734900 0.058090 0.251506
v 2.732362 0.065395 0.254973
v 2.777338 0.075902 -0.099813
v 2.770982 0.065395 -0.096215
v 3.799054 0.023737 -0.099235
v 3.788833 0.032788 -0.083829
v 3.789943 0.034601 -0.083829
v 3.798355 -0.000000 0.225310
v 3.794385 0.023737 0.232088
v 3.795599 0.023737 0.223751
v 3.788833 0.032788 0.232088
v 2.756794 0.058086 0.257456
v 2.757427 0.062028 0.259543
v 2.756906 0.034600 0.257827
v 2.749106 0.034601 0.259947
v 3.788227 0.114307 0.244599
v 3.794708 0.117576 0.253434
v 3.789921 0.117577 0.243640
v 3.801066 0.110418 0.262639
v 3.743364 0.230864 -0.098704
v 2.749106 0.025597 0.259231
v 2.757203 0.027122 0.258808
v 2.749106 0.027122 0.261009
v 2.769437 0.030849 0.243599
v 2.770598 0.032788 0.232088
v 2.768961 0.032789 0.243330
v 2.749106 0.000000 -0.083873
v 2.749077 0.000000 -0.083813
v 2.787084 0.958923 -0.109103
v 2.772532 1.074999 -0.109103
v 3.254463 1.056557 -0.109104
v 2.787084 1.056557 -0.109103
v 3.269015 1.074999 -0.109104
v 2.740786 0.062028 -0.111285
v 2.732364 0.065392 -0.106713
v 2.740045 0.065395 -0.113731
v 3.787194 1.139034 -0.049855
v 2.772226 1.139034 -0.049855
v 3.783855 0.071535 -0.098816
v 3.792933 0.053819 -0.093676
v 3.790235 0.058090 -0.083829
v 3.791764 0.058090 -0.094338
v 2.734804 0.105242 0.251635
v 2.726279 0.107066 0.232088
v 2.728016 0.107066 0.244028
v 2.726755 0.110418 0.244743
v 2.758260 0.114307 -0.053626
v 2.764723 0.117576 -0.062484
v 2.757558 0.117576 -0.055940
v 3.818549 0.032788 -0.110969
v 3.810325 0.032788 -0.113205
v 3.818125 0.034600 -0.109569
v 3.832218 0.028915 -0.083829
v 3.829873 0.027122 -0.094898
v 3.830552 0.028916 -0.095281
v 3.829261 0.119292 -0.077515
v 3.842628 1.115183 0.280085
v 3.843188 1.116044 -0.126388
v 3.843845 1.116783 0.280085
v 3.849020 1.142161 -0.134361
v 3.847006 1.143297 0.280085
v 3.810313 -0.000000 0.232128
v 3.810295 -0.000000 0.232071
v 3.802100 0.032789 -0.056691
v 3.810325 0.034601 -0.055971
v 3.802525 0.034600 -0.058091
v 3.797544 0.024440 -0.066360
v 3.802725 0.025597 -0.058754
v 3.796283 0.025597 -0.064637
v 2.718558 0.119296 -0.123207
v 3.840862 0.119296 -0.123207
v 2.726755 0.110418 -0.096484
v 2.731336 0.119262 -0.093890
v 2.729872 0.119262 -0.083829
v 2.725429 0.065392 0.232088
v 2.723325 0.067978 0.232088
v 2.725289 0.067976 0.245572
v 3.060151 0.868886 -0.086868
v 3.060151 0.219090 -0.086868
v 3.794844 0.028915 -0.104990
v 3.789993 0.030849 -0.095341
v 3.794764 0.030849 -0.105099
v 3.810325 0.034601 -0.111688
v 2.732407 0.024440 0.241543
v 2.735065 0.025597 0.251281
v 2.730760 0.025597 0.242476
v 2.740685 0.030849 0.259877
v 2.740882 0.032789 0.259226
v 3.831415 0.107066 -0.095770
v 3.832677 0.110418 -0.096484
v 3.832677 0.110416 -0.071176
v 3.790097 0.028916 0.243539
v 3.794843 0.028916 0.253248
v 3.794765 0.030850 0.253356
v 3.810325 0.032789 0.261462
v 3.818125 0.034600 0.257827
v 3.810325 0.034601 0.259947
v 3.782905 0.091057 0.216563
v 3.801167 0.099855 0.201866
v 3.793403 0.099857 0.208958
v 3.796227 0.103034 0.212819
v 2.741507 0.025597 -0.108906
v 2.736326 0.024440 -0.101299
v 2.730761 0.025595 -0.094215
v 2.735065 0.025597 -0.103022
v 2.766214 0.110418 0.208706
v 2.762707 0.119262 0.213498
v 2.756467 0.119262 0.207798
v 3.810293 -0.000000 -0.083829
v 3.810347 -0.000000 -0.083861
v 2.760800 0.075900 0.270676
v 2.769365 0.071535 0.259779
v 2.775577 0.071536 0.247075
v 2.768961 0.032788 0.220847
v 2.764302 0.032789 0.211317
v 2.767937 0.034601 0.221427
v 2.769489 0.034601 0.232088
v 2.712414 1.143297 0.280085
v 2.711820 1.143027 -0.132418
v 2.705576 1.134541 0.280085
v 3.810325 0.032789 0.202714
v 3.802525 0.034601 0.206349
v 3.810325 0.034601 0.204229
v 3.802227 0.027122 0.205368
v 3.795362 0.027123 0.211637
v 3.801946 0.028916 0.204441
v 2.728120 0.091058 -0.055144
v 2.737748 0.091055 -0.046350
v 2.738680 0.095783 -0.049425
v 2.732184 0.099857 -0.060701
v 2.741477 0.103034 -0.058653
v 2.735009 0.103034 -0.064561
v 3.832519 0.080808 0.262424
v 3.831312 0.091055 0.260773
v 2.757528 0.030849 -0.056039
v 2.757330 0.032789 -0.056691
v 2.742189 0.024440 -0.061005
v 2.749106 0.025597 -0.056686
v 2.741507 0.025597 -0.058753
v 3.831815 0.032789 0.232088
v 3.830181 0.032788 0.220847
v 3.829156 0.034600 0.221426
v 3.823282 -0.000000 0.232088
v 3.825051 0.023737 0.223751
v 3.826264 0.023737 0.232088
v 3.834636 0.150136 -0.114696
v 3.834816 0.149135 0.280087
v 3.835543 0.146928 -0.115939
v 2.724439 0.148482 -0.115168
v 2.739947 0.099855 -0.114052
v 2.741477 0.103034 -0.109005
v 2.726995 0.099855 -0.096347
v 2.732184 0.099857 -0.106958
v 2.755206 0.023737 0.211961
v 2.764587 0.028915 0.210929
v 2.757203 0.027122 0.205369
v 2.757484 0.028915 0.204441
v 3.818549 0.032788 0.204949
v 3.818125 0.034600 0.206348
v 2.769437 0.030851 -0.072319
v 2.769333 0.028915 -0.072377
v 2.771112 0.030851 -0.083829
v 3.818012 0.058085 -0.058463
v 3.823636 0.053819 -0.065636
v 3.824531 0.058090 -0.064413
v 3.817223 0.049489 -0.061067
v 2.718558 0.122551 0.280088
v 2.718558 0.138823 0.280088
v 2.713609 0.135340 0.280088
v 3.833153 0.107066 0.232088
v 3.831415 0.107066 0.220147
v 3.827432 0.110416 0.208706
v 3.832677 0.110416 0.219433
v 2.731999 0.110416 -0.060447
v 2.726279 0.107066 -0.083829
v 2.728016 0.107066 -0.071889
v 2.726755 0.110418 -0.071175
v 3.801589 0.107064 -0.055005
v 3.801066 0.110416 -0.053280
v 3.810325 0.030850 -0.053751
v 3.818746 0.030849 -0.056041
v 3.818549 0.032788 -0.056691
v 3.818125 0.034601 -0.058092
v 3.824737 0.034600 -0.064130
v 3.823589 0.036156 -0.065699
v 3.786392 0.099855 0.232088
v 3.788213 0.099855 0.244606
v 3.791903 0.103032 0.242518
v 3.793403 0.099857 0.255217
v 3.802695 0.103034 0.257263
v 3.796227 0.103033 0.251357
v 2.731999 0.110416 0.208706
v 2.732965 0.107066 0.210026
v 2.728015 0.107066 0.220147
v 2.733545 0.030849 -0.062560
v 2.727099 0.030849 -0.083829
v 2.728775 0.030849 -0.072319
v 2.729251 0.032788 -0.072588
v 2.772226 1.139034 0.205205
v 2.726997 0.099857 0.219572
v 2.726995 0.099855 0.244606
v 2.725173 0.099855 0.232088
v 3.787194 1.139034 0.205205
v 2.749106 0.045359 -0.108080
v 2.755896 0.045359 -0.106234
v 3.405119 0.868886 -0.086868
v 3.750087 0.868886 -0.086868
v 3.750087 0.219090 -0.086868
v 3.099525 0.913364 -0.079854
v 3.099525 0.913364 -0.109104
v 3.099525 0.174616 -0.109104
v 3.114933 0.913364 -0.079854
v 3.114933 0.174616 -0.079854
v 3.114933 0.913364 -0.109104
v 3.114933 0.174616 -0.109104
v 3.099525 0.174616 -0.079854
v 3.841413 0.085963 -0.083829
v 3.840004 0.091057 -0.083829
v 3.838557 0.075899 -0.099813
v 3.797014 0.053820 0.213893
v 3.790238 0.062028 0.220716
v 3.794951 0.062028 0.211075
v 3.797779 0.045359 0.214941
v 2.756023 0.024440 -0.106654
v 2.761887 0.024440 -0.101299
v 2.792555 1.048540 -0.100985
v 2.792555 0.966942 -0.100985
v 2.791922 1.049341 -0.102603
v 3.767498 0.966139 -0.102603
v 3.768349 1.050421 -0.104022
v 3.768349 0.965059 -0.104022
v 3.249626 1.049341 -0.102603
v 3.250478 0.965059 -0.104022
v 3.248993 0.966942 -0.100985
v 3.310816 1.048046 -0.099229
v 3.308942 0.965059 -0.104022
v 3.309793 1.049341 -0.102603
v 2.705458 1.124899 -0.141115
v 2.815682 0.857599 -0.100467
v 3.160650 0.230377 -0.100468
v 3.159168 0.859477 -0.103523
v 3.160650 0.857599 -0.100468
v 2.719981 1.105246 -0.121263
v 3.839439 1.105246 -0.121265
v 3.837312 1.103460 -0.118356
v 3.838650 1.104417 0.280085
v 3.817223 0.049489 -0.106593
v 3.810325 0.062028 -0.113546
v 3.802004 0.062028 -0.111285
v 3.801263 0.065395 -0.113731
v 2.774277 0.095784 -0.069579
v 2.771215 0.099857 -0.071311
v 2.766030 0.099855 -0.060698
v 3.829083 0.038719 -0.083829
v 3.827655 0.038719 -0.093641
v 3.826947 0.041690 -0.093241
v 3.826716 0.045359 -0.074550
v 3.828351 0.049484 -0.083829
v 3.826978 0.049484 -0.074402
v 3.405119 0.222344 -0.106284
v 2.749106 0.032788 0.202713
v 2.741307 0.034601 0.206349
v 2.749106 0.034601 0.204229
v 2.757528 0.030851 0.204300
v 2.757330 0.032789 0.204950
v 3.796120 0.058085 0.251503
v 3.797578 0.049489 0.249509
v 3.250478 1.050421 -0.104022
v 3.310426 0.966942 -0.100985
v 3.802636 0.058090 0.257457
v 3.810325 0.058085 0.259546
v 3.810325 0.062028 0.261805
v 3.818645 0.062028 0.259542
v 3.827067 0.065392 0.254971
v 3.819386 0.065395 0.261989
v 2.791070 1.050421 -0.104021
v 2.791070 0.965059 -0.104021
v 3.506003 0.857113 -0.098702
v 3.506127 0.231022 -0.096229
v 3.506003 0.230865 -0.098702
v 2.730547 0.058085 -0.094337
v 2.729018 0.058085 -0.083829
v 2.725427 0.065395 -0.083829
v 2.760800 0.075900 -0.045242
v 2.770715 0.075902 -0.054295
v 2.771301 0.080807 -0.053494
v 2.777338 0.075902 -0.067845
v 2.780494 0.080807 -0.083829
v 2.778105 0.080808 -0.067412
v 3.810325 0.099855 -0.116541
v 3.793403 0.099857 -0.106959
v 3.791905 0.103033 -0.094258
v 3.796227 0.103033 -0.103098
v 3.810325 0.114305 -0.051137
v 3.819478 0.114307 -0.053626
v 3.818777 0.117576 -0.055940
v 3.827238 0.114305 -0.060713
v 3.773191 0.958923 -0.109104
v 3.773191 1.056557 -0.109104
v 2.766028 0.099857 0.255217
v 2.771218 0.099855 0.244607
v 2.767526 0.103033 0.242516
v 3.398271 0.231022 -0.096229
v 3.793581 0.065395 -0.060944
v 2.757427 0.062028 0.204633
v 2.749106 0.065392 0.199726
v 2.758168 0.065395 0.202187
v 2.756310 0.053824 0.208315
v 3.828094 0.119262 -0.093890
v 3.823926 0.119262 -0.102421
v 3.827238 0.114305 -0.106947
v 3.832423 0.114305 -0.096341
v 3.793582 0.065392 0.209204
v 3.788448 0.065395 0.219703
v 2.722636 0.071537 -0.068843
v 2.727499 0.075902 -0.054295
v 2.720875 0.075899 -0.067846
v 3.792932 0.053824 -0.073983
v 3.796119 0.058090 -0.064413
v 3.794951 0.062028 -0.062816
v 3.793933 0.045359 -0.074550
v 3.797013 0.053824 -0.065635
v 3.793670 0.049489 -0.074400
v 3.840862 0.119296 0.280087
v 2.765805 0.024440 0.241543
v 2.767183 0.024440 0.232088
v 2.763147 0.025595 0.251280
v 2.767452 0.025597 0.242476
v 2.764069 0.027123 0.252540
v 2.732183 0.099855 0.255219
v 2.741640 0.103555 0.256726
v 2.735009 0.103033 0.251357
v 2.729841 0.095784 0.258420
v 2.776528 0.091055 -0.099354
v 2.770093 0.091055 -0.112515
v 3.810325 0.025597 -0.056688
v 3.818423 0.027122 -0.057110
v 3.810325 0.027122 -0.054908
v 3.803407 0.024440 -0.061005
v 2.727499 0.075900 0.202554
v 3.796120 0.058085 -0.103246
v 3.790238 0.062028 -0.095202
v 3.794951 0.062028 -0.104843
v 3.802637 0.058085 -0.109197
v 2.770197 0.107066 -0.095769
v 2.766214 0.110416 -0.107212
v 2.771457 0.110416 -0.096484
v 2.766019 0.114305 -0.106946
v 2.757558 0.117577 -0.111717
v 2.764723 0.117576 -0.105175
v 2.730275 0.034601 -0.094490
v 2.734693 0.034600 -0.103529
v 2.740882 0.032788 -0.110969
v 2.756004 0.049484 -0.061067
v 2.762418 0.053824 -0.065635
v 2.756310 0.053820 -0.060058
v 2.761828 0.041690 -0.066440
v 2.761652 0.045359 -0.066682
v 3.796409 0.104855 -0.102850
v 3.789235 0.107066 -0.095770
v 3.794183 0.107066 -0.105893
v 3.788226 0.114305 -0.096341
v 3.828885 0.058085 0.221580
v 3.827068 0.065395 0.209202
v 3.832201 0.065395 0.219703
v 3.832066 0.062028 0.232088
v 3.837052 0.144524 0.280087
v 3.836309 0.145518 -0.116985
v 3.789235 0.107066 0.220147
v 3.788213 0.099855 0.219569
v 3.790388 0.103033 0.232088
v 3.791905 0.103033 0.221660
v 2.770714 0.075899 0.261623
v 3.810325 0.099855 0.264800
v 3.819483 0.099855 0.262309
v 3.817954 0.103034 0.257263
v 3.829261 1.097779 -0.077515
v 2.772532 1.074999 -0.079852
v 3.269015 1.074999 -0.079854
v 3.290404 1.074999 -0.079854
v 3.786888 1.074999 -0.079854
v 3.269015 0.940483 -0.079854
v 3.500135 0.913364 -0.079848
v 3.749231 0.174613 -0.079848
v 3.500135 0.174613 -0.079848
v 2.810199 0.913364 -0.079848
v 3.059295 0.913364 -0.079848
v 3.155167 0.913364 -0.079848
v 3.404263 0.913364 -0.079848
v 3.059295 0.174613 -0.079848
v 3.404263 0.174613 -0.079848
v 3.155167 0.174613 -0.079848
v 3.786888 0.940483 -0.079854
v 3.290404 0.940483 -0.079854
v 3.749231 0.913364 -0.079848
v 2.810199 0.174613 -0.079848
v 2.772532 0.940483 -0.079852
v 2.749106 0.110416 0.265156
v 2.757558 0.117577 0.259976
v 3.823071 0.049484 0.249509
v 3.824529 0.058085 0.251503
v 2.761888 0.024440 0.214618
v 2.756705 0.025597 0.207012
v 2.763148 0.025597 0.212896
v 2.718558 0.142078 -0.123207
v 2.718558 0.142078 0.280088
v 2.722167 0.144295 -0.118275
v 3.837254 0.144295 -0.118275
v 2.766848 0.045359 0.232088
v 2.765760 0.049484 0.222659
v 2.766437 0.038715 0.241900
v 2.767099 0.041690 0.232088
v 3.822295 -0.000000 -0.077053
v 3.827238 0.114305 0.208970
v 3.819478 0.114305 0.201883
v 3.818777 0.117576 0.204199
v 3.832422 0.114307 0.219577
v 3.825942 0.117576 0.210743
v 2.740882 0.032788 0.204949
v 2.736384 0.041690 0.214699
v 2.749106 0.045359 0.256339
v 2.755896 0.045359 0.254493
v 2.756004 0.049484 0.254851
v 2.749106 0.049484 0.256726
v 2.742208 0.049484 0.254851
v 3.823107 0.024440 0.214617
v 3.817242 0.024440 0.209261
v 3.817924 0.025597 0.207012
v 3.810325 0.025597 0.204945
v 3.810325 0.027123 0.203166
v 2.815908 0.229578 -0.102095
v 3.052572 0.230865 -0.098702
v 3.053587 0.229578 -0.102095
v 3.506474 0.857599 -0.100468
v 3.744375 0.859477 -0.103524
v 3.742893 0.857599 -0.100468
v 2.816538 0.230377 -0.100468
v 2.730160 0.119293 -0.077514
v 3.161506 0.857599 -0.100468
v 3.398556 0.858399 -0.102095
v 3.397925 0.857599 -0.100468
v 3.832436 0.099855 -0.096348
v 3.827248 0.099855 -0.106960
v 3.824422 0.103033 -0.103098
v 3.819483 0.099855 -0.114052
v 3.810325 0.103034 -0.111080
v 3.817954 0.103033 -0.109005
v 2.730348 0.038719 -0.083829
v 2.732484 0.041694 -0.074419
v 2.731114 0.041694 -0.083829
v 2.731364 0.045359 -0.083829
v 2.771934 0.107066 -0.083829
v 2.771215 0.099857 -0.096346
v 2.738142 0.071535 -0.120008
v 2.737412 0.075900 -0.122417
v 2.760070 0.071535 -0.047651
v 2.770714 0.075899 -0.054295
v 2.739952 0.114305 -0.114034
v 2.733490 0.117576 -0.105175
v 2.740654 0.117577 -0.111717
v 2.758260 0.114307 -0.114033
v 2.775576 0.071535 -0.068844
v 2.777757 0.071535 -0.083829
v 2.777758 0.071537 -0.083829
v 2.779664 0.075900 -0.083829
v 2.778105 0.080808 -0.100247
v 3.817856 0.104855 -0.058977
v 3.255319 0.958923 -0.109104
v 2.786228 0.958923 -0.109103
v 2.786228 1.056557 -0.109103
v 3.304100 0.958923 -0.109104
v 3.304100 1.056557 -0.109104
v 3.793624 0.024440 -0.093285
v 3.790466 0.025597 -0.083829
v 3.791978 0.025597 -0.094217
v 3.793626 0.024440 -0.074376
v 3.791978 0.025597 -0.073443
v 2.749106 0.095780 0.269329
v 2.749106 0.095783 -0.046591
v 2.749106 0.058086 0.204631
v 2.740786 0.062028 0.204633
v 2.749106 0.062028 0.202371
v 2.740045 0.065395 0.202187
v 3.830729 0.117576 0.243640
v 3.819478 0.114305 0.262292
v 3.825942 0.117576 0.253434
v 3.818776 0.117577 0.259976
v 2.773025 0.114305 0.232088
v 2.769510 0.117577 0.220537
v 2.771192 0.117576 0.232088
v 2.723936 0.095784 -0.098080
v 2.724913 0.110416 -0.083829
v 3.832219 0.028916 -0.083829
v 3.825287 0.027123 -0.063379
v 3.830552 0.028915 -0.072379
v 3.825806 0.028916 -0.062670
v 3.798631 0.075900 0.193499
v 3.822222 0.085961 -0.123088
v 3.810325 0.075901 -0.125597
v 2.761003 0.085961 0.192830
v 2.760070 0.071535 0.195910
v 2.749106 0.075902 0.190320
v 2.761003 0.085961 -0.123087
v 2.760070 0.071535 -0.120008
v 2.749106 0.075900 -0.125597
v 2.749106 0.075900 -0.042061
v 3.810325 0.085961 -0.041337
v 2.749106 0.075900 0.273856
v 3.798428 0.085963 0.271345
v 3.810325 0.075899 0.273855
v 3.810325 0.117577 0.262274
v 2.719294 1.106211 0.280085
v 2.720770 1.104417 0.280085
v 2.749106 0.045359 -0.059579
v 2.749106 0.049484 -0.059191
v 2.742208 0.049489 -0.061066
v 3.789235 0.107066 -0.071890
v 3.792142 0.104855 -0.094124
v 3.790644 0.104854 -0.083829
v 3.790644 0.104855 -0.083829
v 3.822870 0.045359 0.249236
v 3.818549 0.032789 0.259226
v 3.826466 0.107066 0.254151
v 3.832436 0.099855 0.244606
v 3.827246 0.099857 0.255217
v 2.765729 0.041690 -0.093241
v 2.765760 0.049489 -0.093258
v 2.766848 0.045359 -0.083829
v 3.833153 0.107066 -0.083829
v 3.837569 0.095784 -0.083829
v 3.834258 0.099855 -0.083829
v 3.831484 0.027122 0.232088
v 3.830552 0.028915 0.220636
v 3.832218 0.028915 0.232088
v 3.832331 0.030849 0.232088
v 3.830656 0.030850 0.243599
v 2.756705 0.025597 -0.058753
v 2.763147 0.025595 -0.064638
v 2.764069 0.027122 -0.063379
v 2.767181 0.024440 -0.083829
v 2.767452 0.025597 -0.094217
v 2.768964 0.025597 -0.083829
v 2.734381 0.023737 0.240426
v 2.729557 0.027122 0.221020
v 2.773938 1.139034 0.202865
v 3.785482 1.139034 0.202865
v 3.801589 0.107066 0.203262
v 3.817242 0.024440 -0.106655
v 3.810325 0.025597 -0.110972
v 3.817924 0.025597 -0.108906
v 3.828401 0.024440 -0.083829
v 3.827025 0.024440 -0.093285
v 2.729251 0.032788 0.243330
v 2.730274 0.034600 0.242749
v 2.764303 0.032788 0.252859
v 2.763519 0.034601 0.251788
v 3.810325 0.058090 0.204628
v 2.730160 0.119293 -0.079854
v 3.788227 0.114307 -0.071319
v 3.794708 0.117576 -0.062484
v 2.793411 1.048540 -0.100985
v 3.249622 1.050421 -0.104022
v 3.248137 1.048540 -0.100985
v 2.758265 0.099855 -0.053607
v 2.763204 0.103033 -0.064561
v 2.756736 0.103033 -0.058653
v 2.749106 0.099855 -0.051117
v 2.791926 1.050421 -0.104021
v 2.793411 0.966942 -0.100985
v 3.248770 0.966139 -0.102603
v 2.791926 0.965059 -0.104021
v 3.801167 0.099855 -0.114052
v 3.802695 0.103034 -0.109005
v 2.737135 0.000000 0.238866
v 2.772784 0.065392 0.232088
v 2.733910 0.032788 0.211317
v 2.734693 0.034600 0.212389
v 2.741507 0.025597 0.207012
v 3.255319 1.056557 -0.109104
v 3.792249 0.024440 0.232088
v 3.793626 0.024440 0.241542
v 3.796284 0.025595 0.251280
v 3.791978 0.025597 0.242474
v 3.792553 0.119262 -0.093891
v 3.791090 0.119262 -0.083829
v 3.801946 0.028915 -0.111476
v 3.801903 0.030850 -0.111618
v 3.797779 0.045359 -0.100977
v 2.719426 0.091058 -0.083829
v 2.720108 0.080807 -0.100247
v 2.729248 0.025597 -0.083829
v 2.728879 0.028915 -0.072377
v 2.727212 0.028915 -0.083829
v 3.161035 0.857113 -0.098702
v 3.161159 0.231022 -0.096229
v 3.161035 0.230865 -0.098702
v 2.755991 0.041694 0.254807
v 3.801903 0.030849 0.259877
v 3.802100 0.032788 0.259226
v 3.792553 0.119262 0.222026
v 3.791090 0.119262 0.232088
v 3.840862 0.138823 0.280087
v 3.840862 0.122551 0.280087
v 3.823048 0.041690 -0.101219
v 3.825521 0.032788 -0.104600
v 3.840005 0.091055 0.232088
v 3.840004 0.091057 0.232088
v 2.739952 0.114305 -0.053625
v 2.749106 0.114305 -0.051136
v 3.827718 0.053824 -0.073983
v 3.830413 0.058085 -0.083829
v 3.825698 0.062028 -0.062816
v 3.830412 0.062028 -0.072458
v 3.832201 0.065395 -0.071444
v 2.769510 0.117577 -0.072278
v 2.766019 0.114305 -0.060711
v 2.729870 0.119262 0.232088
v 2.731335 0.119262 0.242150
v 2.728702 0.117576 0.243641
v 3.792142 0.104855 0.221793
v 3.790097 0.105243 0.232088
v 2.741009 0.027122 0.258808
v 3.832436 0.099855 0.219569
v 3.827248 0.099855 0.208957
v 3.824422 0.103033 0.212818
v 3.819483 0.099855 0.201866
v 3.810325 0.103033 0.204838
v 3.817791 0.103556 0.207450
v 2.764667 0.030851 0.210820
v 2.769334 0.028917 0.220636
v 3.062719 0.868887 -0.096229
v 3.062719 0.219090 -0.086868
v 3.062719 0.868887 -0.086868
v 3.407687 0.868887 -0.096229
v 3.407687 0.219090 -0.086868
v 3.407687 0.868887 -0.086868
v 3.752655 0.868887 -0.096229
v 3.752655 0.219090 -0.086868
v 3.752655 0.868887 -0.086868
v 3.791979 0.025595 0.221701
v 3.790466 0.025597 0.232088
v 3.790776 0.027122 0.221020
v 3.830729 0.117577 -0.095382
v 3.825942 0.117576 -0.105175
v 2.724913 0.110416 0.232088
v 3.822295 -0.000000 0.225310
v 3.810354 -0.000000 0.232105
v 2.739953 0.114307 0.262292
v 2.749106 0.114305 0.264782
v 2.749106 0.117577 0.262274
v 3.810325 0.117577 0.201902
v 3.810325 0.114305 0.199395
v 2.749106 0.114305 0.199395
v 2.740654 0.117576 0.204199
v 2.749106 0.117577 0.201902
v 2.739953 0.114307 0.201885
v 2.771301 0.080809 0.262424
v 2.764480 0.062028 -0.104842
v 2.772922 0.067974 -0.097312
v 2.769365 0.071536 -0.111520
v 2.775576 0.071535 -0.098815
v 3.810325 0.027122 -0.112751
v 3.810325 0.028915 -0.113754
v 3.819478 0.114305 -0.114034
v 3.810325 0.114305 -0.116523
v 3.810325 0.117577 -0.114015
v 3.801873 0.117577 -0.111717
v 2.771204 0.114305 0.219577
v 2.766019 0.114307 0.208971
v 2.757558 0.117577 0.204200
v 2.764723 0.117576 0.210743
v 3.779237 0.085963 -0.083829
v 3.780646 0.091057 -0.083829
v 3.829261 1.097779 -0.079855
v 2.732193 0.114305 -0.106946
v 2.727008 0.114307 -0.096340
v 2.728703 0.117577 -0.095381
v 3.407687 0.219090 -0.096229
v 3.062719 0.219090 -0.096229
v 3.752655 0.219090 -0.096229
v 3.788717 0.075899 0.202554
v 3.825942 0.117576 -0.062484
v 3.817686 0.119262 -0.059541
v 3.823926 0.119262 -0.065239
v 3.840862 0.138823 -0.123207
v 3.842769 0.138326 0.280087
v 3.843220 0.138089 -0.126430
v 2.718558 0.138823 -0.123207
v 3.830729 0.117577 0.220536
v 3.828096 0.119262 0.222026
v 3.823926 0.119262 0.213497
v 3.810325 0.030849 0.262167
v 3.791494 0.034600 -0.073168
v 3.797060 0.036156 -0.065699
v 3.779237 0.085963 0.232088
v 3.819483 0.099855 -0.053608
v 3.819060 0.107066 -0.055003
v 3.831933 0.075900 -0.113364
v 3.832519 0.080807 -0.114166
v 2.765807 0.024440 -0.093284
v 2.763147 0.025595 -0.103021
v 3.795128 0.032789 0.211317
v 3.797060 0.036156 0.213958
v 3.802100 0.032789 0.204950
v 3.826716 0.045359 0.222808
v 3.823107 0.024440 0.249559
v 3.828671 0.025595 0.242474
v 3.824367 0.025597 0.251280
v 2.719426 0.091058 0.232088
v 2.718548 0.075900 0.232088
v 2.718548 0.075902 0.232088
v 2.730761 0.025595 -0.073443
v 2.729557 0.027122 -0.072761
v 2.736325 0.024440 -0.066359
v 2.735065 0.025597 -0.064637
v 2.729020 0.062028 -0.095202
v 3.810325 0.032788 -0.054455
v 3.825886 0.030849 0.253356
v 3.824737 0.034600 0.251787
v 3.827656 0.036156 0.241900
v 3.823589 0.036156 0.250218
v 2.720875 0.075899 0.216105
v 3.829261 0.119292 -0.079855
v 2.740786 0.062028 0.259543
v 2.739241 0.067976 0.264642
v 3.841712 0.080807 -0.083829
v 3.824366 0.025595 0.212895
v 3.830182 0.025597 0.232088
v 3.828671 0.025595 0.221701
v 3.829873 0.027122 0.221020
v 3.844536 1.143916 0.280085
v 3.846094 1.143616 -0.130360
v 3.797544 0.024440 -0.101299
v 3.796284 0.025595 -0.103021
v 2.766019 0.114307 0.255205
v 2.771204 0.114307 0.244599
v 2.769511 0.117576 0.243641
v 2.764723 0.117576 0.253434
v 3.802637 0.058085 -0.058463
v 3.810325 0.058090 -0.056369
v 3.810325 0.062028 -0.054113
v 3.818645 0.062028 -0.056375
v 2.727499 0.075902 0.261623
v 2.729020 0.062028 0.243461
v 2.772226 1.144458 0.205205
v 3.787194 1.144458 0.205205
v 2.749106 0.027122 -0.054908
v 3.824529 0.058085 0.212672
v 3.818013 0.058090 0.206718
v 3.818645 0.062028 0.204633
v 3.793403 0.099857 -0.060701
v 3.151743 0.868887 -0.086868
v 3.151743 0.219090 -0.096229
v 3.151743 0.868887 -0.096229
v 3.496711 0.219090 -0.096229
v 3.496711 0.868887 -0.086868
v 3.496711 0.219090 -0.086868
v 2.814017 0.860794 -0.104695
v 3.056666 0.862299 -0.105567
v 3.054438 0.859477 -0.103523
v 3.404263 0.222344 -0.106284
v 3.157798 0.225677 -0.105567
v 3.400445 0.227182 -0.104696
v 3.151743 0.219090 -0.086868
v 3.782904 0.091055 0.247612
v 3.502766 0.225677 -0.105567
v 3.744375 0.228499 -0.103524
v 3.746602 0.225677 -0.105567
v 3.496711 0.868887 -0.096229
v 2.806775 0.868887 -0.086868
v 2.806775 0.219090 -0.096228
v 2.806775 0.868887 -0.096228
v 2.806775 0.219090 -0.086868
v 3.802695 0.103033 -0.058653
v 2.728702 0.117576 -0.072277
v 3.834518 0.110418 -0.083829
v 3.792333 0.041694 0.232088
v 3.792583 0.045359 0.232088
v 3.789943 0.034601 0.232088
v 2.758265 0.099855 -0.114052
v 2.749106 0.103033 -0.111080
v 2.749106 0.110418 -0.116897
v 3.801167 0.099855 0.262309
v 3.810325 0.103034 0.259337
v 2.769043 0.103034 0.232088
v 3.788583 0.062028 0.232088
v 3.788448 0.065395 0.244474
v 3.786646 0.065395 0.232088
v 3.160024 0.228499 -0.103523
v 3.504992 0.228499 -0.103524
v 3.156509 0.863933 -0.106104
v 3.401634 0.862299 -0.105567
v 3.158985 0.860794 -0.104695
v 3.501477 0.863933 -0.106104
v 3.746602 0.862299 -0.105567
v 3.502766 0.862299 -0.105567
v 2.810200 0.865632 -0.106284
v 2.723739 0.146632 0.280088
v 2.724604 0.149135 0.280088
v 2.730160 1.097779 -0.079854
v 2.730160 1.097779 -0.077514
v 2.758265 0.099855 0.262311
v 2.749106 0.099855 0.264800
v 3.838557 0.075901 0.248072
v 3.827432 0.110416 0.255471
v 3.824422 0.103034 0.251357
v 3.825287 0.027122 -0.104280
v 3.818703 0.028916 -0.111476
v 3.825886 0.030849 -0.105099
v 3.823107 0.024440 -0.101301
v 3.824367 0.025597 -0.103022
v 3.791566 0.038719 -0.083829
v 3.847115 1.118233 -0.131756
v 2.713395 1.118063 -0.130265
v 3.845390 1.117834 0.280085
v 2.730924 0.104855 0.242382
v 2.730274 0.034600 0.221427
v 2.756705 0.025597 0.257165
v 2.726912 0.080807 -0.114165
v 2.720108 0.080808 -0.100247
v 2.726911 0.080808 -0.114165
v 2.737095 0.080807 -0.123465
v 3.802585 0.105242 -0.109369
v 2.726912 0.080807 0.201752
v 2.737095 0.080807 0.192452
v 3.828400 0.024440 0.232088
v 3.825051 0.023737 0.240424
v 3.832519 0.080807 -0.053494
v 3.822336 0.080809 -0.044193
v 2.764480 0.062028 0.211075
v 3.826946 0.041694 -0.074419
v 3.828316 0.041694 -0.083829
v 3.828067 0.045359 -0.083829
v 3.773191 1.056557 -0.106764
v 3.770571 0.962244 -0.106051
v 3.770571 1.053236 -0.106051
v 3.841610 1.110987 0.280085
v 2.771204 0.114305 -0.071318
v 3.810325 0.099855 0.199376
v 3.790776 0.027122 -0.094898
v 3.788431 0.028916 -0.083829
v 2.767792 0.105242 -0.094408
v 2.762063 0.000000 0.232088
v 2.770197 0.107066 -0.071889
v 2.767526 0.103033 -0.073401
v 2.740786 0.062028 -0.056374
v 2.749106 0.065395 -0.051465
v 2.740045 0.065395 -0.053928
v 3.792142 0.104855 0.242382
v 2.749106 0.114307 -0.116521
v 3.827238 0.114305 0.255205
v 3.802004 0.062028 0.259542
v 3.810325 0.065392 0.264450
v 3.801263 0.065395 0.261989
v 2.731031 0.024440 -0.083829
v 2.729557 0.027122 -0.094896
v 2.764303 0.032788 -0.063058
v 2.755896 0.045359 -0.061425
v 3.782093 0.075899 0.216104
v 3.778937 0.080807 0.232088
v 3.781326 0.080807 0.215670
v 3.788717 0.075900 0.202554
v 3.772336 0.958923 -0.106764
v 3.307576 0.962244 -0.106051
v 3.770999 0.960617 -0.106584
v 2.767451 0.025595 -0.073443
v 2.768655 0.027122 -0.072761
v 2.760376 0.023737 -0.068424
v 2.779664 0.075899 0.232088
v 2.765807 0.024440 0.222633
v 2.761077 0.000000 0.225312
v 2.760376 0.023737 0.216683
v 2.763832 0.023737 0.223751
v 3.307576 1.053236 -0.106051
v 3.772336 1.056557 -0.106764
v 3.768531 1.051736 -0.105187
v 3.253128 0.960617 -0.106584
v 2.790889 0.963744 -0.105185
v 3.250659 0.963744 -0.105185
v 2.734144 0.027122 0.252539
v 3.790775 0.027123 0.221020
v 3.789165 0.027122 0.232088
v 3.788431 0.028916 0.232088
v 3.792249 0.024440 -0.083829
v 3.797368 -0.000000 -0.083829
v 3.795599 0.023737 -0.075493
v 3.794385 0.023737 -0.083829
v 2.772226 1.144458 -0.049855
v 3.304956 1.056557 -0.106764
v 3.309798 0.965059 -0.104022
v 3.768531 0.963744 -0.105187
v 3.827024 0.024440 -0.074376
v 3.829873 0.027122 -0.072762
v 3.787194 1.144458 -0.049855
v 3.499280 0.222344 -0.106284
v 3.501910 0.862299 -0.105567
v 3.503097 0.227182 -0.104696
v 3.154312 0.222344 -0.106284
v 3.156942 0.862299 -0.105567
v 3.158129 0.227182 -0.104695
v 2.773938 1.144458 -0.047515
v 2.773938 1.144458 0.202865
v 2.723326 1.102955 -0.116691
v 3.798355 -0.000000 -0.077053
v 3.798352 0.000023 -0.077052
v 2.768373 0.095780 -0.110162
v 3.825885 0.030850 -0.062561
v 2.730760 0.025597 0.221701
v 2.732406 0.024440 0.222633
v 2.729248 0.025597 0.232088
v 3.829156 0.034600 -0.094492
v 3.779767 0.075899 -0.083829
v 3.802525 0.034600 -0.109569
v 3.818013 0.058090 -0.109200
v 3.818645 0.062028 -0.111285
v 3.819386 0.065395 -0.113731
v 2.738680 0.095784 0.197684
v 3.842068 0.122776 -0.124857
v 3.844275 0.124061 -0.127872
v 3.844471 0.124246 0.280087
v 2.716200 0.123284 -0.126429
v 3.749231 0.868886 -0.086868
v 3.500135 0.868887 -0.096229
v 3.749231 0.868887 -0.096229
v 3.799899 0.095784 -0.118233
v 3.749231 0.220174 -0.086870
v 3.500135 0.220174 -0.096229
v 3.749231 0.220174 -0.096229
v 3.404263 0.868886 -0.086868
v 3.155167 0.868887 -0.096229
v 3.404263 0.868887 -0.096229
v 3.059295 0.220174 -0.086870
v 2.810199 0.220174 -0.096228
v 3.059295 0.220174 -0.096229
v 3.500135 0.219090 -0.086868
v 3.749231 0.219090 -0.096229
v 3.500135 0.219090 -0.096229
v 2.810199 0.219090 -0.086868
v 3.059295 0.219090 -0.096229
v 2.810199 0.219090 -0.096228
v 3.059295 0.868886 -0.086868
v 2.810199 0.868887 -0.096228
v 3.059295 0.868887 -0.096229
v 3.404263 0.220174 -0.086870
v 3.155167 0.220174 -0.096229
v 3.404263 0.220174 -0.096229
v 3.155167 0.219090 -0.086868
v 3.404263 0.219090 -0.096229
v 3.155167 0.219090 -0.096229
v 3.500135 0.867802 -0.086870
v 3.749231 0.867802 -0.096229
v 3.500135 0.867802 -0.096229
v 3.155167 0.867802 -0.086870
v 3.404263 0.867802 -0.096229
v 3.155167 0.867802 -0.096229
v 2.810199 0.867802 -0.086870
v 3.059295 0.867802 -0.096229
v 2.810199 0.867802 -0.096228
v 3.834243 0.114307 -0.083829
v 3.810325 -0.000000 0.214378
v 3.810325 0.023737 0.210302
v 2.764069 0.027123 -0.104280
v 2.764667 0.030849 -0.105099
v 2.778787 0.091055 -0.083829
v 3.792300 0.103556 -0.094035
v 3.796529 0.103555 -0.102686
v 2.741009 0.027123 -0.110550
v 2.744148 0.000000 -0.100191
v 2.739945 0.000000 -0.096352
v 2.749083 0.000000 -0.083860
v 3.751799 0.867802 -0.086870
v 3.751799 0.220174 -0.096229
v 3.751799 0.867802 -0.096229
v 3.406831 0.867802 -0.086870
v 3.406831 0.220174 -0.096229
v 3.406831 0.867802 -0.096229
v 3.061863 0.867802 -0.086870
v 3.061863 0.220174 -0.096229
v 3.061863 0.867802 -0.096229
v 3.152599 0.220174 -0.086870
v 3.152599 0.867802 -0.096229
v 3.152599 0.220174 -0.096229
v 3.497567 0.220174 -0.086870
v 3.497567 0.867802 -0.096229
v 3.497567 0.220174 -0.096229
v 2.807631 0.220174 -0.086870
v 2.807631 0.867802 -0.096228
v 2.807631 0.220174 -0.096228
v 3.820751 0.095783 0.266492
v 2.738680 0.095784 -0.118233
v 3.792299 0.049484 -0.083829
v 3.791501 0.053819 -0.083829
v 2.727365 0.062028 0.232088
v 3.798313 0.080807 0.271723
v 3.788130 0.080809 0.262424
v 2.749106 0.024440 -0.108536
v 2.742189 0.024440 -0.106654
v 2.743007 0.023737 -0.103957
v 2.742189 0.024440 0.254913
v 2.741507 0.025595 0.257164
v 2.713472 0.126291 -0.130158
v 2.714950 0.124246 0.280088
v 3.793582 0.065392 -0.106713
v 2.769331 0.105242 -0.083829
v 2.770195 0.107065 -0.095769
v 2.767792 0.105242 -0.073250
v 3.830656 0.030850 0.220578
v 2.749106 0.049489 -0.108468
v 2.771089 0.085963 0.202041
v 2.777829 0.085961 0.215826
v 2.770266 0.027123 -0.083829
v 2.769333 0.028915 -0.095281
v 2.771000 0.028917 -0.083829
v 2.771000 0.028917 0.232088
v 2.809344 0.222344 -0.106284
v 2.811974 0.862299 -0.105567
v 2.811974 0.225677 -0.105567
v 2.729169 0.103034 -0.083829
v 2.730687 0.103034 -0.094258
v 2.712751 0.128249 0.280088
v 2.714950 0.137129 0.280088
v 2.765850 0.065395 -0.106714
v 2.756794 0.058085 -0.109197
v 2.749106 0.058090 -0.111289
v 2.749106 0.062028 -0.113546
v 3.845812 0.135340 0.280087
v 3.844471 0.137129 0.280087
v 3.845195 0.136300 -0.129129
v 2.757203 0.027122 -0.057110
v 2.756024 0.024440 -0.061003
v 3.844535 1.143916 -0.128230
v 3.844535 1.146628 -0.128230
v 2.714885 1.146628 -0.128230
v 2.714885 1.143916 -0.128230
v 2.714885 1.146628 0.280085
v 2.773938 1.139034 -0.047515
v 3.785482 1.139034 -0.047515
v 2.761077 0.000000 -0.090606
v 2.749138 0.000000 -0.083829
v 3.815283 -0.000000 0.248449
v 2.731169 0.104229 0.221933
v 2.729692 0.104230 0.232088
v 2.729426 0.104855 0.232088
v 2.814200 0.228499 -0.103523
v 2.814200 0.859477 -0.103523
v 2.705576 1.134541 -0.140953
v 3.853262 1.136397 -0.140158
v 2.737412 0.075900 0.270676
v 3.810325 0.058085 -0.111287
v 2.730924 0.104855 -0.094123
v 2.728881 0.105242 -0.083829
v 3.827718 0.053824 -0.093677
v 3.828885 0.058085 -0.094337
v 3.751799 0.220174 -0.086870
v 3.061863 0.220174 -0.086870
v 3.406831 0.220174 -0.086870
v 3.152599 0.867802 -0.086870
v 3.497567 0.867802 -0.086870
v 2.807631 0.867802 -0.086870
v 2.749106 0.024440 0.207381
v 2.756023 0.024440 0.254913
v 3.831932 0.075899 -0.113364
v 3.847115 1.124899 0.280085
v 2.727615 0.032788 0.232088
v 2.741419 0.058086 0.206720
v 2.734901 0.058086 0.212673
v 2.733733 0.062028 0.211075
v 3.793411 0.114305 0.255205
v 3.793218 0.110416 0.255471
v 3.827432 0.110416 -0.060447
v 2.766214 0.110416 -0.060447
v 2.769511 0.117576 -0.095381
v 2.736561 0.045359 -0.100977
v 3.793411 0.114305 0.208970
v 3.793218 0.110416 0.208706
v 2.731998 0.110418 0.255471
v 3.801172 0.114305 0.262292
v 3.801873 0.117577 0.259976
v 2.758260 0.114305 0.201884
v 2.749106 0.028917 0.202163
v 2.716200 0.138089 -0.126429
v 2.716651 0.138326 0.280088
v 3.836833 1.103224 0.280085
v 3.834825 1.102734 0.280085
v 2.727008 0.114307 0.219577
v 2.717719 0.080808 0.232088
v 2.720108 0.080807 0.215671
v 3.827432 0.110418 -0.107213
v 3.790099 0.105242 -0.083829
v 3.783855 0.071535 -0.068844
v 3.788717 0.075901 -0.054295
v 3.782093 0.075900 -0.067846
v 3.781674 0.071535 -0.083829
v 2.742221 0.041694 0.209369
v 2.767938 0.034600 -0.094490
v 2.739942 0.000023 0.219563
v 3.400262 0.859477 -0.103524
v 3.402490 0.225677 -0.105567
v 3.400262 0.228499 -0.103524
v 3.822295 -0.000000 -0.090607
v 2.749106 0.117577 -0.114015
v 2.749106 0.117577 -0.053643
v 2.732484 0.041694 0.241499
v 3.802725 0.025597 -0.108906
v 3.824737 0.034600 -0.103530
v 3.823589 0.036156 -0.101960
v 2.758260 0.114305 0.262293
v 3.810325 0.114307 0.264780
v 3.802637 0.058085 0.206720
v 3.750087 0.222343 -0.106285
v 3.746269 0.227182 -0.104696
v 3.748746 0.863933 -0.106104
v 3.766865 1.048540 -0.100985
v 3.766865 0.966942 -0.100985
v 3.821596 0.023737 -0.099235
v 2.774888 0.067978 -0.083829
v 2.767937 0.034601 0.242749
v 2.724900 0.151840 -0.114537
v 2.724901 0.151840 0.280088
v 3.817503 0.036156 0.255776
v 3.818777 0.117576 -0.111719
v 3.785482 1.144458 0.202865
v 3.789921 0.117577 -0.072278
v 3.405119 0.865632 -0.106284
v 3.060151 0.222344 -0.106284
v 3.060151 0.865632 -0.106284
v 3.797543 0.024440 0.249559
v 3.801163 -0.000000 0.244611
v 3.799054 0.023737 0.247492
v 3.803440 0.041694 0.209368
v 3.782904 0.091055 -0.068305
v 3.161891 0.230865 -0.098702
v 3.397415 0.231022 -0.096229
v 3.397540 0.230865 -0.098702
v 3.161891 0.857113 -0.098702
v 3.052572 0.857113 -0.098702
v 2.816538 0.857599 -0.100467
v 3.052957 0.857599 -0.100468
v 2.731081 0.049484 -0.083829
v 3.783855 0.071535 0.217102
v 3.790066 0.071535 0.204398
v 3.506859 0.230865 -0.098702
v 3.742383 0.231022 -0.096229
v 3.742508 0.230864 -0.098704
v 3.397925 0.230377 -0.100468
v 3.161506 0.230377 -0.100468
v 3.742893 0.230376 -0.100468
v 3.506474 0.230377 -0.100468
v 3.506983 0.856954 -0.096229
v 2.817047 0.856954 -0.096228
v 3.749231 0.867802 -0.086870
v 3.749231 0.219090 -0.086868
v 2.810199 0.220174 -0.086870
v 3.059295 0.867802 -0.086870
v 3.404263 0.867802 -0.086870
v 3.059295 0.219090 -0.086868
v 3.500135 0.220174 -0.086870
v 2.810199 0.868838 -0.086868
v 3.404263 0.219090 -0.086868
v 3.155167 0.220174 -0.086870
v 3.500135 0.868838 -0.086868
v 3.155167 0.868838 -0.086868
v 3.785482 1.144458 -0.047515
v 2.712306 1.118233 0.280085
v 3.810325 0.024440 -0.059122
v 3.815283 -0.000000 -0.067468
v 3.816425 0.023737 -0.063702
v 3.834144 0.067978 -0.070345
v 3.837746 0.091055 0.247612
v 3.827656 0.036156 -0.093642
v 3.820189 0.067974 -0.116381
v 2.768787 0.104855 0.232088
v 2.767043 0.104230 0.242244
v 2.762902 0.103556 0.250945
v 3.819386 0.065395 0.202186
v 2.749106 0.058090 0.259548
v 3.801167 0.099855 -0.053608
v 3.810325 0.103555 -0.057163
v 2.756572 0.103555 0.207452
v 2.749106 0.104230 0.205551
v 2.756536 0.104229 0.207572
v 2.762902 0.103556 0.213231
v 2.766498 0.053820 -0.093676
v 2.763311 0.058085 -0.103244
v 2.767665 0.058085 -0.094337
v 2.741640 0.103555 -0.059191
v 2.749106 0.103555 -0.057161
v 2.741676 0.104230 -0.059313
v 2.735310 0.103555 -0.064972
v 2.705458 1.132968 -0.141115
v 2.705458 1.131231 0.280085
v 2.739947 0.099855 0.262311
v 2.749106 0.103034 0.259339
v 3.802859 0.103555 0.207450
v 2.763204 0.103033 0.251357
v 2.756736 0.103034 0.257264
v 2.730876 0.067978 0.207171
v 2.722637 0.071535 0.217103
v 2.728848 0.071535 0.204398
v 2.739242 0.067974 0.199537
v 3.824422 0.103034 -0.064561
v 3.817791 0.103555 -0.059193
v 2.733625 0.028915 -0.104989
v 2.728879 0.028917 -0.095281
v 2.733545 0.030849 -0.105098
v 2.740728 0.028917 -0.111476
v 3.828553 0.067975 -0.058914
v 3.820190 0.067975 -0.051276
v 3.793582 0.065392 0.254971
v 3.786506 0.067978 0.245572
v 2.730879 0.067974 -0.108743
v 2.722637 0.071535 -0.098815
v 2.728847 0.071536 -0.111520
v 2.739242 0.067974 -0.116381
v 3.839324 0.080808 0.215670
v 3.832308 0.085963 0.202041
v 3.839047 0.085963 0.215826
v 3.828886 0.058090 -0.073322
v 2.720384 0.085963 -0.067567
v 3.839324 0.080807 -0.100248
v 2.768373 0.095780 -0.057496
v 3.838824 0.142966 0.280087
v 3.840862 0.142078 -0.123207
v 2.774886 0.067976 0.232088
v 2.777758 0.071537 0.232088
v 2.775576 0.071535 0.247074
v 2.765850 0.065395 0.209203
v 2.771089 0.085963 0.262135
v 2.761003 0.085961 0.271346
v 2.722636 0.071537 -0.098816
v 2.720456 0.071535 -0.083829
v 3.831311 0.091057 -0.112514
v 3.789921 0.117577 0.220536
v 3.788240 0.117577 0.232088
v 3.840935 1.107868 -0.123310
v 2.718485 1.107868 -0.123309
v 2.718036 1.109388 -0.123922
v 2.718280 1.108463 0.280085
v 2.720384 0.085963 0.248349
v 3.836794 0.071535 0.247074
v 3.830584 0.071536 0.259779
v 2.727022 0.117577 0.232088
v 2.756906 0.034600 0.206349
v 2.762371 0.036156 0.213958
v 3.830182 0.025597 -0.083829
v 3.795913 0.034601 -0.103529
v 3.802525 0.034601 0.257826
v 3.797060 0.036156 0.250218
v 3.802100 0.032788 -0.110969
v 3.825698 0.062028 0.211075
v 3.749232 0.865632 -0.106285
v 2.756794 0.058090 0.206719
v 3.504136 0.859477 -0.103524
v 3.810325 0.024440 0.256793
v 3.817242 0.024440 0.254913
v 3.817924 0.025597 0.257164
v 3.816425 0.023737 0.252216
v 2.768961 0.032789 -0.072588
v 2.769489 0.034601 -0.083829
v 2.767937 0.034601 -0.073168
v 3.766009 0.966942 -0.100985
v 3.311671 0.967435 -0.099229
v 3.765488 0.967602 -0.097404
v 2.814017 0.227182 -0.104695
v 3.057954 0.224043 -0.106104
v 2.810200 0.222344 -0.106284
v 3.766641 1.049341 -0.102603
v 3.311671 1.048046 -0.099229
v 3.310649 1.049341 -0.102603
v 3.765619 1.048046 -0.099230
v 2.763519 0.034600 -0.064129
v 2.762371 0.036156 -0.065699
v 3.248137 0.966942 -0.100985
v 3.247615 0.967602 -0.097404
v 3.310649 0.966139 -0.102603
v 3.304100 1.056557 -0.106764
v 3.307904 0.963744 -0.105185
v 3.304100 0.958923 -0.106764
v 3.057522 0.225677 -0.105567
v 3.056334 0.860794 -0.104695
v 3.057522 0.862299 -0.105567
v 3.402490 0.862299 -0.105567
v 3.251515 0.963744 -0.105185
v 3.252699 1.053236 -0.106051
v 3.255319 0.958923 -0.106764
v 2.744148 0.000000 0.248450
v 3.801946 0.028915 -0.056183
v 3.801903 0.030849 -0.056041
v 3.794764 0.030849 -0.062561
v 3.842506 1.114951 -0.125457
v 3.841702 1.112374 -0.124358
v 3.054438 0.228499 -0.103523
v 2.749106 0.103556 -0.110496
v 2.741575 0.104855 -0.108681
v 2.749106 0.104230 -0.110366
v 2.756572 0.103556 -0.108466
v 2.741575 0.104855 0.207236
v 2.749106 0.104855 0.205189
v 3.810325 0.103555 0.205420
v 3.802895 0.104230 0.207571
v 3.810325 0.104230 0.205551
v 3.817755 0.104230 0.207571
v 2.712306 1.118233 -0.131755
v 3.810325 0.104229 -0.110366
v 3.802794 0.104855 -0.108681
v 3.810325 0.104855 -0.110729
v 3.817755 0.104230 -0.108347
v 2.728879 0.028915 0.243540
v 2.733625 0.028917 0.253249
v 3.829835 0.103556 0.232088
v 3.828261 0.104229 0.221933
v 3.829740 0.104229 0.232088
v 3.828350 0.103556 0.242293
v 3.055294 0.228499 -0.103523
v 3.810325 0.103556 0.258755
v 3.817856 0.104855 0.256939
v 3.810325 0.104230 0.258624
v 3.802895 0.104229 0.256604
v 2.788420 0.960617 -0.106583
v 3.799361 0.071535 -0.047651
v 3.790066 0.071535 -0.056140
v 3.790097 0.028916 -0.095281
v 3.788319 0.030849 -0.083829
v 2.769333 0.028915 0.243540
v 2.764587 0.028915 0.253248
v 3.818703 0.028916 0.204441
v 3.810325 0.030850 0.202010
v 3.837746 0.091055 -0.068305
v 2.740728 0.028915 0.204441
v 2.733545 0.030851 0.210820
v 2.740685 0.030851 0.204300
v 2.716063 1.147248 0.280085
v 2.715787 1.147039 -0.126995
v 3.842457 1.148390 0.280085
v 3.790776 0.027122 -0.072762
v 3.801163 -0.000000 0.219564
v 2.734693 0.034600 -0.064129
v 2.735795 0.053820 0.213895
v 2.731714 0.053820 0.222242
v 2.730547 0.058086 0.221580
v 2.788849 0.962244 -0.106050
v 2.788849 1.053236 -0.106050
v 2.731169 0.104229 0.242244
v 2.735190 0.104855 0.251109
v 2.762834 0.104230 0.250853
v 2.767792 0.105242 0.242667
v 2.763408 0.105242 0.251635
v 2.756536 0.104230 0.256604
v 2.731081 0.103556 -0.073625
v 2.735378 0.104230 -0.065065
v 2.730924 0.104854 -0.073536
v 2.729692 0.104230 -0.083829
v 3.824241 0.104854 0.213067
v 3.828506 0.104854 0.221793
v 3.830005 0.104855 0.232088
v 3.824737 0.034600 0.212388
v 3.817503 0.036156 0.208399
v 3.823589 0.036156 0.213958
v 3.750088 0.865632 -0.106285
v 3.746269 0.860794 -0.104696
v 2.740728 0.028915 0.259735
v 2.749106 0.028917 0.262013
v 3.742383 0.856954 -0.079848
v 3.506983 0.856954 -0.086868
v 3.742383 0.856954 -0.086868
v 3.162015 0.856954 -0.086868
v 3.397415 0.856954 -0.079848
v 3.162015 0.856954 -0.079848
v 3.742383 0.231022 -0.086868
v 3.506983 0.231022 -0.079848
v 3.742383 0.231022 -0.079848
v 3.397415 0.231022 -0.086868
v 3.162015 0.231022 -0.079848
v 3.397415 0.231022 -0.079848
v 2.817047 0.856954 -0.086868
v 3.052447 0.856954 -0.079848
v 2.817047 0.856954 -0.079848
v 3.506983 0.856954 -0.079848
v 3.162015 0.231022 -0.086868
v 3.307904 1.051736 -0.105185
v 3.506983 0.231022 -0.086868
v 3.052447 0.231022 -0.086868
v 2.817047 0.231022 -0.079848
v 3.052447 0.231022 -0.079848
v 3.397415 0.856954 -0.086868
v 3.052447 0.856954 -0.086868
v 2.817047 0.231022 -0.086868
v 2.767043 0.104229 0.221933
v 2.763022 0.104855 0.213068
v 2.767289 0.104855 0.221795
v 3.828507 0.104855 0.242382
v 3.824053 0.104229 0.250851
v 3.830729 0.117576 -0.095382
v 3.789921 0.117577 -0.095382
v 2.758268 0.000000 0.219566
v 2.749135 0.000000 0.232072
v 2.725291 0.067974 -0.070346
v 3.805366 -0.000000 -0.100192
v 3.788213 0.099855 -0.096348
v 3.790388 0.103033 -0.083829
v 3.828261 0.104229 -0.093985
v 3.830005 0.104854 -0.083829
v 2.771191 0.117577 0.232088
v 2.730281 0.053820 0.232088
v 2.731713 0.053824 0.241935
v 2.730280 0.053824 0.232088
v 3.847115 1.118233 0.280085
v 3.790097 0.028915 0.220636
v 3.794764 0.030849 0.210819
v 3.795363 0.027122 -0.063379
v 2.749106 0.103033 0.204838
v 2.756736 0.103033 0.206912
v 2.733625 0.028915 0.210929
v 2.739947 0.099855 -0.053607
v 2.768616 0.103556 -0.083829
v 2.767043 0.104229 -0.093984
v 2.768787 0.104855 -0.083829
v 2.767043 0.104229 -0.073674
v 3.788448 0.065395 -0.096215
v 3.784544 0.067978 -0.083829
v 2.749106 0.080809 -0.126731
v 3.798313 0.080808 -0.123465
v 3.810325 0.080808 -0.126731
v 3.840883 0.075901 -0.083829
v 3.838557 0.075901 -0.067846
v 3.822336 0.080808 0.271724
v 3.810325 0.080809 0.274990
v 2.761118 0.080808 -0.044193
v 2.749106 0.080807 -0.040928
v 2.761118 0.080807 0.271724
v 2.749106 0.080807 0.274990
v 3.810325 0.075901 -0.042062
v 3.798631 0.075899 -0.045242
v 2.749106 0.080809 0.189187
v 3.798313 0.080809 0.192452
v 3.810325 0.080807 0.189187
v 3.824121 0.103555 -0.064974
v 3.828350 0.103555 -0.073625
v 3.824053 0.104229 -0.065066
v 2.732407 0.024440 -0.074375
v 2.737835 0.023737 -0.068424
v 3.792300 0.103555 0.221882
v 3.790814 0.103555 0.232088
v 3.790910 0.104229 0.232088
v 2.768616 0.103556 0.232088
v 3.404263 0.865632 -0.106284
v 2.749106 0.104229 0.258625
v 2.749106 0.104855 0.258988
v 2.741575 0.104855 0.256940
v 2.749106 0.104230 -0.057293
v 2.749106 0.104855 -0.056930
v 3.817755 0.104230 -0.059313
v 3.810325 0.104230 -0.057294
v 3.802859 0.103556 -0.059193
v 3.828506 0.104854 -0.073536
v 3.829151 0.053824 -0.083829
v 2.725287 0.067978 0.218603
v 2.720456 0.071535 0.232088
v 2.722637 0.071535 0.247074
v 3.829740 0.104229 -0.083829
v 2.757203 0.027122 -0.110549
v 3.368311 0.268991 -0.105003
v 3.191119 0.268991 -0.105003
v 3.191119 0.818986 -0.105003
v 2.749106 0.028917 -0.053904
v 3.796409 0.104854 0.213067
v 3.830181 0.032788 0.243330
v 3.825521 0.032788 0.252859
v 3.802895 0.104230 -0.059313
v 3.810325 0.104855 -0.056930
v 3.802794 0.104855 -0.058979
v 3.796596 0.104230 -0.065066
v 3.817791 0.103556 -0.108467
v 3.824053 0.104230 -0.102594
v 2.735378 0.104230 0.213324
v 2.730924 0.104855 0.221795
v 2.734804 0.105242 0.212541
v 2.741640 0.103555 0.207452
v 2.741676 0.104230 0.207572
v 2.749106 0.103556 0.205422
v 2.735378 0.104229 0.250853
v 3.802859 0.103555 0.256725
v 3.796529 0.103556 0.250944
v 3.822336 0.080809 -0.123465
v 2.756638 0.104855 -0.108681
v 2.762902 0.103555 -0.102686
v 2.741575 0.104855 -0.058977
v 2.734804 0.105242 -0.064282
v 2.730924 0.104855 -0.073536
v 2.716965 1.148390 0.280085
v 3.817856 0.104855 0.207236
v 3.824053 0.104230 0.213324
v 3.781326 0.080808 -0.100248
v 3.781603 0.085963 -0.100091
v 3.788130 0.080809 -0.114166
v 2.767289 0.104855 -0.073536
v 2.762834 0.104230 -0.065065
v 2.735310 0.103555 -0.102686
v 2.735190 0.104854 -0.102850
v 3.802895 0.104230 -0.108347
v 2.756572 0.103555 -0.059191
v 3.788342 0.085963 -0.113876
v 3.798428 0.085963 -0.123088
v 2.741640 0.103555 -0.108466
v 2.756572 0.103555 0.256726
v 2.749106 0.103555 0.258755
v 2.761118 0.080807 0.192452
v 2.771301 0.080809 0.201752
v 2.737094 0.080808 -0.044193
v 2.737209 0.085961 0.192830
v 2.731169 0.104230 -0.093984
v 2.737094 0.080809 -0.123465
v 2.727123 0.085961 -0.113876
v 2.737209 0.085963 -0.123087
v 2.761118 0.080809 -0.123465
v 3.822336 0.080807 0.192452
v 3.832519 0.080807 0.201751
v 2.737094 0.080809 0.271724
v 3.792299 0.103555 0.242293
v 3.044659 0.845999 -0.098026
v 3.048955 0.236532 -0.096896
v 2.771192 0.117576 -0.083829
v 2.771191 0.117577 -0.083829
v 3.817791 0.103555 0.256725
v 3.824053 0.104230 0.250851
v 3.832308 0.085963 -0.053783
v 3.822222 0.085961 -0.044571
v 3.713279 0.818986 -0.105003
v 3.536087 0.818986 -0.105003
v 3.719859 0.260652 -0.103964
v 2.727023 0.117578 -0.083829
v 2.727022 0.117577 -0.083829
v 2.842848 0.823173 -0.104645
v 3.832308 0.085961 0.262135
v 3.822222 0.085963 0.271345
v 3.181308 0.831420 -0.102961
v 3.374891 0.827325 -0.103963
v 3.824121 0.103555 0.250944
v 2.778786 0.091058 0.232088
v 2.776527 0.091058 0.247613
v 3.802227 0.027122 -0.110550
v 3.788130 0.080808 -0.114166
v 2.719426 0.091055 -0.083829
v 3.789993 0.030849 0.243599
v 2.741306 0.034600 -0.058090
v 2.735842 0.036156 -0.065699
v 2.730275 0.034601 -0.073168
v 2.731169 0.104229 -0.093984
v 2.729596 0.103556 -0.083829
v 3.834519 0.151840 0.280087
v 3.834519 0.151840 -0.114537
v 3.818423 0.027122 -0.110550
v 2.741009 0.027122 -0.057110
v 2.740728 0.028917 -0.056182
v 2.734143 0.027123 -0.063378
v 2.757484 0.028915 0.259735
v 3.792994 0.038719 0.222277
v 2.755991 0.041690 -0.061109
v 2.749106 0.041694 -0.059238
v 2.756285 0.038715 0.208399
v 2.749106 0.038715 0.206448
v 2.755991 0.041694 0.209369
v 2.762370 0.038719 0.213959
v 2.749106 0.024440 0.256794
v 2.724596 1.102734 -0.114956
v 3.834825 1.102734 -0.114957
v 3.796529 0.103555 0.213231
v 3.792388 0.104230 0.221933
v 3.518990 0.247324 -0.099611
v 3.514771 0.845999 -0.098026
v 3.792993 0.038715 -0.074018
v 3.797060 0.038715 -0.065699
v 3.792994 0.038719 -0.074018
v 3.791565 0.038715 -0.083829
v 3.044659 0.241977 -0.098026
v 3.040440 0.247324 -0.099611
v 3.040440 0.840654 -0.099611
v 3.796596 0.104230 0.250851
v 3.792300 0.103556 -0.073625
v 3.796596 0.104229 -0.065066
v 3.792388 0.104229 -0.073675
v 3.790815 0.103556 -0.083829
v 3.791639 0.105242 -0.094409
v 3.787497 0.107066 -0.083829
v 2.731775 0.038715 -0.074017
v 3.824121 0.103556 -0.102686
v 3.828350 0.103556 -0.094035
v 2.829054 0.247324 -0.099611
v 3.510475 0.236532 -0.096896
v 3.743239 0.231022 -0.096229
v 3.510475 0.851444 -0.096896
v 3.385408 0.247324 -0.099611
v 3.829149 0.053820 0.232088
v 3.829151 0.053824 0.232088
v 3.827716 0.053820 0.241934
v 3.791501 0.053820 0.232088
v 2.768655 0.027122 0.243156
v 2.734143 0.027123 -0.104280
v 2.761852 0.049489 0.249511
v 2.766498 0.053820 0.241935
v 2.789705 1.053236 -0.106050
v 3.254463 1.056557 -0.106764
v 3.250659 1.051736 -0.105185
v 3.823589 0.038715 0.213958
v 3.817503 0.038715 0.208399
v 3.823047 0.041694 0.214698
v 3.827655 0.038719 0.222277
v 3.368311 0.818986 -0.105003
v 3.251515 1.051736 -0.105185
v 2.731714 0.053820 -0.093676
v 2.730281 0.053820 -0.083829
v 2.772925 0.067978 -0.070344
v 2.769366 0.071537 -0.056138
v 2.770982 0.065395 -0.071444
v 3.842862 1.147762 -0.125944
v 2.716557 1.147762 -0.125943
v 2.761888 0.024440 -0.066359
v 2.754064 0.000000 -0.067468
v 3.791059 0.095780 -0.057496
v 3.785152 0.095780 -0.069579
v 3.782905 0.091057 0.247612
v 3.791059 0.095780 0.258421
v 3.713279 0.268991 -0.105003
v 2.766437 0.036156 -0.093641
v 2.767865 0.036156 -0.083829
v 2.722368 0.144524 0.280088
v 3.789922 0.117578 0.243638
v 3.792553 0.119262 0.242149
v 2.735506 0.119262 0.250678
v 2.741746 0.119262 -0.059540
v 3.797578 0.049489 0.214666
v 2.735505 0.119262 -0.102421
v 2.756467 0.119262 -0.108120
v 3.823926 0.119262 0.250678
v 2.762708 0.119262 -0.065238
v 2.766878 0.119262 0.242150
v 3.789337 0.091055 0.203402
v 3.785154 0.095784 0.217838
v 2.772925 0.067978 0.218603
v 2.732407 0.024440 -0.093284
v 2.733167 0.023737 -0.083829
v 3.827025 0.024440 0.222632
v 2.706951 1.138123 -0.139073
v 2.706610 1.137451 0.280085
v 2.724596 1.102734 0.280085
v 3.840862 0.142078 0.280087
v 2.721686 0.091058 0.216565
v 3.788240 0.117577 -0.083829
v 2.730687 0.103034 0.242516
v 3.828744 0.103033 -0.094258
v 2.741902 0.053820 0.255859
v 3.792096 0.067975 -0.108746
v 3.800460 0.067974 -0.116381
v 2.730879 0.067974 0.257002
v 2.763204 0.103034 0.212820
v 2.767526 0.103033 0.221660
v 2.756023 0.024440 0.209264
v 3.788130 0.080809 0.201751
v 2.786228 1.056557 -0.106763
v 2.787564 0.960617 -0.106583
v 2.734380 0.023737 0.223751
v 3.781326 0.080808 -0.067412
v 2.725291 0.067974 -0.097312
v 2.771089 0.085961 -0.113876
v 2.707937 1.139682 -0.137725
v 3.828744 0.103033 0.221660
v 2.741366 0.105242 0.206548
v 3.802794 0.104855 0.256939
v 3.830262 0.103034 0.232088
v 3.828350 0.103555 0.242293
v 2.756638 0.104855 0.207236
v 3.829012 0.105243 0.242667
v 3.824241 0.104855 0.251109
v 2.741366 0.105242 0.257628
v 2.730687 0.103034 -0.073401
v 2.767792 0.105242 0.221509
v 2.769332 0.105242 0.232088
v 3.810325 0.104855 0.205189
v 3.791765 0.058085 0.221580
v 3.830550 0.105242 -0.083829
v 3.831414 0.107064 -0.095769
v 3.829010 0.105242 -0.073250
v 2.756638 0.104855 0.256940
v 2.756846 0.105242 -0.109369
v 2.749106 0.104855 -0.110729
v 3.810325 0.104855 0.258988
v 2.728879 0.105244 0.232088
v 3.817856 0.104855 -0.108681
v 2.717561 1.113187 0.280085
v 3.830552 0.105243 0.232088
v 3.787973 0.110416 0.219433
v 3.793218 0.110418 -0.060447
v 3.836104 0.067975 0.232088
v 3.836794 0.071535 0.217102
v 2.728017 0.107065 -0.095769
v 2.734804 0.105242 -0.103376
v 2.758972 0.067978 0.264645
v 3.828553 0.067975 -0.108746
v 3.828555 0.067978 0.207171
v 3.784544 0.067978 0.232088
v 2.730421 0.105242 0.221509
v 3.834003 0.065395 -0.083829
v 2.772923 0.067976 0.245572
v 3.827656 0.038715 -0.074018
v 3.823589 0.038715 -0.065699
v 3.810325 0.024440 0.207382
v 3.841141 1.108463 0.280085
v 3.841384 1.109388 -0.123922
v 2.731775 0.036156 0.222277
v 2.730347 0.036156 0.232088
v 2.730347 0.038715 0.232088
v 2.731775 0.038715 0.241900
v 2.756285 0.036156 0.255777
v 2.762371 0.038715 0.250219
v 2.756285 0.038719 0.255776
v 2.749106 0.036156 0.257729
v 3.822295 -0.000000 0.238865
v 3.827656 0.036156 0.222275
v 2.731775 0.038715 0.222277
v 2.735842 0.036156 0.213958
v 3.738892 0.236532 -0.096896
v 3.743239 0.856954 -0.096229
v 2.741927 0.038715 -0.060140
v 2.742221 0.041694 -0.061109
v 2.735842 0.038715 -0.065699
v 2.741927 0.036156 0.255777
v 2.749106 0.038719 0.257728
v 2.741927 0.038715 0.255777
v 2.735842 0.036156 0.250219
v 3.817503 0.038715 -0.107518
v 3.810325 0.038715 -0.109470
v 3.817209 0.041694 -0.106550
v 3.823589 0.038715 -0.101960
v 3.161159 0.856954 -0.096229
v 3.393924 0.236532 -0.096896
v 2.766437 0.038715 -0.093641
v 2.762371 0.038715 -0.101960
v 2.767865 0.038715 -0.083829
v 3.750087 0.867802 -0.096229
v 3.750087 0.868887 -0.096229
v 2.761888 0.024440 0.249559
v 3.405119 0.867802 -0.096229
v 3.405119 0.868887 -0.096229
v 3.794709 0.117577 -0.062485
v 3.154311 0.220174 -0.096229
v 3.154311 0.219090 -0.096229
v 2.762902 0.103555 -0.064972
v 2.767131 0.103556 -0.073625
v 3.499279 0.220174 -0.096229
v 3.499279 0.219090 -0.096229
v 2.809343 0.220174 -0.096228
v 2.809343 0.219090 -0.096228
v 3.773191 0.958923 -0.106764
v 3.060151 0.867802 -0.096229
v 3.060151 0.868887 -0.096229
v 3.840862 0.122551 -0.123207
v 2.718558 0.122551 -0.123207
v 3.851264 1.139971 0.280085
v 3.750087 0.220174 -0.096229
v 3.750087 0.219090 -0.096229
v 2.720384 0.085961 -0.100090
v 2.718017 0.085963 -0.083829
v 2.720384 0.085963 -0.100090
v 3.810325 0.028916 -0.053904
v 3.810325 0.028916 0.202163
v 3.801903 0.030849 0.204298
v 3.810325 0.028916 0.262013
v 3.818746 0.030849 0.259877
v 3.801946 0.028915 0.259734
v 2.749106 0.028915 -0.113753
v 2.740685 0.030851 -0.111618
v 2.757485 0.028917 -0.111476
v 3.810325 0.030849 -0.113909
v 2.749106 0.030849 0.202010
v 2.749106 0.030849 0.262167
v 2.749106 0.030849 -0.053750
v 3.405119 0.220174 -0.096229
v 3.405119 0.219090 -0.096229
v 2.769437 0.030849 0.220578
v 2.771112 0.030849 0.232088
v 3.060151 0.220174 -0.096229
v 3.060151 0.219090 -0.096229
v 3.841413 0.085963 0.232088
v 3.398781 0.230377 -0.100468
v 3.803146 0.036156 -0.060142
v 3.810325 0.038715 -0.058190
v 3.803146 0.038719 -0.060143
v 3.823589 0.038715 0.250218
v 3.817503 0.038719 0.255775
v 3.810325 0.036156 0.257728
v 2.749106 0.024440 -0.059122
v 3.399406 0.228499 -0.103524
v 3.154312 0.865632 -0.106284
v 2.809344 0.865632 -0.106284
v 3.810325 0.038715 0.206448
v 3.827656 0.038715 -0.093642
v 3.810325 0.038715 0.257728
v 3.810325 0.041690 0.256680
v 3.803146 0.038715 0.255776
v 3.810325 0.036156 0.206448
v 3.803146 0.038715 0.208399
v 2.733545 0.030849 0.253358
v 2.749106 0.038715 -0.058189
v 2.749106 0.036156 0.206448
v 2.741928 0.038719 0.208400
v 2.756285 0.036156 0.208399
v 3.817503 0.038719 -0.060143
v 3.810325 0.041694 -0.059238
v 3.810325 0.036156 -0.109470
v 3.803146 0.038715 -0.107518
v 3.817503 0.036156 -0.107518
v 2.749106 0.036156 -0.109470
v 2.741927 0.038715 -0.107517
v 2.749106 0.038719 -0.109469
v 2.756285 0.036156 -0.107517
v 2.741927 0.036156 0.208399
v 2.735842 0.038715 0.213958
v 3.817503 0.036156 -0.060142
v 3.810325 0.036156 -0.058190
v 2.766437 0.038715 0.222277
v 2.767865 0.038715 0.232088
v 3.803146 0.036156 0.255776
v 2.756285 0.038715 -0.107517
v 3.797060 0.038715 -0.101960
v 3.803439 0.041690 -0.106550
v 3.823047 0.041694 -0.066441
v 2.735842 0.038719 -0.101958
v 2.742221 0.041690 -0.106550
v 3.499279 0.868887 -0.096229
v 3.499279 0.867802 -0.096229
v 3.810354 -0.000000 -0.083847
v 3.154311 0.868887 -0.096229
v 3.154311 0.867802 -0.096229
v 2.766437 0.036156 0.222277
v 2.809343 0.868887 -0.096228
v 2.809343 0.867802 -0.096228
v 2.735842 0.036156 -0.101960
v 2.731776 0.038719 -0.093641
v 2.741927 0.036156 -0.107517
v 3.803146 0.036156 0.208399
v 3.743523 0.229578 -0.102095
v 3.823636 0.053820 0.250282
v 3.797060 0.036156 -0.101960
v 3.792994 0.038719 -0.093641
v 3.803146 0.036156 -0.107518
v 3.159168 0.228499 -0.103523
v 3.504136 0.228499 -0.103524
v 3.803121 0.053820 0.208316
v 3.810325 0.053824 0.206356
v 3.499280 0.865632 -0.106284
v 3.829084 0.038715 0.232088
v 3.827655 0.038719 0.241900
v 3.797060 0.038715 0.250218
v 3.797603 0.041694 0.249477
v 3.792993 0.038715 0.241900
v 3.823048 0.041690 0.249477
v 3.823047 0.041694 0.249477
v 3.817210 0.041690 0.254808
v 3.817529 0.053820 0.255859
v 3.823637 0.053824 0.250283
v 3.818013 0.058090 0.257457
v 3.810325 0.053820 0.257818
v 2.766500 0.053824 -0.073983
v 2.728016 0.107066 0.220148
v 2.765760 0.049484 0.241517
v 2.767931 0.053820 0.232088
v 2.756310 0.053820 -0.107600
v 2.762417 0.053820 -0.102023
v 2.749106 0.053820 0.257818
v 2.756310 0.053824 0.255861
v 3.792993 0.036156 -0.093642
v 3.791565 0.036156 -0.083829
v 3.792993 0.036156 -0.074018
v 2.741902 0.053820 -0.060058
v 2.749106 0.053820 -0.058100
v 3.803121 0.053819 -0.107601
v 3.810325 0.053824 -0.109561
v 3.788227 0.114307 -0.096340
v 2.762417 0.053820 0.213895
v 2.765760 0.049489 0.222659
v 3.810325 0.053820 -0.058100
v 3.803121 0.053824 -0.060057
v 2.731775 0.036156 0.241900
v 2.735842 0.038719 0.250217
v 3.817529 0.053819 -0.107601
v 3.793670 0.049489 0.241516
v 3.797014 0.053820 0.250282
v 2.749106 0.053820 -0.109559
v 2.741901 0.053824 -0.107603
v 3.792993 0.036156 0.241900
v 3.791565 0.036156 0.232088
v 2.749106 0.053820 0.206359
v 2.741902 0.053820 0.208317
v 3.817529 0.053824 -0.060057
v 2.766437 0.038715 -0.074018
v 2.762371 0.038715 -0.065699
v 3.829873 0.027122 0.243155
v 3.817529 0.053824 0.208315
v 3.832422 0.114307 -0.096340
v 3.829084 0.036156 -0.083829
v 3.827656 0.036156 -0.074018
v 3.247615 1.047878 -0.097404
v 2.793932 1.047878 -0.097403
v 2.756285 0.036156 -0.060140
v 3.788227 0.114307 0.219577
v 3.802227 0.027122 -0.057110
v 2.766500 0.053824 0.222242
v 2.730347 0.036156 -0.083829
v 2.731775 0.036156 -0.093641
v 3.825287 0.027122 0.211638
v 3.825806 0.028915 0.210928
v 3.829874 0.027123 0.221020
v 3.792993 0.036156 0.222275
v 3.023343 0.268991 -0.105003
v 2.846151 0.268991 -0.105003
v 3.536087 0.268991 -0.105003
v 2.735795 0.053820 0.250282
v 3.810302 -0.000000 -0.083799
v 3.832677 0.110418 0.219433
v 3.834518 0.110418 0.232088
v 2.729166 0.103032 0.232088
v 3.827432 0.110416 -0.107212
v 2.771458 0.110418 0.219434
v 3.059295 0.865632 -0.106284
v 2.771458 0.110418 0.244743
v 2.761852 0.049484 -0.066408
v 3.786132 0.110416 -0.083829
v 3.802227 0.027122 0.258807
v 3.795363 0.027122 0.252539
v 3.827432 0.110418 0.208705
v 2.732193 0.114305 0.208971
v 3.248604 1.048046 -0.099229
v 2.727008 0.114305 -0.096340
v 2.731998 0.110418 -0.107212
v 2.731998 0.110418 0.208706
v 3.500136 0.222344 -0.106284
v 3.749231 0.222343 -0.106285
v 2.723327 0.067976 -0.083829
v 3.818703 0.028916 -0.056182
v 3.174022 0.247324 -0.099611
v 3.181308 0.256556 -0.102961
v 3.247748 1.048046 -0.099229
v 2.767526 0.103034 -0.094258
v 2.769043 0.103034 -0.083829
v 3.059295 0.222344 -0.106284
v 3.844536 1.146628 0.280085
v 2.767865 0.036156 0.232088
v 2.766437 0.036156 0.241900
v 2.762371 0.036156 0.250219
v 2.846151 0.818986 -0.105003
v 2.829054 0.840654 -0.099611
v 2.733625 0.028915 -0.062670
v 2.767337 0.067978 -0.108747
v 3.155168 0.222344 -0.106284
v 3.786506 0.067978 0.218603
v 2.777338 0.075900 -0.067846
v 3.803121 0.053820 0.255859
v 2.714225 0.136300 -0.129128
v 2.787084 0.958923 -0.106763
v 3.254463 0.958923 -0.106764
v 3.841712 0.080807 0.232088
v 2.780494 0.080808 0.232088
v 2.749106 0.036156 -0.058189
v 2.741927 0.036156 -0.060140
v 3.743239 0.856954 -0.096869
v 3.830656 0.030850 -0.095340
v 2.720874 0.075902 -0.067845
v 3.838557 0.075901 0.216104
v 2.730347 0.038715 -0.083829
v 3.053303 0.231022 -0.096229
v 2.731714 0.053820 0.241935
v 3.828553 0.067975 0.257003
v 3.831933 0.075901 0.202553
v 3.506127 0.856954 -0.096229
v 2.771301 0.080807 0.262424
v 3.836094 1.102955 -0.116692
v 3.840882 0.075899 -0.083829
v 2.770982 0.065395 0.219703
v 2.772785 0.065395 -0.083829
v 3.845947 0.126290 -0.130158
v 3.831484 0.027122 -0.083829
v 3.828671 0.025597 -0.073443
v 3.810325 0.065395 -0.116195
v 2.758971 0.067974 -0.051278
v 3.790388 0.103034 -0.083829
v 3.810325 0.065392 0.199725
v 2.730346 0.036155 0.232088
v 2.729557 0.027122 0.243156
v 2.763408 0.105242 -0.064282
v 2.723876 0.146928 -0.115938
v 3.767493 0.965059 -0.104022
v 3.834144 0.067978 0.218603
v 3.784545 0.067975 -0.083829
v 2.767334 0.067974 0.207174
v 3.791565 0.038715 0.232088
v 2.731775 0.036156 -0.074017
v 2.716651 0.123048 0.280088
v 2.776352 0.095780 -0.083829
v 3.834140 0.067974 0.245571
v 2.736360 0.049489 0.214666
v 2.730687 0.103034 0.221660
v 2.729169 0.103034 0.232088
v 2.729596 0.103555 0.232088
v 2.722587 1.103224 0.280085
v 3.255319 1.056557 -0.106764
v 3.304956 0.958923 -0.106764
v 3.052447 0.231022 -0.096229
v 2.816923 0.230865 -0.098702
v 2.817047 0.231022 -0.096228
v 3.793626 0.024440 0.222633
v 3.792994 0.038719 0.241900
v 3.792300 0.103555 -0.094035
v 3.845812 0.126033 0.280087
v 3.767493 1.050421 -0.104022
v 3.309798 1.050421 -0.104022
v 2.764667 0.030849 0.253358
v 3.829084 0.038715 -0.083829
v 3.792993 0.038715 0.222275
v 3.399406 0.859477 -0.103524
v 2.731081 0.103555 0.221884
v 2.769043 0.103034 -0.083829
v 2.767131 0.103555 -0.073625
v 2.786228 0.958923 -0.106763
v 2.762418 0.053824 0.213894
v 2.756285 0.038715 -0.060140
v 2.761828 0.041690 0.214699
v 3.155168 0.865632 -0.106284
v 2.787084 1.056557 -0.106763
v 3.830262 0.103034 -0.083829
v 3.802859 0.103555 -0.108467
v 3.810325 0.103556 -0.110497
v 3.817954 0.103034 -0.109005
v 2.816191 0.231022 -0.096228
v 2.820539 0.236532 -0.096896
v 3.397415 0.856954 -0.096229
v 2.780494 0.080809 -0.083829
v 3.500136 0.865632 -0.106284
v 2.706158 1.136397 -0.140157
v 3.827068 0.065395 -0.060944
v 3.055294 0.859477 -0.103523
v 3.745231 0.228499 -0.103524
v 3.053303 0.856954 -0.096229
v 2.766437 0.036156 -0.074018
v 3.504992 0.859477 -0.103524
v 2.735009 0.103034 -0.103098
v 3.828350 0.103556 0.221882
v 3.160024 0.859477 -0.103523
v 3.742383 0.856954 -0.096869
v 3.781603 0.085961 0.215826
v 3.249622 0.965059 -0.104022
v 3.053587 0.858399 -0.102095
v 2.815056 0.859477 -0.103523
v 2.749074 0.000000 -0.083829
v 2.749129 0.000000 0.232058
v 3.792299 0.103555 0.221882
v 3.798966 0.091055 -0.046350
v 2.731081 0.103555 0.242293
v 2.735310 0.103555 0.250945
v 3.826946 0.041694 0.222677
v 2.778105 0.080809 0.215671
v 2.749135 0.000000 -0.083813
v 2.729018 0.058086 0.232088
v 2.723325 0.067978 -0.083829
v 2.722637 0.071535 -0.068844
v 2.735310 0.103556 0.213231
v 3.828744 0.103034 -0.094258
v 3.824121 0.103555 -0.102686
v 3.767498 1.049341 -0.102603
v 2.730348 0.038719 0.232088
v 2.731114 0.041694 0.232088
v 2.733733 0.062028 -0.104842
v 2.764069 0.027122 0.211638
v 2.731081 0.103555 -0.073625
v 2.729596 0.103555 -0.083829
v 3.723091 0.831420 -0.102961
v 3.795362 0.027123 -0.104281
v 3.785154 0.095784 -0.069579
v 3.830181 0.032788 -0.095071
v 2.793932 0.967602 -0.097403
v 3.828351 0.049489 0.232088
v 2.749106 0.041690 0.207496
v 2.755991 0.041690 -0.106550
v 2.761828 0.041694 -0.101218
v 2.790033 0.963744 -0.105185
v 2.734144 0.027122 0.211638
v 3.810325 0.041694 -0.108422
v 3.810325 0.041690 0.207496
v 2.749106 0.041694 0.256679
v 2.749106 0.041694 -0.108420
v 3.803440 0.041694 0.254807
v 3.817210 0.041690 -0.061109
v 3.790776 0.027122 0.243155
v 3.817209 0.041694 0.209368
v 2.749128 0.119262 0.232059
v 2.769043 0.103034 0.232088
v 2.767131 0.103555 0.221884
v 3.818423 0.027122 0.205368
v 2.749084 0.119262 0.232059
v 2.731081 0.103555 -0.094034
v 2.735009 0.103033 -0.103098
v 3.057954 0.863933 -0.106103
v 2.732484 0.041694 0.222678
v 2.742221 0.041690 0.254808
v 3.829835 0.103555 -0.083829
v 3.830585 0.071537 0.259779
v 3.802725 0.025597 0.207012
v 2.764587 0.028917 -0.104990
v 2.768655 0.027122 -0.094896
v 2.735009 0.103034 0.251357
v 2.767131 0.103556 -0.094034
v 2.728776 0.030851 0.243599
v 2.727099 0.030849 0.232088
v 3.803439 0.041690 -0.061109
v 3.155653 0.863933 -0.106104
v 3.791905 0.103034 0.221660
v 3.790388 0.103034 0.232088
v 3.796529 0.103555 -0.064974
v 3.824241 0.104855 -0.064809
v 3.818746 0.030849 -0.111619
v 3.824422 0.103034 0.212819
v 3.824121 0.103556 0.213231
v 2.763204 0.103034 0.251357
v 2.762902 0.103555 0.250945
v 2.767526 0.103034 0.221660
v 2.762902 0.103555 0.213231
v 3.791905 0.103033 0.242516
v 3.058810 0.863933 -0.106103
v 2.815056 0.228499 -0.103523
v 3.790236 0.058085 0.232088
v 2.788420 1.054864 -0.106583
v 2.731081 0.103556 0.221884
v 2.729596 0.103556 0.232088
v 2.729557 0.027123 0.243156
v 2.763204 0.103034 -0.064561
v 2.727499 0.075900 -0.113364
v 2.720108 0.080807 0.248506
v 2.741009 0.027123 0.258809
v 3.830552 0.028916 -0.072377
v 3.832331 0.030849 -0.083829
v 2.762903 0.103555 -0.064972
v 3.791905 0.103034 0.242516
v 3.829835 0.103555 -0.083829
v 3.828351 0.103555 -0.073625
v 3.828507 0.104855 0.221793
v 3.792299 0.103555 -0.073625
v 3.792333 0.041690 0.232088
v 2.735310 0.103555 0.213231
v 3.846669 0.133125 0.280087
v 3.840127 1.106211 0.280085
v 3.789994 0.030850 0.243599
v 2.731081 0.103556 -0.094034
v 2.763311 0.058086 0.212673
v 3.802100 0.032788 -0.056691
v 3.830005 0.104855 -0.083829
v 2.729426 0.104855 -0.083829
v 3.795599 0.023737 -0.092167
v 3.819386 0.065395 -0.053929
v 2.716791 1.115183 0.280085
v 2.762903 0.103555 0.213231
v 2.771112 0.030851 0.232088
v 3.506983 0.231022 -0.096229
v 3.052447 0.856954 -0.096229
v 3.311804 0.967602 -0.097404
v 2.731081 0.103556 0.242293
v 3.790644 0.104855 0.232088
v 3.514771 0.241977 -0.098026
v 3.389627 0.845999 -0.098026
v 3.788319 0.030850 0.232088
v 2.735310 0.103556 0.250945
v 3.162015 0.231022 -0.096229
v 3.817791 0.103555 -0.108467
v 3.742383 0.856954 -0.096229
v 2.767131 0.103556 0.221884
v 3.792299 0.049484 0.232088
v 3.791499 0.053824 -0.083829
v 3.790910 0.104230 -0.083829
v 3.792142 0.104854 -0.073536
v 3.308942 1.050421 -0.104022
v 3.830415 0.058090 0.232088
v 3.826947 0.041690 0.241498
v 3.162015 0.856954 -0.096229
v 3.796529 0.103556 -0.064974
v 3.792933 0.053820 0.222241
v 2.768616 0.103555 -0.083829
v 3.825521 0.032789 -0.104600
v 3.824422 0.103034 -0.103098
v 2.725289 0.067976 0.218604
v 2.720108 0.080808 0.248506
v 3.765488 1.047878 -0.097404
v 3.311804 1.047878 -0.097404
v 2.705458 1.132100 0.280085
v 2.720108 0.080809 -0.100247
v 3.831485 0.027123 -0.083829
v 3.828671 0.025595 -0.073443
v 3.841712 0.080808 0.232088
v 3.793702 0.041690 -0.074419
vt 0.305200 0.817400
vt 0.377400 0.950200
vt 0.305200 0.950200
vt 0.375900 0.813100
vt 0.377900 0.815500
vt 0.305700 0.815500
vt 0.177000 0.840100
vt 0.101200 0.840100
vt 0.101200 0.639400
vt 0.213500 0.553600
vt 0.288800 0.353000
vt 0.288800 0.553600
vt 0.646100 0.170800
vt 0.648100 0.159200
vt 0.648100 0.310700
vt 0.080000 0.652600
vt 0.028900 0.765400
vt 0.028900 0.652600
vt 0.646100 0.013600
vt 0.648100 0.002000
vt 0.646100 0.141900
vt 0.284600 0.167700
vt 0.233500 0.280500
vt 0.233500 0.167700
vt 0.307600 0.813100
vt 0.305700 0.682300
vt 0.377400 0.817400
vt 0.418000 0.306300
vt 0.418000 0.015000
vt 0.470700 0.015000
vt 0.331500 0.351500
vt 0.384300 0.351500
vt 0.384300 0.642700
vt 0.331500 0.642700
vt 0.470700 0.306300
vt 0.747700 0.002000
vt 0.747700 0.153500
vt 0.745700 0.141900
vt 0.320900 0.804700
vt 0.371900 0.691900
vt 0.371900 0.804700
vt 0.745700 0.013600
vt 0.320900 0.691900
vt 0.577800 0.170800
vt 0.307600 0.684700
vt 0.375900 0.684700
vt 0.577800 0.299100
vt 0.575800 0.310700
vt 0.575800 0.159200
vt 0.214000 0.877600
vt 0.289800 0.676900
vt 0.289800 0.877600
vt 0.381000 0.219100
vt 0.305700 0.219100
vt 0.305700 0.018400
vt 0.015000 0.773700
vt 0.013100 0.776200
vt 0.013100 0.642900
vt 0.013300 0.778100
vt 0.085500 0.910900
vt 0.013300 0.910900
vt 0.646100 0.299100
vt 0.764200 0.153500
vt 0.775100 0.011800
vt 0.775100 0.143700
vt 0.015000 0.645400
vt 0.085500 0.778100
vt 0.219500 0.287500
vt 0.217500 0.289900
vt 0.217500 0.156700
vt 0.217500 0.022000
vt 0.289800 0.154800
vt 0.217500 0.154800
vt 0.219500 0.159100
vt 0.289800 0.022000
vt 0.284600 0.280500
vt 0.688600 0.174900
vt 0.685200 0.173900
vt 0.688600 0.173900
vt 0.541200 0.297700
vt 0.537800 0.296600
vt 0.541200 0.296600
vt 0.526400 0.223600
vt 0.526400 0.227000
vt 0.526400 0.227000
vt 0.801400 0.320500
vt 0.799600 0.323300
vt 0.800200 0.320300
vt 0.648100 0.153500
vt 0.738600 0.310700
vt 0.749400 0.169000
vt 0.749400 0.300900
vt 0.453400 0.950900
vt 0.450500 0.949900
vt 0.453400 0.949900
vt 0.226200 0.173800
vt 0.227600 0.170500
vt 0.227400 0.173800
vt 0.771100 0.736800
vt 0.771100 0.878500
vt 0.771100 0.868700
vt 0.080000 0.765400
vt 0.597000 0.122500
vt 0.597000 0.120400
vt 0.597500 0.120300
vt 0.447000 0.673300
vt 0.443800 0.672300
vt 0.447000 0.672300
vt 0.536600 0.624700
vt 0.535100 0.621600
vt 0.537300 0.623700
vt 0.499900 0.339100
vt 0.496900 0.338200
vt 0.499900 0.338200
vt 0.512700 0.226100
vt 0.513600 0.229400
vt 0.512700 0.229100
vt 0.887400 0.005100
vt 0.882400 0.006700
vt 0.882400 0.004900
vt 0.098700 0.971300
vt 0.098000 0.974500
vt 0.096900 0.974200
vt 0.227600 0.176900
vt 0.228500 0.173700
vt 0.228700 0.176600
vt 0.202700 0.310400
vt 0.002000 0.310400
vt 0.002000 0.002000
vt 0.002000 0.622500
vt 0.002000 0.314200
vt 0.202700 0.314200
vt 0.202700 0.622500
vt 0.202700 0.002000
vt 0.687100 0.275100
vt 0.683900 0.273900
vt 0.687000 0.273900
vt 0.525700 0.274600
vt 0.523000 0.275900
vt 0.524900 0.274100
vt 0.543000 0.274600
vt 0.540800 0.276700
vt 0.542200 0.274100
vt 0.432400 0.949900
vt 0.429100 0.948800
vt 0.432400 0.948800
vt 0.630400 0.078900
vt 0.632900 0.080900
vt 0.629900 0.079600
vt 0.669500 0.306500
vt 0.664600 0.307400
vt 0.664600 0.305900
vt 0.797600 0.150800
vt 0.792600 0.152200
vt 0.792700 0.150400
vt 0.006900 0.980300
vt 0.002000 0.981900
vt 0.002000 0.980100
vt 0.861300 0.162300
vt 0.856300 0.163900
vt 0.856300 0.162100
vt 0.424100 0.671800
vt 0.424000 0.673300
vt 0.419200 0.671300
vt 0.503300 0.340200
vt 0.503100 0.339100
vt 0.531600 0.620300
vt 0.530800 0.617500
vt 0.531800 0.617100
vt 0.771800 0.309200
vt 0.767000 0.311000
vt 0.771800 0.309200
vt 0.887500 0.007900
vt 0.882800 0.009600
vt 0.882600 0.008400
vt 0.394100 0.992100
vt 0.389200 0.993000
vt 0.389200 0.991500
vt 0.583600 0.178700
vt 0.588500 0.177100
vt 0.588500 0.178900
vt 0.577800 0.013600
vt 0.083300 0.645400
vt 0.575800 0.153500
vt 0.083300 0.773700
vt 0.675500 0.153500
vt 0.287800 0.287500
vt 0.677400 0.013600
vt 0.287800 0.159100
vt 0.692900 0.274000
vt 0.690200 0.274400
vt 0.692500 0.273000
vt 0.610900 0.120300
vt 0.610100 0.118500
vt 0.610500 0.118200
vt 0.537800 0.052200
vt 0.534500 0.051200
vt 0.537800 0.051200
vt 0.189200 0.971300
vt 0.189200 0.972500
vt 0.184300 0.973100
vt 0.534900 0.237000
vt 0.536900 0.236200
vt 0.537900 0.241600
vt 0.634500 0.757500
vt 0.634500 0.760800
vt 0.633300 0.757600
vt 0.223200 0.280500
vt 0.223200 0.210900
vt 0.228800 0.264700
vt 0.413300 0.960700
vt 0.397500 0.960700
vt 0.397500 0.668400
vt 0.299000 0.655700
vt 0.299000 0.331900
vt 0.314800 0.640000
vt 0.705900 0.266700
vt 0.705900 0.181400
vt 0.721700 0.197200
vt 0.316100 0.751000
vt 0.310500 0.804700
vt 0.310500 0.735200
vt 0.413300 0.668400
vt 0.314800 0.347700
vt 0.384300 0.331900
vt 0.508800 0.025400
vt 0.507900 0.027400
vt 0.503300 0.024300
vt 0.326500 0.651900
vt 0.323300 0.650700
vt 0.326400 0.650700
vt 0.507900 0.271800
vt 0.506400 0.273400
vt 0.503300 0.268800
vt 0.824000 0.144100
vt 0.823200 0.147400
vt 0.822100 0.146900
vt 0.429700 0.819100
vt 0.426500 0.820000
vt 0.426700 0.819100
vt 0.586000 0.956300
vt 0.586000 0.958200
vt 0.585200 0.958200
vt 0.514700 0.240800
vt 0.513600 0.244100
vt 0.513600 0.240800
vt 0.199000 0.955800
vt 0.194100 0.957200
vt 0.194100 0.955400
vt 0.438000 0.686000
vt 0.465600 0.829500
vt 0.438000 0.829500
vt 0.436600 0.494000
vt 0.420200 0.362900
vt 0.436600 0.362900
vt 0.466100 0.506300
vt 0.438500 0.362900
vt 0.466100 0.362900
vt 0.419700 0.686000
vt 0.436100 0.817200
vt 0.419700 0.817200
vt 0.465600 0.686000
vt 0.420200 0.494000
vt 0.519600 0.280600
vt 0.521700 0.280600
vt 0.520600 0.286000
vt 0.464400 0.942500
vt 0.465300 0.945800
vt 0.464100 0.945600
vt 0.438500 0.506300
vt 0.436100 0.686000
vt 0.679300 0.295100
vt 0.674400 0.296500
vt 0.674400 0.294700
vt 0.551500 0.619200
vt 0.550600 0.621200
vt 0.550600 0.619200
vt 0.509000 0.932800
vt 0.508300 0.935200
vt 0.508300 0.932600
vt 0.300500 0.988700
vt 0.300500 0.990900
vt 0.299700 0.990900
vt 0.214000 0.676900
vt 0.381000 0.018400
vt 0.585500 0.332100
vt 0.582100 0.331100
vt 0.582100 0.331100
vt 0.569100 0.960200
vt 0.568300 0.961900
vt 0.568300 0.960200
vt 0.177000 0.639400
vt 0.213500 0.353000
vt 0.184300 0.642100
vt 0.200100 0.626300
vt 0.200100 0.950100
vt 0.368500 0.347700
vt 0.721700 0.250900
vt 0.184300 0.934400
vt 0.816300 0.151400
vt 0.816300 0.153700
vt 0.814500 0.153900
vt 0.668700 0.297700
vt 0.667900 0.299700
vt 0.667900 0.297700
vt 0.450100 0.312300
vt 0.448400 0.312300
vt 0.448400 0.311500
vt 0.454000 0.312300
vt 0.452100 0.311500
vt 0.454000 0.311500
vt 0.813000 0.295000
vt 0.811800 0.297400
vt 0.812100 0.294800
vt 0.512400 0.937100
vt 0.511600 0.938900
vt 0.511600 0.937200
vt 0.504400 0.018900
vt 0.506400 0.019700
vt 0.228300 0.167400
vt 0.230300 0.165800
vt 0.229400 0.167900
vt 0.516000 0.289100
vt 0.515200 0.287100
vt 0.520600 0.286100
vt 0.518300 0.356000
vt 0.519500 0.352800
vt 0.519500 0.355900
vt 0.523700 0.935200
vt 0.523700 0.937600
vt 0.523000 0.937800
vt 0.569100 0.956300
vt 0.569100 0.958300
vt 0.568300 0.958300
vt 0.529100 0.240800
vt 0.527500 0.240000
vt 0.529100 0.240100
vt 0.422100 0.352800
vt 0.420400 0.352800
vt 0.422000 0.351900
vt 0.443400 0.843600
vt 0.445400 0.845700
vt 0.445000 0.846300
vt 0.390700 0.985500
vt 0.389900 0.987700
vt 0.389900 0.985700
vt 0.188500 0.958400
vt 0.187600 0.960400
vt 0.187600 0.958400
vt 0.583500 0.960300
vt 0.585200 0.961900
vt 0.583500 0.962100
vt 0.534800 0.246200
vt 0.533300 0.244700
vt 0.537900 0.241700
vt 0.537800 0.277000
vt 0.535300 0.275800
vt 0.537600 0.275800
vt 0.508000 0.265700
vt 0.508800 0.267700
vt 0.423900 0.499000
vt 0.422700 0.502200
vt 0.422700 0.499100
vt 0.439100 0.309700
vt 0.437200 0.309700
vt 0.436900 0.308900
vt 0.299700 0.988500
vt 0.561200 0.002000
vt 0.491700 0.015700
vt 0.478000 0.002000
vt 0.491700 0.308000
vt 0.478000 0.321700
vt 0.561200 0.321700
vt 0.684300 0.674200
vt 0.678100 0.674200
vt 0.678100 0.473600
vt 0.489800 0.992100
vt 0.478000 0.992100
vt 0.478000 0.791500
vt 0.443500 0.309700
vt 0.441300 0.309700
vt 0.441300 0.308900
vt 0.422100 0.629300
vt 0.420200 0.627600
vt 0.421900 0.627600
vt 0.428900 0.673300
vt 0.426000 0.673300
vt 0.426300 0.672300
vt 0.097800 0.776900
vt 0.097100 0.779500
vt 0.097100 0.777100
vt 0.522500 0.050700
vt 0.520100 0.051400
vt 0.519600 0.050200
vt 0.454500 0.308900
vt 0.452100 0.308200
vt 0.454700 0.308200
vt 0.426000 0.352800
vt 0.424000 0.352800
vt 0.424000 0.351900
vt 0.668700 0.299600
vt 0.525800 0.236400
vt 0.523200 0.235600
vt 0.525800 0.235700
vt 0.815400 0.151300
vt 0.814500 0.151200
vt 0.683900 0.134200
vt 0.681600 0.132800
vt 0.684000 0.133400
vt 0.587600 0.432300
vt 0.584600 0.430800
vt 0.587600 0.431100
vt 0.561200 0.218700
vt 0.549400 0.218700
vt 0.549400 0.018100
vt 0.694600 0.517000
vt 0.700800 0.316400
vt 0.700800 0.517000
vt 0.513600 0.220100
vt 0.513600 0.222800
vt 0.513600 0.222800
vt 0.509800 0.937400
vt 0.510700 0.939000
vt 0.509800 0.939300
vt 0.512700 0.243800
vt 0.541000 0.237100
vt 0.542600 0.238600
vt 0.443200 0.963200
vt 0.440500 0.963200
vt 0.440500 0.962600
vt 0.544200 0.027300
vt 0.543000 0.030200
vt 0.542200 0.029600
vt 0.503000 0.343100
vt 0.499900 0.343100
vt 0.499900 0.342200
vt 0.185000 0.958400
vt 0.185000 0.960800
vt 0.184300 0.961000
vt 0.589100 0.117100
vt 0.587200 0.118200
vt 0.588800 0.116700
vt 0.551500 0.621200
vt 0.551500 0.623100
vt 0.550600 0.623200
vt 0.527100 0.937100
vt 0.527100 0.938800
vt 0.526300 0.938900
vt 0.394100 0.994800
vt 0.389200 0.996500
vt 0.389200 0.994800
vt 0.411100 0.964000
vt 0.408400 0.964000
vt 0.408400 0.963200
vt 0.303800 0.163200
vt 0.302700 0.165700
vt 0.302900 0.163200
vt 0.438800 0.674400
vt 0.435800 0.674400
vt 0.435800 0.673300
vt 0.412000 0.315200
vt 0.410500 0.312100
vt 0.412700 0.314200
vt 0.535100 0.935700
vt 0.535100 0.938200
vt 0.534400 0.938400
vt 0.450300 0.672300
vt 0.447000 0.671300
vt 0.450000 0.671300
vt 0.295200 0.002000
vt 0.208400 0.004000
vt 0.206500 0.002000
vt 0.208400 0.330800
vt 0.089700 0.627200
vt 0.089700 0.955800
vt 0.089300 0.955400
vt 0.002000 0.955500
vt 0.526100 0.055600
vt 0.524400 0.055600
vt 0.524400 0.054800
vt 0.595800 0.109800
vt 0.597100 0.108300
vt 0.596300 0.110100
vt 0.543400 0.287400
vt 0.543400 0.285100
vt 0.544200 0.285000
vt 0.538900 0.280700
vt 0.536600 0.280500
vt 0.536500 0.279800
vt 0.593300 0.430800
vt 0.590500 0.430800
vt 0.592800 0.429700
vt 0.640500 0.976000
vt 0.640500 0.978200
vt 0.639700 0.978400
vt 0.532200 0.040700
vt 0.532200 0.042900
vt 0.531300 0.043100
vt 0.448900 0.680300
vt 0.446200 0.680000
vt 0.446400 0.679200
vt 0.099300 0.786600
vt 0.099300 0.788800
vt 0.098600 0.788600
vt 0.216600 0.344400
vt 0.214100 0.343300
vt 0.216600 0.343500
vt 0.434300 0.504600
vt 0.431700 0.504000
vt 0.434100 0.504000
vt 0.520700 0.018100
vt 0.523600 0.019300
vt 0.523000 0.020100
vt 0.523700 0.281500
vt 0.525300 0.283000
vt 0.520600 0.286000
vt 0.526100 0.287100
vt 0.525200 0.289100
vt 0.688900 0.467900
vt 0.678100 0.316400
vt 0.688900 0.316400
vt 0.541700 0.611100
vt 0.530800 0.459600
vt 0.541700 0.459600
vt 0.778200 0.602700
vt 0.778200 0.744400
vt 0.778200 0.734600
vt 0.844300 0.169000
vt 0.844300 0.310700
vt 0.844300 0.300900
vt 0.699500 0.180600
vt 0.696900 0.180600
vt 0.696800 0.179800
vt 0.522500 0.225500
vt 0.522500 0.228000
vt 0.521800 0.228200
vt 0.585200 0.956300
vt 0.584400 0.956300
vt 0.433200 0.822100
vt 0.429700 0.822100
vt 0.433200 0.821100
vt 0.498700 0.027400
vt 0.497900 0.025400
vt 0.503300 0.024300
vt 0.502200 0.029800
vt 0.500200 0.028900
vt 0.541000 0.246300
vt 0.539000 0.247100
vt 0.537900 0.241700
vt 0.543400 0.242800
vt 0.542500 0.244700
vt 0.537900 0.241700
vt 0.630400 0.066600
vt 0.628400 0.068600
vt 0.627700 0.068200
vt 0.329600 0.651200
vt 0.640200 0.319100
vt 0.644100 0.335600
vt 0.644100 0.627900
vt 0.295200 0.330800
vt 0.295200 0.332700
vt 0.605800 0.450400
vt 0.616600 0.460200
vt 0.605800 0.601900
vt 0.738600 0.159200
vt 0.642100 0.647100
vt 0.617100 0.284600
vt 0.615100 0.284600
vt 0.615100 0.195900
vt 0.572400 0.948500
vt 0.565000 0.948500
vt 0.565000 0.747800
vt 0.682900 0.190900
vt 0.678400 0.184700
vt 0.690300 0.184700
vt 0.638600 0.097100
vt 0.640700 0.095000
vt 0.641400 0.095500
vt 0.526400 0.230400
vt 0.517600 0.217800
vt 0.506800 0.066300
vt 0.517600 0.066300
vt 0.764200 0.002000
vt 0.758500 0.153500
vt 0.616600 0.592100
vt 0.007000 0.983100
vt 0.007200 0.984100
vt 0.002300 0.984800
vt 0.507300 0.033300
vt 0.505000 0.032500
vt 0.507300 0.032800
vt 0.188500 0.954800
vt 0.188500 0.956400
vt 0.187600 0.956400
vt 0.524600 0.948000
vt 0.523000 0.943100
vt 0.524800 0.943100
vt 0.303900 0.988900
vt 0.301400 0.990900
vt 0.302300 0.988900
vt 0.199000 0.957200
vt 0.194100 0.958900
vt 0.504400 0.263300
vt 0.506400 0.264200
vt 0.497900 0.269800
vt 0.497900 0.267600
vt 0.503300 0.268700
vt 0.502600 0.785800
vt 0.478000 0.785800
vt 0.478000 0.633400
vt 0.519500 0.218700
vt 0.519500 0.066300
vt 0.544200 0.218700
vt 0.502600 0.633400
vt 0.544200 0.066300
vt 0.699600 0.190900
vt 0.692200 0.184700
vt 0.704000 0.184700
vt 0.403500 0.545900
vt 0.396100 0.545900
vt 0.396100 0.345200
vt 0.532200 0.287300
vt 0.532200 0.289900
vt 0.531300 0.287500
vt 0.452300 0.964700
vt 0.449600 0.964000
vt 0.452300 0.964000
vt 0.559900 0.975400
vt 0.560300 0.977400
vt 0.559500 0.977600
vt 0.317800 0.810100
vt 0.315300 0.810100
vt 0.317700 0.809600
vt 0.427600 0.352800
vt 0.426000 0.351900
vt 0.544100 0.296600
vt 0.610300 0.086700
vt 0.608300 0.089200
vt 0.609600 0.086300
vt 0.544200 0.053300
vt 0.541200 0.052200
vt 0.544100 0.052200
vt 0.534400 0.930800
vt 0.534400 0.933000
vt 0.533600 0.933100
vt 0.534400 0.935700
vt 0.533600 0.938300
vt 0.533600 0.935700
vt 0.616600 0.601900
vt 0.643800 0.972400
vt 0.643100 0.974100
vt 0.643100 0.972400
vt 0.462200 0.356600
vt 0.459800 0.357000
vt 0.459800 0.356600
vt 0.795400 0.305000
vt 0.795000 0.307000
vt 0.795000 0.305000
vt 0.584700 0.296500
vt 0.582300 0.295900
vt 0.582500 0.295400
vt 0.686900 0.180700
vt 0.684300 0.179900
vt 0.687000 0.179900
vt 0.543400 0.043000
vt 0.543300 0.040800
vt 0.544200 0.040600
vt 0.212100 0.838100
vt 0.211400 0.840500
vt 0.211400 0.838300
vt 0.212100 0.831000
vt 0.212100 0.833100
vt 0.211400 0.832900
vt 0.403500 0.345200
vt 0.561200 0.018100
vt 0.464000 0.964700
vt 0.461500 0.964700
vt 0.461400 0.964000
vt 0.607900 0.944600
vt 0.607200 0.947100
vt 0.607200 0.944400
vt 0.452100 0.312300
vt 0.586900 0.106200
vt 0.586400 0.108300
vt 0.586400 0.106100
vt 0.604800 0.127100
vt 0.607000 0.127100
vt 0.607100 0.127400
vt 0.643800 0.978000
vt 0.643100 0.979600
vt 0.642200 0.979700
vt 0.585500 0.333100
vt 0.582200 0.333100
vt 0.500500 0.438600
vt 0.497300 0.438600
vt 0.497200 0.437500
vt 0.538800 0.047600
vt 0.541400 0.047300
vt 0.539000 0.048300
vt 0.431700 0.506100
vt 0.429000 0.505400
vt 0.431700 0.505400
vt 0.677400 0.141900
vt 0.675500 0.002000
vt 0.577800 0.141900
vt 0.575800 0.002000
vt 0.542600 0.328800
vt 0.481700 0.328800
vt 0.545000 0.326600
vt 0.543800 0.451600
vt 0.627500 0.321600
vt 0.568700 0.319700
vt 0.629600 0.319700
vt 0.627500 0.439500
vt 0.724300 0.167000
vt 0.671300 0.165300
vt 0.727100 0.164400
vt 0.726200 0.281500
vt 0.508500 0.224200
vt 0.507700 0.226900
vt 0.507700 0.224100
vt 0.687500 0.023600
vt 0.684900 0.023600
vt 0.684800 0.022800
vt 0.227200 0.179600
vt 0.228300 0.179300
vt 0.640700 0.076900
vt 0.642600 0.074400
vt 0.641400 0.077400
vt 0.669500 0.307700
vt 0.669500 0.309100
vt 0.664600 0.309100
vt 0.583300 0.181100
vt 0.583500 0.180100
vt 0.588400 0.180600
vt 0.453400 0.673300
vt 0.453100 0.672300
vt 0.452900 0.676300
vt 0.450200 0.676300
vt 0.450400 0.675400
vt 0.606000 0.338500
vt 0.603500 0.338200
vt 0.603500 0.337400
vt 0.519500 0.291500
vt 0.517500 0.290600
vt 0.443900 0.676300
vt 0.440800 0.675400
vt 0.443700 0.675400
vt 0.447000 0.676300
vt 0.522500 0.220900
vt 0.522500 0.223000
vt 0.521800 0.222900
vt 0.521800 0.225500
vt 0.427700 0.630100
vt 0.426000 0.630100
vt 0.426000 0.629300
vt 0.767000 0.306000
vt 0.771800 0.307800
vt 0.767000 0.307400
vt 0.591700 0.345000
vt 0.592700 0.341700
vt 0.592700 0.345100
vt 0.426600 0.824000
vt 0.423900 0.824000
vt 0.423500 0.823200
vt 0.007300 0.778400
vt 0.007700 0.907200
vt 0.007000 0.907000
vt 0.542600 0.450500
vt 0.483800 0.448600
vt 0.540500 0.448600
vt 0.188500 0.960300
vt 0.394700 0.979500
vt 0.393300 0.981300
vt 0.394100 0.979600
vt 0.464000 0.964000
vt 0.468700 0.964700
vt 0.466500 0.964700
vt 0.466700 0.964000
vt 0.523200 0.948000
vt 0.679300 0.296500
vt 0.620500 0.097100
vt 0.622600 0.095000
vt 0.623300 0.095500
vt 0.590800 0.431900
vt 0.630400 0.084700
vt 0.628400 0.086700
vt 0.627700 0.086300
vt 0.515700 0.234400
vt 0.514700 0.237400
vt 0.514700 0.234500
vt 0.207800 0.662000
vt 0.207300 0.662400
vt 0.207300 0.337400
vt 0.293200 0.662400
vt 0.667100 0.161400
vt 0.667100 0.285300
vt 0.664600 0.159200
vt 0.731600 0.160300
vt 0.567500 0.318600
vt 0.567500 0.442500
vt 0.566300 0.317500
vt 0.632000 0.317500
vt 0.484700 0.331600
vt 0.483800 0.330700
vt 0.539500 0.331600
vt 0.727100 0.282300
vt 0.670400 0.282300
vt 0.672300 0.280600
vt 0.887600 0.002700
vt 0.887500 0.003700
vt 0.882600 0.003300
vt 0.771800 0.310600
vt 0.771800 0.311800
vt 0.512400 0.931600
vt 0.511600 0.933200
vt 0.511600 0.931500
vt 0.843600 0.141700
vt 0.843600 0.144100
vt 0.843200 0.141700
vt 0.644100 0.647100
vt 0.561200 0.015700
vt 0.537800 0.298700
vt 0.534400 0.298700
vt 0.534400 0.298700
vt 0.534300 0.297700
vt 0.531400 0.297700
vt 0.531500 0.296600
vt 0.189200 0.969800
vt 0.184300 0.971600
vt 0.184300 0.969800
vt 0.189200 0.967200
vt 0.184300 0.968100
vt 0.184300 0.966600
vt 0.443000 0.964700
vt 0.440500 0.964000
vt 0.443200 0.964000
vt 0.449800 0.964700
vt 0.405800 0.963200
vt 0.537800 0.294600
vt 0.534500 0.295600
vt 0.534800 0.294600
vt 0.681800 0.175900
vt 0.678900 0.175900
vt 0.681700 0.174900
vt 0.688500 0.175900
vt 0.685200 0.175900
vt 0.685200 0.174900
vt 0.514700 0.244200
vt 0.514700 0.247100
vt 0.513600 0.246800
vt 0.734700 0.031600
vt 0.735900 0.029200
vt 0.735500 0.031900
vt 0.561200 0.308000
vt 0.645800 0.319300
vt 0.435600 0.948800
vt 0.432400 0.947900
vt 0.435400 0.947900
vt 0.438600 0.951900
vt 0.435700 0.951900
vt 0.438800 0.950900
vt 0.684300 0.180700
vt 0.682000 0.181200
vt 0.679800 0.181300
vt 0.681700 0.180400
vt 0.516700 0.219900
vt 0.516700 0.222700
vt 0.516700 0.222700
vt 0.516700 0.226100
vt 0.515700 0.229600
vt 0.515700 0.226100
vt 0.465200 0.831400
vt 0.465300 0.918000
vt 0.464700 0.831400
vt 0.020400 0.683400
vt 0.027000 0.683400
vt 0.020400 0.765400
vt 0.007200 0.977900
vt 0.007000 0.978900
vt 0.002100 0.978400
vt 0.380600 0.648300
vt 0.381300 0.652000
vt 0.379900 0.652000
vt 0.588800 0.330000
vt 0.585500 0.329000
vt 0.588500 0.329000
vt 0.515400 0.020000
vt 0.518100 0.020100
vt 0.516000 0.021000
vt 0.543300 0.226000
vt 0.543200 0.223400
vt 0.544200 0.225800
vt 0.607200 0.947100
vt 0.606400 0.949700
vt 0.606400 0.947100
vt 0.443900 0.952800
vt 0.440800 0.951900
vt 0.443700 0.951900
vt 0.438200 0.676300
vt 0.435500 0.676300
vt 0.435700 0.675400
vt 0.576200 0.423900
vt 0.576200 0.341900
vt 0.582900 0.341900
vt 0.639000 0.650900
vt 0.645600 0.650900
vt 0.639000 0.968100
vt 0.459600 0.508300
vt 0.460500 0.508200
vt 0.460200 0.594900
vt 0.708000 0.643000
vt 0.707000 0.642900
vt 0.707300 0.316400
vt 0.582900 0.423900
vt 0.384000 0.979700
vt 0.384000 0.982700
vt 0.302000 0.979700
vt 0.611400 0.122500
vt 0.611800 0.120200
vt 0.611800 0.122500
vt 0.668700 0.294100
vt 0.668700 0.295700
vt 0.667900 0.294000
vt 0.453700 0.833300
vt 0.451200 0.831400
vt 0.454200 0.832700
vt 0.517300 0.356100
vt 0.517300 0.352600
vt 0.517300 0.352600
vt 0.007000 0.778500
vt 0.027000 0.765400
vt 0.645600 0.968100
vt 0.464300 0.918100
vt 0.708300 0.316500
vt 0.701400 0.987400
vt 0.701000 0.989800
vt 0.700600 0.987400
vt 0.701000 0.983100
vt 0.701400 0.985000
vt 0.700600 0.985200
vt 0.569200 0.971500
vt 0.567800 0.971400
vt 0.567900 0.966500
vt 0.362200 0.648300
vt 0.364200 0.651400
vt 0.362900 0.652000
vt 0.584200 0.971500
vt 0.582800 0.971400
vt 0.582800 0.966500
vt 0.098000 0.959800
vt 0.095900 0.956700
vt 0.097300 0.956200
vt 0.098600 0.791300
vt 0.097800 0.793900
vt 0.097800 0.791300
vt 0.530000 0.265800
vt 0.532700 0.264500
vt 0.530800 0.266300
vt 0.571700 0.438700
vt 0.626500 0.438700
vt 0.485700 0.446900
vt 0.630800 0.442500
vt 0.566300 0.443600
vt 0.653500 0.316400
vt 0.664400 0.316400
vt 0.664400 0.610000
vt 0.519200 0.927000
vt 0.508300 0.927000
vt 0.508300 0.633400
vt 0.496400 0.341200
vt 0.493500 0.340200
vt 0.496400 0.340200
vt 0.496700 0.343100
vt 0.493600 0.342200
vt 0.496500 0.342200
vt 0.533000 0.353700
vt 0.533000 0.350500
vt 0.534000 0.350400
vt 0.530700 0.348300
vt 0.529000 0.346900
vt 0.529700 0.346400
vt 0.453800 0.356600
vt 0.451900 0.357000
vt 0.451800 0.356600
vt 0.445000 0.313100
vt 0.443300 0.312300
vt 0.444900 0.312300
vt 0.449400 0.356600
vt 0.447200 0.356200
vt 0.449400 0.356200
vt 0.447000 0.357400
vt 0.445000 0.357400
vt 0.445000 0.357000
vt 0.211500 0.828800
vt 0.209100 0.828000
vt 0.210000 0.826500
vt 0.505800 0.440400
vt 0.503500 0.439200
vt 0.503800 0.438200
vt 0.403900 0.979500
vt 0.403900 0.980700
vt 0.403900 0.980700
vt 0.371400 0.648300
vt 0.369300 0.651400
vt 0.368300 0.650400
vt 0.530800 0.611100
vt 0.565000 0.002000
vt 0.565000 0.153500
vt 0.506800 0.217800
vt 0.664600 0.002000
vt 0.664600 0.153500
vt 0.678100 0.467900
vt 0.565000 0.159200
vt 0.565000 0.310700
vt 0.718200 0.934700
vt 0.717400 0.937100
vt 0.717800 0.934800
vt 0.718900 0.937100
vt 0.718200 0.939600
vt 0.718600 0.937100
vt 0.701800 0.181000
vt 0.699600 0.179800
vt 0.702100 0.180300
vt 0.500200 0.273300
vt 0.498700 0.271800
vt 0.503300 0.268800
vt 0.489800 0.791500
vt 0.572400 0.747800
vt 0.535700 0.443400
vt 0.508100 0.437300
vt 0.535700 0.437300
vt 0.534200 0.622400
vt 0.426400 0.823200
vt 0.526400 0.220700
vt 0.525400 0.223700
vt 0.525400 0.221000
vt 0.536600 0.232600
vt 0.538800 0.232800
vt 0.539000 0.233500
vt 0.383300 0.966800
vt 0.382500 0.969000
vt 0.382500 0.966800
vt 0.500300 0.019700
vt 0.502300 0.018900
vt 0.214500 0.022300
vt 0.214100 0.150900
vt 0.213600 0.022500
vt 0.613700 0.113200
vt 0.613700 0.100900
vt 0.642600 0.100900
vt 0.613700 0.115100
vt 0.642600 0.115100
vt 0.613700 0.127400
vt 0.642600 0.127400
vt 0.642600 0.113200
vt 0.508100 0.443400
vt 0.416100 0.308600
vt 0.403700 0.308600
vt 0.403700 0.015000
vt 0.565000 0.744000
vt 0.565000 0.450400
vt 0.577300 0.744000
vt 0.416100 0.015000
vt 0.577300 0.450400
vt 0.519200 0.633400
vt 0.653500 0.610000
vt 0.658900 0.159200
vt 0.658900 0.310700
vt 0.775100 0.153500
vt 0.658900 0.153500
vt 0.749400 0.310700
vt 0.525200 0.433000
vt 0.535000 0.361300
vt 0.535000 0.433000
vt 0.501900 0.361300
vt 0.511700 0.433000
vt 0.501900 0.433000
vt 0.513600 0.433000
vt 0.523300 0.361300
vt 0.523300 0.433000
vt 0.511700 0.361300
vt 0.490200 0.361300
vt 0.500000 0.433000
vt 0.490200 0.433000
vt 0.500000 0.361300
vt 0.525200 0.361300
vt 0.513600 0.361300
vt 0.594600 0.352200
vt 0.584800 0.423900
vt 0.584800 0.352200
vt 0.229300 0.165100
vt 0.591400 0.334000
vt 0.588900 0.333100
vt 0.591800 0.333100
vt 0.722400 0.277100
vt 0.694800 0.271000
vt 0.722400 0.271000
vt 0.541400 0.933000
vt 0.541000 0.935200
vt 0.541000 0.933000
vt 0.541400 0.928600
vt 0.541800 0.930500
vt 0.541400 0.930600
vt 0.225500 0.209100
vt 0.231600 0.181500
vt 0.231600 0.209100
vt 0.622800 0.434300
vt 0.595200 0.428200
vt 0.622800 0.428200
vt 0.732400 0.055700
vt 0.742200 0.127400
vt 0.732400 0.127400
vt 0.594600 0.423900
vt 0.742200 0.055700
vt 0.329600 0.645000
vt 0.318700 0.645000
vt 0.318700 0.351500
vt 0.581100 0.450400
vt 0.592000 0.450400
vt 0.592000 0.744000
vt 0.581100 0.744000
vt 0.329600 0.351500
vt 0.609000 0.112000
vt 0.610600 0.110400
vt 0.610900 0.110600
vt 0.843200 0.144100
vt 0.842800 0.146300
vt 0.842800 0.144100
vt 0.531200 0.358900
vt 0.533400 0.357000
vt 0.532100 0.359400
vt 0.682000 0.176800
vt 0.679300 0.176800
vt 0.775100 0.002000
vt 0.749400 0.159200
vt 0.658900 0.002000
vt 0.616600 0.450400
vt 0.758500 0.002000
vt 0.225500 0.181500
vt 0.595200 0.434300
vt 0.392500 0.981300
vt 0.392500 0.983300
vt 0.392500 0.981300
vt 0.394100 0.985300
vt 0.393300 0.986900
vt 0.393300 0.985200
vt 0.694800 0.277100
vt 0.534800 0.050200
vt 0.212100 0.835600
vt 0.432400 0.671300
vt 0.429100 0.672300
vt 0.429400 0.671300
vt 0.525900 0.024500
vt 0.525900 0.027200
vt 0.524800 0.026900
vt 0.517600 0.235000
vt 0.517600 0.237600
vt 0.516700 0.237400
vt 0.421600 0.625900
vt 0.419900 0.626700
vt 0.419600 0.625900
vt 0.836800 0.131200
vt 0.836100 0.002500
vt 0.837100 0.002000
vt 0.534900 0.277900
vt 0.532100 0.276700
vt 0.532600 0.275900
vt 0.509000 0.221900
vt 0.289800 0.299000
vt 0.289700 0.301300
vt 0.289300 0.301200
vt 0.466200 0.680200
vt 0.464100 0.680200
vt 0.466100 0.679800
vt 0.433100 0.823200
vt 0.429700 0.824000
vt 0.429700 0.823200
vt 0.582600 0.956000
vt 0.581100 0.958200
vt 0.581100 0.955600
vt 0.383300 0.961500
vt 0.383300 0.964100
vt 0.382500 0.964100
vt 0.511500 0.024200
vt 0.512700 0.021400
vt 0.513500 0.021900
vt 0.522500 0.054800
vt 0.520500 0.055600
vt 0.518800 0.055600
vt 0.518800 0.054800
vt 0.450500 0.950900
vt 0.447000 0.950900
vt 0.447000 0.948800
vt 0.443800 0.948800
vt 0.444000 0.947900
vt 0.532500 0.619700
vt 0.532900 0.616700
vt 0.533600 0.619100
vt 0.601100 0.338500
vt 0.600900 0.337700
vt 0.466200 0.671300
vt 0.455300 0.677500
vt 0.455300 0.671300
vt 0.453900 0.624700
vt 0.443100 0.630800
vt 0.443100 0.624700
vt 0.466700 0.348200
vt 0.455800 0.354300
vt 0.455800 0.348200
vt 0.436700 0.356600
vt 0.434300 0.357000
vt 0.434300 0.356600
vt 0.011100 0.970900
vt 0.008800 0.971500
vt 0.010700 0.970200
vt 0.380600 0.648300
vt 0.377500 0.646200
vt 0.378600 0.645200
vt 0.382700 0.645200
vt 0.383700 0.646200
vt 0.598900 0.338400
vt 0.582000 0.122900
vt 0.583100 0.120400
vt 0.582800 0.122900
vt 0.520700 0.277900
vt 0.517800 0.277000
vt 0.520500 0.277000
vt 0.703700 0.181900
vt 0.816500 0.145000
vt 0.812700 0.006200
vt 0.816500 0.002000
vt 0.208300 0.819900
vt 0.212100 0.681100
vt 0.212100 0.815700
vt 0.790800 0.302200
vt 0.787100 0.163400
vt 0.790800 0.159200
vt 0.812700 0.140800
vt 0.208300 0.676900
vt 0.560800 0.599600
vt 0.560800 0.602000
vt 0.560400 0.602000
vt 0.851400 0.136200
vt 0.851100 0.138100
vt 0.851100 0.136100
vt 0.515300 0.275900
vt 0.513400 0.274000
vt 0.514400 0.273400
vt 0.512400 0.271500
vt 0.513600 0.269100
vt 0.513500 0.271300
vt 0.210700 0.482000
vt 0.210300 0.353200
vt 0.210700 0.353300
vt 0.010200 0.907200
vt 0.010900 0.778500
vt 0.010900 0.907000
vt 0.543600 0.055200
vt 0.540900 0.055200
vt 0.541200 0.054300
vt 0.617500 0.339400
vt 0.615300 0.339400
vt 0.615100 0.337600
vt 0.528500 0.230400
vt 0.528500 0.233200
vt 0.527500 0.233400
vt 0.299000 0.993500
vt 0.399000 0.978900
vt 0.795000 0.300300
vt 0.795000 0.302600
vt 0.794600 0.302600
vt 0.861300 0.165100
vt 0.856600 0.166800
vt 0.856400 0.165600
vt 0.559900 0.979800
vt 0.559900 0.982200
vt 0.559500 0.982100
vt 0.523500 0.237100
vt 0.521400 0.236100
vt 0.523400 0.236300
vt 0.459900 0.356200
vt 0.462200 0.356200
vt 0.286600 0.965000
vt 0.285700 0.967600
vt 0.285700 0.965100
vt 0.456900 0.964700
vt 0.454800 0.964700
vt 0.454900 0.964000
vt 0.836100 0.130900
vt 0.600200 0.120500
vt 0.599900 0.122800
vt 0.599800 0.120400
vt 0.725000 0.960300
vt 0.724600 0.962700
vt 0.724600 0.960400
vt 0.362200 0.648300
vt 0.364300 0.645200
vt 0.365300 0.646200
vt 0.362200 0.648300
vt 0.358500 0.649000
vt 0.358500 0.647600
vt 0.787100 0.298000
vt 0.630700 0.750600
vt 0.634500 0.611800
vt 0.634500 0.746400
vt 0.630700 0.607600
vt 0.633700 0.754400
vt 0.790200 0.306200
vt 0.788900 0.308600
vt 0.789300 0.306000
vt 0.405400 0.637500
vt 0.405400 0.345200
vt 0.413800 0.345200
vt 0.231600 0.210900
vt 0.588700 0.334000
vt 0.524500 0.053100
vt 0.522500 0.052200
vt 0.524700 0.052200
vt 0.514700 0.042900
vt 0.514900 0.045500
vt 0.514000 0.043100
vt 0.408400 0.964700
vt 0.405900 0.964700
vt 0.405700 0.964000
vt 0.310200 0.225800
vt 0.307600 0.225000
vt 0.310100 0.225000
vt 0.490200 0.439200
vt 0.490900 0.436900
vt 0.490700 0.439300
vt 0.701800 0.987400
vt 0.702200 0.989800
vt 0.701800 0.989900
vt 0.552100 0.834100
vt 0.547700 0.834100
vt 0.547700 0.633400
vt 0.703600 0.191400
vt 0.704000 0.266700
vt 0.699600 0.266700
vt 0.293200 0.337800
vt 0.207600 0.337700
vt 0.293200 0.337500
vt 0.646100 0.643800
vt 0.645800 0.644200
vt 0.089300 0.627500
vt 0.002000 0.628100
vt 0.098000 0.959800
vt 0.101100 0.961900
vt 0.100100 0.962900
vt 0.098000 0.959800
vt 0.097300 0.963500
vt 0.095900 0.962900
vt 0.817600 0.298900
vt 0.817200 0.301300
vt 0.817200 0.299000
vt 0.591000 0.102100
vt 0.588800 0.102400
vt 0.590900 0.101600
vt 0.299000 0.982700
vt 0.299000 0.659500
vt 0.098600 0.788600
vt 0.532500 0.240500
vt 0.533300 0.238600
vt 0.621700 0.087400
vt 0.620200 0.085200
vt 0.620600 0.084700
vt 0.617900 0.083600
vt 0.289800 0.156700
vt 0.289800 0.289900
vt 0.795800 0.298200
vt 0.795400 0.300200
vt 0.795400 0.298100
vt 0.491400 0.437100
vt 0.604700 0.116400
vt 0.602500 0.116800
vt 0.604600 0.115900
vt 0.466600 0.356600
vt 0.464600 0.357000
vt 0.464600 0.356600
vt 0.099300 0.782000
vt 0.099300 0.784200
vt 0.098600 0.782200
vt 0.099300 0.774900
vt 0.099300 0.777000
vt 0.098600 0.776900
vt 0.560700 0.982200
vt 0.560700 0.984300
vt 0.560300 0.984300
vt 0.559600 0.599600
vt 0.559200 0.601900
vt 0.559200 0.599600
vt 0.503100 0.339100
vt 0.530700 0.029600
vt 0.529700 0.027100
vt 0.530800 0.026900
vt 0.611400 0.108400
vt 0.610900 0.106200
vt 0.610600 0.104100
vt 0.611400 0.106100
vt 0.704000 0.181200
vt 0.504400 0.274200
vt 0.502200 0.274200
vt 0.371400 0.648300
vt 0.369300 0.645200
vt 0.370700 0.644600
vt 0.371400 0.648300
vt 0.374500 0.646200
vt 0.375100 0.647600
vt 0.537800 0.055200
vt 0.534600 0.055200
vt 0.534400 0.054300
vt 0.691000 0.176800
vt 0.688300 0.176800
vt 0.576900 0.434300
vt 0.576900 0.431900
vt 0.577400 0.434300
vt 0.724200 0.962700
vt 0.413800 0.637500
vt 0.319000 0.804700
vt 0.002000 0.954900
vt 0.088900 0.955000
vt 0.642100 0.316400
vt 0.644100 0.318400
vt 0.461700 0.679800
vt 0.459400 0.679400
vt 0.461700 0.679400
vt 0.459400 0.680900
vt 0.457400 0.680900
vt 0.459300 0.680600
vt 0.800700 0.323700
vt 0.799400 0.326600
vt 0.798300 0.326000
vt 0.535200 0.263400
vt 0.537600 0.264600
vt 0.535400 0.264600
vt 0.436100 0.822100
vt 0.465600 0.942500
vt 0.447000 0.357000
vt 0.447100 0.356600
vt 0.603000 0.102900
vt 0.601100 0.104000
vt 0.602700 0.102400
vt 0.850300 0.140500
vt 0.850300 0.142900
vt 0.849900 0.142800
vt 0.424000 0.674600
vt 0.419200 0.676100
vt 0.419000 0.674800
vt 0.285400 0.962700
vt 0.285600 0.879500
vt 0.286100 0.962900
vt 0.701000 0.523200
vt 0.701700 0.523000
vt 0.701300 0.842900
vt 0.530700 0.274000
vt 0.531700 0.273400
vt 0.528800 0.271700
vt 0.529700 0.268800
vt 0.529700 0.271500
vt 0.002300 0.977200
vt 0.828400 0.142400
vt 0.828700 0.144800
vt 0.828300 0.144900
vt 0.464100 0.679800
vt 0.541900 0.302300
vt 0.539500 0.301900
vt 0.539600 0.301500
vt 0.844300 0.159200
vt 0.771100 0.727000
vt 0.441200 0.357400
vt 0.439100 0.357000
vt 0.441200 0.357000
vt 0.439100 0.357400
vt 0.436700 0.357000
vt 0.449800 0.309700
vt 0.448200 0.310600
vt 0.448000 0.309700
vt 0.450100 0.311500
vt 0.311800 0.992500
vt 0.308800 0.993200
vt 0.311800 0.989200
vt 0.459200 0.594900
vt 0.778200 0.592900
vt 0.440500 0.964700
vt 0.438000 0.964700
vt 0.435600 0.964000
vt 0.437900 0.964000
vt 0.469000 0.964000
vt 0.099300 0.791300
vt 0.099300 0.793800
vt 0.098600 0.793900
vt 0.436400 0.506100
vt 0.434200 0.506100
vt 0.434400 0.505400
vt 0.501700 0.992100
vt 0.495500 0.992100
vt 0.495500 0.791500
vt 0.690300 0.190900
vt 0.529200 0.927000
vt 0.523000 0.927000
vt 0.529200 0.633400
vt 0.642600 0.211000
vt 0.636500 0.211000
vt 0.642600 0.200100
vt 0.818000 0.301300
vt 0.818000 0.303700
vt 0.817600 0.303700
vt 0.510100 0.280700
vt 0.511600 0.282400
vt 0.511300 0.282600
vt 0.530800 0.021900
vt 0.532700 0.020000
vt 0.533300 0.021000
vt 0.535200 0.019000
vt 0.537600 0.020200
vt 0.535400 0.020100
vt 0.694300 0.180300
vt 0.413000 0.964700
vt 0.410900 0.964700
vt 0.453900 0.357000
vt 0.541800 0.933000
vt 0.541800 0.935400
vt 0.541400 0.935300
vt 0.689500 0.136800
vt 0.743200 0.136800
vt 0.743200 0.139700
vt 0.395600 0.668400
vt 0.395600 0.960700
vt 0.392800 0.960700
vt 0.511500 0.268600
vt 0.512400 0.268800
vt 0.512700 0.265800
vt 0.515400 0.264500
vt 0.513500 0.266300
vt 0.689500 0.021800
vt 0.743200 0.021800
vt 0.689500 0.024600
vt 0.392800 0.668400
vt 0.512400 0.935200
vt 0.512400 0.933200
vt 0.377900 0.682300
vt 0.085300 0.642900
vt 0.085300 0.776200
vt 0.547700 0.839700
vt 0.553800 0.839700
vt 0.553800 0.991200
vt 0.718500 0.316400
vt 0.718500 0.467900
vt 0.712300 0.316400
vt 0.712300 0.467900
vt 0.547700 0.991200
vt 0.432400 0.673300
vt 0.432400 0.672300
vt 0.432400 0.676300
vt 0.429200 0.676300
vt 0.429000 0.675400
vt 0.391600 0.979500
vt 0.389900 0.980900
vt 0.389900 0.978900
vt 0.393300 0.979700
vt 0.606700 0.111700
vt 0.608700 0.111600
vt 0.606800 0.112300
vt 0.432300 0.356600
vt 0.464900 0.920400
vt 0.464900 0.937100
vt 0.464500 0.920200
vt 0.461300 0.936000
vt 0.461600 0.918700
vt 0.461600 0.936200
vt 0.465800 0.599100
vt 0.466100 0.616400
vt 0.465500 0.616000
vt 0.461100 0.597300
vt 0.460100 0.614300
vt 0.460400 0.597000
vt 0.206500 0.332700
vt 0.010500 0.778400
vt 0.810600 0.288200
vt 0.810000 0.159200
vt 0.810600 0.159600
vt 0.389200 0.651500
vt 0.389200 0.329200
vt 0.389800 0.329800
vt 0.473800 0.329400
vt 0.569100 0.954600
vt 0.568300 0.956300
vt 0.568300 0.954600
vt 0.565700 0.958300
vt 0.565700 0.960600
vt 0.565000 0.960900
vt 0.544200 0.271800
vt 0.543200 0.271600
vt 0.543200 0.268900
vt 0.528500 0.935200
vt 0.528500 0.937300
vt 0.527900 0.937200
vt 0.527100 0.933200
vt 0.526300 0.935200
vt 0.526300 0.933200
vt 0.006000 0.774800
vt 0.006500 0.642900
vt 0.006500 0.774800
vt 0.676800 0.277100
vt 0.677300 0.274700
vt 0.677300 0.277000
vt 0.577100 0.429600
vt 0.577500 0.429700
vt 0.390700 0.987400
vt 0.392500 0.987000
vt 0.466100 0.598900
vt 0.460700 0.613900
vt 0.548900 0.619000
vt 0.548900 0.621200
vt 0.548100 0.621200
vt 0.511300 0.943800
vt 0.510400 0.946400
vt 0.510400 0.943700
vt 0.464200 0.920000
vt 0.464200 0.937500
vt 0.626500 0.200100
vt 0.620300 0.211000
vt 0.620300 0.200100
vt 0.430300 0.348200
vt 0.441200 0.354300
vt 0.430300 0.354300
vt 0.430300 0.624700
vt 0.441200 0.630800
vt 0.430300 0.630800
vt 0.581100 0.747800
vt 0.587300 0.747800
vt 0.587300 0.948500
vt 0.610200 0.417700
vt 0.617600 0.417700
vt 0.610200 0.423900
vt 0.211000 0.353400
vt 0.211600 0.481800
vt 0.211000 0.481900
vt 0.426200 0.626700
vt 0.424000 0.626700
vt 0.424000 0.625200
vt 0.516700 0.244200
vt 0.516700 0.247000
vt 0.515700 0.247200
vt 0.528500 0.223600
vt 0.527500 0.227000
vt 0.527500 0.223500
vt 0.517600 0.033500
vt 0.514800 0.032300
vt 0.515300 0.031500
vt 0.512400 0.027100
vt 0.513600 0.024600
vt 0.513500 0.026900
vt 0.431700 0.504600
vt 0.429100 0.504600
vt 0.429300 0.504000
vt 0.303800 0.156100
vt 0.303500 0.158800
vt 0.302700 0.158600
vt 0.319000 0.705700
vt 0.314800 0.729500
vt 0.314800 0.709500
vt 0.525900 0.268900
vt 0.525900 0.271600
vt 0.524800 0.271300
vt 0.526900 0.271800
vt 0.213600 0.150800
vt 0.579200 0.332100
vt 0.579200 0.331100
vt 0.837100 0.137800
vt 0.835600 0.140000
vt 0.835600 0.137100
vt 0.665300 0.295300
vt 0.664600 0.297700
vt 0.664600 0.295100
vt 0.667000 0.295600
vt 0.506400 0.028900
vt 0.504400 0.029800
vt 0.097800 0.784400
vt 0.097800 0.782200
vt 0.506200 0.340200
vt 0.506200 0.340200
vt 0.539500 0.060200
vt 0.536800 0.059600
vt 0.537200 0.058800
vt 0.517600 0.229300
vt 0.516700 0.232300
vt 0.516700 0.229500
vt 0.515700 0.232500
vt 0.514700 0.232400
vt 0.838800 0.138400
vt 0.837400 0.140300
vt 0.836500 0.140100
vt 0.520500 0.054800
vt 0.518600 0.053100
vt 0.520500 0.054000
vt 0.302000 0.662500
vt 0.384000 0.659500
vt 0.603000 0.125900
vt 0.604900 0.126600
vt 0.601100 0.124800
vt 0.602700 0.126300
vt 0.600800 0.125000
vt 0.517900 0.263400
vt 0.520300 0.264700
vt 0.518100 0.264600
vt 0.824100 0.140900
vt 0.822900 0.144000
vt 0.822900 0.141100
vt 0.525400 0.230300
vt 0.024100 0.963500
vt 0.023700 0.966800
vt 0.022600 0.966500
vt 0.587200 0.104000
vt 0.586000 0.106000
vt 0.586900 0.103800
vt 0.589400 0.103400
vt 0.589100 0.102900
vt 0.533400 0.347200
vt 0.526500 0.052200
vt 0.524800 0.051400
vt 0.526900 0.051400
vt 0.566500 0.960500
vt 0.566500 0.962300
vt 0.565700 0.962700
vt 0.600900 0.417700
vt 0.608300 0.423900
vt 0.596500 0.423900
vt 0.684300 0.473600
vt 0.607900 0.949600
vt 0.607200 0.952000
vt 0.607200 0.949700
vt 0.520900 0.347700
vt 0.518300 0.346900
vt 0.520800 0.346900
vt 0.473800 0.631900
vt 0.473000 0.634200
vt 0.473300 0.631900
vt 0.473500 0.629600
vt 0.439300 0.311500
vt 0.437500 0.310600
vt 0.439200 0.310600
vt 0.303900 0.987300
vt 0.303100 0.987300
vt 0.536600 0.036300
vt 0.534100 0.036400
vt 0.536500 0.035400
vt 0.383300 0.959200
vt 0.382500 0.961500
vt 0.586800 0.348200
vt 0.589400 0.347200
vt 0.588400 0.349100
vt 0.581800 0.958200
vt 0.108300 0.957700
vt 0.108900 0.956700
vt 0.110200 0.962800
vt 0.286600 0.879500
vt 0.286400 0.963100
vt 0.534100 0.280800
vt 0.529700 0.024400
vt 0.531700 0.022600
vt 0.530900 0.024600
vt 0.423100 0.495900
vt 0.422000 0.496300
vt 0.531600 0.054300
vt 0.538000 0.018100
vt 0.540900 0.019300
vt 0.540300 0.020100
vt 0.542200 0.022000
vt 0.541300 0.022600
vt 0.622100 0.423900
vt 0.617600 0.341900
vt 0.621700 0.417200
vt 0.798800 0.002000
vt 0.792600 0.145000
vt 0.792600 0.002000
vt 0.773100 0.159200
vt 0.767000 0.302200
vt 0.767000 0.159200
vt 0.602000 0.747800
vt 0.595800 0.890800
vt 0.595800 0.747800
vt 0.722500 0.055700
vt 0.716300 0.127400
vt 0.716300 0.055700
vt 0.634600 0.212900
vt 0.628400 0.284600
vt 0.628400 0.212900
vt 0.636500 0.284600
vt 0.642600 0.212900
vt 0.642600 0.284600
vt 0.730500 0.055700
vt 0.724400 0.127400
vt 0.724400 0.055700
vt 0.730500 0.127400
vt 0.620300 0.284600
vt 0.626500 0.212900
vt 0.626500 0.284600
vt 0.708300 0.127400
vt 0.714400 0.055700
vt 0.714400 0.127400
vt 0.708300 0.055700
vt 0.618900 0.907800
vt 0.625000 0.764800
vt 0.625000 0.907800
vt 0.798800 0.145000
vt 0.722500 0.127400
vt 0.634600 0.284600
vt 0.620300 0.212900
vt 0.636500 0.212900
vt 0.602000 0.890800
vt 0.618900 0.764800
vt 0.773100 0.302200
vt 0.211400 0.835600
vt 0.508600 0.265200
vt 0.550600 0.624800
vt 0.512200 0.946200
vt 0.608800 0.125700
vt 0.610600 0.124500
vt 0.609100 0.126200
vt 0.474200 0.325200
vt 0.389200 0.325200
vt 0.473100 0.324100
vt 0.473100 0.003000
vt 0.643100 0.976000
vt 0.642200 0.978000
vt 0.644400 0.974000
vt 0.643800 0.976000
vt 0.394100 0.993300
vt 0.373400 0.651400
vt 0.372100 0.652000
vt 0.619100 0.175700
vt 0.616500 0.175500
vt 0.616600 0.174600
vt 0.621700 0.175400
vt 0.619100 0.174900
vt 0.676800 0.274700
vt 0.427700 0.353500
vt 0.525500 0.239800
vt 0.523600 0.239700
vt 0.523600 0.238900
vt 0.525600 0.239000
vt 0.527600 0.239100
vt 0.592900 0.126500
vt 0.594800 0.125800
vt 0.595100 0.126200
vt 0.596700 0.124600
vt 0.597000 0.124800
vt 0.312300 0.229100
vt 0.380500 0.228300
vt 0.380800 0.229100
vt 0.312500 0.221600
vt 0.381000 0.221000
vt 0.380600 0.221600
vt 0.312500 0.228700
vt 0.682500 0.880600
vt 0.678100 0.880600
vt 0.678100 0.679900
vt 0.682900 0.266700
vt 0.678400 0.266700
vt 0.678800 0.191400
vt 0.309400 0.674400
vt 0.377600 0.674100
vt 0.377400 0.674400
vt 0.523000 0.031500
vt 0.520500 0.032500
vt 0.520300 0.031400
vt 0.517800 0.032500
vt 0.516000 0.030500
vt 0.518000 0.031400
vt 0.424000 0.630700
vt 0.422000 0.630100
vt 0.424000 0.630100
vt 0.424000 0.629300
vt 0.607900 0.947100
vt 0.540300 0.275900
vt 0.429200 0.952800
vt 0.426100 0.951900
vt 0.429000 0.951900
vt 0.432400 0.952800
vt 0.517600 0.243900
vt 0.516700 0.247000
vt 0.517600 0.240800
vt 0.310200 0.222400
vt 0.307600 0.221500
vt 0.310100 0.221500
vt 0.518200 0.347700
vt 0.529400 0.223800
vt 0.529400 0.227000
vt 0.529400 0.227000
vt 0.528500 0.227000
vt 0.527500 0.230500
vt 0.329200 0.650100
vt 0.536600 0.047400
vt 0.022900 0.677700
vt 0.027000 0.653900
vt 0.027000 0.681500
vt 0.511900 0.343100
vt 0.535700 0.339000
vt 0.531900 0.343100
vt 0.619800 0.181800
vt 0.643600 0.177600
vt 0.639800 0.181800
vt 0.596300 0.104300
vt 0.595200 0.102500
vt 0.596700 0.104100
vt 0.593000 0.102100
vt 0.593100 0.101600
vt 0.541100 0.051200
vt 0.537800 0.050200
vt 0.540800 0.050200
vt 0.513600 0.237500
vt 0.512700 0.240800
vt 0.512700 0.237800
vt 0.666100 0.297700
vt 0.665300 0.300100
vt 0.665300 0.297700
vt 0.530300 0.350900
vt 0.531200 0.350700
vt 0.443000 0.962600
vt 0.219100 0.341200
vt 0.216500 0.340400
vt 0.219000 0.340400
vt 0.521800 0.220600
vt 0.521000 0.225500
vt 0.520400 0.228000
vt 0.520400 0.225500
vt 0.528800 0.268600
vt 0.098600 0.791300
vt 0.701800 0.987400
vt 0.702200 0.983100
vt 0.701800 0.985000
vt 0.701800 0.983000
vt 0.518000 0.359300
vt 0.519100 0.359100
vt 0.591700 0.341800
vt 0.591100 0.338800
vt 0.592100 0.338500
vt 0.226500 0.177000
vt 0.500600 0.437500
vt 0.587600 0.433400
vt 0.584100 0.433000
vt 0.584300 0.432000
vt 0.532400 0.356700
vt 0.534000 0.353800
vt 0.435800 0.949900
vt 0.435500 0.952800
vt 0.432400 0.951900
vt 0.516700 0.240800
vt 0.447000 0.949900
vt 0.447000 0.952800
vt 0.319000 0.733300
vt 0.537800 0.054300
vt 0.450500 0.673300
vt 0.447000 0.675400
vt 0.524200 0.280800
vt 0.473800 0.651700
vt 0.473800 0.651300
vt 0.647900 0.320400
vt 0.648300 0.320800
vt 0.649700 0.335600
vt 0.465200 0.939400
vt 0.440600 0.674400
vt 0.441300 0.312300
vt 0.441300 0.311500
vt 0.443300 0.311500
vt 0.531300 0.040500
vt 0.526200 0.357400
vt 0.526500 0.355200
vt 0.526500 0.355200
vt 0.585200 0.954600
vt 0.559600 0.602000
vt 0.425800 0.495900
vt 0.436600 0.502100
vt 0.425800 0.502100
vt 0.504900 0.066300
vt 0.498700 0.217800
vt 0.498700 0.066300
vt 0.642600 0.187300
vt 0.636500 0.198200
vt 0.636500 0.187300
vt 0.761300 0.159200
vt 0.755100 0.310700
vt 0.755100 0.159200
vt 0.443100 0.348200
vt 0.453900 0.354300
vt 0.443100 0.354300
vt 0.786900 0.002000
vt 0.780800 0.153500
vt 0.780800 0.002000
vt 0.455800 0.624700
vt 0.466700 0.630800
vt 0.455800 0.630800
vt 0.786900 0.153500
vt 0.455300 0.947900
vt 0.466200 0.954000
vt 0.455300 0.954000
vt 0.504900 0.217800
vt 0.634600 0.187300
vt 0.628400 0.198200
vt 0.628400 0.187300
vt 0.761300 0.310700
vt 0.445200 0.964700
vt 0.544200 0.024300
vt 0.543200 0.027200
vt 0.543200 0.024500
vt 0.581100 0.948500
vt 0.692200 0.190900
vt 0.668100 0.610000
vt 0.668100 0.316400
vt 0.674300 0.316400
vt 0.590400 0.181800
vt 0.590400 0.175700
vt 0.601300 0.181800
vt 0.303900 0.992900
vt 0.302300 0.994600
vt 0.302300 0.992900
vt 0.303100 0.990900
vt 0.099300 0.779500
vt 0.525700 0.030200
vt 0.524900 0.029600
vt 0.851400 0.140500
vt 0.851100 0.142900
vt 0.851100 0.140500
vt 0.850700 0.140500
vt 0.850700 0.138100
vt 0.600200 0.106100
vt 0.600200 0.108300
vt 0.599800 0.108400
vt 0.602900 0.111500
vt 0.604700 0.112800
vt 0.602600 0.112000
vt 0.800300 0.335400
vt 0.798800 0.330400
vt 0.800600 0.330400
vt 0.718900 0.934800
vt 0.643600 0.296900
vt 0.590800 0.296900
vt 0.590800 0.294000
vt 0.381100 0.957300
vt 0.381100 0.666000
vt 0.384000 0.666000
vt 0.591100 0.348000
vt 0.592100 0.348300
vt 0.599200 0.339200
vt 0.594800 0.111600
vt 0.596700 0.110400
vt 0.595100 0.112000
vt 0.589100 0.111500
vt 0.590900 0.112300
vt 0.590800 0.113200
vt 0.717800 0.939500
vt 0.717400 0.939400
vt 0.494300 0.439200
vt 0.494000 0.438200
vt 0.025000 0.770300
vt 0.022700 0.770800
vt 0.022700 0.770300
vt 0.724600 0.958400
vt 0.616000 0.177600
vt 0.186700 0.954500
vt 0.185800 0.958400
vt 0.836500 0.142500
vt 0.835600 0.142600
vt 0.678800 0.190900
vt 0.289800 0.979300
vt 0.289600 0.982000
vt 0.288700 0.981800
vt 0.289500 0.976800
vt 0.289000 0.979300
vt 0.718000 0.928400
vt 0.717400 0.797100
vt 0.718000 0.797500
vt 0.542200 0.266400
vt 0.542100 0.269100
vt 0.541300 0.267000
vt 0.540300 0.264500
vt 0.717400 0.928900
vt 0.560300 0.971100
vt 0.560600 0.840000
vt 0.560900 0.971500
vt 0.513400 0.029600
vt 0.514400 0.029000
vt 0.376900 0.649000
vt 0.377000 0.647600
vt 0.798800 0.335300
vt 0.797500 0.335400
vt 0.797200 0.330400
vt 0.639000 0.976000
vt 0.677400 0.272500
vt 0.677800 0.272600
vt 0.611400 0.120200
vt 0.022900 0.657700
vt 0.595800 0.118900
vt 0.594500 0.117600
vt 0.594800 0.117100
vt 0.593000 0.116300
vt 0.590800 0.115800
vt 0.593100 0.115800
vt 0.508100 0.339000
vt 0.497900 0.023200
vt 0.498700 0.021200
vt 0.676500 0.174500
vt 0.676900 0.172100
vt 0.676900 0.174500
vt 0.569100 0.961900
vt 0.513600 0.226100
vt 0.515700 0.222600
vt 0.542800 0.933000
vt 0.542200 0.935400
vt 0.542200 0.933000
vt 0.811000 0.159700
vt 0.811500 0.288100
vt 0.811000 0.288100
vt 0.521900 0.239600
vt 0.523500 0.240400
vt 0.521800 0.240300
vt 0.685200 0.171900
vt 0.681900 0.172800
vt 0.682100 0.171900
vt 0.560000 0.595200
vt 0.560000 0.597200
vt 0.559600 0.597300
vt 0.551500 0.617600
vt 0.515200 0.284900
vt 0.516000 0.282900
vt 0.107200 0.958800
vt 0.107200 0.962200
vt 0.384000 0.662500
vt 0.527900 0.938900
vt 0.490200 0.441500
vt 0.429700 0.820000
vt 0.429700 0.820000
vt 0.213900 0.344100
vt 0.464000 0.963200
vt 0.461400 0.963200
vt 0.461600 0.962600
vt 0.525400 0.933100
vt 0.524500 0.935200
vt 0.556800 0.296800
vt 0.556800 0.299300
vt 0.555900 0.299400
vt 0.544200 0.242900
vt 0.307500 0.225800
vt 0.305300 0.224400
vt 0.498700 0.265600
vt 0.500300 0.264100
vt 0.303400 0.160700
vt 0.302600 0.160900
vt 0.534600 0.281500
vt 0.532900 0.283000
vt 0.532300 0.282600
vt 0.531300 0.284900
vt 0.600700 0.118200
vt 0.540300 0.031500
vt 0.537800 0.032500
vt 0.537600 0.031400
vt 0.535100 0.032500
vt 0.533300 0.030500
vt 0.535400 0.031300
vt 0.827900 0.144900
vt 0.828000 0.142400
vt 0.725400 0.965200
vt 0.725400 0.967200
vt 0.725000 0.967200
vt 0.496800 0.066300
vt 0.494900 0.199600
vt 0.494900 0.066300
vt 0.822200 0.002000
vt 0.820300 0.135300
vt 0.820300 0.002000
vt 0.099300 0.639400
vt 0.097300 0.772700
vt 0.097300 0.639400
vt 0.453400 0.954700
vt 0.450500 0.954700
vt 0.448300 0.954700
vt 0.596700 0.118300
vt 0.595100 0.116700
vt 0.597000 0.118100
vt 0.689300 0.181200
vt 0.506800 0.029600
vt 0.504600 0.030600
vt 0.212100 0.840200
vt 0.408400 0.964000
vt 0.424100 0.675700
vt 0.098000 0.959800
vt 0.098700 0.956200
vt 0.100100 0.956700
vt 0.303500 0.165900
vt 0.210600 0.835600
vt 0.210000 0.838000
vt 0.210000 0.835600
vt 0.583300 0.127400
vt 0.583200 0.125200
vt 0.584100 0.127100
vt 0.582300 0.125400
vt 0.688500 0.133600
vt 0.686300 0.133400
vt 0.688300 0.132800
vt 0.686400 0.134200
vt 0.691400 0.175900
vt 0.691500 0.174900
vt 0.490700 0.340600
vt 0.490700 0.338100
vt 0.491600 0.338000
vt 0.633000 0.098200
vt 0.636100 0.099000
vt 0.632900 0.099000
vt 0.597000 0.110600
vt 0.676400 0.176800
vt 0.453400 0.679000
vt 0.451400 0.679900
vt 0.451200 0.679100
vt 0.448900 0.679400
vt 0.521000 0.228200
vt 0.803700 0.300200
vt 0.802900 0.302800
vt 0.802900 0.300300
vt 0.585500 0.331100
vt 0.585500 0.330000
vt 0.694600 0.316400
vt 0.621700 0.417700
vt 0.307500 0.222400
vt 0.305000 0.221800
vt 0.305300 0.221000
vt 0.098600 0.786300
vt 0.822200 0.135300
vt 0.496800 0.199600
vt 0.099300 0.772700
vt 0.588500 0.339900
vt 0.588400 0.337700
vt 0.589400 0.339600
vt 0.590800 0.336100
vt 0.303400 0.153600
vt 0.302900 0.156100
vt 0.302600 0.153800
vt 0.508000 0.021300
vt 0.508800 0.023300
vt 0.179300 0.627800
vt 0.094300 0.627200
vt 0.180000 0.627100
vt 0.179300 0.950900
vt 0.621500 0.174600
vt 0.523700 0.290700
vt 0.521700 0.291500
vt 0.560000 0.599600
vt 0.586900 0.118000
vt 0.501900 0.282200
vt 0.503400 0.280400
vt 0.503800 0.281000
vt 0.473800 0.638500
vt 0.473400 0.640900
vt 0.473000 0.640800
vt 0.499900 0.340200
vt 0.524900 0.022000
vt 0.429200 0.506100
vt 0.211500 0.824000
vt 0.208600 0.822600
vt 0.212100 0.823200
vt 0.426100 0.675400
vt 0.426000 0.674400
vt 0.604800 0.112300
vt 0.606900 0.112800
vt 0.278800 0.303500
vt 0.278200 0.301100
vt 0.279500 0.303000
vt 0.632900 0.071200
vt 0.635400 0.071200
vt 0.633000 0.071700
vt 0.544200 0.302000
vt 0.544100 0.301500
vt 0.585200 0.960200
vt 0.586000 0.120200
vt 0.586800 0.122400
vt 0.587200 0.124600
vt 0.586300 0.122500
vt 0.537800 0.295600
vt 0.537800 0.298700
vt 0.537800 0.298700
vt 0.609000 0.102500
vt 0.607000 0.101600
vt 0.607000 0.101200
vt 0.604800 0.102100
vt 0.604700 0.101600
vt 0.426400 0.625900
vt 0.428100 0.626700
vt 0.817600 0.301300
vt 0.850700 0.136100
vt 0.288900 0.296900
vt 0.289300 0.299100
vt 0.288500 0.297100
vt 0.541200 0.298700
vt 0.621600 0.340000
vt 0.620500 0.337500
vt 0.622100 0.339300
vt 0.703600 0.190900
vt 0.522500 0.230200
vt 0.521800 0.230500
vt 0.523500 0.276700
vt 0.528200 0.236600
vt 0.612900 0.339000
vt 0.612300 0.337500
vt 0.432400 0.674400
vt 0.593000 0.127100
vt 0.588700 0.126200
vt 0.590800 0.127000
vt 0.590700 0.127400
vt 0.640300 0.645100
vt 0.640200 0.644400
vt 0.002000 0.628800
vt 0.088500 0.628400
vt 0.597100 0.106200
vt 0.597600 0.106100
vt 0.517600 0.277900
vt 0.514800 0.276700
vt 0.289800 0.972200
vt 0.289600 0.974900
vt 0.288700 0.974700
vt 0.289000 0.972200
vt 0.099300 0.795900
vt 0.098600 0.796200
vt 0.454300 0.309700
vt 0.452100 0.309700
vt 0.452100 0.308900
vt 0.447600 0.308900
vt 0.449700 0.308900
vt 0.531600 0.298700
vt 0.617600 0.338500
vt 0.617800 0.336900
vt 0.732600 0.048700
vt 0.732600 0.050900
vt 0.732600 0.053800
vt 0.319600 0.809000
vt 0.373400 0.809000
vt 0.373400 0.810100
vt 0.393800 0.015000
vt 0.393800 0.307300
vt 0.392700 0.307300
vt 0.600800 0.103800
vt 0.185800 0.954300
vt 0.185800 0.956200
vt 0.185000 0.956000
vt 0.517900 0.019000
vt 0.436600 0.495900
vt 0.659600 0.907300
vt 0.653500 0.907300
vt 0.659600 0.613800
vt 0.505500 0.359400
vt 0.505500 0.348500
vt 0.511700 0.348500
vt 0.653500 0.613800
vt 0.716300 0.053800
vt 0.716300 0.042900
vt 0.722500 0.042900
vt 0.401800 0.308600
vt 0.395700 0.308600
vt 0.401800 0.015000
vt 0.511700 0.359400
vt 0.602000 0.744000
vt 0.595800 0.744000
vt 0.602000 0.450400
vt 0.603200 0.175700
vt 0.614100 0.175700
vt 0.614100 0.181800
vt 0.466200 0.677500
vt 0.628500 0.450400
vt 0.622300 0.601900
vt 0.622300 0.450400
vt 0.466700 0.354300
vt 0.625000 0.607600
vt 0.618900 0.759100
vt 0.618900 0.607600
vt 0.441200 0.348200
vt 0.625000 0.759100
vt 0.466200 0.947900
vt 0.441200 0.624700
vt 0.628500 0.601900
vt 0.501700 0.791500
vt 0.608300 0.417700
vt 0.595800 0.450400
vt 0.628400 0.211000
vt 0.628400 0.200100
vt 0.634600 0.200100
vt 0.642600 0.198200
vt 0.466700 0.624700
vt 0.634600 0.198200
vt 0.453900 0.348200
vt 0.626500 0.211000
vt 0.547400 0.611100
vt 0.553500 0.459600
vt 0.553500 0.611100
vt 0.453900 0.630800
vt 0.547400 0.459600
vt 0.395700 0.015000
vt 0.722500 0.053800
vt 0.796600 0.159200
vt 0.794600 0.292400
vt 0.794600 0.159200
vt 0.724200 0.814100
vt 0.726200 0.680800
vt 0.726200 0.814100
vt 0.692700 0.196100
vt 0.693000 0.266000
vt 0.692400 0.265300
vt 0.377900 0.953500
vt 0.306900 0.952800
vt 0.376800 0.952500
vt 0.796600 0.292400
vt 0.496600 0.339100
vt 0.493800 0.339100
vt 0.603700 0.344500
vt 0.604500 0.414100
vt 0.603700 0.414800
vt 0.724200 0.680800
vt 0.745100 0.316400
vt 0.743100 0.449600
vt 0.743100 0.316400
vt 0.745100 0.449600
vt 0.532200 0.045500
vt 0.520300 0.020200
vt 0.531700 0.240400
vt 0.097100 0.793700
vt 0.098600 0.779500
vt 0.394100 0.983300
vt 0.393300 0.983300
vt 0.559500 0.979800
vt 0.535100 0.277000
vt 0.533300 0.275000
vt 0.509900 0.220000
vt 0.508200 0.221600
vt 0.537900 0.019000
vt 0.539700 0.021000
vt 0.523900 0.273400
vt 0.389900 0.983300
vt 0.389200 0.985900
vt 0.389200 0.983300
vt 0.300500 0.986800
vt 0.299700 0.986500
vt 0.528500 0.220800
vt 0.307500 0.952100
vt 0.604500 0.345200
vt 0.686000 0.195400
vt 0.685700 0.266000
vt 0.685400 0.196100
vt 0.611400 0.344200
vt 0.611000 0.414800
vt 0.611000 0.344500
vt 0.693700 0.195000
vt 0.308800 0.986500
vt 0.310300 0.987600
vt 0.402500 0.631700
vt 0.402600 0.548400
vt 0.403000 0.631700
vt 0.596900 0.417700
vt 0.596900 0.417200
vt 0.600900 0.341900
vt 0.523600 0.263700
vt 0.524900 0.266400
vt 0.523000 0.264500
vt 0.520700 0.262500
vt 0.540900 0.263700
vt 0.538000 0.262500
vt 0.436000 0.823200
vt 0.433100 0.823200
vt 0.511000 0.948800
vt 0.447600 0.964700
vt 0.447400 0.964000
vt 0.542100 0.024700
vt 0.508500 0.226800
vt 0.694500 0.181000
vt 0.560900 0.296600
vt 0.560500 0.299000
vt 0.560100 0.296600
vt 0.593000 0.112300
vt 0.593100 0.112800
vt 0.541400 0.937300
vt 0.420300 0.630100
vt 0.420400 0.629300
vt 0.522500 0.056200
vt 0.525400 0.233000
vt 0.206500 0.336500
vt 0.206800 0.663000
vt 0.293200 0.337000
vt 0.514900 0.040700
vt 0.717800 0.932800
vt 0.678900 0.271000
vt 0.457800 0.356600
vt 0.600200 0.122700
vt 0.515700 0.219700
vt 0.515700 0.222600
vt 0.515700 0.219700
vt 0.428900 0.950900
vt 0.426000 0.950900
vt 0.426000 0.950900
vt 0.538900 0.036100
vt 0.544200 0.297700
vt 0.690500 0.276400
vt 0.687200 0.277100
vt 0.687200 0.276200
vt 0.589000 0.125800
vt 0.588100 0.124000
vt 0.543200 0.282600
vt 0.438800 0.674400
vt 0.443600 0.950900
vt 0.440600 0.950900
vt 0.440600 0.950900
vt 0.543200 0.038200
vt 0.529000 0.357300
vt 0.529800 0.355600
vt 0.530700 0.355900
vt 0.527900 0.933200
vt 0.527900 0.935200
vt 0.527100 0.935200
vt 0.312900 0.713300
vt 0.312100 0.732600
vt 0.312100 0.714000
vt 0.228800 0.280500
vt 0.316100 0.735200
vt 0.649700 0.627900
vt 0.646900 0.643600
vt 0.607900 0.942400
vt 0.305000 0.225200
vt 0.532100 0.032300
vt 0.532600 0.031500
vt 0.534900 0.033500
vt 0.796200 0.300300
vt 0.796500 0.302600
vt 0.795800 0.302600
vt 0.543400 0.228200
vt 0.797500 0.152200
vt 0.383700 0.650400
vt 0.382700 0.651400
vt 0.541400 0.232500
vt 0.542100 0.271300
vt 0.443700 0.308900
vt 0.441300 0.308200
vt 0.443900 0.308200
vt 0.812700 0.297400
vt 0.813100 0.299700
vt 0.812200 0.299900
vt 0.532200 0.285100
vt 0.515700 0.347100
vt 0.513800 0.345900
vt 0.514200 0.345200
vt 0.216400 0.341200
vt 0.213900 0.340600
vt 0.214200 0.339800
vt 0.445500 0.964000
vt 0.548100 0.618800
vt 0.547400 0.621200
vt 0.547400 0.618600
vt 0.640100 0.184900
vt 0.637600 0.184900
vt 0.637500 0.184000
vt 0.527500 0.220600
vt 0.608700 0.102900
vt 0.610900 0.103900
vt 0.445100 0.356600
vt 0.439400 0.312300
vt 0.437600 0.313100
vt 0.437700 0.312300
vt 0.503200 0.342200
vt 0.499900 0.341200
vt 0.503300 0.341200
vt 0.506100 0.342200
vt 0.758100 0.591600
vt 0.757400 0.725400
vt 0.757700 0.592000
vt 0.601100 0.110400
vt 0.600700 0.110600
vt 0.882800 0.002000
vt 0.685200 0.175900
vt 0.640500 0.973800
vt 0.639000 0.973400
vt 0.606900 0.126600
vt 0.797600 0.153600
vt 0.792800 0.155100
vt 0.792700 0.153900
vt 0.695400 0.984700
vt 0.694600 0.850900
vt 0.695700 0.852000
vt 0.751700 0.523100
vt 0.751000 0.656200
vt 0.751000 0.523800
vt 0.509600 0.033000
vt 0.602300 0.116500
vt 0.561100 0.977500
vt 0.561100 0.979800
vt 0.560700 0.979800
vt 0.594900 0.102900
vt 0.403900 0.982100
vt 0.399000 0.983900
vt 0.399000 0.982100
vt 0.472700 0.627700
vt 0.472700 0.335500
vt 0.473800 0.335500
vt 0.589800 0.292100
vt 0.589800 0.291000
vt 0.643600 0.292100
vt 0.526200 0.353100
vt 0.694700 0.985400
vt 0.756800 0.724800
vt 0.757100 0.592700
vt 0.587500 0.108100
vt 0.588100 0.109800
vt 0.587600 0.110100
vt 0.702200 0.985100
vt 0.743200 0.018700
vt 0.743200 0.019900
vt 0.689500 0.019900
vt 0.473800 0.627700
vt 0.360100 0.651400
vt 0.359100 0.650400
vt 0.421400 0.625200
vt 0.450300 0.948800
vt 0.447000 0.947900
vt 0.450000 0.947900
vt 0.743100 0.863400
vt 0.743800 0.732100
vt 0.744200 0.862400
vt 0.756800 0.585900
vt 0.757600 0.454700
vt 0.757900 0.584900
vt 0.643600 0.024600
vt 0.590800 0.024600
vt 0.590800 0.023500
vt 0.292100 0.631100
vt 0.292100 0.339800
vt 0.293200 0.339800
vt 0.390200 0.650600
vt 0.403900 0.983500
vt 0.403900 0.983500
vt 0.367700 0.647600
vt 0.368300 0.646200
vt 0.023700 0.960300
vt 0.022900 0.963500
vt 0.818000 0.305800
vt 0.818700 0.303600
vt 0.818700 0.305600
vt 0.818400 0.305700
vt 0.608900 0.116600
vt 0.608600 0.117100
vt 0.606800 0.115800
vt 0.700600 0.989700
vt 0.561100 0.294400
vt 0.560700 0.294300
vt 0.585500 0.333100
vt 0.588900 0.295800
vt 0.586900 0.296000
vt 0.588700 0.295300
vt 0.080700 0.769600
vt 0.027000 0.770800
vt 0.027000 0.769600
vt 0.449400 0.954700
vt 0.392700 0.015000
vt 0.566500 0.954200
vt 0.566500 0.956000
vt 0.565700 0.955900
vt 0.503700 0.443400
vt 0.502700 0.440900
vt 0.504600 0.441900
vt 0.689800 0.273300
vt 0.300100 0.003100
vt 0.299500 0.002500
vt 0.385400 0.002400
vt 0.299800 0.327300
vt 0.688300 0.266700
vt 0.690300 0.195000
vt 0.690300 0.266700
vt 0.228700 0.170700
vt 0.377900 0.967100
vt 0.306100 0.965100
vt 0.377900 0.965100
vt 0.613600 0.415500
vt 0.615600 0.343800
vt 0.615600 0.415500
vt 0.377900 0.970900
vt 0.306100 0.969000
vt 0.377900 0.969000
vt 0.697500 0.195000
vt 0.695600 0.266700
vt 0.695600 0.195000
vt 0.647700 0.614000
vt 0.649700 0.542200
vt 0.649700 0.614000
vt 0.561200 0.220600
vt 0.559200 0.292400
vt 0.559200 0.220600
vt 0.557300 0.220600
vt 0.555400 0.292400
vt 0.555400 0.220600
vt 0.608300 0.343800
vt 0.606400 0.415500
vt 0.606400 0.343800
vt 0.306100 0.666000
vt 0.377900 0.668000
vt 0.306100 0.668000
vt 0.551500 0.292400
vt 0.553500 0.220600
vt 0.553500 0.292400
vt 0.306100 0.669900
vt 0.377900 0.671900
vt 0.306100 0.671900
vt 0.097800 0.779500
vt 0.861300 0.160900
vt 0.856400 0.160500
vt 0.094300 0.959100
vt 0.094900 0.957700
vt 0.607000 0.113200
vt 0.843600 0.139600
vt 0.525400 0.227000
vt 0.526000 0.357400
vt 0.525300 0.359300
vt 0.843200 0.146500
vt 0.611800 0.108400
vt 0.566400 0.971400
vt 0.565400 0.971500
vt 0.565000 0.966600
vt 0.362200 0.648300
vt 0.361500 0.644600
vt 0.362900 0.644600
vt 0.693400 0.172100
vt 0.722400 0.172100
vt 0.693400 0.176800
vt 0.500200 0.232000
vt 0.500200 0.219700
vt 0.504900 0.219700
vt 0.593800 0.329300
vt 0.622800 0.329300
vt 0.593800 0.334000
vt 0.504900 0.232000
vt 0.722400 0.176800
vt 0.531900 0.249800
vt 0.544200 0.249800
vt 0.544200 0.254500
vt 0.622800 0.334000
vt 0.531900 0.254500
vt 0.745100 0.455300
vt 0.743100 0.588100
vt 0.743100 0.455300
vt 0.726200 0.819800
vt 0.724200 0.952600
vt 0.724200 0.819800
vt 0.215600 0.156700
vt 0.213700 0.289500
vt 0.213700 0.156700
vt 0.827900 0.134800
vt 0.829900 0.002000
vt 0.829900 0.134800
vt 0.008400 0.775700
vt 0.010400 0.642900
vt 0.010400 0.775700
vt 0.802300 0.292000
vt 0.804300 0.159200
vt 0.804300 0.292000
vt 0.444000 0.671300
vt 0.429400 0.947900
vt 0.520400 0.053100
vt 0.518000 0.051400
vt 0.522500 0.054000
vt 0.522500 0.053100
vt 0.424000 0.349400
vt 0.421600 0.349400
vt 0.421200 0.348200
vt 0.453300 0.675400
vt 0.450500 0.674400
vt 0.453400 0.674400
vt 0.493500 0.341200
vt 0.526900 0.027300
vt 0.610100 0.110100
vt 0.610900 0.108300
vt 0.566300 0.966500
vt 0.459300 0.679800
vt 0.461700 0.680900
vt 0.597900 0.122700
vt 0.596400 0.122400
vt 0.817200 0.303500
vt 0.603200 0.117700
vt 0.601400 0.118700
vt 0.601000 0.118400
vt 0.299000 0.328100
vt 0.385400 0.327700
vt 0.560800 0.603900
vt 0.560400 0.604100
vt 0.687600 0.019900
vt 0.685200 0.019400
vt 0.687500 0.019400
vt 0.581100 0.960900
vt 0.497700 0.441200
vt 0.495100 0.440900
vt 0.497600 0.440400
vt 0.542600 0.230300
vt 0.544200 0.228400
vt 0.543200 0.230700
vt 0.540900 0.231900
vt 0.724200 0.316400
vt 0.728600 0.316400
vt 0.728600 0.468800
vt 0.726100 0.029100
vt 0.730500 0.029100
vt 0.726100 0.053800
vt 0.781400 0.159200
vt 0.781400 0.310700
vt 0.776900 0.159200
vt 0.395700 0.310500
vt 0.401800 0.310500
vt 0.401800 0.314900
vt 0.802600 0.002000
vt 0.807000 0.002000
vt 0.807000 0.153500
vt 0.395700 0.314900
vt 0.776900 0.310700
vt 0.639000 0.990400
vt 0.639000 0.984300
vt 0.643400 0.984300
vt 0.633300 0.917200
vt 0.628800 0.917200
vt 0.628800 0.764800
vt 0.737800 0.053800
vt 0.737800 0.029100
vt 0.742200 0.029100
vt 0.802600 0.153500
vt 0.643400 0.990400
vt 0.724200 0.468800
vt 0.742200 0.053800
vt 0.850700 0.143000
vt 0.850700 0.145000
vt 0.850300 0.144900
vt 0.682500 0.679900
vt 0.596500 0.341900
vt 0.552100 0.633400
vt 0.622100 0.341900
vt 0.633300 0.764800
vt 0.730500 0.053800
vt 0.511600 0.935200
vt 0.590900 0.433000
vt 0.681700 0.173900
vt 0.678800 0.173900
vt 0.679100 0.172800
vt 0.436700 0.357700
vt 0.434300 0.357400
vt 0.436700 0.357400
vt 0.532000 0.055200
vt 0.815900 0.149100
vt 0.724600 0.965100
vt 0.724200 0.965000
vt 0.726000 0.962700
vt 0.725700 0.965100
vt 0.725400 0.962700
vt 0.817200 0.291100
vt 0.817900 0.159900
vt 0.817900 0.290400
vt 0.531700 0.267000
vt 0.530900 0.269100
vt 0.639700 0.980500
vt 0.460700 0.594900
vt 0.461100 0.508500
vt 0.461500 0.594900
vt 0.313400 0.991300
vt 0.312800 0.992200
vt 0.312800 0.989500
vt 0.491600 0.340700
vt 0.438200 0.952800
vt 0.509800 0.933000
vt 0.509800 0.935200
vt 0.509000 0.935200
vt 0.578600 0.428000
vt 0.579000 0.428200
vt 0.105800 0.959500
vt 0.106200 0.959200
vt 0.106200 0.961800
vt 0.094300 0.626300
vt 0.180500 0.626500
vt 0.094300 0.626700
vt 0.599900 0.106000
vt 0.602000 0.104700
vt 0.601300 0.106300
vt 0.600700 0.106200
vt 0.619400 0.911600
vt 0.619400 0.997600
vt 0.618900 0.997600
vt 0.734300 0.968700
vt 0.734300 0.643400
vt 0.734900 0.643400
vt 0.734900 0.968700
vt 0.595800 0.980600
vt 0.595800 0.894600
vt 0.596400 0.894600
vt 0.541000 0.924700
vt 0.541000 0.633400
vt 0.543900 0.633400
vt 0.743200 0.134900
vt 0.690400 0.134900
vt 0.690400 0.132000
vt 0.887400 0.006500
vt 0.362200 0.648300
vt 0.365800 0.649000
vt 0.365300 0.650400
vt 0.679300 0.297900
vt 0.679300 0.299100
vt 0.674400 0.299700
vt 0.101700 0.959100
vt 0.101700 0.960600
vt 0.537200 0.927000
vt 0.533000 0.927000
vt 0.537200 0.633400
vt 0.458400 0.308200
vt 0.470700 0.308200
vt 0.470700 0.312400
vt 0.672400 0.907300
vt 0.668100 0.907300
vt 0.672400 0.613800
vt 0.526900 0.294200
vt 0.526900 0.298400
vt 0.514600 0.294200
vt 0.668100 0.613800
vt 0.458400 0.312400
vt 0.533000 0.633400
vt 0.514600 0.298400
vt 0.588800 0.021500
vt 0.586700 0.021500
vt 0.586700 0.021400
vt 0.584500 0.021400
vt 0.818600 0.289800
vt 0.818600 0.160500
vt 0.608800 0.607600
vt 0.606800 0.938300
vt 0.606400 0.607800
vt 0.617500 0.196100
vt 0.541200 0.054300
vt 0.544000 0.054300
vt 0.532000 0.299600
vt 0.566500 0.958300
vt 0.534600 0.222300
vt 0.532900 0.223800
vt 0.532300 0.223400
vt 0.531300 0.225700
vt 0.525400 0.937300
vt 0.524500 0.939300
vt 0.524500 0.937400
vt 0.745100 0.588100
vt 0.215600 0.289500
vt 0.726200 0.952600
vt 0.827900 0.002000
vt 0.008400 0.642900
vt 0.802300 0.159200
vt 0.610900 0.122400
vt 0.609700 0.123900
vt 0.610300 0.122300
vt 0.600700 0.122600
vt 0.389200 0.980700
vt 0.212100 0.828200
vt 0.426100 0.675400
vt 0.644100 0.645100
vt 0.295200 0.004000
vt 0.717800 0.937100
vt 0.666100 0.299900
vt 0.666100 0.301800
vt 0.665300 0.302100
vt 0.668700 0.301300
vt 0.286600 0.967700
vt 0.534400 0.940600
vt 0.463900 0.679400
vt 0.426800 0.505400
vt 0.459100 0.964000
vt 0.523300 0.347100
vt 0.605800 0.949500
vt 0.512400 0.938800
vt 0.473000 0.629800
vt 0.582300 0.120200
vt 0.450400 0.841000
vt 0.451200 0.838400
vt 0.451200 0.841100
vt 0.403500 0.964000
vt 0.454900 0.963200
vt 0.452300 0.962600
vt 0.454700 0.962600
vt 0.285900 0.970200
vt 0.285100 0.969900
vt 0.803700 0.302900
vt 0.803100 0.305300
vt 0.802300 0.305100
vt 0.828700 0.147100
vt 0.180000 0.951600
vt 0.094300 0.951500
vt 0.473800 0.329900
vt 0.648600 0.641600
vt 0.648300 0.642700
vt 0.681300 0.133600
vt 0.413300 0.964000
vt 0.537800 0.297700
vt 0.541200 0.297700
vt 0.544000 0.298700
vt 0.689500 0.180400
vt 0.687000 0.179200
vt 0.689400 0.179700
vt 0.098600 0.784400
vt 0.532900 0.038600
vt 0.794600 0.300400
vt 0.582400 0.334000
vt 0.579300 0.333100
vt 0.582200 0.333100
vt 0.585500 0.334000
vt 0.669500 0.299700
vt 0.669500 0.301300
vt 0.303100 0.994500
vt 0.012600 0.969000
vt 0.006900 0.981700
vt 0.379900 0.644600
vt 0.381400 0.644600
vt 0.842800 0.003300
vt 0.843500 0.133200
vt 0.842800 0.132700
vt 0.394100 0.996200
vt 0.375000 0.649000
vt 0.374500 0.650400
vt 0.803100 0.297700
vt 0.219100 0.344000
vt 0.210600 0.833000
vt 0.516000 0.346300
vt 0.509200 0.219700
vt 0.466700 0.963200
vt 0.464000 0.962600
vt 0.437900 0.963200
vt 0.438100 0.962600
vt 0.527100 0.931600
vt 0.512500 0.284500
vt 0.521000 0.222900
vt 0.422000 0.353500
vt 0.420300 0.353500
vt 0.509500 0.032500
vt 0.676500 0.172100
vt 0.597600 0.108400
vt 0.509900 0.290500
vt 0.507800 0.291300
vt 0.509700 0.290100
vt 0.289500 0.969700
vt 0.210600 0.838200
vt 0.452300 0.963200
vt 0.449600 0.963200
vt 0.449800 0.962600
vt 0.288800 0.303400
vt 0.185800 0.960600
vt 0.186700 0.962200
vt 0.185000 0.962800
vt 0.188500 0.962000
vt 0.541800 0.937400
vt 0.211100 0.153900
vt 0.211700 0.022000
vt 0.211700 0.153900
vt 0.757100 0.447300
vt 0.757800 0.316700
vt 0.758200 0.448300
vt 0.732600 0.049800
vt 0.461000 0.919100
vt 0.461000 0.935900
vt 0.460200 0.919300
vt 0.588200 0.181800
vt 0.529400 0.230200
vt 0.630400 0.097000
vt 0.455700 0.313100
vt 0.455700 0.312300
vt 0.505700 0.279800
vt 0.020600 0.769700
vt 0.771100 0.444700
vt 0.772600 0.316400
vt 0.772600 0.444700
vt 0.824300 0.287600
vt 0.825800 0.159200
vt 0.825800 0.287600
vt 0.765400 0.316400
vt 0.763900 0.444700
vt 0.763900 0.316400
vt 0.851400 0.002000
vt 0.849900 0.130400
vt 0.849900 0.002000
vt 0.765400 0.450400
vt 0.763900 0.578800
vt 0.763900 0.450400
vt 0.551900 0.453900
vt 0.553400 0.325500
vt 0.553400 0.453900
vt 0.851400 0.130400
vt 0.765400 0.578800
vt 0.765400 0.444700
vt 0.472400 0.975100
vt 0.389200 0.975100
vt 0.471200 0.973900
vt 0.471200 0.656700
vt 0.534400 0.246900
vt 0.541500 0.236400
vt 0.466500 0.962600
vt 0.551500 0.624800
vt 0.287000 0.295600
vt 0.453100 0.678200
vt 0.216600 0.556700
vt 0.213900 0.556400
vt 0.214100 0.555600
vt 0.590800 0.138600
vt 0.643600 0.138600
vt 0.643600 0.139700
vt 0.293200 0.631100
vt 0.499800 0.019000
vt 0.006000 0.642900
vt 0.211800 0.156700
vt 0.211200 0.288600
vt 0.211200 0.156700
vt 0.590900 0.116300
vt 0.581400 0.971500
vt 0.581100 0.966500
vt 0.189200 0.960400
vt 0.189800 0.962200
vt 0.189200 0.962000
vt 0.280700 0.304900
vt 0.726700 0.474500
vt 0.726700 0.675100
vt 0.724200 0.675100
vt 0.615100 0.607600
vt 0.615100 0.916000
vt 0.612600 0.916000
vt 0.292700 0.317000
vt 0.292700 0.008700
vt 0.295200 0.008700
vt 0.647200 0.540300
vt 0.647200 0.339700
vt 0.649700 0.339700
vt 0.582300 0.330000
vt 0.309500 0.956000
vt 0.377300 0.955400
vt 0.377300 0.956000
vt 0.309500 0.674800
vt 0.380500 0.225400
vt 0.312500 0.225000
vt 0.380600 0.225000
vt 0.424000 0.628500
vt 0.448300 0.832800
vt 0.445000 0.832600
vt 0.448000 0.831400
vt 0.450900 0.832800
vt 0.102800 0.842500
vt 0.170600 0.842000
vt 0.170700 0.842500
vt 0.377400 0.956300
vt 0.309400 0.956300
vt 0.170800 0.842900
vt 0.102700 0.842900
vt 0.312600 0.222500
vt 0.312600 0.225900
vt 0.377900 0.666000
vt 0.697500 0.266700
vt 0.306100 0.970900
vt 0.377900 0.669900
vt 0.551500 0.220600
vt 0.647700 0.542200
vt 0.306100 0.967100
vt 0.561200 0.292400
vt 0.608300 0.415500
vt 0.557300 0.292400
vt 0.688300 0.195000
vt 0.613600 0.343800
vt 0.590800 0.139700
vt 0.384300 0.299800
vt 0.384300 0.008600
vt 0.385400 0.008600
vt 0.582600 0.960500
vt 0.293200 0.663300
vt 0.509000 0.937600
vt 0.508300 0.937800
vt 0.642600 0.092500
vt 0.548100 0.623600
vt 0.547400 0.623800
vt 0.447900 0.847600
vt 0.587700 0.104300
vt 0.669500 0.310600
vt 0.664600 0.310900
vt 0.664600 0.300300
vt 0.624500 0.092500
vt 0.438900 0.308900
vt 0.438700 0.308200
vt 0.626400 0.089200
vt 0.523700 0.932800
vt 0.523000 0.932600
vt 0.628300 0.076900
vt 0.433000 0.820000
vt 0.433000 0.820000
vt 0.432700 0.819100
vt 0.490800 0.443400
vt 0.490700 0.441500
vt 0.491200 0.443300
vt 0.511200 0.288600
vt 0.385400 0.299800
vt 0.643600 0.023500
vt 0.427600 0.629300
vt 0.427700 0.628500
vt 0.427800 0.627600
vt 0.824300 0.159200
vt 0.551900 0.325500
vt 0.771100 0.316400
vt 0.456100 0.309700
vt 0.456500 0.308900
vt 0.445400 0.309700
vt 0.445700 0.308900
vt 0.626400 0.071100
vt 0.584400 0.954600
vt 0.512700 0.948200
vt 0.638600 0.079000
vt 0.606600 0.117000
vt 0.560400 0.595200
vt 0.240700 0.165800
vt 0.238500 0.165400
vt 0.240700 0.165500
vt 0.420100 0.499500
vt 0.420300 0.501800
vt 0.420000 0.501700
vt 0.455300 0.835700
vt 0.525700 0.237200
vt 0.520600 0.019000
vt 0.522300 0.021100
vt 0.587500 0.428500
vt 0.585300 0.428200
vt 0.587500 0.428400
vt 0.589500 0.428300
vt 0.301400 0.993000
vt 0.300500 0.995000
vt 0.300500 0.993100
vt 0.490900 0.343100
vt 0.588800 0.134200
vt 0.586700 0.134200
vt 0.588800 0.134000
vt 0.590700 0.134200
vt 0.464500 0.508200
vt 0.466100 0.597000
vt 0.464800 0.597000
vt 0.642800 0.316400
vt 0.644100 0.316400
vt 0.520600 0.263400
vt 0.522400 0.265400
vt 0.531800 0.028900
vt 0.524800 0.269100
vt 0.524000 0.267000
vt 0.623700 0.089500
vt 0.623300 0.086300
vt 0.624500 0.089300
vt 0.623700 0.092400
vt 0.524800 0.024700
vt 0.523900 0.022700
vt 0.542200 0.928500
vt 0.542200 0.930500
vt 0.541800 0.928500
vt 0.844000 0.146500
vt 0.844000 0.148600
vt 0.843600 0.148600
vt 0.627200 0.074200
vt 0.626400 0.074400
vt 0.627300 0.071300
vt 0.442900 0.840800
vt 0.442700 0.844100
vt 0.441500 0.841100
vt 0.442300 0.838000
vt 0.548900 0.617100
vt 0.548100 0.616700
vt 0.550600 0.617500
vt 0.641800 0.089500
vt 0.641400 0.086300
vt 0.642600 0.089300
vt 0.641800 0.092400
vt 0.528700 0.235400
vt 0.612300 0.084700
vt 0.426300 0.822100
vt 0.423400 0.821100
vt 0.426300 0.821100
vt 0.525400 0.931400
vt 0.524500 0.933000
vt 0.524500 0.931100
vt 0.526300 0.931500
vt 0.514700 0.229500
vt 0.428900 0.674400
vt 0.464100 0.508300
vt 0.608800 0.938400
vt 0.743200 0.132000
vt 0.384000 0.957300
vt 0.543900 0.924700
vt 0.643600 0.294000
vt 0.424100 0.947900
vt 0.422900 0.951100
vt 0.422900 0.948000
vt 0.389200 0.002600
vt 0.474200 0.002000
vt 0.612300 0.097000
vt 0.614800 0.099000
vt 0.611800 0.097700
vt 0.609600 0.095400
vt 0.529700 0.357700
vt 0.436100 0.826700
vt 0.434600 0.828600
vt 0.433800 0.828100
vt 0.691500 0.173900
vt 0.534400 0.052200
vt 0.531400 0.053300
vt 0.531500 0.052200
vt 0.517600 0.223000
vt 0.517600 0.226100
vt 0.526100 0.054800
vt 0.526100 0.054000
vt 0.228300 0.179300
vt 0.514400 0.284800
vt 0.515400 0.282500
vt 0.533600 0.938300
vt 0.533000 0.938100
vt 0.696300 0.523400
vt 0.696300 0.846600
vt 0.696000 0.846700
vt 0.461100 0.831900
vt 0.461000 0.916800
vt 0.460800 0.831700
vt 0.534400 0.296600
vt 0.432900 0.824000
vt 0.435600 0.824000
vt 0.316200 0.698600
vt 0.317800 0.695700
vt 0.318800 0.696500
vt 0.498100 0.265200
vt 0.411000 0.963200
vt 0.408400 0.962600
vt 0.410800 0.962600
vt 0.509700 0.046300
vt 0.507400 0.046900
vt 0.509200 0.045700
vt 0.511100 0.044500
vt 0.588800 0.112000
vt 0.584700 0.296000
vt 0.280600 0.294900
vt 0.282900 0.294300
vt 0.281000 0.295500
vt 0.279100 0.296800
vt 0.587000 0.296500
vt 0.588500 0.346900
vt 0.589900 0.344700
vt 0.611700 0.415500
vt 0.666100 0.295500
vt 0.758200 0.455300
vt 0.744500 0.732700
vt 0.587600 0.118500
vt 0.586800 0.120400
vt 0.586300 0.120300
vt 0.674400 0.298200
vt 0.439100 0.356600
vt 0.436700 0.356200
vt 0.438900 0.356200
vt 0.576400 0.331700
vt 0.576800 0.329300
vt 0.577300 0.329500
vt 0.560000 0.460000
vt 0.559600 0.590800
vt 0.559200 0.460100
vt 0.015400 0.913000
vt 0.085600 0.913700
vt 0.014300 0.914000
vt 0.700900 0.847600
vt 0.701700 0.978600
vt 0.700900 0.978900
vt 0.701700 0.847900
vt 0.012700 0.962500
vt 0.013500 0.964600
vt 0.012300 0.962800
vt 0.011100 0.960900
vt 0.560300 0.840200
vt 0.559500 0.840300
vt 0.560300 0.591100
vt 0.222100 0.189000
vt 0.223200 0.208100
vt 0.222100 0.209100
vt 0.743700 0.725100
vt 0.743400 0.594800
vt 0.743700 0.594500
vt 0.844200 0.002000
vt 0.843500 0.002700
vt 0.734800 0.052800
vt 0.735100 0.034500
vt 0.735900 0.053800
vt 0.189200 0.968400
vt 0.378500 0.651400
vt 0.377500 0.650400
vt 0.818400 0.298900
vt 0.818000 0.298900
vt 0.818000 0.296800
vt 0.694900 0.522900
vt 0.695400 0.523200
vt 0.455100 0.593700
vt 0.456000 0.508200
vt 0.455700 0.593400
vt 0.084600 0.912800
vt 0.581100 0.430000
vt 0.581400 0.427800
vt 0.581300 0.430000
vt 0.020100 0.965800
vt 0.019400 0.967800
vt 0.019200 0.967700
vt 0.699300 0.181500
vt 0.697100 0.181400
vt 0.699300 0.181400
vt 0.701300 0.181900
vt 0.522600 0.357500
vt 0.522200 0.355500
vt 0.522700 0.357500
vt 0.495100 0.262500
vt 0.495200 0.264700
vt 0.495100 0.264700
vt 0.707900 0.646800
vt 0.707900 0.973600
vt 0.706500 0.973600
vt 0.676500 0.179900
vt 0.676500 0.266700
vt 0.675200 0.266700
vt 0.684500 0.181700
vt 0.682500 0.181900
vt 0.684500 0.181500
vt 0.686700 0.181700
vt 0.718600 0.939600
vt 0.718600 0.941600
vt 0.717700 0.179500
vt 0.715500 0.179400
vt 0.717700 0.179400
vt 0.719800 0.179500
vt 0.211800 0.288600
vt 0.743100 0.724500
vt 0.230700 0.276500
vt 0.231000 0.274300
vt 0.230900 0.276500
vt 0.230900 0.278600
vt 0.751700 0.656900
vt 0.633200 0.066100
vt 0.630000 0.065900
vt 0.633000 0.064700
vt 0.636000 0.065500
vt 0.795800 0.300200
vt 0.795400 0.302600
vt 0.725400 0.960300
vt 0.725400 0.958300
vt 0.464100 0.680600
vt 0.461700 0.680200
vt 0.435600 0.672300
vt 0.435400 0.671300
vt 0.323200 0.651900
vt 0.633000 0.074000
vt 0.635400 0.074400
vt 0.632900 0.074400
vt 0.676100 0.277100
vt 0.676100 0.274700
vt 0.676400 0.274700
vt 0.206500 0.992400
vt 0.206500 0.992100
vt 0.292200 0.992100
vt 0.639300 0.643800
vt 0.639500 0.319400
vt 0.796200 0.305000
vt 0.795400 0.307100
vt 0.861300 0.163700
vt 0.094900 0.961900
vt 0.094300 0.960500
vt 0.588000 0.292100
vt 0.585600 0.291600
vt 0.587900 0.291600
vt 0.427800 0.351100
vt 0.426100 0.351100
vt 0.426200 0.350200
vt 0.428100 0.350200
vt 0.426400 0.349400
vt 0.428400 0.349400
vt 0.021000 0.662700
vt 0.020300 0.680800
vt 0.020300 0.662100
vt 0.513600 0.234700
vt 0.513600 0.232200
vt 0.584600 0.021500
vt 0.582700 0.021400
vt 0.521500 0.047300
vt 0.523600 0.046700
vt 0.521500 0.047600
vt 0.519300 0.047300
vt 0.632600 0.754800
vt 0.464000 0.939700
vt 0.584500 0.289100
vt 0.582700 0.288900
vt 0.584500 0.288800
vt 0.586700 0.288900
vt 0.713600 0.179300
vt 0.715500 0.179300
vt 0.717700 0.179300
vt 0.287200 0.305000
vt 0.285000 0.305400
vt 0.286900 0.304600
vt 0.211100 0.022000
vt 0.757100 0.317400
vt 0.464600 0.357400
vt 0.462200 0.357400
vt 0.466600 0.357400
vt 0.288800 0.344700
vt 0.221000 0.343200
vt 0.288800 0.343200
vt 0.221000 0.555500
vt 0.288800 0.557000
vt 0.221000 0.557000
vt 0.288800 0.560400
vt 0.221000 0.558900
vt 0.288800 0.558900
vt 0.288800 0.341300
vt 0.221000 0.339800
vt 0.288800 0.339800
vt 0.221000 0.562300
vt 0.288800 0.563700
vt 0.221000 0.563700
vt 0.221000 0.344700
vt 0.221000 0.341300
vt 0.223200 0.190000
vt 0.221000 0.560400
vt 0.211600 0.484300
vt 0.210100 0.552000
vt 0.210100 0.484300
vt 0.288800 0.555500
vt 0.288800 0.562300
vt 0.211600 0.552000
vt 0.236400 0.165500
vt 0.234500 0.165400
vt 0.236400 0.165400
vt 0.719800 0.179300
vt 0.721600 0.179400
vt 0.097100 0.782000
vt 0.497100 0.023100
vt 0.444200 0.678300
vt 0.797700 0.154600
vt 0.380600 0.648300
vt 0.384300 0.647600
vt 0.384300 0.649000
vt 0.633200 0.084200
vt 0.630000 0.084000
vt 0.633000 0.082800
vt 0.636000 0.083600
vt 0.649700 0.540300
vt 0.612600 0.607600
vt 0.583600 0.177300
vt 0.372100 0.644600
vt 0.373500 0.645200
vt 0.583900 0.118200
vt 0.724200 0.474500
vt 0.295200 0.317000
vt 0.512400 0.024400
vt 0.514400 0.022600
vt 0.359100 0.646200
vt 0.360100 0.645200
vt 0.106700 0.958900
vt 0.385400 0.003500
vt 0.543200 0.042900
vt 0.542400 0.045000
vt 0.526900 0.287300
vt 0.508600 0.272300
vt 0.520400 0.223100
vt 0.424000 0.351100
vt 0.421900 0.351100
vt 0.424000 0.351100
vt 0.311800 0.988500
vt 0.668800 0.996100
vt 0.668100 0.996100
vt 0.668800 0.911100
vt 0.706500 0.646800
vt 0.283200 0.879500
vt 0.283200 0.966200
vt 0.281800 0.966200
vt 0.561100 0.975500
vt 0.560700 0.977400
vt 0.560300 0.975300
vt 0.457200 0.680200
vt 0.818700 0.297000
vt 0.796200 0.306900
vt 0.516000 0.275000
vt 0.518000 0.275800
vt 0.718600 0.932700
vt 0.718200 0.932700
vt 0.635400 0.074000
vt 0.537900 0.263400
vt 0.539600 0.265500
vt 0.586700 0.136700
vt 0.584600 0.136500
vt 0.586700 0.136400
vt 0.588800 0.136500
vt 0.640200 0.069000
vt 0.638700 0.066600
vt 0.639100 0.065900
vt 0.636200 0.064700
vt 0.432400 0.950900
vt 0.224400 0.173600
vt 0.225500 0.170200
vt 0.225200 0.173700
vt 0.224600 0.176800
vt 0.432400 0.675400
vt 0.435700 0.675400
vt 0.443600 0.674400
vt 0.447000 0.674400
vt 0.515700 0.244200
vt 0.515700 0.240800
vt 0.534300 0.053300
vt 0.537800 0.053300
vt 0.447000 0.951900
vt 0.450400 0.951900
vt 0.535000 0.350300
vt 0.535000 0.353800
vt 0.593000 0.338400
vt 0.593700 0.341600
vt 0.326000 0.648200
vt 0.323800 0.648200
vt 0.326000 0.648100
vt 0.018200 0.685600
vt 0.018200 0.683700
vt 0.018300 0.683800
vt 0.606900 0.102100
vt 0.767000 0.312400
vt 0.514200 0.357500
vt 0.514200 0.355400
vt 0.514300 0.355400
vt 0.514400 0.353200
vt 0.238500 0.165700
vt 0.504600 0.262500
vt 0.210000 0.833200
vt 0.686400 0.266700
vt 0.439000 0.357700
vt 0.519400 0.279800
vt 0.318200 0.745000
vt 0.318200 0.742900
vt 0.318300 0.745000
vt 0.318300 0.747200
vt 0.586700 0.134000
vt 0.584500 0.133900
vt 0.586700 0.133900
vt 0.018200 0.687700
vt 0.018300 0.685600
vt 0.018300 0.687700
vt 0.018200 0.689900
vt 0.450200 0.952800
vt 0.452900 0.952800
vt 0.586900 0.139700
vt 0.584700 0.139400
vt 0.586900 0.139400
vt 0.588900 0.139700
vt 0.525400 0.935200
vt 0.541400 0.247000
vt 0.539200 0.247900
vt 0.523000 0.346300
vt 0.622600 0.086800
vt 0.621000 0.084000
vt 0.618100 0.082800
vt 0.584700 0.139500
vt 0.582700 0.139700
vt 0.534400 0.236300
vt 0.536700 0.235400
vt 0.218900 0.343200
vt 0.609200 0.112300
vt 0.624700 0.437000
vt 0.573600 0.437000
vt 0.573600 0.324200
vt 0.449400 0.357400
vt 0.522100 0.355500
vt 0.522300 0.353300
vt 0.702900 0.182800
vt 0.702900 0.182600
vt 0.234600 0.165700
vt 0.850300 0.138200
vt 0.849900 0.140500
vt 0.849900 0.138300
vt 0.685100 0.019900
vt 0.682900 0.019300
vt 0.683100 0.018800
vt 0.588900 0.024600
vt 0.586600 0.024200
vt 0.588900 0.024200
vt 0.018300 0.689900
vt 0.018500 0.687700
vt 0.018500 0.689900
vt 0.018300 0.691700
vt 0.231000 0.175500
vt 0.231000 0.173500
vt 0.231100 0.175500
vt 0.231600 0.177100
vt 0.519400 0.036300
vt 0.517300 0.037100
vt 0.519300 0.036100
vt 0.521600 0.036300
vt 0.559200 0.597400
vt 0.313100 0.809500
vt 0.313300 0.809100
vt 0.861500 0.159900
vt 0.856600 0.159200
vt 0.688600 0.270900
vt 0.686500 0.271300
vt 0.688500 0.270800
vt 0.585300 0.428300
vt 0.583300 0.427600
vt 0.583400 0.427500
vt 0.318100 0.747200
vt 0.318200 0.749000
vt 0.498000 0.027800
vt 0.499800 0.274000
vt 0.524100 0.291300
vt 0.508600 0.020800
vt 0.588900 0.021400
vt 0.590600 0.021500
vt 0.515300 0.289600
vt 0.504600 0.018100
vt 0.230700 0.278600
vt 0.230700 0.280400
vt 0.497100 0.270000
vt 0.543200 0.228200
vt 0.542400 0.230200
vt 0.519400 0.292300
vt 0.504600 0.275000
vt 0.802300 0.298000
vt 0.225500 0.177000
vt 0.408100 0.314200
vt 0.406300 0.311400
vt 0.407000 0.310800
vt 0.510800 0.220800
vt 0.509900 0.222400
vt 0.510500 0.220800
vt 0.687300 0.024600
vt 0.685100 0.024600
vt 0.685100 0.024400
vt 0.842800 0.141800
vt 0.507300 0.277700
vt 0.504900 0.277400
vt 0.505000 0.276900
vt 0.532200 0.228100
vt 0.533000 0.230200
vt 0.532000 0.228200
vt 0.532200 0.225900
vt 0.509600 0.025600
vt 0.559100 0.325500
vt 0.559500 0.325500
vt 0.559100 0.410800
vt 0.639000 0.643700
vt 0.639300 0.319700
vt 0.603600 0.339200
vt 0.601500 0.339400
vt 0.603600 0.339100
vt 0.605700 0.339400
vt 0.516300 0.356100
vt 0.517100 0.359400
vt 0.589000 0.332100
vt 0.589000 0.331100
vt 0.591900 0.332100
vt 0.588900 0.136400
vt 0.590600 0.136500
vt 0.590600 0.289100
vt 0.588800 0.288800
vt 0.590700 0.288800
vt 0.509300 0.224400
vt 0.509600 0.226600
vt 0.509300 0.226600
vt 0.682500 0.182100
vt 0.680900 0.182700
vt 0.584500 0.134200
vt 0.582700 0.134000
vt 0.227200 0.167100
vt 0.226500 0.170300
vt 0.509600 0.224400
vt 0.510000 0.222400
vt 0.318100 0.742900
vt 0.318200 0.741100
vt 0.318100 0.745000
vt 0.587500 0.434300
vt 0.590900 0.433900
vt 0.515700 0.237300
vt 0.690400 0.275400
vt 0.584000 0.434000
vt 0.580900 0.432800
vt 0.581000 0.431900
vt 0.588800 0.288900
vt 0.428900 0.950900
vt 0.426000 0.949900
vt 0.428900 0.949900
vt 0.435800 0.950900
vt 0.593700 0.345200
vt 0.594600 0.341700
vt 0.594600 0.345200
vt 0.532800 0.623700
vt 0.531000 0.620900
vt 0.541200 0.053300
vt 0.514200 0.353200
vt 0.514200 0.351400
vt 0.730400 0.161400
vt 0.731600 0.286400
vt 0.606400 0.944400
vt 0.605800 0.947100
vt 0.605800 0.944600
vt 0.543200 0.245200
vt 0.230700 0.274300
vt 0.230900 0.272500
vt 0.440700 0.949900
vt 0.443600 0.949900
vt 0.533400 0.623100
vt 0.423400 0.822100
vt 0.537600 0.333300
vt 0.486600 0.333300
vt 0.539500 0.447800
vt 0.532700 0.238100
vt 0.097800 0.788600
vt 0.097100 0.791300
vt 0.097100 0.788800
vt 0.672300 0.166100
vt 0.440700 0.673300
vt 0.443600 0.673300
vt 0.570800 0.321600
vt 0.626500 0.322500
vt 0.721600 0.179500
vt 0.230700 0.272500
vt 0.230900 0.272500
vt 0.685200 0.172800
vt 0.688400 0.172800
vt 0.597900 0.108400
vt 0.591900 0.332100
vt 0.226200 0.167000
vt 0.226200 0.167000
vt 0.513600 0.226100
vt 0.560300 0.982200
vt 0.406000 0.962600
vt 0.499800 0.263400
vt 0.004600 0.960800
vt 0.006700 0.959900
vt 0.004800 0.961200
vt 0.002900 0.962400
vt 0.588800 0.288900
vt 0.586700 0.289100
vt 0.432200 0.357000
vt 0.389200 0.655500
vt 0.472400 0.655500
vt 0.560900 0.299000
vt 0.560800 0.301300
vt 0.451800 0.357700
vt 0.451900 0.357400
vt 0.453800 0.357700
vt 0.459900 0.357700
vt 0.457700 0.357400
vt 0.459800 0.357400
vt 0.462200 0.357700
vt 0.401900 0.548600
vt 0.700600 0.842800
vt 0.394700 0.981200
vt 0.439300 0.313100
vt 0.441300 0.313100
vt 0.670100 0.295600
vt 0.670100 0.297700
vt 0.669500 0.295700
vt 0.670100 0.293900
vt 0.600700 0.120600
vt 0.601300 0.120700
vt 0.318300 0.749000
vt 0.582700 0.021500
vt 0.717400 0.793300
vt 0.717400 0.473600
vt 0.718400 0.473600
vt 0.174100 0.842000
vt 0.174100 0.925200
vt 0.173100 0.925200
vt 0.514200 0.359400
vt 0.514300 0.357500
vt 0.514400 0.359400
vt 0.449300 0.840800
vt 0.449300 0.838600
vt 0.449500 0.838600
vt 0.481700 0.450500
vt 0.480500 0.327700
vt 0.520400 0.056200
vt 0.518600 0.056200
vt 0.520400 0.056200
vt 0.522500 0.056200
vt 0.730400 0.285300
vt 0.729200 0.284200
vt 0.729200 0.162500
vt 0.605800 0.339300
vt 0.713700 0.179400
vt 0.525500 0.359400
vt 0.231100 0.171300
vt 0.231400 0.169300
vt 0.231600 0.169300
vt 0.230900 0.280400
vt 0.514300 0.351400
vt 0.094900 0.969000
vt 0.094800 0.971000
vt 0.094800 0.969000
vt 0.529400 0.037400
vt 0.529400 0.039600
vt 0.529200 0.039600
vt 0.542500 0.930600
vt 0.534500 0.037000
vt 0.532300 0.038200
vt 0.687300 0.024400
vt 0.582700 0.136700
vt 0.582700 0.136400
vt 0.668100 0.911100
vt 0.664100 0.936900
vt 0.663400 0.936900
vt 0.664100 0.613800
vt 0.421900 0.630700
vt 0.018500 0.691700
vt 0.526100 0.353200
vt 0.525300 0.351500
vt 0.525500 0.351500
vt 0.231400 0.177100
vt 0.414200 0.312100
vt 0.412600 0.310600
vt 0.412700 0.310500
vt 0.668300 0.284200
vt 0.478000 0.453900
vt 0.479200 0.452700
vt 0.546300 0.453900
vt 0.479200 0.326600
vt 0.629600 0.441400
vt 0.583500 0.958200
vt 0.583500 0.958200
vt 0.583500 0.956200
vt 0.391600 0.983300
vt 0.725700 0.960400
vt 0.611800 0.106100
vt 0.642200 0.972400
vt 0.641300 0.974000
vt 0.640500 0.971900
vt 0.521900 0.238700
vt 0.521600 0.236900
vt 0.713000 0.940700
vt 0.712300 0.806800
vt 0.713300 0.807900
vt 0.609400 0.126600
vt 0.725700 0.958400
vt 0.457900 0.357700
vt 0.189800 0.954500
vt 0.189800 0.956300
vt 0.189200 0.954700
vt 0.586600 0.960300
vt 0.586600 0.962100
vt 0.586000 0.961900
vt 0.624700 0.324200
vt 0.110200 0.956200
vt 0.389200 0.656700
vt 0.532600 0.245200
vt 0.509600 0.267500
vt 0.288700 0.969900
vt 0.543200 0.238100
vt 0.525900 0.282500
vt 0.678800 0.886300
vt 0.678800 0.971200
vt 0.678100 0.971200
vt 0.663400 0.613800
vt 0.734800 0.034800
vt 0.426100 0.627600
vt 0.424000 0.627600
vt 0.628300 0.095000
vt 0.629900 0.097700
vt 0.627600 0.095400
vt 0.626400 0.092500
vt 0.627800 0.092200
vt 0.628800 0.094600
vt 0.627800 0.089500
vt 0.688200 0.171900
vt 0.423900 0.502300
vt 0.559600 0.411000
vt 0.738800 0.316600
vt 0.739300 0.316400
vt 0.739300 0.640700
vt 0.843200 0.139700
vt 0.738800 0.640500
vt 0.688700 0.886300
vt 0.688600 0.971800
vt 0.688200 0.886500
vt 0.600700 0.108200
vt 0.199000 0.958600
vt 0.194100 0.960400
vt 0.098600 0.968100
vt 0.097500 0.971200
vt 0.097500 0.968300
vt 0.582500 0.329000
vt 0.315300 0.701700
vt 0.317300 0.699100
vt 0.316500 0.701900
vt 0.496600 0.339100
vt 0.537600 0.446100
vt 0.013500 0.966900
vt 0.012200 0.968800
vt 0.013100 0.966800
vt 0.389200 0.324100
vt 0.310700 0.988000
vt 0.569700 0.966600
vt 0.547000 0.018100
vt 0.547500 0.018100
vt 0.547500 0.218700
vt 0.517100 0.280700
vt 0.517600 0.281400
vt 0.502100 0.262500
vt 0.502300 0.263300
vt 0.539200 0.235400
vt 0.539000 0.236200
vt 0.392500 0.979600
vt 0.187600 0.962000
vt 0.531700 0.242900
vt 0.532500 0.242700
vt 0.536700 0.247900
vt 0.536800 0.247100
vt 0.526900 0.284800
vt 0.526100 0.285000
vt 0.588400 0.175500
vt 0.544200 0.240400
vt 0.543400 0.240600
vt 0.509600 0.270000
vt 0.508800 0.269800
vt 0.518300 0.352700
vt 0.520200 0.350000
vt 0.615000 0.098200
vt 0.618000 0.099000
vt 0.610200 0.104300
vt 0.767000 0.309200
vt 0.590900 0.126500
vt 0.526000 0.948100
vt 0.526500 0.943200
vt 0.289600 0.879500
vt 0.289800 0.967800
vt 0.288500 0.967800
vt 0.640600 0.317700
vt 0.641500 0.316700
vt 0.713600 0.940000
vt 0.177000 0.842000
vt 0.177000 0.925200
vt 0.176000 0.925200
vt 0.648600 0.321900
vt 0.649700 0.321900
vt 0.107800 0.958000
vt 0.678100 0.886300
vt 0.541100 0.295600
vt 0.540800 0.294600
vt 0.683800 0.275100
vt 0.498100 0.020800
vt 0.516000 0.265400
vt 0.584600 0.966500
vt 0.522300 0.030600
vt 0.527700 0.238300
vt 0.529800 0.237500
vt 0.468500 0.960200
vt 0.469000 0.960700
vt 0.415700 0.960200
vt 0.468500 0.668900
vt 0.641800 0.071400
vt 0.641400 0.068200
vt 0.642600 0.071200
vt 0.641800 0.074300
vt 0.615000 0.083600
vt 0.611900 0.084000
vt 0.614900 0.082800
vt 0.520300 0.275800
vt 0.522300 0.275000
vt 0.610200 0.124300
vt 0.463500 0.917600
vt 0.463700 0.831400
vt 0.706500 0.316900
vt 0.534100 0.232500
vt 0.532200 0.230700
vt 0.506200 0.341200
vt 0.543600 0.060100
vt 0.541300 0.057800
vt 0.541800 0.057100
vt 0.415200 0.960700
vt 0.415200 0.668400
vt 0.019600 0.661400
vt 0.019900 0.681100
vt 0.003700 0.843600
vt 0.003400 0.843600
vt 0.003400 0.642900
vt 0.704000 0.191400
vt 0.002100 0.983500
vt 0.622100 0.417700
vt 0.750700 0.316400
vt 0.751100 0.316400
vt 0.751100 0.517000
vt 0.281800 0.879500
vt 0.645500 0.645100
vt 0.453300 0.951900
vt 0.582100 0.332100
vt 0.426900 0.624700
vt 0.790100 0.310900
vt 0.788500 0.311300
vt 0.438700 0.949900
vt 0.526400 0.233300
vt 0.718400 0.793300
vt 0.176000 0.842000
vt 0.415700 0.668900
vt 0.469000 0.668400
vt 0.606100 0.937900
vt 0.605800 0.937600
vt 0.289200 0.879800
vt 0.539600 0.030600
vt 0.521600 0.036100
vt 0.519200 0.035400
vt 0.521700 0.035400
vt 0.523600 0.037100
vt 0.533000 0.289400
vt 0.534100 0.291700
vt 0.541200 0.029000
vt 0.542000 0.026900
vt 0.436100 0.821100
vt 0.525200 0.038700
vt 0.524100 0.036400
vt 0.525900 0.038200
vt 0.526000 0.040800
vt 0.540900 0.291100
vt 0.543200 0.289900
vt 0.541400 0.291700
vt 0.538800 0.291800
vt 0.515600 0.045000
vt 0.516800 0.047300
vt 0.536400 0.048300
vt 0.534600 0.046500
vt 0.533300 0.265400
vt 0.526100 0.043000
vt 0.526900 0.040600
vt 0.526900 0.043100
vt 0.525300 0.045100
vt 0.539000 0.279800
vt 0.540900 0.281600
vt 0.390700 0.981100
vt 0.542600 0.045100
vt 0.544200 0.043100
vt 0.543200 0.045500
vt 0.540900 0.046700
vt 0.519300 0.047400
vt 0.521700 0.048300
vt 0.519100 0.048300
vt 0.517300 0.046500
vt 0.173100 0.842000
vt 0.649700 0.641600
vt 0.542600 0.223800
vt 0.541400 0.221600
vt 0.538900 0.221500
vt 0.536500 0.220600
vt 0.539000 0.220600
vt 0.540900 0.222400
vt 0.534600 0.291000
vt 0.536400 0.292700
vt 0.534100 0.047300
vt 0.533000 0.045000
vt 0.514000 0.040500
vt 0.515600 0.038600
vt 0.541400 0.280800
vt 0.542500 0.283100
vt 0.542500 0.038700
vt 0.541400 0.036400
vt 0.536400 0.233500
vt 0.534600 0.231800
vt 0.531300 0.228300
vt 0.539000 0.035400
vt 0.540900 0.037100
vt 0.460000 0.916800
vt 0.646500 0.319900
vt 0.647500 0.320100
vt 0.098600 0.774600
vt 0.427100 0.506100
vt 0.525900 0.045500
vt 0.524100 0.047300
vt 0.542600 0.289500
vt 0.544200 0.287600
vt 0.535100 0.931000
vt 0.534400 0.933000
vt 0.534400 0.930800
vt 0.450400 0.838400
vt 0.436600 0.505400
vt 0.384000 0.966700
vt 0.384000 0.968800
vt 0.383300 0.969100
vt 0.536600 0.291800
vt 0.539000 0.292700
vt 0.455700 0.843700
vt 0.457700 0.841100
vt 0.456400 0.844100
vt 0.454100 0.846400
vt 0.607200 0.942100
vt 0.459400 0.964700
vt 0.687600 0.022800
vt 0.607900 0.951700
vt 0.534100 0.221600
vt 0.536600 0.221300
vt 0.384000 0.959500
vt 0.680100 0.182000
vt 0.609200 0.089400
vt 0.608300 0.092500
vt 0.421300 0.824000
vt 0.419700 0.819100
vt 0.421500 0.819100
vt 0.457200 0.964000
vt 0.535100 0.940300
vt 0.639100 0.079700
vt 0.635900 0.080100
vt 0.606200 0.337700
vt 0.435900 0.964700
vt 0.456500 0.834900
vt 0.456900 0.838100
vt 0.211400 0.830700
vt 0.403700 0.964700
vt 0.442900 0.838100
vt 0.443400 0.835300
vt 0.517200 0.037000
vt 0.515000 0.038200
vt 0.645500 0.318400
vt 0.675200 0.179900
vt 0.523000 0.935200
vt 0.610700 0.094600
vt 0.610200 0.095000
vt 0.609700 0.092200
vt 0.679300 0.293900
vt 0.098700 0.963500
vt 0.528500 0.933100
vt 0.528500 0.931400
vt 0.669500 0.311800
vt 0.664600 0.312400
vt 0.370600 0.652000
vt 0.365800 0.647600
vt 0.887600 0.008900
vt 0.595700 0.124000
vt 0.596200 0.124400
vt 0.594500 0.125300
vt 0.456500 0.508200
vt 0.456300 0.593300
vt 0.647500 0.643400
vt 0.426100 0.354700
vt 0.424000 0.354700
vt 0.424000 0.354200
vt 0.421900 0.354200
vt 0.523300 0.241600
vt 0.521600 0.240900
vt 0.523400 0.241100
vt 0.525400 0.241700
vt 0.424000 0.673300
vt 0.101100 0.957800
vt 0.587100 0.960300
vt 0.587100 0.958200
vt 0.426100 0.354200
vt 0.427800 0.354700
vt 0.502100 0.030600
vt 0.545000 0.452700
vt 0.546300 0.325500
vt 0.443400 0.313700
vt 0.443300 0.313100
vt 0.445100 0.313700
vt 0.527500 0.241900
vt 0.525400 0.241200
vt 0.527500 0.241300
vt 0.529200 0.242000
vt 0.570500 0.956200
vt 0.570500 0.958300
vt 0.569900 0.956300
vt 0.570500 0.954400
vt 0.565000 0.316400
vt 0.633300 0.316400
vt 0.632000 0.443600
vt 0.304500 0.993000
vt 0.304500 0.994700
vt 0.304500 0.990900
vt 0.529000 0.050200
vt 0.529500 0.052200
vt 0.529000 0.052200
vt 0.282900 0.301000
vt 0.284900 0.300300
vt 0.284900 0.301000
vt 0.508600 0.027900
vt 0.601500 0.124500
vt 0.792800 0.148800
vt 0.497100 0.025500
vt 0.506900 0.263500
vt 0.514400 0.287300
vt 0.499800 0.029600
vt 0.509600 0.023100
vt 0.498000 0.272300
vt 0.506900 0.019100
vt 0.517100 0.291300
vt 0.521900 0.292300
vt 0.506800 0.274000
vt 0.502100 0.275000
vt 0.521900 0.279800
vt 0.525900 0.289600
vt 0.529000 0.294600
vt 0.529500 0.296600
vt 0.529000 0.296600
vt 0.536700 0.042800
vt 0.538700 0.042100
vt 0.538700 0.042800
vt 0.502100 0.018100
vt 0.632800 0.090700
vt 0.633300 0.092600
vt 0.632800 0.092600
vt 0.537400 0.026000
vt 0.535500 0.026700
vt 0.535500 0.026000
vt 0.590700 0.136700
vt 0.588800 0.136700
vt 0.582700 0.134200
vt 0.529400 0.288000
vt 0.528900 0.286000
vt 0.529400 0.286000
vt 0.537400 0.270400
vt 0.535500 0.271200
vt 0.535500 0.270400
vt 0.395600 0.964500
vt 0.395200 0.962600
vt 0.395600 0.962600
vt 0.507700 0.285800
vt 0.505700 0.286500
vt 0.505700 0.285800
vt 0.312900 0.733300
vt 0.497100 0.267500
vt 0.528900 0.041500
vt 0.529400 0.043500
vt 0.528900 0.043500
vt 0.536700 0.228000
vt 0.538700 0.227300
vt 0.538700 0.228000
vt 0.003700 0.845500
vt 0.003700 0.930400
vt 0.003100 0.930400
vt 0.734300 0.639600
vt 0.734300 0.316400
vt 0.735000 0.316400
vt 0.618200 0.284600
vt 0.641000 0.646300
vt 0.401600 0.964500
vt 0.401100 0.962600
vt 0.401600 0.962600
vt 0.008700 0.965900
vt 0.006700 0.966600
vt 0.006700 0.965900
vt 0.514700 0.222700
vt 0.514700 0.226100
vt 0.514700 0.222700
vt 0.514700 0.219800
vt 0.653500 0.996100
vt 0.653500 0.911100
vt 0.654100 0.911100
vt 0.735000 0.639600
vt 0.818400 0.301300
vt 0.461700 0.680600
vt 0.459300 0.680200
vt 0.560400 0.599600
vt 0.560000 0.602100
vt 0.560400 0.597200
vt 0.844000 0.144100
vt 0.843600 0.146500
vt 0.844000 0.141700
vt 0.676800 0.176800
vt 0.489600 0.439000
vt 0.490300 0.436700
vt 0.490500 0.436700
vt 0.676400 0.277100
vt 0.578200 0.427800
vt 0.462200 0.357000
vt 0.449400 0.357000
vt 0.527100 0.348900
vt 0.526600 0.346900
vt 0.527100 0.346900
vt 0.507200 0.041300
vt 0.505300 0.042100
vt 0.505300 0.041300
vt 0.725000 0.965200
vt 0.725000 0.962700
vt 0.318100 0.737000
vt 0.318600 0.739000
vt 0.318100 0.739000
vt 0.521600 0.042200
vt 0.519600 0.043000
vt 0.519600 0.042200
vt 0.654100 0.996100
vt 0.311800 0.993200
vt 0.310000 0.987100
vt 0.389200 0.973900
vt 0.389200 0.998000
vt 0.429700 0.821100
vt 0.214500 0.151000
vt 0.215100 0.022000
vt 0.215100 0.151400
vt 0.403900 0.984700
vt 0.399000 0.985400
vt 0.454100 0.314200
vt 0.452100 0.313700
vt 0.454100 0.313700
vt 0.455900 0.314200
vt 0.553400 0.623200
vt 0.552800 0.625000
vt 0.552800 0.623200
vt 0.553400 0.621200
vt 0.588200 0.104700
vt 0.601500 0.104300
vt 0.603300 0.103400
vt 0.377900 0.957000
vt 0.771700 0.589400
vt 0.771100 0.721300
vt 0.771100 0.589400
vt 0.516700 0.234600
vt 0.517600 0.231900
vt 0.457300 0.679800
vt 0.778800 0.455300
vt 0.778200 0.587200
vt 0.778200 0.455300
vt 0.094300 0.952000
vt 0.312300 0.989300
vt 0.190300 0.956300
vt 0.189800 0.958400
vt 0.190300 0.954500
vt 0.569900 0.954600
vt 0.528500 0.937300
vt 0.528500 0.939000
vt 0.199000 0.954500
vt 0.194100 0.953900
vt 0.674400 0.293200
vt 0.552800 0.621200
vt 0.552200 0.621200
vt 0.552800 0.619100
vt 0.190300 0.958400
vt 0.189800 0.960400
vt 0.609600 0.109800
vt 0.608400 0.111000
vt 0.466700 0.357000
vt 0.718200 0.941600
vt 0.441300 0.313700
vt 0.670600 0.297700
vt 0.670100 0.299700
vt 0.670600 0.295600
vt 0.450000 0.313700
vt 0.452100 0.313100
vt 0.571000 0.958300
vt 0.570500 0.960300
vt 0.571000 0.956200
vt 0.514300 0.935200
vt 0.513800 0.937300
vt 0.513800 0.935200
vt 0.514300 0.933100
vt 0.670600 0.299700
vt 0.670100 0.301500
vt 0.450000 0.314200
vt 0.448200 0.313700
vt 0.452100 0.314200
vt 0.644400 0.978100
vt 0.644400 0.979900
vt 0.644400 0.976000
vt 0.553400 0.619100
vt 0.553400 0.617400
vt 0.513800 0.933100
vt 0.514300 0.931400
vt 0.570500 0.962100
vt 0.569900 0.960200
vt 0.527900 0.931500
vt 0.448400 0.313100
vt 0.513800 0.939000
vt 0.513200 0.937200
vt 0.518200 0.271200
vt 0.520100 0.270400
vt 0.520100 0.271200
vt 0.441400 0.678200
vt 0.441900 0.680200
vt 0.441400 0.680200
vt 0.394100 0.997400
vt 0.371400 0.648300
vt 0.536700 0.287200
vt 0.538700 0.286500
vt 0.538700 0.287200
vt 0.231200 0.270500
vt 0.230700 0.268600
vt 0.231200 0.268600
vt 0.670600 0.293900
vt 0.645000 0.978100
vt 0.645000 0.979900
vt 0.518200 0.026700
vt 0.520100 0.026000
vt 0.520100 0.026700
vt 0.635600 0.092600
vt 0.635200 0.090700
vt 0.635600 0.090700
vt 0.427800 0.631200
vt 0.426100 0.630700
vt 0.427800 0.630700
vt 0.514300 0.937300
vt 0.514300 0.939000
vt 0.190300 0.960400
vt 0.171200 0.843500
vt 0.171000 0.843200
vt 0.583500 0.954400
vt 0.526300 0.056700
vt 0.524500 0.056200
vt 0.526300 0.056200
vt 0.571000 0.960300
vt 0.571000 0.962100
vt 0.810000 0.288600
vt 0.518200 0.026000
vt 0.857800 0.135300
vt 0.857100 0.002000
vt 0.857800 0.002000
vt 0.547000 0.218700
vt 0.210000 0.482400
vt 0.186700 0.960400
vt 0.186700 0.958400
vt 0.518200 0.270400
vt 0.012300 0.642900
vt 0.764500 0.723400
vt 0.763900 0.855400
vt 0.763900 0.723400
vt 0.587100 0.956200
vt 0.586600 0.958200
vt 0.586600 0.956200
vt 0.587100 0.954400
vt 0.536700 0.286500
vt 0.304900 0.682300
vt 0.552800 0.617400
vt 0.552200 0.617500
vt 0.394700 0.985400
vt 0.394700 0.987100
vt 0.394100 0.987000
vt 0.086000 0.776200
vt 0.008700 0.966600
vt 0.513800 0.931400
vt 0.305000 0.993000
vt 0.305000 0.994700
vt 0.771100 0.450400
vt 0.771800 0.583700
vt 0.771100 0.583700
vt 0.507200 0.042100
vt 0.863500 0.002000
vt 0.864300 0.135300
vt 0.863500 0.135300
vt 0.521600 0.043000
vt 0.586000 0.954600
vt 0.586000 0.954600
vt 0.552200 0.623200
vt 0.552200 0.624800
vt 0.552200 0.624800
vt 0.549700 0.623200
vt 0.549700 0.625000
vt 0.548900 0.623400
vt 0.549700 0.621200
vt 0.301400 0.988900
vt 0.301400 0.987100
vt 0.516800 0.036400
vt 0.642200 0.974000
vt 0.641300 0.976000
vt 0.510700 0.933100
vt 0.510700 0.931400
vt 0.525700 0.238100
vt 0.523600 0.238000
vt 0.501400 0.286600
vt 0.501000 0.284400
vt 0.501400 0.284400
vt 0.502300 0.282500
vt 0.443400 0.310600
vt 0.441300 0.310600
vt 0.445100 0.310600
vt 0.567400 0.960300
vt 0.567400 0.958300
vt 0.382500 0.961500
vt 0.381800 0.964100
vt 0.381800 0.961700
vt 0.443800 0.679100
vt 0.667000 0.293800
vt 0.642200 0.978000
vt 0.641300 0.979900
vt 0.452100 0.310600
vt 0.454100 0.310600
vt 0.455900 0.310600
vt 0.301400 0.994800
vt 0.421900 0.354700
vt 0.420200 0.354200
vt 0.567400 0.956200
vt 0.392500 0.985300
vt 0.391600 0.987100
vt 0.510700 0.935200
vt 0.510700 0.937300
vt 0.279500 0.297000
vt 0.278700 0.299000
vt 0.667000 0.297700
vt 0.667000 0.299700
vt 0.450000 0.310600
vt 0.288700 0.977000
vt 0.382500 0.966800
vt 0.381800 0.966600
vt 0.304500 0.988900
vt 0.304500 0.987100
vt 0.851400 0.138200
vt 0.186700 0.956300
vt 0.219100 0.556300
vt 0.216600 0.555900
vt 0.218900 0.555500
vt 0.097800 0.782200
vt 0.512500 0.286800
vt 0.512000 0.286700
vt 0.512000 0.284600
vt 0.601900 0.119000
vt 0.718800 0.797600
vt 0.718800 0.928300
vt 0.010800 0.961300
vt 0.009000 0.960000
vt 0.533600 0.933100
vt 0.533000 0.935700
vt 0.533000 0.933300
vt 0.583100 0.117800
vt 0.701400 0.983000
vt 0.817600 0.305700
vt 0.588600 0.102100
vt 0.641300 0.978100
vt 0.002000 0.966800
vt 0.002500 0.964600
vt 0.002500 0.966700
vt 0.002800 0.968900
vt 0.431400 0.826500
vt 0.429200 0.829000
vt 0.430600 0.825900
vt 0.678800 0.174900
vt 0.466000 0.680900
vt 0.466200 0.680600
vt 0.851400 0.142900
vt 0.851400 0.144800
vt 0.851100 0.145000
vt 0.505700 0.343100
vt 0.278200 0.298900
vt 0.278700 0.301100
vt 0.592600 0.133600
vt 0.643600 0.134200
vt 0.592600 0.134200
vt 0.743100 0.981800
vt 0.743700 0.869100
vt 0.743700 0.981800
vt 0.592600 0.136100
vt 0.643600 0.136700
vt 0.592600 0.136700
vt 0.850000 0.272000
vt 0.850600 0.159200
vt 0.850600 0.272000
vt 0.199000 0.959800
vt 0.361400 0.652000
vt 0.460200 0.935700
vt 0.606400 0.951900
vt 0.529500 0.238400
vt 0.420200 0.351100
vt 0.371400 0.648300
vt 0.367700 0.649000
vt 0.437900 0.964000
vt 0.435700 0.963200
vt 0.440500 0.964000
vt 0.514400 0.267000
vt 0.689500 0.180400
vt 0.098600 0.784400
vt 0.384000 0.964100
vt 0.489200 0.342600
vt 0.804400 0.300200
vt 0.521800 0.228200
vt 0.521000 0.230400
vt 0.445400 0.963200
vt 0.447400 0.963200
vt 0.289800 0.009200
vt 0.218000 0.008700
vt 0.289800 0.008700
vt 0.107200 0.962800
vt 0.003100 0.845500
vt 0.521800 0.222900
vt 0.302300 0.987300
vt 0.437600 0.311500
vt 0.535100 0.933200
vt 0.403500 0.963200
vt 0.507100 0.226900
vt 0.507100 0.224200
vt 0.451400 0.680600
vt 0.684300 0.179200
vt 0.507600 0.221700
vt 0.682300 0.023300
vt 0.682400 0.022600
vt 0.448800 0.681000
vt 0.384000 0.961600
vt 0.383300 0.964100
vt 0.097800 0.774700
vt 0.426800 0.504600
vt 0.521000 0.220700
vt 0.210600 0.840500
vt 0.560800 0.597300
vt 0.560800 0.595300
vt 0.699500 0.179100
vt 0.702000 0.179600
vt 0.804400 0.302900
vt 0.581700 0.125400
vt 0.601000 0.337000
vt 0.606400 0.942200
vt 0.459200 0.963200
vt 0.603600 0.336800
vt 0.606200 0.337700
vt 0.844400 0.141800
vt 0.844400 0.139800
vt 0.686300 0.134900
vt 0.683900 0.134200
vt 0.696900 0.179100
vt 0.468900 0.963200
vt 0.097800 0.796100
vt 0.464700 0.599400
vt 0.465100 0.599300
vt 0.581300 0.122800
vt 0.533600 0.940600
vt 0.436600 0.504600
vt 0.097800 0.788600
vt 0.098600 0.786300
vt 0.465600 0.920500
vt 0.465600 0.937000
vt 0.684900 0.022100
vt 0.413300 0.964000
vt 0.413300 0.963200
vt 0.683700 0.134900
vt 0.382500 0.959300
vt 0.446100 0.680700
vt 0.687500 0.022100
vt 0.543600 0.299600
vt 0.540900 0.299600
vt 0.532400 0.347500
vt 0.289800 0.011700
vt 0.218000 0.011100
vt 0.289800 0.011100
vt 0.640700 0.086800
vt 0.638300 0.085200
vt 0.638700 0.084700
vt 0.818400 0.303700
vt 0.818700 0.301300
vt 0.457100 0.963200
vt 0.210600 0.830700
vt 0.568700 0.441400
vt 0.570800 0.439500
vt 0.606200 0.337100
vt 0.435600 0.964000
vt 0.718400 0.797600
vt 0.539600 0.275000
vt 0.541200 0.273400
vt 0.289800 0.292400
vt 0.218000 0.291800
vt 0.289800 0.291800
vt 0.618900 0.911600
vt 0.512100 0.040100
vt 0.511600 0.042300
vt 0.511600 0.040200
vt 0.510800 0.038200
vt 0.502900 0.338200
vt 0.519100 0.349600
vt 0.643600 0.021600
vt 0.592600 0.021000
vt 0.643600 0.021000
vt 0.791500 0.316400
vt 0.790900 0.429200
vt 0.790900 0.316400
vt 0.097800 0.786400
vt 0.507700 0.226900
vt 0.533600 0.930800
vt 0.581600 0.120100
vt 0.469000 0.345700
vt 0.416200 0.345700
vt 0.415700 0.345200
vt 0.416200 0.637000
vt 0.668300 0.162500
vt 0.469500 0.637500
vt 0.469000 0.637000
vt 0.415700 0.637500
vt 0.453900 0.357400
vt 0.542500 0.937300
vt 0.542200 0.937400
vt 0.592600 0.131000
vt 0.643600 0.131700
vt 0.592600 0.131700
vt 0.763900 0.973800
vt 0.764500 0.861000
vt 0.764500 0.973800
vt 0.424100 0.951200
vt 0.423300 0.954300
vt 0.643600 0.019100
vt 0.592600 0.018500
vt 0.643600 0.018500
vt 0.876700 0.002000
vt 0.876100 0.114800
vt 0.876100 0.002000
vt 0.643600 0.289100
vt 0.592600 0.288500
vt 0.643600 0.288500
vt 0.757400 0.868900
vt 0.756800 0.981700
vt 0.756800 0.868900
vt 0.438600 0.675400
vt 0.086000 0.916500
vt 0.014300 0.915900
vt 0.086000 0.915900
vt 0.635900 0.098200
vt 0.639100 0.097800
vt 0.636100 0.080900
vt 0.633200 0.079500
vt 0.542500 0.935300
vt 0.229400 0.178800
vt 0.409600 0.312900
vt 0.017900 0.765400
vt 0.018500 0.693600
vt 0.018500 0.765400
vt 0.778800 0.587200
vt 0.288800 0.347200
vt 0.217100 0.346600
vt 0.288800 0.346600
vt 0.764500 0.855400
vt 0.469500 0.345200
vt 0.445500 0.833300
vt 0.442700 0.834900
vt 0.441500 0.837900
vt 0.771700 0.721300
vt 0.529400 0.221200
vt 0.528500 0.223600
vt 0.528500 0.220800
vt 0.517600 0.246600
vt 0.549700 0.619100
vt 0.549700 0.617300
vt 0.459000 0.508700
vt 0.706500 0.642500
vt 0.524500 0.056700
vt 0.690400 0.473600
vt 0.690000 0.608200
vt 0.690000 0.473600
vt 0.429700 0.822100
vt 0.685200 0.174900
vt 0.008900 0.960400
vt 0.006800 0.960400
vt 0.835700 0.002500
vt 0.835600 0.130900
vt 0.835600 0.002500
vt 0.435800 0.820000
vt 0.506100 0.342200
vt 0.589900 0.336600
vt 0.708500 0.642800
vt 0.505200 0.046400
vt 0.507300 0.046500
vt 0.534300 0.357100
vt 0.429900 0.829500
vt 0.489800 0.441500
vt 0.701400 0.989900
vt 0.701400 0.991900
vt 0.701000 0.991800
vt 0.516700 0.229500
vt 0.523500 0.046500
vt 0.525100 0.045000
vt 0.426400 0.823200
vt 0.505600 0.290900
vt 0.507700 0.290900
vt 0.426100 0.631200
vt 0.424000 0.631200
vt 0.424000 0.630700
vt 0.209100 0.821800
vt 0.544200 0.059400
vt 0.850300 0.136200
vt 0.560000 0.604100
vt 0.559600 0.604000
vt 0.006400 0.906900
vt 0.441200 0.952800
vt 0.421900 0.351100
vt 0.534300 0.347100
vt 0.224600 0.170200
vt 0.451000 0.846800
vt 0.451200 0.847600
vt 0.448200 0.846200
vt 0.592100 0.348300
vt 0.211600 0.353500
vt 0.517600 0.220300
vt 0.426500 0.952800
vt 0.088000 0.954100
vt 0.088000 0.628800
vt 0.002000 0.954100
vt 0.531400 0.053300
vt 0.691500 0.174900
vt 0.712300 0.803000
vt 0.712300 0.474400
vt 0.713600 0.473600
vt 0.618400 0.196900
vt 0.594500 0.111000
vt 0.390200 0.330100
vt 0.432400 0.675400
vt 0.612600 0.096500
vt 0.615100 0.097600
vt 0.299000 0.990900
vt 0.299000 0.988300
vt 0.299000 0.002000
vt 0.494000 0.343100
vt 0.588600 0.112300
vt 0.587200 0.110400
vt 0.593000 0.348400
vt 0.423500 0.823200
vt 0.524400 0.227000
vt 0.524400 0.224000
vt 0.422200 0.953900
vt 0.445800 0.845200
vt 0.443900 0.843300
vt 0.771800 0.450400
vt 0.536700 0.042100
vt 0.640200 0.094700
vt 0.638300 0.096600
vt 0.509600 0.036300
vt 0.509400 0.036700
vt 0.507500 0.035400
vt 0.640200 0.076600
vt 0.638300 0.078500
vt 0.505200 0.035400
vt 0.507400 0.035900
vt 0.505300 0.035800
vt 0.503100 0.036200
vt 0.864300 0.002000
vt 0.536700 0.227300
vt 0.311500 0.714500
vt 0.311500 0.732100
vt 0.628900 0.069000
vt 0.630800 0.067100
vt 0.628900 0.087100
vt 0.627300 0.089400
vt 0.529400 0.232800
vt 0.514400 0.022600
vt 0.622100 0.094700
vt 0.620200 0.096600
vt 0.507700 0.286500
vt 0.857100 0.135300
vt 0.579700 0.334000
vt 0.427800 0.354200
vt 0.670600 0.301500
vt 0.453400 0.833800
vt 0.501000 0.042100
vt 0.500600 0.039900
vt 0.501000 0.040000
vt 0.501900 0.038100
vt 0.606900 0.115500
vt 0.604500 0.115500
vt 0.537400 0.271200
vt 0.012300 0.776200
vt 0.583500 0.954400
vt 0.582600 0.954200
vt 0.548900 0.625300
vt 0.557800 0.633400
vt 0.558200 0.633400
vt 0.558200 0.834100
vt 0.596500 0.417200
vt 0.537400 0.026700
vt 0.304900 0.815500
vt 0.582600 0.962300
vt 0.538800 0.232500
vt 0.540900 0.231800
vt 0.538800 0.232800
vt 0.701900 0.522700
vt 0.701700 0.843100
vt 0.086000 0.642900
vt 0.282900 0.300300
vt 0.529200 0.241500
vt 0.420200 0.354700
vt 0.596400 0.980600
vt 0.639600 0.319100
vt 0.850000 0.159200
vt 0.592600 0.289100
vt 0.643600 0.133600
vt 0.791500 0.429200
vt 0.643600 0.131000
vt 0.876700 0.114800
vt 0.756800 0.593000
vt 0.750700 0.517000
vt 0.704000 0.190900
vt 0.456900 0.841000
vt 0.457700 0.837900
vt 0.395200 0.964500
vt 0.869900 0.002000
vt 0.870400 0.134800
vt 0.869900 0.134800
vt 0.529500 0.050200
vt 0.785200 0.316400
vt 0.784700 0.449200
vt 0.784700 0.316400
vt 0.003700 0.642900
vt 0.622100 0.417200
vt 0.638300 0.067100
vt 0.638700 0.066600
vt 0.621000 0.097800
vt 0.617900 0.098200
vt 0.395200 0.981200
vt 0.395200 0.983300
vt 0.394700 0.983300
vt 0.528800 0.024200
vt 0.530000 0.021400
vt 0.426300 0.948800
vt 0.288400 0.303100
vt 0.242600 0.165300
vt 0.262600 0.165800
vt 0.242600 0.165800
vt 0.529400 0.041500
vt 0.217000 0.154800
vt 0.217000 0.022000
vt 0.645000 0.976000
vt 0.645000 0.974000
vt 0.421900 0.631200
vt 0.420200 0.630700
vt 0.528900 0.288000
vt 0.086000 0.910900
vt 0.218000 0.011700
vt 0.217100 0.347200
vt 0.500500 0.042200
vt 0.501400 0.044300
vt 0.633300 0.090700
vt 0.377900 0.950200
vt 0.634700 0.450400
vt 0.634200 0.585000
vt 0.634200 0.450400
vt 0.522500 0.056700
vt 0.300500 0.326600
vt 0.385400 0.327200
vt 0.109000 0.956200
vt 0.285100 0.879500
vt 0.402900 0.548300
vt 0.403500 0.547800
vt 0.403400 0.631700
vt 0.702200 0.843600
vt 0.438800 0.678700
vt 0.418700 0.678200
vt 0.438800 0.678200
vt 0.022500 0.960600
vt 0.524400 0.227000
vt 0.524400 0.230000
vt 0.305000 0.987100
vt 0.439200 0.314200
vt 0.437500 0.314200
vt 0.437500 0.313700
vt 0.529500 0.294600
vt 0.304700 0.950200
vt 0.304700 0.817400
vt 0.453700 0.845700
vt 0.739300 0.644500
vt 0.738800 0.779100
vt 0.738800 0.644500
vt 0.617700 0.097600
vt 0.445100 0.314200
vt 0.420200 0.631200
vt 0.645000 0.972200
vt 0.644400 0.972200
vt 0.521600 0.241500
vt 0.427700 0.351900
vt 0.667900 0.301300
vt 0.667000 0.301500
vt 0.385400 0.326600
vt 0.312300 0.992400
vt 0.094300 0.627800
vt 0.513600 0.269100
vt 0.514400 0.267000
vt 0.514500 0.267100
vt 0.313500 0.990800
vt 0.313200 0.989900
vt 0.455900 0.313700
vt 0.520400 0.056700
vt 0.518600 0.056700
vt 0.606700 0.102700
vt 0.389200 0.003100
vt 0.473800 0.650800
vt 0.418700 0.678700
vt 0.529000 0.937300
vt 0.529000 0.935200
vt 0.438700 0.673300
vt 0.438400 0.672300
vt 0.441000 0.948800
vt 0.590600 0.134000
vt 0.582700 0.289100
vt 0.559900 0.975400
vt 0.457300 0.679800
vt 0.751200 0.661100
vt 0.750700 0.795700
vt 0.750700 0.661100
vt 0.380400 0.227800
vt 0.312600 0.228300
vt 0.312600 0.227800
vt 0.609700 0.104700
vt 0.610300 0.106300
vt 0.596300 0.118600
vt 0.394700 0.985400
vt 0.602000 0.124100
vt 0.601300 0.122500
vt 0.514500 0.022600
vt 0.513700 0.024700
vt 0.643600 0.175700
vt 0.623600 0.175300
vt 0.643600 0.175300
vt 0.743100 0.869100
vt 0.592600 0.021600
vt 0.002000 0.626900
vt 0.105800 0.961400
vt 0.385400 0.002000
vt 0.601300 0.108100
vt 0.602000 0.109800
vt 0.700600 0.847400
vt 0.700600 0.979200
vt 0.293200 0.336500
vt 0.645500 0.644600
vt 0.725000 0.958300
vt 0.457700 0.357000
vt 0.528500 0.935200
vt 0.529000 0.933100
vt 0.763900 0.861000
vt 0.592600 0.019100
vt 0.690400 0.608200
vt 0.395200 0.979500
vt 0.394700 0.981200
vt 0.190300 0.962200
vt 0.685100 0.265300
vt 0.643600 0.136100
vt 0.757400 0.981700
vt 0.586600 0.954400
vt 0.553400 0.625000
vt 0.513700 0.269100
vt 0.623600 0.175700
vt 0.667000 0.293800
vt 0.439200 0.313700
vt 0.441300 0.314200
vt 0.669500 0.294000
vt 0.017900 0.693600
vt 0.634700 0.585000
vt 0.591000 0.125900
vt 0.523900 0.029000
vt 0.514500 0.028900
vt 0.516000 0.030400
vt 0.518000 0.031400
vt 0.514500 0.273300
vt 0.516000 0.274900
vt 0.218000 0.292400
vt 0.535000 0.262500
vt 0.532100 0.263700
vt 0.664600 0.287600
vt 0.665900 0.286400
vt 0.732900 0.287600
vt 0.377300 0.675300
vt 0.527500 0.227000
vt 0.537800 0.299600
vt 0.218000 0.009200
vt 0.206500 0.663300
vt 0.014300 0.916500
vt 0.606400 0.938200
vt 0.463800 0.508400
vt 0.464100 0.597000
vt 0.555900 0.296700
vt 0.557300 0.294600
vt 0.535000 0.018100
vt 0.532100 0.019200
vt 0.008000 0.778100
vt 0.262600 0.165300
vt 0.529800 0.348600
vt 0.478000 0.325500
vt 0.837100 0.131400
vt 0.732900 0.159200
vt 0.305000 0.990900
vt 0.305000 0.988900
vt 0.586800 0.124800
vt 0.312100 0.221000
vt 0.685200 0.176800
vt 0.539600 0.030500
vt 0.541100 0.028900
vt 0.633300 0.444700
vt 0.308900 0.673800
vt 0.380400 0.222400
vt 0.423700 0.820000
vt 0.591900 0.331100
vt 0.591600 0.330000
vt 0.503300 0.340200
vt 0.525100 0.050700
vt 0.495500 0.441700
vt 0.493700 0.442600
vt 0.493300 0.441900
vt 0.408800 0.313600
vt 0.560900 0.839700
vt 0.539000 0.060900
vt 0.587700 0.338200
vt 0.380800 0.224700
vt 0.312100 0.224400
vt 0.362200 0.648300
vt 0.419800 0.824000
vt 0.380600 0.648300
vt 0.583500 0.175900
vt 0.628800 0.076500
vt 0.450300 0.948800
vt 0.438400 0.948800
vt 0.586000 0.960200
vt 0.797700 0.149400
vt 0.681700 0.174900
vt 0.009900 0.907500
vt 0.362200 0.648300
vt 0.751200 0.795700
vt 0.861500 0.166100
vt 0.771800 0.306600
vt 0.526900 0.268700
vt 0.811500 0.159700
vt 0.586900 0.110600
vt 0.586000 0.108400
vt 0.870400 0.002000
vt 0.635200 0.092600
vt 0.531700 0.051200
vt 0.643800 0.979700
vt 0.441000 0.672300
vt 0.817600 0.296900
vt 0.461500 0.597300
vt 0.640200 0.184000
vt 0.642300 0.185400
vt 0.424000 0.350200
vt 0.638700 0.084700
vt 0.639100 0.084000
vt 0.636200 0.082800
vt 0.590700 0.021600
vt 0.686500 0.271400
vt 0.401100 0.964500
vt 0.785200 0.449200
vt 0.522300 0.030600
vt 0.520300 0.031300
vt 0.522300 0.030500
vt 0.461300 0.919000
vt 0.543800 0.295600
vt 0.528800 0.027300
vt 0.377900 0.817400
vt 0.230700 0.270500
vt 0.588900 0.133900
vt 0.506200 0.439500
vt 0.426500 0.676300
vt 0.381000 0.224400
vt 0.520200 0.358700
vt 0.394200 0.345200
vt 0.393700 0.545900
vt 0.393700 0.345200
vt 0.692000 0.272000
vt 0.696000 0.523300
vt 0.456600 0.593200
vt 0.318600 0.737000
vt 0.526600 0.348900
vt 0.086000 0.778100
vt 0.441900 0.678200
vt 0.424000 0.354200
vt 0.424000 0.353500
vt 0.284600 0.165800
vt 0.264500 0.165300
vt 0.284600 0.165300
vt 0.560600 0.459600
vt 0.560600 0.591400
vt 0.394200 0.545900
vt 0.694900 0.847100
vt 0.459600 0.831400
vt 0.789800 0.308600
vt 0.517700 0.262500
vt 0.511500 0.027300
vt 0.828800 0.142500
vt 0.829700 0.140500
vt 0.526900 0.024300
vt 0.529900 0.030100
vt 0.529900 0.274500
vt 0.797600 0.320200
vt 0.797200 0.322400
vt 0.797600 0.320200
vt 0.586700 0.289100
vt 0.584500 0.289100
vt 0.538000 0.277900
vt 0.540500 0.330700
vt 0.525700 0.021500
vt 0.796200 0.298300
vt 0.676100 0.174500
vt 0.676100 0.172100
vt 0.009900 0.778100
vt 0.517700 0.018100
vt 0.538000 0.033500
vt 0.514800 0.263700
vt 0.540800 0.032300
vt 0.514800 0.019200
vt 0.688300 0.971800
vt 0.639000 0.319800
vt 0.525700 0.265900
vt 0.701000 0.989800
vt 0.543000 0.021500
vt 0.512600 0.274500
vt 0.543000 0.265900
vt 0.308900 0.957000
vt 0.512600 0.030100
vt 0.225300 0.167100
vt 0.520700 0.033500
vt 0.511500 0.271700
vt 0.559500 0.971000
vt 0.292500 0.667100
vt 0.206500 0.667700
vt 0.206500 0.667100
vt 0.639600 0.644400
vt 0.584400 0.958200
vt 0.503400 0.290400
vt 0.501800 0.288800
vt 0.503700 0.290000
vt 0.505500 0.291300
vt 0.102300 0.843500
vt 0.285200 0.294300
vt 0.285100 0.294800
vt 0.507900 0.279800
vt 0.509800 0.281100
vt 0.507800 0.280300
vt 0.505700 0.280300
vt 0.669500 0.297700
vt 0.531700 0.295600
vt 0.513200 0.933200
vt 0.513200 0.931500
vt 0.303900 0.994600
vt 0.739300 0.779100
vt 0.004400 0.970500
vt 0.004700 0.970200
vt 0.006600 0.971400
vt 0.020700 0.680500
vt 0.718900 0.932800
vt 0.633000 0.073600
vt 0.635400 0.073600
vt 0.569900 0.958300
vt 0.569900 0.961900
vt 0.189200 0.958400
vt 0.525500 0.240600
vt 0.513200 0.935200
vt 0.552200 0.619200
vt 0.450100 0.313100
vt 0.561100 0.982200
vt 0.561100 0.984100
vt 0.676000 0.176700
vt 0.189200 0.956400
vt 0.829100 0.147000
vt 0.829900 0.148800
vt 0.829500 0.148900
vt 0.503300 0.268800
vt 0.426300 0.672300
vt 0.544200 0.268700
vt 0.685400 0.139700
vt 0.683200 0.139100
vt 0.685400 0.139600
vt 0.687600 0.139300
vt 0.464000 0.680900
vt 0.523500 0.032300
vt 0.543800 0.051200
vt 0.503300 0.268700
vt 0.530800 0.271300
vt 0.531000 0.269100
vt 0.531000 0.271300
vt 0.531800 0.273300
vt 0.530800 0.271300
vt 0.264500 0.165800
vt 0.513700 0.026900
vt 0.693700 0.266700
vt 0.693300 0.266300
vt 0.531000 0.024700
vt 0.531000 0.026900
vt 0.426000 0.353500
vt 0.527500 0.240700
vt 0.531800 0.267100
vt 0.533400 0.265500
vt 0.414300 0.312000
vt 0.416000 0.313200
vt 0.303800 0.151400
vt 0.303000 0.151700
vt 0.303300 0.151400
vt 0.303000 0.018400
vt 0.420000 0.499600
vt 0.318100 0.741000
vt 0.435600 0.824000
vt 0.441200 0.676300
vt 0.597500 0.122600
vt 0.597900 0.120300
vt 0.832200 0.292200
vt 0.831400 0.292400
vt 0.831700 0.292200
vt 0.831400 0.159200
vt 0.757600 0.863000
vt 0.756800 0.863200
vt 0.757100 0.863000
vt 0.756800 0.730000
vt 0.844000 0.139600
vt 0.434400 0.357700
vt 0.432400 0.357700
vt 0.432200 0.357400
vt 0.779000 0.449600
vt 0.778700 0.316600
vt 0.779000 0.316400
vt 0.778200 0.316600
vt 0.518100 0.264600
vt 0.518100 0.264700
vt 0.516100 0.265500
vt 0.539600 0.274900
vt 0.541200 0.273400
vt 0.718200 0.939600
vt 0.718200 0.937100
vt 0.610900 0.124700
vt 0.454000 0.313100
vt 0.764600 0.717700
vt 0.764400 0.584700
vt 0.764600 0.584500
vt 0.763900 0.584700
vt 0.455200 0.843300
vt 0.453300 0.845200
vt 0.756800 0.454000
vt 0.757200 0.454300
vt 0.223600 0.207800
vt 0.837900 0.292400
vt 0.838400 0.292200
vt 0.838600 0.292400
vt 0.838400 0.159400
vt 0.486600 0.446100
vt 0.441000 0.357700
vt 0.447100 0.357700
vt 0.445100 0.357700
vt 0.513200 0.938900
vt 0.530900 0.024600
vt 0.531700 0.022600
vt 0.531800 0.022600
vt 0.533400 0.021100
vt 0.757100 0.730200
vt 0.757600 0.730000
vt 0.461500 0.613800
vt 0.831700 0.159400
vt 0.832200 0.159200
vt 0.510800 0.044200
vt 0.512000 0.042400
vt 0.838600 0.159200
vt 0.837900 0.159400
vt 0.778200 0.449600
vt 0.778700 0.449400
vt 0.541900 0.301800
vt 0.464700 0.615800
vt 0.505900 0.339100
vt 0.449400 0.357700
vt 0.763900 0.717700
vt 0.764400 0.717500
vt 0.520300 0.020300
vt 0.518100 0.020300
vt 0.724300 0.279800
vt 0.615000 0.091500
vt 0.617200 0.091700
vt 0.615000 0.091600
vt 0.018500 0.683700
vt 0.588500 0.126500
vt 0.673200 0.279800
vt 0.691200 0.172800
vt 0.533300 0.274900
vt 0.292500 0.992400
vt 0.003300 0.962600
vt 0.002000 0.964500
vt 0.595300 0.116400
vt 0.593100 0.115500
vt 0.603100 0.343800
vt 0.735900 0.033800
vt 0.489900 0.439100
vt 0.560100 0.299000
vt 0.752000 0.522700
vt 0.453100 0.948800
vt 0.579500 0.330000
vt 0.537600 0.031400
vt 0.537600 0.031300
vt 0.696000 0.984000
vt 0.844200 0.133900
vt 0.011400 0.778600
vt 0.524800 0.269100
vt 0.524700 0.269100
vt 0.306100 0.953500
vt 0.688700 0.182100
vt 0.686700 0.181500
vt 0.688800 0.181900
vt 0.690300 0.182800
vt 0.735000 0.029200
vt 0.734800 0.026900
vt 0.735600 0.026700
vt 0.683200 0.139300
vt 0.681400 0.137900
vt 0.688200 0.880600
vt 0.688600 0.679900
vt 0.688600 0.880600
vt 0.678400 0.190900
vt 0.818700 0.299000
vt 0.688200 0.679900
vt 0.596500 0.417700
vt 0.557800 0.834100
vt 0.678400 0.191400
vt 0.795000 0.298200
vt 0.584600 0.296900
vt 0.303300 0.018600
vt 0.303800 0.018400
vt 0.390500 0.650200
vt 0.473800 0.650200
vt 0.610500 0.414100
vt 0.501800 0.044100
vt 0.503200 0.045600
vt 0.541200 0.022700
vt 0.539600 0.021100
vt 0.537600 0.020300
vt 0.535400 0.020300
vt 0.533300 0.021000
vt 0.292000 0.667600
vt 0.571000 0.954400
vt 0.529000 0.939000
vt 0.529000 0.931400
vt 0.744100 0.594200
vt 0.744500 0.725800
vt 0.015700 0.912800
vt 0.627600 0.077300
vt 0.817200 0.159200
vt 0.180500 0.952200
vt 0.603100 0.415500
vt 0.602500 0.126600
vt 0.390700 0.983300
vt 0.712700 0.941000
vt 0.712300 0.941400
vt 0.533300 0.030400
vt 0.287300 0.295200
vt 0.588800 0.021600
vt 0.586700 0.021600
vt 0.466500 0.357700
vt 0.718900 0.939500
vt 0.718900 0.941500
vt 0.542000 0.271300
vt 0.542100 0.269100
vt 0.503400 0.036600
vt 0.701300 0.181800
vt 0.516700 0.219900
vt 0.395200 0.985400
vt 0.395200 0.987100
vt 0.534300 0.297700
vt 0.300500 0.003500
vt 0.828300 0.147200
vt 0.464500 0.357700
vt 0.701800 0.985000
vt 0.701400 0.987400
vt 0.512700 0.223100
vt 0.633300 0.760700
vt 0.592900 0.102700
vt 0.594500 0.103400
vt 0.844400 0.144100
vt 0.420300 0.950600
vt 0.419800 0.952600
vt 0.420300 0.950600
vt 0.420500 0.948400
vt 0.752000 0.657300
vt 0.283000 0.294800
vt 0.465600 0.917800
vt 0.465600 0.831400
vt 0.708500 0.316600
vt 0.542000 0.024700
vt 0.008800 0.971000
vt 0.511600 0.288900
vt 0.533300 0.021000
vt 0.561200 0.301100
vt 0.505100 0.046900
vt 0.006600 0.971000
vt 0.595300 0.126500
vt 0.593100 0.127400
vt 0.501500 0.037800
vt 0.285100 0.305900
vt 0.282900 0.305400
vt 0.282800 0.305800
vt 0.280900 0.304500
vt 0.503000 0.046000
vt 0.448200 0.314200
vt 0.756800 0.447000
vt 0.744500 0.593800
vt 0.713600 0.808200
vt 0.443400 0.314200
vt 0.434500 0.356200
vt 0.719800 0.179500
vt 0.523800 0.028900
vt 0.523800 0.028900
vt 0.524700 0.026900
vt 0.734500 0.035000
vt 0.734500 0.052500
vt 0.565000 0.958300
vt 0.565000 0.955600
vt 0.502400 0.441700
vt 0.003200 0.968600
vt 0.743100 0.731400
vt 0.218000 0.013600
vt 0.289800 0.013900
vt 0.218000 0.013900
vt 0.542400 0.289400
vt 0.543300 0.287400
vt 0.540900 0.291000
vt 0.592800 0.111700
vt 0.591100 0.111700
vt 0.419900 0.350200
vt 0.094900 0.969000
vt 0.094900 0.971100
vt 0.094300 0.967300
vt 0.501000 0.286600
vt 0.394100 0.983300
vt 0.086000 0.914000
vt 0.513700 0.271300
vt 0.843200 0.148500
vt 0.590800 0.101200
vt 0.593200 0.101200
vt 0.105500 0.960500
vt 0.105500 0.960000
vt 0.105500 0.961000
vt 0.464200 0.831400
vt 0.696900 0.523800
vt 0.457100 0.592800
vt 0.456900 0.508200
vt 0.597000 0.103900
vt 0.598000 0.106100
vt 0.677000 0.272400
vt 0.559600 0.595300
vt 0.560300 0.982200
vt 0.559900 0.984200
vt 0.697100 0.181500
vt 0.695100 0.181900
vt 0.692400 0.196400
vt 0.588800 0.289100
vt 0.509800 0.931100
vt 0.509000 0.930800
vt 0.299700 0.995400
vt 0.587100 0.962100
vt 0.666100 0.293600
vt 0.641300 0.979900
vt 0.640500 0.980100
vt 0.696000 0.852200
vt 0.588900 0.296200
vt 0.817600 0.298900
vt 0.540900 0.046600
vt 0.542400 0.045000
vt 0.538800 0.047300
vt 0.533000 0.223900
vt 0.595800 0.104700
vt 0.542500 0.928600
vt 0.509600 0.277400
vt 0.509500 0.276900
vt 0.610800 0.087100
vt 0.609800 0.089500
vt 0.604600 0.113200
vt 0.602400 0.112300
vt 0.587000 0.296800
vt 0.610500 0.345200
vt 0.455100 0.508200
vt 0.231000 0.278600
vt 0.441100 0.356600
vt 0.556500 0.294300
vt 0.449400 0.308200
vt 0.293200 0.662000
vt 0.646100 0.319600
vt 0.018500 0.685600
vt 0.758100 0.726200
vt 0.013100 0.964700
vt 0.376500 0.952200
vt 0.587400 0.122300
vt 0.587400 0.120500
vt 0.520300 0.275700
vt 0.522300 0.275000
vt 0.628800 0.994600
vt 0.629000 0.922900
vt 0.629000 0.994600
vt 0.588600 0.116400
vt 0.590800 0.115500
vt 0.756800 0.317600
vt 0.608400 0.125200
vt 0.606800 0.126000
vt 0.751000 0.799500
vt 0.750700 0.871200
vt 0.750700 0.799500
vt 0.596500 0.106300
vt 0.596500 0.108100
vt 0.604800 0.117000
vt 0.585900 0.122600
vt 0.725000 0.962700
vt 0.605000 0.126000
vt 0.744500 0.862100
vt 0.605000 0.102700
vt 0.758200 0.584700
vt 0.815100 0.148800
vt 0.589400 0.111000
vt 0.610300 0.108100
vt 0.473800 0.329000
vt 0.647900 0.643100
vt 0.609300 0.126500
vt 0.609600 0.118800
vt 0.610300 0.120500
vt 0.102800 0.842000
vt 0.536600 0.280700
vt 0.443900 0.835700
vt 0.495200 0.262500
vt 0.537200 0.620100
vt 0.536100 0.618300
vt 0.536200 0.618200
vt 0.696900 0.846200
vt 0.461600 0.832300
vt 0.461400 0.916800
vt 0.612600 0.991500
vt 0.612800 0.919800
vt 0.612800 0.991500
vt 0.184300 0.958400
vt 0.184300 0.955800
vt 0.589000 0.344600
vt 0.589400 0.125200
vt 0.602500 0.102100
vt 0.604700 0.101200
vt 0.685100 0.196400
vt 0.535400 0.275700
vt 0.537600 0.275700
vt 0.610800 0.118000
vt 0.630700 0.078400
vt 0.380400 0.225900
vt 0.588100 0.118900
vt 0.589400 0.117600
vt 0.596400 0.120600
vt 0.318400 0.740900
vt 0.318300 0.742800
vt 0.445800 0.833800
vt 0.515700 0.038700
vt 0.559200 0.590800
vt 0.587500 0.106300
vt 0.592800 0.125900
vt 0.303800 0.151700
vt 0.609100 0.116300
vt 0.591100 0.116900
vt 0.592800 0.116900
vt 0.751000 0.871200
vt 0.586700 0.021600
vt 0.584500 0.021600
vt 0.532700 0.238100
vt 0.595300 0.112300
vt 0.837900 0.159200
vt 0.717800 0.941500
vt 0.526000 0.043000
vt 0.514400 0.355400
vt 0.518100 0.275700
vt 0.750700 0.655900
vt 0.608300 0.117600
vt 0.480500 0.451600
vt 0.633200 0.097600
vt 0.630700 0.096500
vt 0.721600 0.179400
vt 0.721700 0.179300
vt 0.231000 0.272400
vt 0.514900 0.042900
vt 0.593100 0.113200
vt 0.543300 0.285200
vt 0.630800 0.318600
vt 0.715500 0.179500
vt 0.303800 0.018600
vt 0.763900 0.584500
vt 0.778200 0.316400
vt 0.560300 0.979800
vt 0.757600 0.863200
vt 0.603300 0.111000
vt 0.576500 0.431900
vt 0.724600 0.967100
vt 0.218000 0.015800
vt 0.289800 0.016000
vt 0.218000 0.016000
vt 0.509000 0.939600
vt 0.518100 0.264700
vt 0.309500 0.955400
vt 0.642600 0.184600
vt 0.231000 0.175500
vt 0.230800 0.173500
vt 0.520300 0.031300
vt 0.518100 0.031300
vt 0.518100 0.031300
vt 0.588800 0.136700
vt 0.419800 0.952600
vt 0.537300 0.620000
vt 0.713700 0.179500
vt 0.615100 0.084200
vt 0.591100 0.102700
vt 0.514400 0.357600
vt 0.837900 0.292200
vt 0.542500 0.223900
vt 0.628800 0.922900
vt 0.523900 0.267100
vt 0.289800 0.013600
vt 0.456300 0.840900
vt 0.739000 0.782900
vt 0.738800 0.854600
vt 0.738800 0.782900
vt 0.832200 0.292400
vt 0.763900 0.717500
vt 0.739000 0.854600
vt 0.608400 0.103400
vt 0.426100 0.951900
vt 0.778200 0.449400
vt 0.538800 0.047400
vt 0.380400 0.222500
vt 0.585500 0.292100
vt 0.583500 0.291000
vt 0.289800 0.015800
vt 0.534600 0.037100
vt 0.533000 0.038700
vt 0.236400 0.165700
vt 0.534600 0.299600
vt 0.832200 0.159400
vt 0.758200 0.316400
vt 0.534100 0.221600
vt 0.392500 0.983300
vt 0.511200 0.038000
vt 0.724200 0.960500
vt 0.020400 0.770200
vt 0.522500 0.053100
vt 0.420100 0.499500
vt 0.419600 0.497500
vt 0.526300 0.355200
vt 0.526200 0.353100
vt 0.516100 0.021100
vt 0.529200 0.035400
vt 0.529200 0.037400
vt 0.373800 0.972900
vt 0.372100 0.972900
vt 0.371800 0.972800
vt 0.466100 0.508200
vt 0.757600 0.730200
vt 0.641200 0.071500
vt 0.641200 0.074100
vt 0.603300 0.125300
vt 0.541000 0.930700
vt 0.473400 0.634300
vt 0.094300 0.952400
vt 0.523700 0.930800
vt 0.231000 0.280500
vt 0.514400 0.351400
vt 0.460100 0.596800
vt 0.419000 0.673100
vt 0.537600 0.264700
vt 0.535400 0.264700
vt 0.517600 0.223000
vt 0.787100 0.308600
vt 0.787400 0.311700
vt 0.787400 0.311700
vt 0.750700 0.524100
vt 0.435500 0.826000
vt 0.639000 0.978600
vt 0.549700 0.625000
vt 0.582600 0.958200
vt 0.011400 0.906900
vt 0.515700 0.045000
vt 0.090500 0.626300
vt 0.090000 0.956100
vt 0.025100 0.770800
vt 0.473800 0.330500
vt 0.648500 0.642200
vt 0.377900 0.972800
vt 0.375700 0.972800
vt 0.377900 0.972800
vt 0.584500 0.288800
vt 0.450900 0.846200
vt 0.586000 0.956300
vt 0.309500 0.675300
vt 0.432400 0.671300
vt 0.589500 0.428300
vt 0.591200 0.427500
vt 0.589500 0.428300
vt 0.591300 0.427700
vt 0.018200 0.691700
vt 0.018300 0.691700
vt 0.094900 0.971100
vt 0.094500 0.973200
vt 0.381000 0.229400
vt 0.312100 0.229400
vt 0.391600 0.981200
vt 0.536600 0.221500
vt 0.542000 0.269100
vt 0.541100 0.273300
vt 0.019300 0.959900
vt 0.020000 0.961600
vt 0.019300 0.959900
vt 0.418900 0.954200
vt 0.418900 0.954200
vt 0.185000 0.953900
vt 0.581800 0.962700
vt 0.490200 0.441500
vt 0.506800 0.029600
vt 0.648500 0.321300
vt 0.576900 0.331700
vt 0.576700 0.334000
vt 0.641200 0.092200
vt 0.612600 0.919800
vt 0.464400 0.356200
vt 0.504900 0.032900
vt 0.459600 0.916800
vt 0.586500 0.024600
vt 0.584500 0.023600
vt 0.542000 0.269100
vt 0.541200 0.267100
vt 0.844400 0.146400
vt 0.844400 0.148400
vt 0.684300 0.271400
vt 0.682300 0.270900
vt 0.684300 0.271400
vt 0.686500 0.271400
vt 0.565000 0.444700
vt 0.590800 0.336100
vt 0.223600 0.190300
vt 0.694600 0.522700
vt 0.454900 0.593900
vt 0.665300 0.293200
vt 0.414100 0.312200
vt 0.412500 0.310700
vt 0.414100 0.312200
vt 0.321700 0.647800
vt 0.320100 0.646900
vt 0.320100 0.646900
vt 0.635800 0.079500
vt 0.623100 0.089600
vt 0.622600 0.086800
vt 0.623100 0.092200
vt 0.473500 0.636200
vt 0.473000 0.636300
vt 0.794600 0.304900
vt 0.743100 0.595100
vt 0.231000 0.276500
vt 0.210000 0.353000
vt 0.584500 0.021600
vt 0.582700 0.021600
vt 0.604900 0.111700
vt 0.544200 0.043100
vt 0.456300 0.838200
vt 0.451700 0.356200
vt 0.583300 0.291500
vt 0.635800 0.097600
vt 0.577900 0.429900
vt 0.518400 0.052200
vt 0.534300 0.297700
vt 0.097500 0.968300
vt 0.582500 0.329000
vt 0.524700 0.024700
vt 0.641200 0.089600
vt 0.008000 0.907500
vt 0.702000 0.847900
vt 0.702000 0.978600
vt 0.509800 0.222400
vt 0.390500 0.330500
vt 0.292000 0.991900
vt 0.523900 0.273400
vt 0.463500 0.597000
vt 0.463400 0.508700
vt 0.416100 0.313000
vt 0.321800 0.647700
vt 0.321800 0.647600
vt 0.231000 0.171300
vt 0.517100 0.280700
vt 0.701000 0.991800
vt 0.421800 0.350200
vt 0.502200 0.288500
vt 0.533000 0.283100
vt 0.419200 0.348700
vt 0.464600 0.597000
vt 0.642600 0.316400
vt 0.206500 0.991800
vt 0.688300 0.176800
vt 0.812700 0.150900
vt 0.812700 0.154200
vt 0.812700 0.154200
vt 0.590700 0.019100
vt 0.588300 0.018800
vt 0.590700 0.019100
vt 0.718900 0.939500
vt 0.589900 0.350300
vt 0.589900 0.350300
vt 0.426600 0.824000
vt 0.810300 0.294300
vt 0.810000 0.297500
vt 0.810300 0.294300
vt 0.517600 0.229300
vt 0.472900 0.003300
vt 0.318100 0.749000
vt 0.495200 0.018100
vt 0.495200 0.020500
vt 0.495200 0.018100
vt 0.851400 0.142900
vt 0.599800 0.339900
vt 0.601500 0.339300
vt 0.424000 0.348700
vt 0.464500 0.357700
vt 0.586000 0.019100
vt 0.586000 0.019100
vt 0.635900 0.084200
vt 0.686400 0.195000
vt 0.021000 0.680200
vt 0.630800 0.085200
vt 0.709600 0.178900
vt 0.707200 0.178900
vt 0.709600 0.178900
vt 0.711700 0.179500
vt 0.607900 0.944600
vt 0.614800 0.089600
vt 0.617400 0.089600
vt 0.617400 0.089600
vt 0.538900 0.036300
vt 0.410900 0.964700
vt 0.692700 0.181900
vt 0.692700 0.181900
vt 0.501000 0.040000
vt 0.522400 0.351200
vt 0.523300 0.349600
vt 0.523300 0.349600
vt 0.319000 0.703800
vt 0.319000 0.702000
vt 0.319000 0.703800
vt 0.627800 0.071400
vt 0.627800 0.074100
vt 0.544200 0.228400
vt 0.019600 0.681500
vt 0.377900 0.673800
vt 0.002900 0.962400
vt 0.584500 0.136700
vt 0.611700 0.343800
vt 0.401900 0.631700
vt 0.309900 0.986500
vt 0.006400 0.778600
vt 0.449400 0.840800
vt 0.449500 0.840800
vt 0.599900 0.340000
vt 0.740100 0.026800
vt 0.742200 0.027200
vt 0.740100 0.026800
vt 0.737900 0.027200
vt 0.717400 0.934900
vt 0.678500 0.270700
vt 0.515700 0.222600
vt 0.508600 0.272300
vt 0.503000 0.343100
vt 0.540700 0.058700
vt 0.537900 0.057100
vt 0.537900 0.057100
vt 0.529200 0.035400
vt 0.384000 0.971000
vt 0.381800 0.971000
vt 0.381800 0.971000
vt 0.607700 0.339900
vt 0.607700 0.339900
vt 0.715500 0.179300
vt 0.094800 0.971000
vt 0.591200 0.427500
vt 0.419600 0.503800
vt 0.418800 0.505300
vt 0.418800 0.505300
vt 0.673200 0.167000
vt 0.502100 0.018100
vt 0.094300 0.950900
vt 0.506200 0.439500
vt 0.428400 0.625900
vt 0.516300 0.352600
vt 0.522300 0.265500
vt 0.640300 0.318400
vt 0.577200 0.333900
vt 0.702200 0.987400
vt 0.702200 0.987400
vt 0.520300 0.031400
vt 0.285100 0.962600
vt 0.700600 0.523200
vt 0.588800 0.289100
vt 0.630700 0.758000
vt 0.630700 0.760200
vt 0.630700 0.760200
vt 0.524700 0.026900
vt 0.451200 0.838400
vt 0.587200 0.110400
vt 0.543200 0.245200
vt 0.586700 0.288800
vt 0.429700 0.822100
vt 0.520500 0.055600
vt 0.582600 0.139500
vt 0.584700 0.139400
vt 0.399000 0.980300
vt 0.694300 0.180300
vt 0.413300 0.963200
vt 0.508500 0.946600
vt 0.508300 0.949900
vt 0.508500 0.946600
vt 0.508500 0.943400
vt 0.622100 0.087100
vt 0.107200 0.958200
vt 0.389200 0.002000
vn 0.0000 0.0000 1.0000
vn -0.0000 -0.0000 -1.0000
vn 1.0000 -0.0000 -0.0000
vn -1.0000 0.0000 0.0000
vn 0.0000 1.0000 0.0000
vn 0.0000 -1.0000 0.0000
vn 0.9532 -0.0560 0.2970
vn 0.9868 0.1617 0.0000
vn 0.9414 0.1673 0.2929
vn -0.9553 -0.0009 -0.2957
vn -0.9868 0.1617 0.0000
vn -0.9414 0.1673 -0.2929
vn 0.9940 0.1096 -0.0000
vn 0.9771 0.2128 0.0013
vn -0.8865 0.3722 0.2748
vn -0.6460 0.5924 0.4814
vn -0.7940 0.5565 0.2447
vn -0.7963 -0.0616 0.6018
vn -0.4688 0.2036 0.8595
vn -0.7847 0.1833 0.5921
vn -0.0000 0.2136 -0.9769
vn -0.4322 0.4414 -0.7864
vn 0.0000 0.4599 -0.8880
vn -0.5000 -0.0000 0.8660
vn -0.1815 -0.9309 -0.3170
vn -0.3245 -0.9163 -0.2348
vn -0.5003 -0.7837 -0.3681
vn -0.0000 0.2137 0.9769
vn 0.4321 0.4414 0.7864
vn -0.0000 0.4599 0.8880
vn 0.8865 0.3723 -0.2749
vn 0.6461 0.5923 -0.4814
vn 0.7940 0.5564 -0.2448
vn -0.9326 0.3610 0.0000
vn -0.7940 0.5565 0.2448
vn -0.8397 0.5431 0.0000
vn 0.9922 -0.1247 -0.0000
vn 0.9466 -0.1293 -0.2953
vn 0.9922 -0.1246 0.0000
vn -0.7318 0.4033 0.5493
vn -0.4152 0.4999 0.7601
vn -0.3749 0.6348 0.6756
vn 0.4321 0.4414 -0.7864
vn 0.0000 0.6546 -0.7559
vn 0.3749 0.6347 -0.6757
vn -0.7319 0.4032 -0.5494
vn -0.7940 0.5565 -0.2448
vn -0.6460 0.5924 -0.4814
vn 0.8397 0.5431 -0.0000
vn 0.6656 0.7180 -0.2035
vn 0.7083 0.7059 -0.0000
vn 0.8167 0.5770 0.0042
vn 0.7940 0.5565 -0.2447
vn 0.7082 0.7060 -0.0000
vn 0.0000 0.2137 -0.9769
vn -0.4321 0.4414 -0.7864
vn 0.7770 -0.6294 -0.0001
vn 0.8119 -0.5271 -0.2510
vn 0.8582 -0.5134 -0.0000
vn -0.7955 -0.1422 0.5890
vn -0.4714 -0.1603 0.8672
vn -0.7893 -0.1426 0.5972
vn 0.9483 -0.1291 0.2900
vn 0.9466 -0.1293 0.2953
vn -0.4800 -0.1599 -0.8626
vn -0.7893 -0.1427 -0.5973
vn -0.4714 -0.1603 -0.8672
vn -0.4802 -0.1599 -0.8625
vn -0.7893 -0.1426 -0.5972
vn 0.7955 -0.1422 0.5890
vn 0.9478 -0.1265 0.2927
vn 0.7893 -0.1427 0.5972
vn -0.9308 0.2236 -0.2890
vn -0.8970 0.3450 -0.2763
vn 0.4689 0.2037 -0.8595
vn -0.9911 -0.1329 0.0028
vn -0.9466 -0.1293 0.2952
vn -0.9921 -0.1249 0.0102
vn 0.7955 -0.1422 -0.5891
vn 0.4715 -0.1603 -0.8672
vn 0.7893 -0.1426 -0.5972
vn 0.7955 -0.1422 0.5891
vn 0.7893 -0.1426 0.5972
vn 0.0000 -0.1693 -0.9856
vn -0.0000 -0.1692 -0.9856
vn 0.0000 0.4598 -0.8880
vn -0.1816 -0.9309 -0.3170
vn -0.5003 -0.7838 -0.3680
vn 0.4321 0.4415 0.7864
vn 0.0000 0.4598 0.8880
vn 0.4803 -0.1599 0.8624
vn -0.2699 0.9598 0.0772
vn -0.2180 0.9642 0.1509
vn -0.8825 0.3849 -0.2703
vn 0.2697 0.9598 0.0771
vn 0.2861 0.9582 -0.0000
vn 0.7318 0.4033 0.5494
vn 0.7940 0.5565 0.2448
vn 0.6460 0.5924 0.4814
vn 0.2862 0.9582 -0.0000
vn 0.2698 0.9598 -0.0771
vn 0.0000 1.0000 -0.0001
vn -0.7318 0.4033 0.5494
vn -0.4321 0.4415 0.7863
vn -0.3749 0.6347 0.6757
vn 0.9511 0.1050 0.2906
vn 0.9870 0.1609 0.0000
vn 1.0000 -0.0070 0.0070
vn -0.4803 -0.1599 0.8624
vn -0.0000 -0.1692 0.9856
vn -0.2179 0.9642 0.1508
vn -0.1257 0.9695 0.2105
vn 0.8649 0.4270 0.2639
vn -0.4802 -0.1600 0.8625
vn -0.4714 -0.1602 0.8672
vn -0.4843 -0.0005 0.8749
vn 0.0001 -0.1717 0.9851
vn -0.4777 -0.1619 0.8635
vn 0.4084 -0.5419 -0.7345
vn -0.0000 -0.6907 -0.7231
vn 0.3621 -0.6685 -0.6495
vn 0.8960 -0.3484 0.2752
vn 0.9394 -0.3428 0.0066
vn 0.8978 -0.4403 0.0108
vn -0.9985 -0.0541 0.0000
vn -0.9519 0.1088 0.2863
vn -0.9361 0.2073 0.2842
vn -0.4844 -0.0004 -0.8749
vn -0.7918 -0.1694 -0.5868
vn -0.4693 -0.1710 -0.8663
vn 0.7426 -0.3660 0.5609
vn 0.8852 -0.3779 0.2713
vn 0.7922 -0.5589 0.2448
vn 0.0000 -0.0005 -1.0000
vn -0.4777 -0.1619 -0.8635
vn -0.0076 -0.1713 -0.9852
vn 0.4843 -0.0003 0.8749
vn 0.8022 -0.0004 0.5970
vn 0.7937 -0.1437 0.5911
vn -0.4843 -0.0004 0.8749
vn 0.0000 -0.1716 0.9852
vn -0.4727 -0.1617 0.8663
vn -0.8574 -0.4405 0.2660
vn -0.6296 -0.6212 0.4666
vn -0.7761 -0.5841 0.2376
vn -0.7912 -0.1437 -0.5944
vn -0.4777 -0.1621 -0.8634
vn -0.1257 0.9695 0.2106
vn 0.0000 0.9720 0.2351
vn -0.7940 0.5565 -0.2447
vn -0.6461 0.5924 -0.4814
vn -0.1257 0.9695 -0.2105
vn -0.2179 0.9642 -0.1509
vn -0.4322 0.4413 -0.7864
vn -0.6461 0.5923 -0.4814
vn -0.3750 0.6347 -0.6757
vn 0.8974 -0.4412 -0.0039
vn 0.8504 -0.4585 -0.2579
vn 0.7767 -0.5831 -0.2379
vn 0.4844 -0.0004 -0.8749
vn -0.0000 -0.0004 -1.0000
vn -0.0000 -0.1717 -0.9851
vn -0.7893 0.1833 0.5860
vn -0.4844 -0.0004 0.8749
vn -0.8022 -0.0243 0.5965
vn -0.9559 -0.0003 0.2937
vn -0.9489 -0.1303 0.2876
vn -0.3377 -0.7220 0.6039
vn 0.0001 -0.7420 0.6704
vn -0.0000 -0.6219 0.7831
vn -0.9023 -0.3285 0.2793
vn -0.6975 -0.4954 0.5178
vn -0.8495 -0.4589 0.2605
vn -0.4777 -0.1620 -0.8634
vn 0.0000 -0.1716 -0.9852
vn 0.9341 -0.2160 -0.2842
vn 0.7988 -0.0290 -0.6009
vn 0.7753 -0.2417 -0.5836
vn -0.0000 0.9720 -0.2351
vn -0.1256 0.9695 -0.2104
vn 0.5330 0.7491 -0.3935
vn 0.2924 0.8000 -0.5239
vn 0.5202 0.7623 -0.3851
vn 0.1256 0.9695 0.2104
vn 0.2181 0.9642 0.1509
vn 0.7940 0.5564 0.2447
vn 0.4400 -0.4209 0.7933
vn 0.7423 -0.3799 0.5520
vn 0.6975 -0.4954 0.5178
vn 0.8495 -0.4588 0.2605
vn -0.4399 -0.4210 0.7933
vn 0.0000 -0.4419 0.8970
vn 0.0000 -0.5649 0.8251
vn -0.9572 -0.0270 0.2883
vn -0.7752 -0.2419 0.5835
vn -0.9298 -0.2388 0.2802
vn 0.9414 0.1674 -0.2929
vn 0.7847 0.1834 -0.5921
vn 0.7654 0.2943 -0.5723
vn 0.9134 0.2898 0.2858
vn 0.7265 0.6872 0.0000
vn 0.6850 0.6976 0.2099
vn -0.8368 -0.5476 0.0000
vn -0.8471 -0.4651 0.2571
vn -0.7521 -0.6169 0.2318
vn -0.4084 -0.5419 0.7345
vn -0.0000 -0.6907 0.7231
vn -0.3621 -0.6686 0.6495
vn -0.9559 -0.0003 -0.2937
vn -1.0000 -0.0003 -0.0000
vn -0.9921 -0.1258 -0.0000
vn -0.4844 -0.0005 -0.8749
vn 0.3621 -0.6686 0.6495
vn 0.0045 -0.6901 0.7237
vn 0.6928 -0.4904 0.5288
vn 0.6298 -0.6212 0.4664
vn -0.7120 0.4669 -0.5244
vn -0.6850 0.6976 -0.2099
vn -0.5544 0.7243 -0.4098
vn 0.4321 0.4413 -0.7864
vn -0.0000 0.6545 -0.7561
vn 0.0001 0.0000 -1.0000
vn -0.9087 0.3037 -0.2864
vn -0.4400 -0.4209 -0.7933
vn -0.7732 -0.2660 -0.5757
vn -0.7423 -0.3799 -0.5520
vn 0.3749 0.6347 0.6757
vn 0.1258 0.9695 0.2106
vn 0.9134 0.2897 0.2859
vn 0.9597 0.2812 -0.0000
vn 0.7265 0.6871 0.0000
vn -0.8452 -0.4672 -0.2596
vn -0.8581 -0.5134 0.0000
vn -0.9592 -0.2827 0.0000
vn -0.0000 -0.5650 -0.8251
vn -0.4084 -0.5419 -0.7346
vn -0.3627 -0.6676 -0.6502
vn -0.1815 -0.9309 0.3170
vn -0.0000 -0.8285 0.5600
vn -0.2846 -0.8147 0.5053
vn -0.0000 -0.0003 1.0000
vn 0.4777 -0.1620 0.8635
vn 0.9557 -0.0228 -0.2933
vn 0.8022 -0.0003 -0.5970
vn 0.7889 -0.1650 -0.5919
vn -0.9419 -0.1592 -0.2957
vn -1.0000 0.0075 0.0000
vn -0.9596 0.2813 0.0000
vn -0.7568 0.3127 0.5740
vn -0.3209 0.7545 0.5725
vn -0.5543 0.7245 0.4097
vn 0.7999 -0.0028 0.6001
vn 0.9532 -0.0561 0.2970
vn 0.8865 0.3723 -0.2748
vn 0.6460 0.5924 -0.4814
vn 0.7940 0.5565 -0.2448
vn -0.7914 -0.6112 0.0001
vn -0.8434 -0.4747 0.2518
vn -0.9419 -0.1594 0.2956
vn -0.4321 0.4414 0.7864
vn 0.0000 0.6546 0.7560
vn 0.4686 0.7823 -0.4104
vn -0.4176 0.8376 -0.3521
vn -0.3389 0.9010 -0.2709
vn -0.6586 0.7525 0.0003
vn -0.7893 0.1833 -0.5860
vn -0.9417 0.1664 -0.2923
vn -0.9557 -0.0227 -0.2933
vn -0.0000 -0.9722 -0.2340
vn -0.0000 -0.9374 -0.3483
vn 0.5381 -0.8268 -0.1641
vn 0.4232 -0.8507 -0.3118
vn 0.6093 -0.6501 -0.4540
vn -0.3332 -0.7290 -0.5980
vn -0.4374 -0.8439 -0.3107
vn -0.6093 -0.6501 -0.4540
vn 0.8865 0.3722 -0.2748
vn 0.9317 -0.3633 -0.0046
vn 0.8960 -0.3484 -0.2752
vn 0.8489 -0.4586 -0.2628
vn -0.6490 -0.7327 0.2046
vn -0.5835 -0.6879 0.4317
vn -0.6096 -0.6497 0.4542
vn -0.4489 0.3393 -0.8267
vn -0.7568 0.3126 -0.5740
vn -0.5543 0.7245 -0.4097
vn -0.6094 -0.6500 -0.4540
vn -0.7879 -0.5647 -0.2454
vn -0.9042 -0.3195 -0.2836
vn -0.7569 0.3125 0.5740
vn -0.4489 0.3392 0.8267
vn 0.0000 0.7682 0.6403
vn -0.3209 0.7544 0.5726
vn 0.0000 0.7942 0.6076
vn 0.2698 0.9598 0.0772
vn -0.9909 -0.0000 -0.1348
vn -0.3787 0.0000 -0.9255
vn -0.0000 -0.6953 -0.7187
vn -0.3555 -0.6813 -0.6399
vn -0.4667 -0.1881 -0.8642
vn 0.7915 -0.6111 0.0000
vn 0.7482 -0.6220 -0.2309
vn 0.9021 -0.3287 -0.2796
vn 0.9559 -0.0005 0.2937
vn 0.9477 -0.1303 0.2914
vn 1.0000 0.0014 -0.0000
vn 0.1257 0.9695 -0.2105
vn 0.0000 0.9719 -0.2352
vn 0.2700 0.9598 -0.0772
vn 0.2181 0.9642 -0.1509
vn 0.2698 0.9598 0.0771
vn 0.0000 1.0000 -0.0005
vn -0.0000 -0.7420 0.6704
vn -0.0000 -0.6217 0.7832
vn 0.9742 0.2257 0.0003
vn 0.9999 0.0122 0.0000
vn 0.6986 0.1007 -0.7083
vn 0.0002 -0.0000 1.0000
vn 0.3371 -0.7221 -0.6040
vn -0.0000 -0.7420 -0.6704
vn 0.0000 -0.6218 -0.7832
vn 0.9414 0.1673 -0.2929
vn -0.9483 -0.1291 -0.2898
vn -0.9922 -0.1246 -0.0000
vn -0.9922 -0.1247 0.0001
vn -0.7211 0.4314 0.5421
vn -0.3441 0.7076 0.6171
vn -0.5973 0.6684 0.4434
vn 0.4844 -0.0003 -0.8748
vn 0.4727 -0.1618 -0.8663
vn 0.7955 -0.1422 -0.5890
vn 0.4714 -0.1603 -0.8672
vn 0.7893 -0.1427 -0.5972
vn 0.9450 0.1280 0.3010
vn 0.9785 -0.2061 -0.0061
vn 0.9426 -0.0900 0.3215
vn 0.0000 -0.1693 0.9856
vn 0.4715 -0.1603 0.8672
vn -0.1257 0.9695 0.2104
vn -0.0000 0.9720 0.2350
vn -0.2181 0.9642 -0.1509
vn -0.2699 0.9598 -0.0772
vn 0.0012 0.9997 -0.0249
vn -0.0002 -0.0000 1.0000
vn -0.4329 -0.8498 0.3007
vn -0.3555 -0.6812 0.6400
vn -0.6095 -0.6498 0.4542
vn -0.0001 -0.6952 0.7188
vn 0.4667 -0.1883 0.8641
vn -0.0000 -0.1951 0.9808
vn -0.7488 0.3607 -0.5561
vn -0.9416 0.1707 -0.2902
vn -0.7808 0.5784 -0.2363
vn -0.8753 0.4000 0.2718
vn -0.7028 0.4794 0.5256
vn -0.7382 0.6346 0.2291
vn -0.8022 -0.0003 -0.5971
vn -0.9477 -0.1304 -0.2914
vn -0.7848 0.1833 -0.5921
vn 0.3864 -0.6025 0.6983
vn 0.0000 -0.6218 0.7831
vn -0.7963 -0.0617 0.6018
vn -0.4689 0.2037 0.8595
vn -0.7847 0.1834 0.5921
vn -0.7959 -0.0567 -0.6027
vn -0.9508 -0.0883 -0.2971
vn -0.9308 0.2398 -0.2760
vn -0.9880 -0.1545 0.0000
vn -0.9206 0.2601 0.2912
vn 0.7868 0.1830 0.5894
vn 0.9515 0.0312 0.3059
vn 0.8022 -0.0004 0.5971
vn 0.0000 0.4868 0.8735
vn 0.4731 0.1239 0.8722
vn 0.4249 0.4691 0.7742
vn -0.9519 0.0224 0.3057
vn -0.7028 0.4795 0.5255
vn -0.8752 0.4003 0.2717
vn -0.7212 0.4313 -0.5422
vn -0.8752 0.4003 -0.2717
vn -0.7389 0.6344 -0.2272
vn 0.3556 -0.6811 -0.6401
vn -0.0000 -0.1954 -0.9807
vn 0.4667 -0.1882 -0.8642
vn 0.5292 -0.8349 -0.1512
vn 0.5839 -0.6872 -0.4323
vn 0.6095 -0.6499 -0.4541
vn 0.3555 -0.6811 0.6401
vn 0.7836 -0.1728 0.5967
vn 0.4667 -0.1882 0.8642
vn -0.6093 -0.6500 0.4541
vn -0.3554 -0.6814 0.6398
vn -0.4667 -0.1881 0.8642
vn -0.0000 -0.6953 0.7187
vn 0.3555 -0.6812 0.6400
vn 0.4666 -0.1883 0.8642
vn 0.8092 -0.5142 0.2844
vn 0.9523 -0.3052 0.0026
vn 0.9419 -0.1593 0.2957
vn 0.0000 -0.0005 1.0000
vn 0.1840 -0.9313 0.3144
vn 0.4746 -0.8102 0.3440
vn 0.2847 -0.8146 0.5054
vn 0.7196 -0.6944 0.0000
vn 0.6281 -0.7514 -0.2023
vn 0.8019 -0.5364 -0.2629
vn 0.9481 0.1354 -0.2876
vn 0.7902 -0.0102 -0.6127
vn 0.7932 -0.1358 -0.5936
vn -0.9750 -0.2221 -0.0039
vn -0.9352 -0.1825 0.3036
vn 0.0000 -0.6217 -0.7833
vn -0.3864 -0.6026 -0.6982
vn -0.4496 -0.3494 -0.8221
vn 0.4232 -0.8508 0.3114
vn 0.6823 -0.6973 0.2196
vn 0.6094 -0.6501 0.4540
vn -0.0000 -0.1953 0.9808
vn 0.1694 0.1394 -0.9756
vn -0.1897 0.1540 -0.9697
vn 0.0934 0.0787 -0.9925
vn 0.1405 -0.1153 -0.9833
vn 0.2018 0.1609 -0.9661
vn -0.1890 0.1549 -0.9697
vn 0.1890 0.1549 -0.9697
vn 0.2018 -0.1609 -0.9661
vn 0.1081 0.0770 -0.9912
vn -0.1756 0.1376 -0.9748
vn 0.1907 0.1507 -0.9700
vn 0.1344 -0.1048 -0.9854
vn -0.3556 -0.6811 -0.6401
vn -0.7589 -0.3261 -0.5637
vn -0.4667 -0.1882 -0.8642
vn 0.6096 -0.6498 -0.4542
vn 0.3554 -0.6813 -0.6399
vn 0.4667 -0.1881 -0.8642
vn -0.4799 -0.1599 0.8626
vn 0.4799 -0.1599 -0.8626
vn -0.7319 0.4032 0.5494
vn -0.6626 -0.5620 0.4951
vn -0.3865 -0.6027 0.6981
vn -0.4496 -0.3494 0.8221
vn 0.3555 -0.6812 -0.6400
vn 0.4667 -0.1884 -0.8641
vn 0.1257 0.9695 -0.2106
vn 0.0000 0.9720 -0.2350
vn 0.3864 -0.6030 0.6979
vn 0.7573 -0.3176 0.5706
vn 0.4496 -0.3495 0.8220
vn 0.6094 -0.6501 0.4539
vn 0.7482 -0.6220 0.2309
vn 0.9264 -0.2473 0.2841
vn 0.9880 -0.1543 -0.0000
vn -0.7893 0.1832 -0.5860
vn -0.9427 0.1665 -0.2890
vn -0.9483 -0.1291 -0.2900
vn -0.9466 -0.1293 -0.2952
vn 0.3861 -0.6031 -0.6980
vn -0.0000 -0.3648 -0.9311
vn 0.4496 -0.3494 -0.8221
vn 0.8375 -0.4817 -0.2580
vn 0.6630 -0.5614 -0.4953
vn 0.7666 -0.2870 -0.5744
vn -0.9359 0.0001 -0.3522
vn -0.9012 -0.0001 -0.4333
vn -0.9829 -0.0001 -0.1839
vn 0.1890 -0.1549 -0.9697
vn -0.1965 -0.1553 -0.9681
vn 0.2016 -0.1609 -0.9662
vn -0.7842 0.1314 -0.6064
vn -0.9565 0.0372 -0.2895
vn -0.7695 0.1977 -0.6073
vn 0.0000 -0.1954 0.9807
vn -0.3554 -0.6813 0.6399
vn -0.4666 -0.1885 0.8641
vn 0.4802 -0.1599 -0.8625
vn 0.3372 -0.7221 -0.6040
vn 0.0000 -0.6217 -0.7832
vn 0.7318 0.4033 -0.5493
vn 0.0000 -0.6218 0.7832
vn -0.5709 -0.6434 -0.5101
vn -0.3158 -0.9118 -0.2625
vn 0.2552 -0.9436 -0.2109
vn -0.6205 -0.7842 -0.0003
vn -0.1197 0.1006 -0.9877
vn -0.1400 -0.1156 -0.9834
vn -0.0872 0.0934 -0.9918
vn 0.0877 0.0726 -0.9935
vn -0.1405 0.1153 -0.9833
vn -0.1405 -0.1153 -0.9833
vn -0.0877 0.0726 -0.9935
vn -0.1351 0.1041 -0.9854
vn -0.2018 0.1609 -0.9661
vn 0.1351 0.1041 -0.9854
vn 0.2016 -0.1608 -0.9662
vn -0.1109 -0.0845 -0.9902
vn -0.9483 -0.1291 0.2900
vn -0.7955 -0.1422 0.5891
vn 0.7902 -0.0103 -0.6127
vn 0.4777 -0.1618 -0.8635
vn 0.7898 -0.1360 -0.5981
vn 0.4731 0.1241 -0.8722
vn -0.0000 0.1295 -0.9916
vn 0.4249 0.4691 -0.7742
vn -0.9210 -0.3895 0.0042
vn -0.8821 -0.3852 0.2712
vn -0.9217 -0.2619 0.2860
vn -0.9556 0.0017 0.2947
vn -0.7954 -0.1422 0.5891
vn 0.7482 -0.6220 0.2308
vn 0.9523 -0.3052 0.0030
vn 0.9419 -0.1590 0.2958
vn -0.9134 0.2897 0.2858
vn -0.8865 0.3722 0.2749
vn 0.9133 -0.2920 -0.2840
vn 0.7573 -0.3177 -0.5706
vn 0.9486 -0.1163 -0.2943
vn 0.9133 -0.2918 0.2840
vn 0.9617 -0.2740 -0.0005
vn 0.9904 -0.1381 0.0008
vn 0.4688 0.2037 0.8595
vn 0.7848 0.1833 0.5921
vn 0.7319 0.4032 0.5494
vn 0.4084 -0.5419 0.7346
vn 0.6297 -0.6211 0.4665
vn 0.3626 -0.6682 0.6496
vn -0.0000 0.6545 -0.7560
vn 0.3750 0.6347 -0.6756
vn 0.7573 -0.3176 -0.5706
vn 0.4496 -0.3495 -0.8220
vn 0.7963 -0.0616 -0.6018
vn -0.3555 -0.6813 -0.6398
vn -0.7836 -0.1728 -0.5967
vn -0.7316 -0.3985 -0.5532
vn -0.8754 -0.3934 -0.2808
vn -0.9208 -0.2696 -0.2819
vn -0.9532 -0.0561 0.2970
vn 0.9702 -0.2422 -0.0000
vn 0.6656 -0.3231 -0.6728
vn 0.4802 -0.1599 -0.8624
vn -0.0009 -1.0000 0.0001
vn -0.8865 0.3723 -0.2748
vn -0.6656 0.7180 0.2036
vn -0.5268 0.7643 0.3718
vn -0.5987 0.7828 0.1695
vn 0.6617 -0.5763 -0.4796
vn 0.9966 -0.0826 -0.0003
vn 0.9134 0.2897 -0.2858
vn 0.9596 0.2813 0.0000
vn 0.3864 -0.6025 0.6984
vn 0.7573 -0.3177 0.5706
vn 0.4496 -0.3494 0.8220
vn 0.6630 -0.5613 0.4953
vn 0.8124 -0.5264 0.2510
vn 0.8793 -0.3934 0.2683
vn -0.6555 0.3620 -0.6628
vn -0.6871 -0.1597 -0.7088
vn -0.9981 0.0612 0.0004
vn 0.6805 0.2046 -0.7036
vn -0.0002 -1.0000 -0.0001
vn 0.0000 -0.8285 -0.5600
vn -0.3868 -0.6009 -0.6995
vn 0.0000 -0.6194 -0.7851
vn 0.4845 -0.0264 -0.8744
vn 0.0005 -0.7418 -0.6706
vn -0.3863 -0.6031 -0.6979
vn 0.0002 -0.6220 -0.7830
vn -0.4689 0.2036 -0.8595
vn -0.7943 0.1227 -0.5951
vn -0.7793 0.2226 -0.5857
vn -0.9902 -0.0000 -0.1400
vn 0.9436 0.3312 0.0022
vn 0.8835 0.3806 -0.2731
vn 0.8244 0.5659 0.0064
vn 0.7221 0.4317 0.5405
vn 0.9420 0.1712 0.2887
vn 0.7816 0.5781 0.2343
vn 0.4799 -0.1600 -0.8626
vn -0.9922 -0.1247 0.0000
vn -0.9483 -0.1292 0.2900
vn -0.9466 -0.1293 0.2953
vn -0.9921 0.1257 -0.0049
vn -0.9134 0.2898 0.2858
vn -0.9596 0.2814 -0.0000
vn -0.6657 0.7180 0.2036
vn -0.7083 0.7059 0.0000
vn -0.1349 -0.1040 -0.9854
vn 0.1351 -0.1041 -0.9854
vn -0.0877 -0.0726 -0.9935
vn -0.0000 -0.0001 -1.0000
vn -0.9532 -0.0560 0.2970
vn -0.9414 0.1674 0.2929
vn -0.8123 -0.5264 0.2510
vn -0.7573 -0.3176 0.5706
vn -0.9133 -0.2918 0.2840
vn -0.3864 -0.6026 -0.6983
vn -0.6290 -0.6223 -0.4660
vn -0.8446 -0.4649 -0.2656
vn -0.7761 -0.5798 -0.2479
vn -0.4731 0.1242 0.8722
vn -0.4249 0.4691 0.7742
vn -0.7893 0.1832 0.5860
vn -0.7988 -0.0291 0.6009
vn -0.0000 0.4871 0.8734
vn 0.3441 0.7076 0.6171
vn 0.0000 0.7257 0.6880
vn 0.4600 -0.2700 0.8459
vn 0.7729 -0.2453 0.5852
vn 0.7918 0.1122 0.6004
vn 0.7417 -0.3877 -0.5474
vn 0.6462 -0.5983 -0.4738
vn 0.6631 -0.5614 -0.4951
vn 0.3864 -0.6026 -0.6983
vn 0.4495 -0.3495 -0.8220
vn -0.7955 -0.1422 -0.5890
vn -0.9469 -0.1391 -0.2897
vn -0.9469 -0.1338 -0.2925
vn -0.0018 -1.0000 -0.0005
vn -0.9563 0.0346 -0.2905
vn -0.7879 0.6157 -0.0094
vn -0.8835 0.3918 -0.2568
vn -0.8619 -0.5071 0.0104
vn -0.9487 -0.0811 0.3055
vn -0.9739 -0.2265 0.0126
vn -0.0001 -0.1954 -0.9807
vn -0.1256 0.9695 -0.2105
vn 0.7318 0.4033 -0.5494
vn 0.8830 -0.3850 -0.2686
vn 0.8866 0.3721 0.2749
vn 0.3824 -0.6204 0.6847
vn 0.3644 -0.8767 0.3141
vn 0.6094 -0.6500 0.4540
vn -0.9419 -0.1593 0.2957
vn -0.9326 0.2000 0.3005
vn -0.2697 0.9598 0.0771
vn -0.2180 0.9642 0.1508
vn -0.9502 0.0001 -0.3116
vn -0.9901 0.0000 -0.1402
vn -0.9929 0.0003 -0.1193
vn -0.6630 -0.5613 -0.4953
vn -0.9133 -0.2919 -0.2840
vn -0.7573 -0.3176 -0.5706
vn -0.9214 0.3887 -0.0000
vn -0.7744 0.5844 0.2425
vn -0.7835 0.6214 -0.0000
vn -0.7211 0.4314 -0.5421
vn -0.9494 0.1028 -0.2968
vn -0.8752 0.4002 -0.2718
vn 0.2847 -0.8146 -0.5053
vn 0.0000 -0.6192 -0.7852
vn 0.0000 0.4869 -0.8734
vn -0.3441 0.7077 -0.6171
vn -0.0000 0.7257 -0.6880
vn 0.6630 -0.5615 -0.4952
vn 0.4495 -0.3496 -0.8220
vn 0.8123 -0.5264 -0.2510
vn -0.9537 -0.1095 -0.2801
vn -0.9905 -0.1375 -0.0055
vn -0.9453 -0.1562 -0.2864
vn -0.9427 0.1665 0.2890
vn -0.8022 -0.0004 0.5970
vn -0.9559 -0.0004 0.2936
vn -0.0000 -0.6954 0.7186
vn 0.9068 0.4216 -0.0008
vn 0.5330 0.7491 0.3935
vn 0.6657 0.7180 0.2036
vn 0.6130 0.7707 0.1738
vn -0.6627 -0.5619 0.4951
vn -0.7404 -0.3796 0.5548
vn -0.6975 -0.4953 0.5178
vn -0.9012 0.0000 -0.4334
vn -0.9711 0.0003 -0.2386
vn -0.8216 0.0001 -0.5700
vn 0.0000 0.8000 -0.6001
vn 0.0001 -0.6953 -0.7187
vn 0.7388 0.6345 0.2271
vn 0.7835 0.6214 -0.0000
vn 0.6920 0.7219 -0.0000
vn 0.7918 0.1121 -0.6004
vn 0.4730 0.1238 -0.8723
vn 0.7213 0.4311 -0.5422
vn 0.8878 -0.3661 0.2788
vn 0.8581 -0.5134 0.0000
vn 0.9592 -0.2827 0.0000
vn 0.8860 -0.3774 0.2694
vn 0.8251 -0.5649 -0.0065
vn 0.7936 -0.5579 0.2428
vn -0.9419 -0.1593 -0.2957
vn -1.0000 0.0069 0.0000
vn -0.7082 0.7060 -0.0000
vn -0.9995 0.0320 0.0000
vn -0.9477 0.1133 0.2983
vn -0.7988 -0.0291 0.6008
vn -0.4769 -0.0686 0.8762
vn -0.0000 -0.0720 0.9974
vn 0.3749 0.6348 0.6757
vn 0.0000 0.6546 -0.7560
vn 0.0000 -0.1952 -0.9808
vn 0.9213 0.3889 -0.0000
vn 0.9495 0.1023 -0.2968
vn 0.8752 0.4001 -0.2718
vn 0.7027 0.4796 -0.5255
vn 0.3464 0.7081 -0.6154
vn 0.5888 0.6916 -0.4184
vn -0.0003 -1.0000 0.0002
vn 0.0010 -1.0000 -0.0018
vn -0.4667 -0.1884 -0.8641
vn -0.4489 0.3394 -0.8266
vn -0.5546 0.7243 -0.4097
vn -0.3208 0.7546 -0.5724
vn 0.3037 0.7841 -0.5412
vn 0.5329 0.7491 -0.3934
vn 0.6096 -0.6497 -0.4541
vn -0.0000 -0.6195 0.7850
vn 0.3868 -0.6009 0.6995
vn 0.4600 -0.2695 0.8460
vn 0.6630 -0.5610 0.4957
vn 0.9300 -0.2254 0.2903
vn 0.7730 -0.2454 0.5851
vn -0.0000 0.8000 -0.6000
vn -0.3037 0.7841 -0.5412
vn -0.2924 0.8000 -0.5240
vn -0.5330 0.7491 -0.3934
vn -0.5921 0.7837 -0.1879
vn -0.5201 0.7624 -0.3851
vn 0.9359 -0.0001 -0.3523
vn 0.8873 -0.0000 -0.4611
vn 0.9529 0.0000 -0.3034
vn 0.9010 0.0003 -0.4338
vn 0.9901 -0.0002 -0.1403
vn 0.9829 -0.0000 -0.1839
vn -0.6631 -0.5613 0.4953
vn -0.3864 -0.6025 0.6983
vn -0.4290 -0.4674 0.7730
vn -0.8962 -0.3536 0.2681
vn -0.7328 -0.4072 0.5452
vn -0.6412 -0.6005 0.4778
vn 0.9133 -0.2919 -0.2840
vn 0.7900 -0.5622 -0.2446
vn -0.9214 0.3886 0.0000
vn -0.7835 0.6215 0.0000
vn -0.9466 -0.1293 -0.2953
vn -0.9183 0.3957 -0.0126
vn -0.8464 0.4677 0.2545
vn -0.5544 0.7244 0.4098
vn -0.7229 0.6580 0.2108
vn -0.4666 -0.1882 0.8642
vn -0.9829 -0.0000 -0.1841
vn 0.0000 -0.6194 0.7851
vn 0.9495 0.1028 0.2966
vn 0.9214 0.3886 -0.0000
vn 0.8752 0.4002 0.2718
vn 0.0008 -1.0000 -0.0003
vn 0.0018 -1.0000 0.0005
vn -0.6278 -0.6219 -0.4681
vn -0.3621 -0.6685 -0.6496
vn -0.8120 -0.5270 -0.2508
vn -0.9329 -0.2227 -0.2831
vn -0.9318 -0.3630 0.0019
vn -0.8917 -0.3547 -0.2813
vn -0.4228 -0.8509 0.3116
vn -0.7915 -0.6112 0.0000
vn -0.7485 -0.6216 0.2309
vn -0.9419 -0.1594 0.2957
vn 0.4489 0.3394 0.8266
vn 0.5544 0.7244 0.4098
vn 0.3209 0.7545 0.5725
vn 0.4250 0.4690 -0.7742
vn 0.3441 0.7076 -0.6171
vn 0.9587 -0.2837 0.0195
vn 0.7810 -0.5725 -0.2495
vn 0.9225 -0.2358 -0.3057
vn 0.0002 -1.0000 0.0000
vn 0.9030 -0.4297 -0.0002
vn 0.4523 -0.8025 -0.3892
vn 0.6881 -0.7256 -0.0001
vn 0.3293 0.9079 -0.2593
vn 0.4388 0.8986 0.0004
vn -0.4204 0.5390 0.7299
vn -0.3464 0.7081 0.6154
vn -0.3245 -0.9163 0.2348
vn -0.5002 -0.7839 0.3679
vn -0.0001 -1.0000 -0.0002
vn 0.0001 -1.0000 -0.0002
vn -0.9512 -0.0893 -0.2954
vn -0.2698 0.9598 -0.0771
vn -0.2860 0.9582 -0.0000
vn -0.8203 -0.5719 0.0074
vn -0.7813 -0.6241 0.0058
vn -0.7529 -0.6151 0.2343
vn -0.7729 -0.2454 -0.5851
vn -0.9494 0.1025 -0.2968
vn -0.7918 0.1122 -0.6004
vn 0.0000 0.7258 -0.6880
vn -0.4114 -0.9030 0.1239
vn -0.4746 -0.8102 0.3440
vn -0.6259 -0.7562 0.1909
vn -0.4731 0.1240 0.8723
vn -0.4249 0.4692 0.7741
vn 0.7836 -0.5725 -0.2411
vn 0.9419 -0.1593 -0.2957
vn 0.8428 -0.4757 0.2520
vn 0.9419 -0.1593 0.2956
vn -0.9299 -0.2256 0.2904
vn -0.7729 -0.2454 0.5852
vn -0.7918 0.1123 0.6004
vn -0.0000 0.4873 0.8733
vn 0.3441 0.7077 0.6170
vn -0.0000 0.7258 0.6879
vn -0.8562 0.4456 -0.2615
vn -0.3080 0.7788 -0.5464
vn -0.5330 0.7491 -0.3935
vn -0.5209 0.7624 -0.3840
vn -0.2847 -0.8146 -0.5053
vn -0.3244 -0.9163 -0.2348
vn -0.6259 -0.7562 -0.1909
vn -0.5002 -0.7838 -0.3680
vn 0.7836 -0.1726 -0.5967
vn 0.2179 0.9642 -0.1508
vn 0.0009 -1.0000 -0.0002
vn 0.0019 -1.0000 -0.0004
vn 0.6628 -0.5619 0.4949
vn 0.8186 -0.5137 0.2571
vn 0.8752 0.4002 -0.2718
vn 0.7027 0.4795 -0.5256
vn 0.7381 0.6346 -0.2290
vn 0.7837 0.6211 -0.0000
vn -0.3780 0.9258 -0.0001
vn -0.2459 0.9519 -0.1830
vn -0.3464 0.7080 -0.6155
vn -0.3868 -0.6007 -0.6996
vn -0.6968 -0.4896 -0.5242
vn -0.4623 -0.2696 -0.8447
vn -0.7318 0.4032 0.5494
vn -0.5329 0.7492 0.3934
vn -0.2972 0.8011 0.5196
vn -0.5201 0.7623 0.3851
vn 0.7963 -0.0617 0.6018
vn 0.7319 0.4031 0.5494
vn 0.4250 0.4690 0.7742
vn -0.1815 -0.9309 0.3169
vn -0.0000 -0.8285 0.5601
vn -0.2847 -0.8146 0.5053
vn 0.9212 0.3890 -0.0000
vn 0.8752 0.4002 -0.2717
vn 0.7389 0.6343 -0.2271
vn 0.9828 0.1847 0.0001
vn 0.9610 0.2765 -0.0004
vn 0.9136 0.4065 -0.0006
vn -0.0001 0.2424 -0.9702
vn -0.0001 0.5067 -0.8621
vn 0.0001 0.3348 -0.9423
vn -0.3037 0.7841 -0.5413
vn -0.2698 0.8600 -0.4331
vn -0.6657 0.7180 -0.2036
vn -0.5329 0.7492 -0.3934
vn 0.7767 -0.2524 -0.5771
vn 0.3868 -0.6009 -0.6995
vn 0.4600 -0.2696 -0.8460
vn 0.4249 0.4690 -0.7743
vn 0.3441 0.7076 -0.6172
vn 0.9494 0.1025 0.2967
vn 0.9300 -0.2255 0.2904
vn 0.9950 0.0994 0.0000
vn 0.7732 -0.2659 0.5757
vn 0.4777 -0.1620 0.8634
vn -0.9034 0.4288 0.0005
vn 0.8821 -0.4712 -0.0000
vn 0.8437 -0.4741 -0.2519
vn 0.7558 -0.3150 -0.5741
vn 0.9079 -0.3188 -0.2722
vn -0.7836 -0.1727 0.5967
vn -0.7915 -0.6112 0.0001
vn -0.3555 -0.6813 0.6399
vn -0.4666 -0.1884 0.8641
vn 1.0000 -0.0000 0.0001
vn -1.0000 -0.0000 -0.0001
vn -0.0000 0.1298 0.9915
vn 0.4731 0.1241 0.8722
vn 0.3441 0.7077 0.6171
vn 0.5971 0.6685 0.4433
vn 0.5288 0.7636 0.3705
vn -0.5442 0.8240 0.1576
vn -0.5329 0.7491 0.3934
vn -0.2924 0.8001 0.5238
vn -0.5205 0.7619 0.3854
vn -0.7588 -0.3263 -0.5637
vn -0.7980 -0.5348 -0.2779
vn -0.7918 0.1119 0.6005
vn -0.9951 0.0990 -0.0000
vn -0.9494 0.1026 0.2967
vn -0.8752 0.4001 0.2718
vn -0.6655 0.7181 -0.2036
vn -0.0000 -0.0006 -1.0000
vn 0.4844 -0.0004 -0.8748
vn 0.9326 0.3610 0.0000
vn -0.7664 -0.2905 -0.5728
vn -0.8548 -0.4519 -0.2552
vn -0.7039 -0.4746 -0.5285
vn -0.8022 -0.0004 -0.5970
vn 0.2305 -0.9601 -0.1584
vn 0.1815 -0.9309 -0.3169
vn 0.3243 -0.9163 -0.2348
vn 0.9612 0.0000 -0.2757
vn 0.9560 0.0024 -0.2933
vn 0.8845 -0.0024 -0.4665
vn -0.8856 -0.0000 -0.4644
vn -0.7357 0.0000 -0.6773
vn -0.8994 0.0006 -0.4370
vn -0.8011 -0.0005 -0.5985
vn -0.9462 -0.0010 -0.3237
vn 0.9802 -0.0040 -0.1981
vn 0.8016 0.0015 -0.5978
vn 0.9000 -0.0018 -0.4360
vn 0.9359 -0.0002 -0.3524
vn 0.9359 0.0000 -0.3522
vn 0.7583 0.0002 -0.6520
vn 0.9358 -0.0000 -0.3524
vn -0.4712 -0.7784 -0.4148
vn 0.4831 -0.7636 -0.4284
vn 0.3161 -0.9161 -0.2467
vn 0.6680 -0.7441 0.0002
vn 0.4777 -0.1620 -0.8634
vn -0.4084 -0.5419 -0.7345
vn 0.6655 0.7181 0.2036
vn 0.9569 0.2904 0.0016
vn 0.9226 0.2595 -0.2855
vn 0.9427 0.1665 -0.2890
vn 0.9559 -0.0004 0.2937
vn 0.9921 -0.1257 0.0033
vn 0.9477 -0.1304 0.2914
vn 0.0000 0.4867 -0.8736
vn 0.4732 0.1242 -0.8722
vn 0.4249 0.4692 -0.7742
vn -0.7423 -0.3798 0.5520
vn -0.7937 -0.1436 0.5911
vn -0.7830 0.0000 -0.6220
vn 0.9552 0.0050 -0.2960
vn -0.4400 -0.4209 0.7932
vn -0.0000 -0.4418 0.8971
vn -0.0000 -0.5649 0.8252
vn 0.4051 -0.5414 0.7367
vn 0.6395 -0.6005 0.4800
vn 0.3627 -0.6676 0.6502
vn 0.7359 -0.0010 -0.6771
vn 0.8014 0.0000 -0.5981
vn 0.9901 0.0000 -0.1401
vn 0.9987 0.0000 -0.0501
vn -0.8917 -0.3545 -0.2813
vn -0.8368 -0.5475 0.0040
vn 0.7805 -0.2299 0.5814
vn 0.7963 -0.0616 0.6018
vn 0.9210 -0.2755 0.2756
vn 0.9923 -0.1242 0.0004
vn -0.5328 0.7492 -0.3934
vn -0.6541 0.7294 -0.2002
vn -0.5204 0.7621 -0.3853
vn -0.0000 0.3514 0.9362
vn 0.4489 0.3393 0.8267
vn 0.7569 0.3126 0.5740
vn 0.5329 0.7492 0.3934
vn 0.6656 0.7180 0.2036
vn 0.7383 0.6308 0.2388
vn -0.9987 0.0000 -0.0501
vn -0.6282 -0.6210 0.4687
vn 0.4084 -0.5420 -0.7345
vn -0.0000 -0.6907 -0.7232
vn 0.3621 -0.6686 -0.6495
vn 0.4651 -0.2764 -0.8410
vn 0.2697 0.9599 -0.0771
vn 0.2180 0.9642 -0.1509
vn 0.7568 0.3127 -0.5740
vn 0.9351 0.1886 -0.3000
vn -0.6297 -0.6211 -0.4666
vn -0.7760 -0.5842 -0.2376
vn -0.8314 -0.4927 0.2572
vn -0.7574 -0.3175 0.5706
vn -0.8940 -0.3445 0.2864
vn -0.9225 -0.2651 0.2805
vn -0.7266 -0.3896 0.5659
vn -0.6962 -0.4907 0.5240
vn -0.9581 -0.0077 0.2864
vn -0.7766 -0.2430 0.5812
vn -0.9539 -0.1216 0.2744
vn 0.0002 -1.0000 -0.0001
vn 0.4122 -0.9027 0.1236
vn 0.4416 -0.8972 0.0000
vn 0.5003 -0.7838 0.3680
vn 0.6260 -0.7561 0.1909
vn 0.6630 -0.5608 0.4958
vn -0.5362 0.7470 0.3929
vn -0.4406 0.4422 0.7812
vn -0.5712 0.7712 0.2810
vn 0.8866 0.3721 -0.2749
vn 0.7319 0.4032 -0.5494
vn -0.1284 -0.9685 0.2136
vn -0.1816 -0.9309 0.3170
vn -0.7499 -0.3584 -0.5561
vn -0.8487 -0.4541 -0.2711
vn -0.6975 -0.4954 -0.5178
vn -0.4400 -0.4208 -0.7933
vn 0.8379 -0.4879 -0.2446
vn 0.7836 -0.1727 -0.5968
vn 0.9419 -0.1594 -0.2957
vn 0.7569 0.3126 -0.5740
vn 0.3209 0.7545 -0.5725
vn 0.5544 0.7243 -0.4099
vn -0.7389 0.6344 -0.2271
vn -0.5971 0.6685 -0.4433
vn -0.4250 0.4693 -0.7741
vn 0.4777 -0.1622 0.8634
vn 0.7732 -0.2660 0.5757
vn 0.4624 -0.2976 0.8352
vn 0.7893 0.1833 0.5861
vn 0.7996 -0.0004 0.6005
vn -0.6545 -0.5779 -0.4876
vn -0.7482 -0.6220 -0.2309
vn -0.6094 -0.6498 -0.4542
vn -0.9318 0.2337 -0.2779
vn 0.8877 -0.3736 -0.2691
vn 0.6281 -0.6180 -0.4728
vn 0.7931 -0.5603 -0.2388
vn 0.8917 -0.4523 -0.0143
vn 0.7957 0.6058 -0.0003
vn 0.8203 0.5719 -0.0003
vn -0.7484 -0.6217 -0.2311
vn -0.6656 0.7180 -0.2036
vn -0.6851 0.7283 -0.0131
vn -0.6144 0.7829 -0.0977
vn 0.0000 0.7999 0.6001
vn 0.3037 0.7841 0.5413
vn 0.2924 0.8001 0.5238
vn 0.3209 0.7546 0.5724
vn 0.7937 -0.1436 0.5912
vn 0.7300 -0.4075 0.5487
vn 0.3245 -0.9163 -0.2348
vn 0.2847 -0.8146 -0.5054
vn 0.5003 -0.7838 -0.3680
vn -0.5236 0.8520 -0.0000
vn -0.5401 0.8416 -0.0002
vn -0.6230 0.7822 0.0000
vn 0.0000 0.8442 -0.5360
vn 0.0000 0.8607 -0.5092
vn 0.0000 0.9120 -0.4101
vn 0.9998 -0.0179 -0.0102
vn 0.9507 -0.1035 -0.2922
vn 0.9502 0.0848 0.2999
vn 0.9883 0.1519 -0.0166
vn 0.4489 0.3393 -0.8267
vn 0.3209 0.7544 -0.5725
vn 0.9134 0.2898 -0.2858
vn 0.5544 0.7244 -0.4098
vn -0.4250 0.4689 -0.7743
vn -0.7893 0.1833 -0.5861
vn 0.4844 -0.0005 0.8749
vn 0.4693 -0.1710 0.8663
vn -0.0000 -0.1715 0.9852
vn 0.1816 -0.9309 -0.3170
vn 0.0000 -0.6193 -0.7852
vn 0.0005 0.8395 -0.5434
vn 0.0000 0.9743 -0.2255
vn 0.0000 0.8598 -0.5106
vn -0.0000 -0.9282 -0.3721
vn -0.0000 -0.6930 -0.7210
vn -0.0002 -0.9235 -0.3835
vn 0.0008 0.9288 -0.3705
vn -0.0002 -1.0000 0.0000
vn -0.0004 -0.9068 -0.4216
vn -0.0000 -0.8396 -0.5433
vn 0.0004 -0.9477 -0.3191
vn 0.6656 0.7180 -0.2036
vn 0.4979 0.8011 -0.3323
vn -0.0000 0.8169 -0.5767
vn 0.3609 0.8001 -0.4792
vn -0.9657 0.2596 -0.0003
vn -0.9427 0.1664 0.2890
vn -0.9870 0.1607 -0.0000
vn -1.0000 -0.0002 -0.0000
vn 0.7914 -0.6113 -0.0000
vn 0.6655 0.7181 -0.2036
vn -0.3864 -0.6025 -0.6983
vn -0.4496 -0.3494 -0.8220
vn 0.7442 -0.3719 0.5548
vn -0.4489 0.3393 -0.8266
vn -0.5544 0.7244 -0.4098
vn 0.4489 0.3394 -0.8266
vn 0.8123 -0.5264 0.2510
vn 0.8034 -0.5954 -0.0000
vn 0.8782 -0.4782 0.0041
vn 0.9592 -0.2828 -0.0000
vn 0.9532 -0.0561 -0.2970
vn 0.3330 -0.7294 0.5976
vn -0.4123 -0.9026 -0.1237
vn -0.7196 -0.6944 0.0000
vn -0.6262 -0.7559 -0.1910
vn -0.4122 -0.9027 0.1236
vn -0.6260 -0.7561 0.1909
vn 0.0000 0.6545 0.7561
vn 0.0000 -0.4418 -0.8971
vn 0.0000 -0.5649 -0.8252
vn 0.6851 0.6976 0.2099
vn 0.4490 0.3392 0.8267
vn 0.5544 0.7243 0.4098
vn 0.9596 0.2812 -0.0000
vn 0.6851 0.6976 -0.2099
vn 0.8768 0.4808 -0.0013
vn -0.9963 -0.0857 0.0062
vn 0.9907 -0.1357 0.0067
vn 0.6631 -0.5609 0.4958
vn 0.8347 -0.4773 0.2748
vn 0.7730 -0.2452 0.5851
vn 0.4689 0.2036 -0.8595
vn 0.0000 -0.3647 -0.9311
vn 0.4688 0.2036 -0.8595
vn 0.3864 -0.6025 -0.6983
vn 0.0000 -0.3648 0.9311
vn -0.0000 0.2136 0.9769
vn -0.4689 0.2036 0.8595
vn -0.0000 -0.3649 0.9311
vn -0.0000 0.7682 0.6402
vn -0.8495 -0.5275 0.0002
vn -0.6679 -0.7443 -0.0001
vn -0.4726 -0.1619 0.8663
vn -0.6830 -0.6966 0.2196
vn -0.8217 -0.5091 -0.2561
vn -0.8770 -0.4805 0.0073
vn -0.7003 -0.7137 -0.0119
vn 0.8022 -0.0003 0.5970
vn 0.6095 -0.6498 0.4542
vn 0.6729 0.7110 0.2043
vn 0.5328 0.7483 0.3953
vn 0.9472 0.1349 -0.2909
vn 0.9516 -0.1016 -0.2900
vn 0.9997 -0.0053 -0.0248
vn 0.8609 0.5088 -0.0049
vn 0.8577 -0.5141 0.0000
vn 0.9300 -0.2254 -0.2903
vn 0.9759 -0.2183 -0.0000
vn 0.9951 0.0990 -0.0000
vn 0.9494 0.1029 0.2967
vn 0.2847 -0.8145 0.5055
vn 0.5002 -0.7838 0.3679
vn 0.6630 -0.5609 0.4957
vn 0.4409 -0.8975 0.0020
vn 0.6262 -0.7560 -0.1909
vn 0.6667 -0.7453 -0.0000
vn -0.8484 -0.4590 -0.2639
vn -0.3555 -0.6812 -0.6400
vn 0.1815 -0.9309 -0.3170
vn 0.0000 -0.8284 -0.5601
vn 0.2846 -0.8146 -0.5053
vn 0.4487 -0.8936 -0.0119
vn 0.4747 -0.8697 -0.1350
vn -0.8751 0.4004 0.2717
vn -0.7389 0.6343 0.2271
vn 0.7211 0.4315 0.5420
vn 0.5972 0.6685 0.4433
vn -0.0000 -0.4419 -0.8971
vn -0.8782 0.3984 0.2645
vn -0.6308 0.6158 0.4721
vn -0.0000 -0.9217 -0.3879
vn -0.0000 -0.7370 -0.6759
vn -0.0000 -0.9048 -0.4259
vn 0.4755 0.8087 0.3464
vn 0.2942 0.7999 0.5231
vn 0.0017 0.7954 0.6060
vn -0.0003 -0.6911 -0.7228
vn -0.0002 0.9218 -0.3877
vn -0.0000 0.8374 -0.5466
vn -0.0001 0.7371 -0.6758
vn -0.2925 0.8000 -0.5238
vn -0.0019 -1.0000 0.0004
vn 0.0010 -1.0000 0.0018
vn -0.9483 -0.1291 0.2898
vn 0.8371 -0.5470 -0.0039
vn -0.5973 0.6684 -0.4433
vn -0.2847 -0.8145 -0.5055
vn -0.2920 -0.9528 -0.0829
vn -0.3128 -0.9498 0.0000
vn -0.4415 -0.8973 0.0000
vn -0.4121 -0.9027 0.1236
vn -0.5002 -0.7838 0.3680
vn -0.6260 -0.7561 0.1908
vn -0.2861 0.9582 0.0000
vn -0.4601 -0.2693 -0.8461
vn -0.4731 0.1240 -0.8722
vn -0.8022 -0.0003 -0.5970
vn -0.9471 0.3208 0.0003
vn -0.9482 -0.1196 -0.2943
vn -0.7225 -0.6914 0.0056
vn -0.9313 -0.2327 0.2803
vn -0.9572 -0.2894 0.0059
vn 0.9901 0.0000 -0.1404
vn 0.9987 0.0000 -0.0502
vn 0.9901 -0.0000 -0.1405
vn 0.4750 0.2062 0.8555
vn -0.4731 0.1238 0.8723
vn -0.4250 0.4689 0.7743
vn 0.7893 0.1833 -0.5860
vn 0.7333 0.3888 -0.5578
vn 0.9573 0.2891 0.0011
vn 0.9239 0.3826 -0.0001
vn -0.4490 0.3392 0.8267
vn 0.9248 -0.2477 0.2889
vn 0.9388 -0.3442 -0.0161
vn 0.6974 -0.4954 0.5178
vn 0.8494 -0.4590 0.2605
vn 0.7761 -0.5842 0.2376
vn 0.7569 0.3125 0.5740
vn -0.2862 0.9582 0.0000
vn -0.6851 0.6975 0.2100
vn -0.7235 -0.6541 -0.2209
vn -0.5763 -0.8173 0.0001
vn -0.6838 -0.6955 0.2205
vn -0.3412 -0.7078 0.6185
vn 0.5363 0.7469 -0.3930
vn 0.5025 0.7856 -0.3611
vn 0.3045 0.7796 -0.5472
vn 0.0048 0.8188 -0.5741
vn 0.2757 0.8353 -0.4758
vn 0.7918 0.1123 -0.6004
vn 0.9300 -0.2254 -0.2904
vn -0.6260 -0.7561 -0.1908
vn -0.6668 -0.7453 0.0000
vn -0.7289 -0.6448 -0.2300
vn 0.6783 0.7053 -0.2062
vn 0.5544 0.7243 -0.4098
vn -0.9781 -0.2083 0.0047
vn 0.9483 -0.1291 -0.2900
vn -0.4489 0.3394 0.8266
vn 0.0000 0.7682 -0.6402
vn 0.0000 0.3515 -0.9362
vn -0.0000 0.3514 -0.9362
vn -0.3209 0.7545 -0.5725
vn 0.0000 0.7683 -0.6401
vn 0.8001 -0.0016 0.5998
vn 0.6959 -0.4952 -0.5201
vn 0.7322 -0.6431 -0.2244
vn 0.6631 -0.5613 -0.4953
vn 0.8124 -0.5264 -0.2510
vn -0.0000 -0.6195 -0.7850
vn -0.0000 -0.2812 -0.9596
vn -0.7569 0.3127 -0.5740
vn -0.8730 0.4158 -0.2547
vn -0.6850 0.6977 -0.2099
vn -0.7117 -0.4396 -0.5479
vn 0.1257 0.9695 0.2104
vn 0.2180 0.9642 0.1509
vn 0.1608 0.9813 -0.1062
vn 0.4204 0.9074 0.0001
vn 0.3209 0.9137 -0.2492
vn -0.1605 0.9813 -0.1058
vn 0.6851 0.6975 -0.2100
vn -0.0000 0.1297 0.9916
vn -0.7382 0.6345 0.2291
vn -0.5888 0.6916 0.4184
vn 0.3081 0.7788 0.5464
vn 0.3555 -0.6811 0.6400
vn 0.7699 -0.2680 -0.5791
vn 0.7962 -0.0617 -0.6018
vn 0.4124 -0.9026 -0.1236
vn 0.5002 -0.7838 -0.3680
vn -0.6379 0.6010 -0.4816
vn -0.5887 0.6916 -0.4184
vn -0.4249 0.4691 -0.7742
vn 0.9556 -0.0310 -0.2929
vn 0.3257 -0.9164 0.2327
vn 0.5900 -0.7877 0.1771
vn 0.5004 -0.7837 0.3681
vn -0.9325 0.3611 0.0000
vn -0.9341 -0.3569 0.0004
vn -0.9686 -0.2485 0.0007
vn -0.6259 -0.7562 0.1908
vn -0.8224 -0.5181 0.2350
vn -0.8348 -0.4821 -0.2660
vn 0.5972 0.6684 0.4433
vn 0.6535 0.7329 0.1893
vn 0.5289 0.7635 0.3705
vn -0.9133 -0.2920 -0.2840
vn -0.4020 -0.5518 0.7307
vn -0.3461 -0.7008 0.6238
vn 0.9985 -0.0541 0.0000
vn 0.6667 -0.7454 0.0000
vn 0.6258 -0.7563 -0.1908
vn 0.8424 -0.4770 -0.2508
vn 0.2429 0.9700 0.0002
vn 0.2024 0.9684 -0.1459
vn -0.3244 -0.9163 -0.2347
vn -0.5001 -0.7839 -0.3679
vn 0.9134 0.2899 0.2858
vn 0.6852 0.6975 0.2099
vn 0.4084 -0.5419 0.7345
vn -0.8390 -0.4839 0.2490
vn -0.0000 0.0002 -1.0000
vn 0.7423 -0.3797 -0.5521
vn 0.4399 -0.4209 -0.7933
vn 0.4084 -0.5419 -0.7346
vn -0.5329 0.7491 0.3935
vn -0.0010 -0.4336 -0.9011
vn -0.0008 -0.4003 -0.9164
vn 0.0005 -0.6665 -0.7455
vn 0.0014 0.3114 -0.9503
vn -0.0002 0.3331 -0.9429
vn 0.0010 0.4334 -0.9012
vn -0.8995 0.3372 0.2778
vn 0.0000 0.3331 -0.9429
vn -0.0005 0.6661 -0.7459
vn -0.0000 0.3333 -0.9428
vn -0.2969 0.8010 0.5198
vn -0.6853 0.6973 0.2099
vn -0.9921 0.1247 0.0126
vn -1.0000 -0.0004 0.0000
vn -0.7880 0.6155 -0.0109
vn 0.3037 0.7841 -0.5413
vn -0.0000 0.8170 -0.5767
vn 0.0000 -0.1951 -0.9808
vn -0.3037 0.7841 0.5413
vn -0.0000 0.8170 0.5767
vn 0.5719 0.8202 -0.0125
vn -0.8951 -0.4458 -0.0000
vn -0.7761 -0.5842 0.2376
vn -0.8215 -0.5702 -0.0000
vn -0.0005 0.6934 -0.7205
vn 0.0000 0.6930 -0.7210
vn -0.0002 -0.1979 -0.9802
vn 0.0007 -0.3336 -0.9427
vn -0.0005 -0.4967 -0.8679
vn -0.0001 -0.1674 -0.9859
vn 0.0005 -0.3339 -0.9426
vn 0.0001 -0.4015 -0.9159
vn -0.0015 -0.3116 -0.9502
vn -0.9757 0.2192 -0.0001
vn -0.9659 0.2589 0.0000
vn -0.8984 0.4391 -0.0000
vn 0.3037 0.7840 0.5413
vn 0.9267 -0.2490 0.2815
vn 0.7836 -0.1727 0.5968
vn 0.5144 0.7649 0.3877
vn 0.7038 -0.4850 -0.5190
vn 0.4623 -0.2696 -0.8447
vn 0.7989 0.0269 -0.6008
vn 0.3243 -0.9164 -0.2347
vn 0.5014 -0.7839 -0.3662
vn -0.9769 0.2136 0.0001
vn 0.1622 -0.9709 -0.1760
vn -0.1160 -0.9883 -0.0988
vn 0.4007 -0.9162 -0.0000
vn -0.7240 -0.6535 0.2209
vn -0.8007 -0.0566 -0.5964
vn -0.9526 -0.0621 -0.2978
vn -0.7603 0.0730 -0.6454
vn -0.4740 -0.1605 -0.8658
vn -0.2353 -0.8773 -0.4183
vn -0.7963 -0.0617 -0.6018
vn -0.4769 -0.0686 -0.8763
vn 0.4413 -0.8974 0.0021
vn 0.3845 -0.9162 0.1126
vn 0.7914 -0.1306 0.5972
vn 0.4769 -0.0686 0.8763
vn 0.6975 -0.4955 -0.5177
vn 0.9427 0.1665 0.2890
vn 0.9870 0.1608 0.0000
vn 1.0000 -0.0003 0.0000
vn -0.2623 0.0000 -0.9650
vn -0.3732 0.0000 -0.9278
vn -0.3731 0.0000 -0.9278
vn 0.9134 0.2897 0.2858
vn 0.0018 0.7987 -0.6018
vn -0.8125 -0.5269 -0.2497
vn -0.9585 -0.2851 0.0015
vn 0.6302 -0.7518 -0.1941
vn 0.6063 -0.2776 0.7452
vn 0.6540 0.7295 0.2002
vn -0.4084 -0.5419 0.7346
vn -0.3621 -0.6685 0.6496
vn -0.8021 -0.5465 0.2407
vn 0.7568 0.3126 0.5740
vn -0.4085 -0.5419 0.7345
vn -0.0000 -0.6907 0.7232
vn -0.3622 -0.6685 0.6496
vn -0.8125 -0.5268 -0.2496
vn 0.7211 0.4316 0.5420
vn 0.4844 -0.0004 0.8749
vn -0.9532 -0.0562 -0.2970
vn -0.7633 -0.3110 -0.5663
vn -0.0008 0.1060 -0.9944
vn -0.0001 0.3320 -0.9433
vn -0.0006 0.1966 -0.9805
vn 0.5899 -0.7878 0.1771
vn 0.8120 -0.5269 0.2511
vn 0.9211 -0.3893 0.0040
vn -0.0001 -0.3320 -0.9433
vn 0.0008 -0.3107 -0.9505
vn 0.0005 -0.4315 -0.9021
vn -0.0001 0.1974 -0.9803
vn -0.0000 0.4948 -0.8690
vn -0.0000 0.4947 -0.8691
vn -0.6630 -0.5610 0.4957
vn -0.8166 -0.5167 -0.2574
vn -0.8578 -0.5140 0.0000
vn -0.9759 -0.2181 0.0000
vn -0.4414 -0.8973 0.0000
vn -0.0000 -0.2098 -0.9777
vn -0.0003 0.6642 -0.7475
vn 0.0003 0.4949 -0.8689
vn 0.2997 -0.9302 0.2121
vn 0.2923 -0.9527 0.0828
vn 0.4109 -0.9029 0.1260
vn 0.8119 -0.5270 0.2511
vn 0.3839 -0.0005 -0.9234
vn 0.3743 0.0001 -0.9273
vn 0.4903 -0.0004 -0.8716
vn 0.3842 -0.0005 -0.9233
vn 0.4627 -0.0003 -0.8865
vn 0.4904 -0.0004 -0.8715
vn -0.2550 -0.9486 -0.1875
vn -0.9474 -0.1365 0.2896
vn -0.9470 -0.1327 0.2924
vn 0.7918 0.1123 0.6004
vn -0.6260 -0.7561 -0.1909
vn -0.4126 -0.9027 -0.1216
vn -0.6270 -0.7790 -0.0000
vn 0.7390 0.6343 -0.2272
vn -0.9450 -0.3269 0.0135
vn -0.3441 0.7076 -0.6171
vn 0.4400 -0.4209 -0.7933
vn 0.3812 -0.5524 -0.7413
vn 0.3587 -0.6636 -0.6565
vn -0.3749 0.6347 -0.6757
vn 0.2280 -0.9595 -0.1652
vn 0.4177 -0.8379 -0.3515
vn 0.6314 -0.7755 0.0003
vn -0.3580 -0.8888 -0.2860
vn -0.0000 -1.0000 0.0001
vn 0.0002 -1.0000 -0.0051
vn -0.0000 -1.0000 -0.0001
vn 0.0002 -1.0000 -0.0052
vn 0.6631 -0.5609 -0.4957
vn 0.9325 0.3611 0.0000
vn -0.9319 0.2208 -0.2876
vn -0.7647 0.3149 -0.5622
vn -0.7955 -0.1422 -0.5891
vn -0.9921 -0.1257 0.0033
vn -0.9743 -0.2251 -0.0007
vn -0.8924 -0.4512 -0.0075
vn -0.4769 -0.0687 0.8763
vn -0.7962 -0.0616 0.6018
vn 0.0000 -0.9373 -0.3487
vn -0.1816 -0.9309 -0.3169
vn -0.1283 -0.9685 -0.2132
vn -0.2998 -0.9301 0.2122
vn -0.1842 -0.9312 0.3145
vn -0.2847 -0.8147 0.5053
vn -0.5692 -0.6185 -0.5417
vn -0.7452 -0.6669 0.0005
vn -0.6290 -0.6222 -0.4660
vn 0.5764 -0.8172 -0.0000
vn 0.6664 -0.7171 -0.2040
vn 0.5221 -0.8381 0.1581
vn 0.9494 0.1026 -0.2967
vn 0.0001 -0.1716 -0.9852
vn 0.9414 0.1673 -0.2930
vn 0.9299 -0.2257 -0.2904
vn 0.9759 -0.2182 0.0000
vn 0.9585 -0.2850 0.0000
vn 0.2631 0.0000 -0.9648
vn 0.3744 0.0000 -0.9273
vn -0.6892 0.7246 -0.0000
vn -0.5950 0.7853 -0.1709
vn -0.9520 -0.3060 0.0005
vn 0.6290 -0.6222 -0.4660
vn 0.4400 -0.4209 -0.7932
vn 0.0000 -0.4419 -0.8970
vn -0.0000 -0.5649 -0.8251
vn 0.8746 0.4849 -0.0001
vn 0.5324 0.6884 -0.4927
vn 0.6963 0.7177 0.0002
vn 0.3868 -0.6010 0.6995
vn -0.0000 -0.9722 0.2341
vn 0.1283 -0.9685 0.2134
vn 0.1816 -0.9309 0.3170
vn 0.9483 -0.1291 -0.2898
vn 0.0002 -1.0000 -0.0006
vn -0.0010 -1.0000 -0.0018
vn 0.4802 -0.1599 0.8625
vn -0.9482 -0.1372 -0.2866
vn -0.9910 -0.1338 -0.0000
vn -0.7690 -0.6393 0.0000
vn 0.7375 0.0001 -0.6753
vn 0.7582 0.0000 -0.6521
vn -0.6881 0.2497 -0.6813
vn 0.6467 0.3902 -0.6554
vn -0.4663 -0.3049 0.8304
vn -0.7308 -0.6482 -0.2140
vn -0.5762 -0.8173 0.0001
vn 0.9329 -0.2228 -0.2831
vn 0.0001 -0.9373 -0.3486
vn 0.1282 -0.9685 -0.2133
vn 0.0000 -0.9722 -0.2341
vn 0.1815 -0.9309 0.3169
vn 0.7354 -0.4012 -0.5461
vn -0.9184 0.3956 -0.0127
vn -0.7423 -0.3798 -0.5520
vn -0.6974 -0.4955 -0.5178
vn -0.7836 -0.1729 0.5968
vn 0.6852 0.6975 -0.2099
vn -0.7573 -0.3128 -0.5732
vn -0.7836 -0.1726 0.5968
vn -0.4490 0.3393 0.8266
vn 0.4489 0.3393 -0.8266
vn 0.0000 -0.2809 -0.9597
vn -0.3209 0.9137 -0.2492
vn -0.4203 0.9074 0.0001
vn 0.3988 -0.9171 0.0002
vn -0.9134 0.2898 -0.2858
vn -0.9985 -0.0542 0.0000
vn -0.9488 -0.1169 -0.2936
vn 0.8009 -0.0352 -0.5978
vn -0.5767 -0.8170 -0.0000
vn -0.8124 -0.5264 0.2510
vn -0.9105 -0.2817 0.3028
vn -0.8580 -0.5136 -0.0002
vn -0.4750 0.2062 -0.8555
vn -0.0019 -1.0000 -0.0004
vn -0.0018 -1.0000 0.0005
vn -0.7580 -0.0000 -0.6523
vn -0.3743 0.0000 -0.9273
vn 0.9483 -0.1291 -0.2899
vn -0.0000 0.7683 0.6401
vn -0.9428 0.1664 0.2890
vn 0.5971 0.6685 -0.4433
vn 0.5289 0.7636 -0.3705
vn 0.4489 0.3393 0.8266
vn -0.0000 0.3515 0.9362
vn -0.4360 -0.4204 -0.7957
vn -1.0000 0.0000 0.0003
vn -0.4905 -0.0004 -0.8715
vn -0.2195 -0.0000 -0.9756
vn -0.3841 -0.0005 -0.9233
vn -0.9612 0.0000 -0.2757
vn -0.9896 0.0000 -0.1440
vn 0.7770 -0.6294 0.0000
vn 0.7388 0.6346 0.2271
vn 0.3045 0.8009 0.5156
vn -0.6850 0.6976 0.2099
vn -0.4749 0.2062 -0.8555
vn -1.0000 0.0000 0.0001
vn 0.0000 0.9848 -0.1738
vn 0.0000 0.9980 -0.0635
vn 0.0000 -0.9848 -0.1737
vn -0.0008 -0.9283 -0.3719
vn -0.0000 -0.9293 -0.3694
vn -0.9921 -0.1257 0.0000
vn -0.7729 -0.5899 -0.2339
vn -0.6626 -0.5621 -0.4950
vn -0.0000 0.9848 -0.1739
vn 0.0000 0.9065 -0.4221
vn -0.0000 0.9065 -0.4222
vn -0.0000 0.9293 -0.3694
vn -0.0000 -0.9886 -0.1506
vn -0.0009 -0.9887 -0.1499
vn 0.0002 -1.0000 -0.0053
vn -0.4049 -0.9144 -0.0007
vn -0.0000 -0.9373 0.3486
vn 0.4714 -0.1603 0.8672
vn 0.7323 -0.6430 0.2244
vn 0.9041 0.3240 0.2785
vn 0.6534 0.7329 -0.1894
vn -0.4130 -0.9107 0.0000
vn 0.8606 -0.5092 -0.0109
vn 0.9462 -0.1306 0.2960
vn 0.7347 0.4127 0.5384
vn 0.3624 -0.6676 -0.6503
vn 0.0061 -0.4412 0.8974
vn -0.3067 0.7822 0.5423
vn -0.0022 0.6038 0.7971
vn 0.4253 0.4961 -0.7569
vn 0.0000 -0.1775 -0.9841
vn 0.4842 -0.1673 -0.8588
vn 0.7617 0.3109 -0.5684
vn 0.9274 -0.2423 -0.2851
vn 0.7423 -0.3798 -0.5520
vn 0.8850 -0.3748 -0.2763
vn -0.4253 0.4960 0.7570
vn 0.0036 0.6014 0.7990
vn -0.4849 -0.1669 0.8585
vn -0.7184 0.4537 0.5273
vn -0.9993 0.0365 0.0001
vn -1.0000 0.0001 -0.0001
vn -0.3045 0.7796 0.5473
vn 0.0021 0.8170 0.5766
vn -0.2865 0.8339 -0.4717
vn 0.4874 0.7950 0.3611
vn -0.5895 -0.6795 -0.4368
vn -0.8124 -0.5264 -0.2510
vn -0.3371 -0.7222 -0.6040
vn 0.5208 0.7625 0.3839
vn 0.4041 0.5796 0.7076
vn -0.9300 -0.2251 -0.2904
vn -0.7918 0.1120 -0.6004
vn 0.5894 -0.6795 0.4368
vn 0.3371 -0.7222 0.6040
vn -0.7322 -0.6430 0.2245
vn -0.7832 -0.5762 -0.2335
vn 0.8945 -0.3430 0.2868
vn -0.9414 0.1673 0.2930
vn -0.7110 0.0094 -0.7032
vn 0.6461 0.5923 0.4814
vn 0.6028 0.7979 0.0006
vn 0.5363 0.8440 -0.0000
vn 0.5234 0.8521 0.0008
vn 0.7771 -0.6294 0.0000
vn 0.8582 -0.5133 -0.0000
vn 0.7549 -0.6106 0.2394
vn 0.6290 -0.6223 -0.4660
vn 0.7847 0.1834 0.5921
vn 0.4689 0.2037 0.8595
vn -0.8405 -0.4760 -0.2588
vn 0.7420 0.3915 -0.5442
vn -0.6851 0.6975 -0.2099
vn -0.7265 0.6872 -0.0000
vn 0.6050 -0.5418 -0.5835
vn -0.6050 -0.5421 -0.5832
vn -0.6614 -0.3716 -0.6515
vn -0.9591 -0.2832 0.0002
vn 0.7102 -0.4692 0.5249
vn -0.7265 0.6871 0.0000
vn 0.3464 0.7080 -0.6155
vn 0.5888 0.6915 -0.4184
vn 0.6606 -0.7506 -0.0124
vn -0.5970 0.6687 -0.4432
vn -0.3464 0.7080 0.6154
vn -0.5887 0.6916 0.4184
vn 0.6799 -0.5053 -0.5314
vn 0.0007 -0.2104 -0.9776
vn 0.4400 -0.4210 -0.7932
vn 0.7376 0.0002 -0.6752
vn 0.0000 -0.9373 0.3485
vn 0.1815 -0.9309 0.3170
vn 0.2847 -0.8147 0.5053
vn 0.7834 0.6216 0.0000
vn 0.0004 0.9218 -0.3877
vn -0.0002 0.9706 -0.2408
vn 0.0005 0.9834 -0.1814
vn -0.0010 0.4336 -0.9011
vn 0.0004 0.2294 -0.9733
vn -0.0014 0.3116 -0.9502
vn -0.0000 -0.8579 -0.5138
vn -0.0000 -0.9705 -0.2410
vn -0.0000 -0.8580 -0.5137
vn 0.0000 0.9422 -0.3349
vn 0.0000 0.9834 -0.1812
vn -0.0001 0.8577 -0.5141
vn 0.3832 0.0000 -0.9237
vn 0.4883 0.0000 -0.8727
vn -0.3747 -0.0003 -0.9272
vn -0.6366 -0.0000 -0.7712
vn -0.4367 -0.0000 -0.8996
vn -0.2631 -0.0000 -0.9648
vn -0.3746 -0.0000 -0.9272
vn -0.4922 -0.0028 -0.8705
vn -0.3452 -0.0001 -0.9385
vn -0.3824 -0.0036 -0.9240
vn -0.4621 -0.2699 0.8448
vn -0.8000 0.0265 0.5994
vn 0.5718 -0.6350 -0.5195
vn 0.6774 -0.3449 -0.6497
vn 0.9779 -0.2093 0.0000
vn 0.0010 0.6143 -0.7890
vn 0.0126 0.5092 -0.8605
vn -0.3864 -0.6129 -0.6892
vn 0.0159 -0.1670 -0.9858
vn 0.4578 0.3440 -0.8198
vn -0.3337 -0.7270 -0.6000
vn -0.0000 -0.7493 -0.6623
vn 0.0000 0.1898 -0.9818
vn -0.4734 -0.1585 -0.8665
vn 0.0000 -0.1768 -0.9842
vn 0.4847 -0.1676 -0.8585
vn -0.0000 -0.1769 -0.9842
vn -0.3342 -0.7270 -0.5998
vn -0.0000 -0.7492 -0.6623
vn 0.4847 -0.1676 -0.8584
vn -0.9363 -0.2172 0.2759
vn -0.7729 -0.2454 0.5851
vn 0.9901 0.1404 0.0000
vn 0.9482 -0.1376 -0.2864
vn 0.9903 -0.1388 -0.0095
vn 0.9583 -0.0187 0.2853
vn -0.7377 -0.0002 -0.6752
vn -0.0258 0.1705 0.9850
vn 0.3926 -0.6178 0.6813
vn -0.0248 0.1899 0.9815
vn -0.4792 0.1795 0.8592
vn -0.0001 0.1978 -0.9803
vn -0.9300 -0.2256 -0.2903
vn 0.7729 -0.2455 0.5851
vn 0.0000 0.1298 -0.9915
vn 0.8865 0.3722 0.2748
vn -0.4601 -0.2695 -0.8460
vn -0.7918 0.1123 -0.6004
vn -0.4660 0.8848 -0.0001
vn -0.6393 0.7690 -0.0002
vn -0.2567 0.9436 -0.2092
vn -0.8486 -0.4550 0.2700
vn -0.5972 0.6685 0.4433
vn -0.7732 -0.2659 -0.5757
vn -0.9274 -0.2423 -0.2851
vn -0.8960 -0.3484 -0.2752
vn 0.4319 0.0036 -0.9019
vn 0.3732 0.0000 -0.9278
vn -0.9482 -0.1371 0.2866
vn -0.5854 -0.6854 0.4330
vn 0.7724 -0.2998 0.5599
vn 0.6340 -0.7494 0.1907
vn 0.5028 -0.7796 0.3733
vn 0.4724 -0.1765 0.8635
vn -0.9083 0.3171 0.2727
vn -0.7743 -0.2927 0.5611
vn -0.8778 -0.3996 0.2643
vn -0.9910 -0.1337 -0.0004
vn 0.5857 -0.6851 -0.4332
vn 0.8966 -0.3368 -0.2874
vn 0.7724 -0.6351 -0.0074
vn 0.3044 0.8009 -0.5156
vn 0.5288 0.7637 -0.3704
vn -0.5678 -0.0000 -0.8232
vn -0.4601 -0.2695 0.8460
vn -0.0000 -0.2808 0.9598
vn 0.9482 -0.1373 -0.2866
vn 0.6558 -0.5807 -0.4824
vn 0.7258 -0.6513 -0.2214
vn 0.8008 -0.5455 0.2474
vn 0.7896 0.1461 0.5960
vn 0.8278 0.5012 -0.2520
vn -0.6851 0.6976 -0.2099
vn -0.4802 -0.1599 -0.8624
vn -0.6524 0.7577 -0.0159
vn 0.4247 -0.9053 0.0008
vn 0.9213 -0.2742 -0.2756
vn 0.6181 -0.7592 -0.2038
vn 0.8755 -0.4832 -0.0089
vn 0.7350 0.6781 -0.0016
vn -0.9714 -0.2374 0.0005
vn -0.9124 -0.2991 0.2794
vn -0.9582 -0.2861 -0.0006
vn -0.9294 -0.2254 -0.2922
vn -0.7959 0.0307 -0.6047
vn -0.7039 -0.4849 0.5191
vn -0.7740 -0.2454 -0.5837
vn -0.3067 0.7822 0.5424
vn 0.9993 -0.0380 0.0000
vn 0.9214 -0.2741 -0.2755
vn 0.8434 -0.5373 0.0004
vn 0.9480 -0.1375 0.2870
vn -0.7768 -0.5831 -0.2377
vn -0.7618 -0.6478 0.0040
vn 0.0000 -0.0721 -0.9974
vn 0.9731 -0.2304 0.0009
vn 0.9198 -0.2684 0.2862
vn 0.4769 -0.0687 0.8762
vn -0.0000 -0.0721 0.9974
vn -0.4496 -0.3495 0.8220
vn 0.0000 -0.0720 -0.9974
vn -0.0000 -0.0722 -0.9974
vn 0.7184 0.4536 0.5274
vn 0.9013 0.3403 0.2681
vn 0.7909 -0.1573 0.5914
vn -0.7893 -0.1427 0.5972
vn -0.9444 0.1453 -0.2949
vn -0.9914 0.1301 -0.0152
vn -0.9918 -0.1274 -0.0091
vn 0.9599 0.2799 -0.0175
vn 0.0007 -0.2101 -0.9777
vn 0.0010 -0.1770 0.9842
vn -0.0001 -0.7490 0.6626
vn -0.3837 -0.6182 0.6860
vn -0.0009 -0.1768 0.9843
vn -0.0000 -0.7493 0.6623
vn 0.4848 -0.1676 0.8584
vn -0.0000 -0.1776 0.9841
vn -0.4254 0.4957 0.7572
vn 0.8017 -0.5489 0.2364
vn 0.9722 -0.2341 0.0000
vn -0.7134 -0.6672 -0.2142
vn -0.8581 -0.5135 0.0000
vn 0.9903 -0.1385 -0.0095
vn 0.0822 -0.0591 -0.9949
vn -0.0823 -0.0591 -0.9948
vn -0.1081 0.0770 -0.9912
vn -0.0000 -0.2812 0.9597
vn -0.4520 0.1648 -0.8767
vn -0.6629 -0.5740 -0.4808
vn 0.7211 0.4315 0.5421
vn -0.4850 -0.1671 0.8584
vn -0.0000 -0.7493 0.6622
vn -0.3332 -0.7289 0.5980
vn -0.7930 -0.1569 0.5887
vn 0.4104 0.4522 -0.7919
vn 0.7982 -0.1492 -0.5836
vn -0.7746 -0.2923 -0.5608
vn -0.7262 -0.6510 -0.2211
vn -0.4976 -0.7840 -0.3711
vn -0.4255 0.4957 -0.7571
vn -0.4848 -0.1676 -0.8584
vn 0.0000 0.5177 -0.8556
vn -0.7985 -0.1501 0.5830
vn -0.4692 0.1799 0.8646
vn -0.7779 0.1490 0.6105
vn 0.4769 -0.0686 -0.8763
vn 0.3799 -0.6150 -0.6909
vn 0.7715 0.3149 -0.5529
vn -0.3326 -0.7292 0.5980
vn -0.4974 -0.7841 0.3711
vn -0.6527 -0.7287 0.2074
vn 0.9504 0.3112 0.0000
vn 0.9131 0.4078 0.0004
vn 0.3334 -0.7289 -0.5980
vn 0.7982 -0.1498 -0.5835
vn -0.9532 -0.0561 -0.2970
vn -0.9414 0.1674 -0.2929
vn -0.7964 0.0281 -0.6041
vn 0.7258 -0.6514 0.2210
vn 0.7749 -0.2927 0.5602
vn -0.7695 0.3117 -0.5574
vn -0.6620 -0.5712 -0.4852
vn -0.4843 -0.1672 -0.8588
vn 0.4627 0.3487 0.8151
vn -0.7847 0.1834 -0.5921
vn -0.4689 0.2037 -0.8595
vn -0.4655 0.3389 -0.8176
vn 0.4253 0.4961 0.7570
vn 0.0000 0.5181 0.8553
vn 0.4769 -0.0687 -0.8763
vn 0.7963 -0.0615 -0.6018
vn -0.4769 -0.0686 0.8763
vn -0.9403 -0.2072 -0.2700
vn -0.4733 -0.0178 -0.8807
vn -0.4688 0.2037 -0.8595
vn 0.7962 -0.0616 -0.6018
vn -0.9476 -0.1343 0.2897
vn 0.1405 0.1153 -0.9833
vn 0.0877 -0.0726 -0.9935
vn 0.8315 0.5555 0.0066
vn 0.6628 0.7488 0.0069
vn 0.4914 -0.1579 0.8565
vn 0.7891 -0.1497 0.5958
vn 0.4689 0.2036 0.8595
vn 0.0822 0.0591 -0.9949
vn -0.0822 0.0591 -0.9949
vn 0.1346 -0.1049 -0.9853
vn -0.5155 0.8569 -0.0006
vn -0.7321 0.6811 -0.0053
vn -0.0916 0.0713 -0.9932
vn 0.7847 0.1833 0.5921
vn -0.1915 0.1497 -0.9700
vn 0.1349 0.1041 -0.9854
vn 0.7867 0.1609 0.5960
vn 0.8865 0.3722 0.2749
vn -0.3868 -0.6008 -0.6996
vn -0.7923 -0.0995 -0.6020
vn -0.9737 0.2279 -0.0000
vn -0.9610 -0.0174 0.2761
vn -0.3441 0.7077 0.6171
vn -0.5287 0.7637 0.3704
vn -0.6883 0.6925 0.2160
vn -0.9534 0.0785 -0.2912
vn -0.9262 0.3771 -0.0000
vn 0.3868 -0.6007 -0.6996
vn -0.3868 -0.6008 0.6996
vn -0.4601 -0.2694 0.8460
vn -0.6630 -0.5609 0.4958
vn 0.4600 -0.2697 0.8460
vn -0.9907 0.1362 0.0002
vn 0.0001 0.1844 -0.9828
vn -0.9399 0.1864 -0.2860
vn 0.4749 0.2063 0.8555
vn 0.0001 0.2184 0.9759
vn 0.4721 0.1561 -0.8676
vn -0.0000 0.1641 -0.9864
vn 0.4750 0.2062 -0.8555
vn 0.7896 0.1410 -0.5971
vn -0.0000 -0.9722 0.2342
vn -0.8017 -0.1408 -0.5809
vn -0.9483 -0.1377 -0.2861
vn -0.1890 -0.1549 -0.9697
vn -0.1408 0.1154 -0.9833
vn -0.9382 0.1797 0.2959
vn -0.7896 0.1410 0.5971
vn -0.9092 0.3079 0.2803
vn -0.9921 0.1254 -0.0002
vn 0.1886 0.1548 -0.9698
vn -0.7833 0.1609 0.6005
vn -0.9577 0.0381 0.2854
vn -0.7937 0.1529 0.5887
vn -0.9482 -0.1375 0.2865
vn -0.9118 0.4106 -0.0000
vn -0.5382 -0.8267 -0.1640
vn -0.7914 -0.6113 0.0000
vn -0.9467 0.1287 0.2952
vn 0.6884 0.4939 -0.5312
vn 0.8677 0.4218 -0.2631
vn -0.0649 -0.0692 -0.9955
vn 0.0649 -0.0692 -0.9955
vn 0.9744 -0.2249 -0.0016
vn 0.9605 -0.2783 -0.0030
vn 0.9274 -0.2422 0.2851
vn -0.9737 -0.2275 -0.0135
vn 0.8124 -0.5270 0.2496
vn -0.6631 -0.5608 -0.4958
vn 0.7942 -0.1695 0.5835
vn 0.9285 -0.2420 0.2816
vn 0.0004 -0.3999 -0.9166
vn 0.0008 -0.3109 -0.9504
vn 0.7897 0.1409 -0.5971
vn 0.4721 0.1565 -0.8676
vn 0.7893 0.1832 -0.5861
vn 0.9467 0.1290 -0.2951
vn 0.0823 0.0591 -0.9948
vn -0.6350 0.0000 -0.7725
vn -0.9318 -0.2228 -0.2866
vn -0.9722 -0.2341 0.0000
vn 0.7319 -0.6433 0.2248
vn 0.6627 -0.5620 0.4950
vn 0.7761 -0.5840 0.2379
vn 0.9214 0.3887 0.0003
vn 0.9566 0.2913 -0.0001
vn -0.0000 0.4999 -0.8661
vn -0.0001 0.7832 -0.6217
vn -0.4609 0.7930 -0.3983
vn -0.6165 0.5724 -0.5406
vn -0.8812 0.4728 -0.0001
vn 0.3257 -0.9165 0.2325
vn -0.8131 0.5280 0.2451
vn -0.8588 0.4400 0.2624
vn 0.0827 -0.0585 -0.9949
vn 0.6532 0.7331 -0.1893
vn -0.7052 0.7090 -0.0000
vn -0.5713 0.8038 0.1659
vn -0.2698 0.9598 0.0771
vn -0.7937 -0.1438 -0.5911
vn 0.2700 0.9598 0.0772
vn 0.7322 -0.6430 -0.2245
vn -0.4121 -0.9027 -0.1236
vn 0.4121 -0.9027 -0.1236
vn -0.5571 0.6505 -0.5162
vn -0.8766 0.4813 0.0003
vn -1.0000 0.0002 0.0000
vn -0.6542 0.7293 0.2003
vn 0.6770 0.7233 -0.1363
vn -0.4596 -0.3197 0.8286
vn -0.3371 -0.7221 -0.6041
vn -0.5895 -0.6794 0.4368
vn 0.5203 0.7622 -0.3852
vn 0.5987 0.7962 -0.0867
vn -0.7963 -0.0616 -0.6018
vn 0.2623 0.0001 -0.9650
vn 0.1899 0.0008 -0.9818
vn -0.7522 -0.6169 -0.2317
vn 0.7847 0.1833 -0.5921
vn 0.0000 1.0000 0.0001
vn -0.4912 0.7551 -0.4343
vn 0.6194 0.7651 -0.1756
vn -0.2458 -0.8769 0.4131
vn 0.6971 0.7169 -0.0009
vn 0.6097 0.7740 0.1707
vn 0.3331 -0.7292 -0.5977
vn 0.5381 -0.8268 0.1640
vn 0.7235 -0.6903 0.0000
vn 0.5836 -0.6877 0.4318
vn -0.2352 -0.8773 0.4183
vn -0.6473 0.7386 0.1883
vn 0.5379 -0.8269 -0.1641
vn 0.5763 -0.8173 0.0000
vn -0.8988 -0.3547 -0.2575
vn 0.5764 -0.8171 0.0000
vn 0.5756 -0.7969 -0.1834
vn 0.5464 -0.8224 0.1587
vn 0.3268 -0.7245 0.6069
vn 0.2350 -0.8773 -0.4184
vn 0.0002 -0.7492 -0.6623
vn -0.0000 -0.8895 0.4570
vn -0.5762 -0.8173 -0.0000
vn 0.3331 -0.7292 -0.5978
vn -0.9665 -0.2566 0.0001
vn 0.5761 -0.8174 0.0000
vn 0.6839 -0.6954 -0.2206
vn -0.9033 -0.3182 -0.2877
vn -0.8426 -0.4759 0.2519
vn 0.7667 -0.5966 -0.2370
vn -0.6137 -0.7686 -0.1806
vn -0.4232 -0.8508 -0.3115
vn 0.3372 -0.7221 0.6040
vn 0.5899 -0.6793 -0.4366
vn 0.5894 -0.6796 -0.4368
vn -0.7770 -0.6295 0.0000
vn -0.5381 -0.8268 -0.1641
vn 0.8214 -0.5703 0.0000
vn 0.7321 -0.6430 0.2248
vn 0.9467 0.1288 0.2951
vn 0.7897 0.1410 0.5971
vn 0.0000 -0.9722 -0.2342
vn -0.0000 -0.9373 -0.3485
vn 0.1284 -0.9685 -0.2135
vn 0.9543 -0.2990 0.0002
vn 0.6745 -0.2952 -0.6767
vn -0.9555 0.0000 -0.2951
vn -0.9886 0.1503 -0.0000
vn -0.9467 0.1286 0.2952
vn 0.4818 0.0003 0.8763
vn 0.7897 0.1410 0.5970
vn 0.4720 0.1568 0.8675
vn 0.0000 0.0004 1.0000
vn 0.9492 -0.1235 0.2895
vn 0.9555 0.0005 -0.2951
vn -0.9467 0.1287 -0.2952
vn -0.8005 0.0000 -0.5993
vn 0.0935 0.0514 -0.9943
vn -0.4721 0.1565 0.8676
vn -0.4750 0.2063 0.8555
vn -0.7897 0.1410 0.5971
vn -0.4818 0.0000 0.8763
vn 0.0000 0.1643 0.9864
vn -0.4721 0.1566 0.8675
vn -0.8005 0.0002 0.5993
vn 0.4721 0.1564 -0.8676
vn -0.0000 0.1640 -0.9865
vn 0.7897 0.1410 -0.5971
vn -0.0649 0.0692 -0.9955
vn 0.0649 0.0692 -0.9955
vn 0.9467 0.1289 -0.2953
vn 0.9964 0.0851 0.0000
vn 0.0001 -1.0000 0.0001
vn 0.0001 -1.0000 -0.0000
vn 0.3245 -0.9163 0.2348
vn -0.4884 0.7941 0.3617
vn 0.7129 0.4180 0.5631
vn 0.8531 0.4498 0.2643
vn 0.7803 0.6254 0.0007
vn -0.9491 0.1160 -0.2928
vn -0.9869 0.1616 -0.0000
vn -0.9302 0.2229 -0.2916
vn -0.0000 -0.2809 0.9597
vn 0.0000 -0.2807 -0.9598
vn -0.4730 0.1240 -0.8723
vn -0.0000 -0.2810 0.9597
vn 0.4731 0.1240 0.8722
vn -0.4601 -0.2696 0.8460
vn -0.4731 0.1240 -0.8723
vn 0.4601 -0.2696 -0.8460
vn -0.0000 0.1296 0.9916
vn 0.9941 0.1081 0.0013
vn -0.9359 0.0000 -0.3523
vn -0.4819 0.0003 0.8763
vn 0.0000 0.1639 0.9865
vn -0.4721 0.1567 0.8675
vn -0.8004 0.0000 0.5994
vn 0.4818 0.0004 0.8763
vn 0.7897 0.1411 0.5971
vn 0.4721 0.1567 0.8675
vn 0.0001 0.0000 1.0000
vn -0.0000 -0.9722 0.2340
vn -0.0000 0.7393 -0.6733
vn 1.0000 -0.0000 -0.0003
vn -0.6963 0.7177 0.0002
vn 0.4819 0.0000 -0.8762
vn 0.8005 0.0000 -0.5994
vn 0.9477 0.1303 -0.2913
vn -0.0001 0.2185 0.9758
vn -0.4721 0.1564 0.8676
vn -0.4721 0.1565 -0.8675
vn 0.1285 -0.9684 -0.2136
vn -0.7917 0.1124 0.6004
vn 0.0000 0.1641 0.9864
vn -0.0001 0.0001 -1.0000
vn -0.4720 0.1568 -0.8675
vn 0.4720 0.1567 0.8675
vn -0.0000 0.2184 0.9759
vn -0.4721 0.1566 -0.8675
vn 0.0001 0.0004 -1.0000
vn -0.4722 0.1564 -0.8675
vn -0.0001 0.1640 -0.9865
vn 0.4818 0.0000 -0.8763
vn -0.4818 0.0005 -0.8763
vn -0.7897 0.1410 -0.5971
vn 0.9468 0.1286 -0.2952
vn 0.9923 0.1242 0.0000
vn -0.8005 0.0000 0.5994
vn -0.4750 0.2063 -0.8555
vn 0.7893 0.1832 0.5860
vn -0.7897 0.1411 -0.5971
vn -0.4749 0.2063 -0.8555
vn -0.0159 -0.9999 -0.0009
vn -0.0033 -1.0000 -0.0044
vn 0.0000 -1.0000 -0.0053
vn 0.8005 0.0005 -0.5993
vn 0.9554 0.0000 -0.2952
vn -0.8005 0.0003 -0.5994
vn -0.9467 0.1289 -0.2952
vn -0.4819 0.0000 -0.8762
vn -0.0010 0.8387 -0.5445
vn 0.7728 -0.2635 0.5774
vn -0.9467 0.1291 -0.2952
vn 0.8032 0.0000 -0.5957
vn -0.0192 -0.9998 0.0000
vn 0.8033 -0.0001 -0.5956
vn -0.4624 -0.2975 -0.8352
vn 0.0000 -0.3141 -0.9494
vn 0.9554 0.0003 0.2952
vn 0.9922 0.1244 -0.0000
vn 0.9467 0.1290 0.2952
vn 0.8005 0.0000 0.5994
vn -0.7896 0.1411 0.5971
vn -0.7893 0.1832 0.5861
vn -0.9368 0.1908 0.2933
vn 0.9555 0.0000 -0.2951
vn 0.7801 0.2258 0.5835
vn 0.7964 0.1228 0.5922
vn 0.7591 -0.3208 0.5665
vn 0.4400 -0.4209 0.7932
vn 0.0000 -0.3141 0.9494
vn 0.9274 -0.2423 0.2851
vn -0.6035 -0.7467 -0.2797
vn 0.9439 -0.1227 0.3067
vn 0.9772 -0.2125 -0.0020
vn 0.4624 -0.2976 -0.8352
vn 0.7732 -0.2659 -0.5757
vn -0.0000 -0.3140 0.9494
vn 0.4463 -0.2887 0.8470
vn -0.6534 0.7329 -0.1894
vn -0.6921 0.7218 0.0000
vn -0.6534 0.7329 0.1894
vn -0.4624 -0.2976 0.8352
vn -0.4463 -0.2886 -0.8471
vn -0.8688 0.4053 -0.2844
vn 0.7845 -0.2134 -0.5823
vn 0.9385 -0.1909 -0.2876
vn -0.4625 -0.2975 0.8352
vn -0.9554 0.0000 0.2952
vn -0.7897 0.1413 0.5970
vn 0.4578 -0.2973 -0.8379
vn -0.9431 -0.1544 0.2944
vn -0.7710 -0.2657 0.5787
vn 0.0001 -0.3140 -0.9494
vn -0.4625 -0.2976 -0.8352
vn -0.6533 0.7330 0.1893
vn -0.6919 0.7220 -0.0000
vn -0.0000 -0.3140 -0.9494
vn 0.9468 0.1286 0.2951
vn 0.8120 -0.5268 0.2512
vn 0.4627 -0.2974 -0.8352
vn 0.8774 0.3975 -0.2687
vn 0.6532 0.7332 0.1893
vn -0.1281 -0.9686 0.2132
vn -0.0007 -0.9958 -0.0917
vn -0.0000 -0.9834 -0.1815
vn 0.3045 0.8008 0.5157
vn -0.8672 0.4094 -0.2834
vn 0.9274 -0.2424 -0.2850
vn -0.6919 0.7219 0.0000
vn -0.6533 0.7331 -0.1893
vn 0.6630 -0.5610 -0.4957
vn 0.7729 -0.2456 -0.5851
vn 0.9093 -0.3133 -0.2739
vn -0.6532 0.7331 -0.1893
vn -0.7773 -0.2456 0.5792
vn -0.0001 -1.0000 0.0002
vn 0.9509 -0.0892 -0.2964
vn 0.9966 -0.0826 0.0009
vn -0.6097 0.7926 -0.0006
vn 0.7596 -0.2931 -0.5806
vn 0.9497 -0.0995 -0.2968
vn 0.9539 -0.0155 0.2996
vn 0.7937 -0.1437 0.5912
vn -0.9781 -0.2082 0.0052
vn -0.3868 -0.6009 0.6996
vn -0.6630 -0.5609 0.4957
vn 0.7963 -0.0716 -0.6006
vn -0.7822 0.2175 -0.5839
vn -0.9972 -0.0031 -0.0745
vn -0.9808 -0.0005 -0.1949
vn -0.9358 0.2042 -0.2872
vn -0.7952 -0.0684 -0.6025
vn 0.9294 -0.0007 -0.3690
vn 0.9896 0.0000 -0.1440
vn -0.7942 -0.0689 -0.6038
vn -0.6914 -0.7225 0.0013
vn 0.4601 -0.2694 0.8460
vn -0.2018 -0.1609 -0.9661
vn -0.0003 -0.9819 -0.1893
vn 0.6542 0.7294 -0.2003
vn 0.5743 0.8186 0.0013
vn 0.6531 0.7333 0.1892
vn 0.5287 0.7637 0.3704
vn -0.1844 0.1501 -0.9713
vn -0.7729 -0.2455 0.5851
vn 0.5895 -0.6795 -0.4368
vn -0.7322 -0.6430 -0.2248
vn 0.8920 -0.3462 0.2907
vn -0.5052 0.7326 -0.4561
vn -0.9554 0.0005 -0.2953
vn 0.9904 -0.1380 0.0012
vn 0.9997 -0.0260 0.0003
vn -0.0000 0.8188 0.5741
vn -0.3045 0.8008 0.5158
vn -0.9989 -0.0000 -0.0475
vn -0.9976 -0.0001 -0.0686
vn 0.0000 0.8188 -0.5741
vn 0.3045 0.8008 -0.5157
vn 0.9494 0.1029 -0.2967
vn -0.9300 -0.2367 0.2813
vn 0.9219 -0.2623 -0.2851
vn 0.3044 0.8010 -0.5155
vn -0.9554 0.0003 -0.2952
vn -0.9910 0.1338 -0.0006
vn -0.9248 -0.2498 0.2868
vn 0.5893 -0.6794 0.4373
vn 0.7820 -0.2281 -0.5800
vn 0.9987 0.0000 -0.0505
vn -0.1503 0.9837 -0.0986
vn 0.1009 0.9927 -0.0657
vn -0.2432 0.9700 -0.0003
vn 0.7914 -0.1293 0.5975
vn 0.1737 -0.9770 -0.1239
vn 0.9384 -0.3457 -0.0001
vn 0.7761 -0.5841 -0.2376
vn 0.5585 -0.6449 -0.5218
vn 0.9106 -0.4133 0.0050
vn 0.6345 -0.7475 0.1966
vn 0.0005 -1.0000 -0.0001
vn 0.3374 -0.7223 0.6037
vn -0.7346 0.6784 0.0119
vn -0.7618 0.6477 -0.0100
vn -0.7183 -0.6610 0.2169
vn 0.4115 -0.8248 0.3878
vn -0.0000 0.6815 -0.7318
vn 0.0001 0.5845 -0.8114
vn 0.0001 0.7371 -0.6758
vn -0.7486 -0.6630 0.0036
vn 0.5895 -0.6795 -0.4367
vn -0.9554 0.0000 -0.2952
vn -0.9922 0.1245 0.0000
vn 0.6535 0.7329 -0.1894
vn 0.9555 0.0000 0.2951
vn -0.1605 -0.9813 -0.1058
vn -0.4205 -0.9073 0.0001
vn 0.9941 0.1088 -0.0002
vn -0.8783 0.4781 0.0001
vn 0.8662 0.4996 0.0105
vn 0.8005 0.0000 0.5993
vn 0.4819 0.0000 0.8762
vn 0.7322 -0.6430 0.2245
vn -0.8005 0.0000 0.5993
vn -0.7936 -0.1438 -0.5911
vn -0.2519 -0.9678 0.0000
vn 0.2519 0.9678 -0.0000
vn -0.6719 0.7133 -0.1992
vn -0.7736 0.6337 -0.0000
vn -0.7738 0.6334 -0.0000
vn -0.2925 -0.9527 0.0829
vn -0.3989 -0.9170 -0.0001
vn -0.2926 -0.9526 -0.0829
vn -0.2305 -0.9601 -0.1584
vn -0.4120 -0.9028 -0.1235
vn -0.9065 0.3212 0.2742
vn 0.2304 -0.9601 0.1583
vn 0.1284 -0.9684 0.2136
vn -0.7812 0.5932 -0.1947
vn 0.8744 -0.4852 0.0000
vn 0.3846 -0.9162 0.1126
vn -0.0000 -0.7123 -0.7019
vn -0.0003 -0.6642 -0.7475
vn 0.2253 -0.9743 0.0000
vn 0.7918 0.1121 0.6004
vn 0.9864 0.1643 0.0020
vn -0.8005 0.0000 -0.5994
vn -0.9496 0.1088 -0.2940
vn -0.7340 0.6460 -0.2097
vn 0.7703 -0.2737 -0.5760
vn 0.4721 0.1566 0.8675
vn 0.2924 -0.9527 -0.0828
vn 0.6375 0.7705 0.0000
vn -0.4254 0.4958 -0.7571
vn 0.0000 0.5180 -0.8554
vn 0.3363 0.7278 -0.5977
vn -0.0651 -0.0694 -0.9955
vn -0.0878 -0.0728 -0.9935
vn 0.0009 -0.9887 -0.1499
vn 0.9999 -0.0124 0.0002
vn -0.0623 -0.9958 -0.0678
vn -0.6153 0.5211 -0.5915
vn -0.9811 0.1936 0.0001
vn 0.6290 -0.6222 0.4660
vn -0.8032 0.0001 -0.5957
vn 0.0671 0.0622 -0.9958
vn -0.7851 -0.0000 -0.6193
vn 0.7330 0.6456 -0.2143
vn 0.7742 0.6329 -0.0000
vn -0.0003 -0.7392 -0.6735
vn -0.0003 -0.9957 -0.0925
vn -0.9495 0.1167 -0.2913
vn -0.0000 0.7121 -0.7021
vn -0.0000 -0.8394 -0.5435
vn -0.4450 0.3864 0.8079
vn 0.9551 -0.0002 -0.2963
vn 0.9972 -0.0031 -0.0749
vn -0.9413 -0.3375 -0.0000
vn -0.7030 -0.7112 0.0005
vn -0.7588 -0.6061 0.2384
vn -0.7167 0.4439 -0.5379
vn 0.7334 0.6379 -0.2348
vn 0.5718 0.7123 -0.4070
vn 0.7166 0.6975 -0.0000
vn -0.8859 0.0000 -0.4639
vn -0.9611 0.2762 -0.0000
vn -0.9870 0.1608 0.0000
vn 0.6814 -0.5507 -0.4821
vn -0.7246 0.6579 0.2054
vn -0.7450 0.6671 -0.0000
vn -0.6630 -0.5610 -0.4957
vn -0.7504 0.6176 0.2355
vn -0.9504 0.3112 0.0000
vn 0.9258 0.2478 -0.2854
vn -0.0000 0.9835 -0.1812
vn 0.5615 0.8275 -0.0007
vn 0.6462 0.7631 -0.0000
vn 0.6465 0.7629 -0.0000
vn 0.9929 -0.1182 0.0157
vn -0.3045 0.8009 -0.5156
vn 0.0000 0.8186 0.5743
vn 0.3043 0.8011 0.5155
vn -0.0000 0.8189 0.5739
vn -0.3045 0.8009 0.5156
vn 0.0000 0.2186 -0.9758
vn 0.4749 0.2062 -0.8555
vn 0.6316 0.0029 -0.7753
vn -0.6630 -0.5610 -0.4958
vn -0.0000 0.2184 -0.9759
vn 0.0000 0.2185 0.9758
vn -0.4750 0.2061 0.8555
vn -0.8120 -0.5268 0.2512
vn 0.0000 1.0000 0.0003
vn 0.8450 0.5348 -0.0000
vn 0.7266 0.6546 -0.2084
vn -0.5451 0.7310 -0.4106
vn -0.7698 0.5964 -0.2275
vn -0.5216 0.7713 -0.3648
vn -0.0000 -0.1061 -0.9944
vn -0.0004 -0.1673 -0.9859
vn -0.7326 0.6460 -0.2142
vn -0.5985 0.6805 -0.4227
vn -0.9428 0.1664 -0.2890
vn -0.4750 0.2064 0.8554
vn -0.7772 0.5785 -0.2475
vn -0.7729 0.6345 -0.0000
vn -0.7747 0.6324 -0.0000
vn 0.8736 0.4864 0.0177
vn 0.7418 -0.3721 0.5579
vn -0.2846 -0.8147 -0.5052
vn 0.7729 -0.2454 -0.5851
vn 0.8120 -0.5269 -0.2511
vn -0.5643 0.7082 0.4243
vn -0.5706 0.7158 0.4025
vn -0.7521 0.6212 0.2201
vn 0.8676 0.4220 -0.2630
vn 0.7741 0.6331 -0.0025
vn -0.9439 0.0488 0.3266
vn -0.9951 0.0992 0.0000
vn 0.1338 -0.0001 -0.9910
vn 0.1903 -0.0001 -0.9817
vn -0.0570 -0.0401 -0.9976
vn -0.6647 0.7203 -0.1985
vn -0.7166 0.6975 0.0000
vn -0.7329 0.6458 0.2142
vn 0.9279 0.0034 -0.3728
vn 0.9988 -0.0044 -0.0497
vn 0.9895 0.0000 -0.1443
vn 0.6531 0.7332 -0.1893
vn -0.9895 0.0000 -0.1443
vn -0.5785 0.6962 0.4250
vn 0.0827 -0.0586 -0.9948
vn 0.5832 -0.6817 0.4417
vn -0.0567 -0.0406 -0.9976
vn -0.0002 0.8958 -0.4445
vn -0.1769 0.9653 -0.1922
vn -0.6532 0.7331 0.1893
vn -0.0000 0.2104 -0.9776
vn -0.2624 0.0000 -0.9650
vn 0.4731 0.1239 -0.8723
vn -0.0000 0.1058 -0.9944
vn 0.5405 0.7290 -0.4200
vn 0.5984 0.6806 -0.4227
vn 0.9987 0.0000 -0.0500
vn 0.5541 0.7209 0.4164
vn 0.6545 0.6473 0.3906
vn 0.6459 0.7393 -0.1903
vn 0.5854 0.6799 -0.4416
vn -0.0919 -0.9940 -0.0595
vn -0.2370 -0.9715 0.0002
vn -0.5288 0.7637 -0.3704
vn 0.3485 0.7242 0.5950
vn -0.0000 0.7453 0.6667
vn -0.3486 0.7240 0.5952
vn -0.5986 0.6804 0.4228
vn -0.5790 0.7958 0.1771
vn 0.5607 0.8281 -0.0007
vn -0.1908 -0.0000 -0.9816
vn -0.2631 -0.0003 -0.9648
vn 0.0000 0.7142 -0.6999
vn -0.0000 0.2107 -0.9776
vn 0.0002 -0.1665 -0.9860
vn -0.0000 -0.1052 -0.9945
vn -0.0000 0.7454 -0.6666
vn -0.8344 0.4822 -0.2670
vn -0.9458 0.3247 -0.0024
vn -0.8102 -0.5284 0.2536
vn 0.5269 0.8499 0.0017
vn 0.8057 0.5395 0.2445
vn 0.5350 0.7398 0.4080
vn -0.5287 0.7638 0.3703
vn -0.7680 -0.2787 -0.5766
vn -0.9487 -0.1196 0.2927
vn 0.0982 -0.9931 -0.0635
vn -0.3986 -0.5661 0.7216
vn 0.9170 -0.2919 0.2719
vn 0.9941 0.1087 -0.0005
vn -0.2921 -0.9528 0.0827
vn -0.3127 -0.9498 0.0000
vn 0.6055 0.6537 0.4539
vn 0.7587 0.6073 0.2357
vn -0.0000 0.1055 -0.9944
vn -0.3044 0.8010 0.5155
vn 0.5987 0.6804 0.4228
vn -0.6923 0.6916 0.2059
vn -0.3044 0.8010 -0.5155
vn -0.1340 -0.0000 -0.9910
vn -0.4819 0.0000 0.8762
vn 0.9412 0.1034 0.3217
vn 0.7180 0.6958 0.0167
vn 0.6961 0.6830 0.2210
vn 0.6555 0.7230 0.2182
vn -0.5287 0.7637 -0.3704
vn 0.2635 -0.0000 -0.9647
vn 0.7324 -0.6386 -0.2363
vn 0.2305 -0.9601 -0.1583
vn 0.2923 -0.9527 -0.0829
vn -0.9023 0.3323 0.2745
vn -0.9795 0.2007 0.0151
vn 0.0001 0.1061 -0.9944
vn -0.5975 0.6771 -0.4296
vn 0.9701 0.2426 -0.0001
vn 0.8494 -0.5277 0.0002
vn -0.9547 0.1444 0.2601
vn -0.8685 0.4176 -0.2672
vn 0.7423 -0.3799 -0.5520
vn -0.4602 0.3958 0.7947
vn 0.7031 -0.7110 0.0111
vn -0.7692 -0.6390 -0.0000
vn -0.2924 -0.9527 -0.0828
vn -0.4360 -0.4790 0.7619
vn -0.0066 -0.5018 0.8649
vn -0.4118 -0.4816 0.7736
vn -0.7274 -0.4362 0.5297
vn -0.8732 -0.4873 0.0000
vn -0.0000 0.2098 -0.9778
vn 0.6531 0.7332 0.1892
vn 0.2305 -0.9601 0.1583
vn 0.1284 -0.9685 0.2136
vn 0.5430 0.6856 -0.4849
vn 0.2304 -0.9601 -0.1583
vn -0.2306 -0.9601 -0.1584
vn -0.1281 -0.9686 -0.2132
vn -0.2920 -0.9528 0.0827
vn 0.9638 0.2666 0.0007
vn 0.3126 -0.9499 0.0000
vn -0.2305 -0.9601 0.1583
vn -0.1281 -0.9686 -0.2131
vn -0.2305 -0.9601 -0.1583
vn -0.1283 -0.9685 -0.2134
vn -0.9987 -0.0001 -0.0502
vn -0.9997 -0.0000 -0.0226
vn 0.6873 0.6895 -0.2283
vn -0.4285 -0.8422 -0.3272
vn 0.4692 0.1801 -0.8645
vn 0.7868 0.1607 -0.5960
vn -0.2572 0.8048 -0.5349
vn -0.0000 -0.9979 -0.0641
vn -0.1283 -0.9685 0.2132
vn -0.2304 -0.9601 -0.1583
vn -0.7205 0.6535 0.2319
vn 0.0000 0.9958 -0.0911
vn 0.1283 -0.9685 0.2135
vn -0.2304 -0.9601 0.1583
vn -0.6672 0.7074 -0.2331
vn -0.7565 0.6540 -0.0000
vn -0.9528 0.1165 0.2805
vn -0.7693 -0.6389 -0.0000
vn -0.2922 -0.9528 -0.0828
vn 0.9445 0.1448 -0.2949
vn -0.9951 0.0993 0.0000
vn -0.4514 0.8276 -0.3336
vn -0.6164 0.7701 -0.1640
vn 0.3127 -0.9499 0.0000
vn -0.6204 0.6083 0.4951
vn -0.8545 0.4390 0.2777
vn 0.3654 0.7210 -0.5888
vn 0.9053 0.4248 -0.0015
vn -0.5998 -0.7810 -0.1738
vn 0.8342 0.4825 -0.2669
vn -0.1339 0.0000 -0.9910
vn -0.9973 -0.0730 -0.0000
vn -0.9607 -0.2776 -0.0005
vn -0.9902 -0.1393 0.0095
vn -0.8233 -0.5085 0.2520
vn 0.8070 0.0000 -0.5905
vn -0.7110 0.0121 -0.7031
vn 0.2926 -0.9526 0.0829
vn -0.7113 -0.4390 0.5489
vn -0.8194 -0.4101 0.4006
vn 0.7830 0.0000 -0.6220
vn -0.5944 0.8041 -0.0015
vn 0.9413 -0.3375 0.0000
vn 0.2372 -0.9715 0.0002
vn 0.9364 0.1980 0.2896
vn 0.6664 0.7144 -0.2133
vn -0.7020 0.4717 0.5336
vn -0.5727 0.6879 0.4459
vn -0.6641 0.7142 0.2210
vn 0.8539 0.5204 0.0000
vn 0.8320 0.4819 0.2749
vn 0.7800 0.6257 -0.0012
vn 0.8046 0.5201 -0.2865
vn 0.6763 0.5115 -0.5301
vn -0.6150 0.7879 0.0317
vn -0.6856 0.6980 -0.2068
vn -0.0670 -0.0624 -0.9958
vn -0.0935 -0.0515 -0.9943
vn -0.6682 0.7440 0.0008
vn 0.5413 0.7313 -0.4149
vn 0.7024 0.6794 -0.2125
vn -0.7102 -0.6695 -0.2177
vn 0.2289 -0.4887 0.8419
vn -0.0000 -0.5020 0.8649
vn 0.2923 -0.9527 -0.0828
vn -0.9532 -0.0624 0.2958
vn -0.0000 -0.9958 -0.0911
vn -0.0000 -0.9958 -0.0912
vn 0.0919 -0.9940 -0.0595
vn 0.6641 0.7476 0.0006
vn -0.5288 0.7636 -0.3705
vn -0.9997 0.0240 -0.0001
vn -0.7834 0.2653 0.5621
vn -0.0001 -0.1060 -0.9944
vn -0.8286 0.5599 -0.0001
vn 0.1331 0.0000 -0.9911
vn -0.0001 -0.1061 -0.9944
vn -0.9941 0.1087 -0.0000
vn 0.6286 -0.7777 0.0000
vn -0.9988 -0.0000 -0.0500
vn -0.0019 0.5861 0.8103
vn -0.0281 0.1413 -0.9896
vn 0.0087 0.5889 0.8082
vn -0.2440 0.3651 0.8984
vn -0.9551 0.0017 -0.2963
vn 0.6780 0.7066 -0.2024
vn 0.9385 0.3445 0.0230
vn -0.0567 0.0406 -0.9976
vn -0.2519 0.9678 -0.0000
vn 0.9588 -0.2840 0.0073
vn 0.9977 0.0680 0.0000
vn -0.0000 0.0929 -0.9957
vn -0.7337 0.6424 -0.2214
vn 0.5361 -0.8319 0.1432
vn 0.9965 -0.0831 0.0000
vn -0.9350 0.1921 0.2980
vn 0.3996 0.9167 0.0000
usemtl solid_wire.002
s 1
f 1/1/1 2/2/1 3/3/1
f 4/4/2 5/5/2 6/6/2
f 7/7/3 8/8/3 9/9/3
f 10/10/4 11/11/4 12/12/4
f 13/13/1 14/14/1 15/15/1
f 16/16/2 17/17/2 18/18/2
f 19/19/1 20/20/1 21/21/1
f 22/22/2 23/23/2 24/24/2
f 25/25/2 6/6/2 26/26/2
f 2/2/1 1/1/1 27/27/1
f 28/28/5 29/29/5 30/30/5
f 31/31/6 32/32/6 33/33/6
f 33/33/6 34/34/6 31/31/6
f 30/30/5 35/35/5 28/28/5
f 36/36/1 37/37/1 38/38/1
f 39/39/2 40/40/2 41/41/2
f 42/42/1 36/36/1 38/38/1
f 40/40/2 39/39/2 43/43/2
f 44/44/1 14/14/1 13/13/1
f 45/45/2 26/26/2 46/46/2
f 47/47/1 48/48/1 49/49/1
f 46/46/2 5/5/2 4/4/2
f 50/50/4 51/51/4 52/52/4
f 53/53/3 54/54/3 55/55/3
f 56/56/2 57/57/2 58/58/2
f 59/59/1 60/60/1 61/61/1
f 62/62/1 15/15/1 48/48/1
f 63/63/2 64/64/2 65/65/2
f 25/25/2 26/26/2 45/45/2
f 13/13/1 15/15/1 62/62/1
f 56/56/2 58/58/2 66/66/2
f 60/60/1 59/59/1 67/67/1
f 68/68/2 69/69/2 70/70/2
f 71/71/1 72/72/1 73/73/1
f 68/68/2 70/70/2 74/74/2
f 72/72/1 71/71/1 75/75/1
f 23/23/2 22/22/2 76/76/2
f 77/77/7 78/78/8 79/79/9
f 80/80/10 81/81/11 82/82/12
f 83/83/9 84/84/13 85/85/14
f 86/86/15 87/87/16 88/88/17
f 20/20/1 89/89/1 21/21/1
f 90/90/2 91/91/2 92/92/2
f 93/93/18 94/94/19 95/95/20
f 96/96/21 97/97/22 98/98/23
f 99/99/4 100/100/24 101/101/4
f 17/17/2 16/16/2 102/102/2
f 103/103/25 104/104/26 105/105/27
f 106/106/28 107/107/29 108/108/30
f 109/109/31 110/110/32 111/111/33
f 112/112/34 113/113/35 114/114/36
f 115/115/36 86/116/15 88/117/17
f 116/118/37 117/119/38 118/120/39
f 119/121/40 120/122/41 121/123/42
f 122/124/43 123/125/44 124/126/45
f 125/127/2 126/128/2 127/129/2
f 128/130/1 129/131/1 130/132/1
f 130/132/1 131/133/1 128/130/1
f 127/129/2 132/134/2 125/127/2
f 133/135/46 134/136/47 135/137/48
f 136/138/49 137/139/50 138/140/51
f 139/141/52 140/142/53 141/143/54
f 142/144/55 143/145/56 144/146/23
f 145/147/57 146/148/58 147/149/59
f 148/150/60 149/151/61 150/152/62
f 151/153/63 152/154/37 153/155/64
f 154/156/65 155/157/66 156/158/67
f 157/159/68 158/160/69 159/161/67
f 160/162/70 161/163/71 162/164/72
f 163/165/73 112/112/34 164/166/74
f 165/167/75 166/168/21 167/169/23
f 168/170/76 169/171/77 170/172/78
f 171/173/79 172/174/80 173/175/81
f 174/176/82 175/177/64 176/178/83
f 177/179/84 178/180/67 179/181/85
f 180/182/1 20/20/1 19/19/1
f 66/66/2 58/58/2 181/183/2
f 21/21/1 89/89/1 182/184/1
f 183/185/2 57/57/2 56/56/2
f 38/38/1 37/37/1 184/186/1
f 185/187/2 69/69/2 68/68/2
f 186/188/1 36/36/1 42/42/1
f 74/74/2 70/70/2 187/189/2
f 188/190/55 189/191/56 190/192/86
f 191/193/87 192/194/26 193/195/88
f 4/4/2 6/6/2 25/25/2
f 62/62/1 48/48/1 47/47/1
f 194/196/28 195/197/89 196/198/90
f 197/199/91 198/200/82 199/201/72
f 200/202/92 201/203/93 202/204/5
f 203/205/46 204/206/94 205/207/48
f 206/208/3 207/209/3 208/210/3
f 209/211/6 208/212/6 210/213/6
f 211/214/5 212/215/5 213/216/5
f 214/217/5 211/218/5 213/219/5
f 210/220/4 215/221/4 216/222/4
f 210/213/6 217/223/6 209/211/6
f 218/224/5 212/215/5 219/225/5
f 218/224/5 213/216/5 212/215/5
f 220/226/95 221/227/96 222/228/5
f 223/229/97 224/230/98 225/231/99
f 226/232/100 227/233/101 228/234/102
f 229/235/103 230/236/104 231/237/105
f 232/238/49 109/239/31 111/240/33
f 233/241/106 234/242/107 235/243/108
f 236/244/28 237/245/89 238/246/30
f 239/247/109 240/248/110 241/249/61
f 242/250/1 243/251/1 244/252/1
f 245/253/2 246/254/2 247/255/2
f 248/256/1 249/257/1 250/258/1
f 251/259/2 252/260/2 253/261/2
f 243/251/1 242/250/1 254/262/1
f 246/254/2 245/253/2 255/263/2
f 256/264/111 257/265/112 258/266/102
f 259/267/99 260/268/113 261/269/98
f 249/257/1 248/256/1 262/270/1
f 252/260/2 251/259/2 263/271/2
f 264/272/114 265/273/110 266/274/115
f 267/275/116 268/276/117 269/277/118
f 270/278/119 271/279/120 272/280/121
f 273/281/122 274/282/123 275/283/124
f 51/51/4 50/50/4 276/284/4
f 55/55/3 277/285/3 53/53/3
f 278/286/125 279/287/126 280/288/127
f 281/289/128 282/290/129 283/291/130
f 9/9/3 284/292/3 7/7/3
f 11/11/4 10/10/4 285/293/4
f 286/294/5 219/295/5 214/296/5
f 219/225/5 286/297/5 218/224/5
f 213/219/5 287/298/5 214/217/5
f 214/296/5 287/299/5 286/294/5
f 288/300/131 289/301/132 290/302/133
f 291/303/134 292/304/135 293/305/136
f 294/306/137 295/307/138 296/308/139
f 297/309/140 298/310/141 299/311/142
f 300/312/143 301/313/144 302/314/145
f 303/315/128 304/316/146 305/317/147
f 306/318/148 307/319/149 222/228/5
f 308/320/46 309/321/150 310/322/151
f 311/323/152 312/324/153 313/325/5
f 314/326/154 315/327/155 316/328/156
f 317/329/157 318/330/158 319/331/159
f 320/332/160 321/333/161 322/334/162
f 323/335/163 324/336/164 325/337/165
f 326/338/166 325/339/165 327/340/167
f 328/341/168 329/342/169 330/343/170
f 331/344/171 332/345/172 333/346/173
f 334/347/161 335/348/174 336/349/175
f 337/350/176 338/351/177 339/352/178
f 340/353/179 341/354/180 342/355/5
f 343/356/181 344/357/182 345/358/183
f 346/359/184 347/360/185 228/234/102
f 348/361/97 349/362/186 350/363/99
f 351/364/187 352/365/188 353/366/189
f 273/281/122 275/283/124 354/367/190
f 355/368/6 215/369/6 356/370/6
f 215/369/6 207/371/6 356/370/6
f 207/371/6 357/372/6 356/370/6
f 207/371/6 358/373/6 357/372/6
f 359/374/4 360/375/4 361/376/4
f 362/377/2 359/378/2 363/379/2
f 364/380/191 365/381/192 366/382/193
f 367/383/194 368/384/195 369/385/196
f 370/386/197 371/387/198 372/388/199
f 373/389/200 374/390/201 375/391/202
f 376/392/203 377/393/204 378/394/205
f 379/395/206 380/396/207 381/397/208
f 382/398/209 383/399/210 384/400/211
f 291/303/134 385/401/212 292/304/135
f 386/402/193 387/403/213 388/404/214
f 389/405/215 290/302/133 390/406/216
f 391/407/217 392/408/218 393/409/219
f 394/410/220 395/411/221 396/412/45
f 397/413/222 398/414/222 399/415/2
f 397/416/3 400/417/3 401/418/3
f 203/419/46 402/420/223 204/421/94
f 403/422/224 404/423/225 405/424/226
f 238/246/30 237/245/89 406/425/227
f 407/426/149 408/427/228 202/204/5
f 409/428/229 410/429/230 411/430/231
f 261/431/98 232/432/49 412/433/54
f 413/434/232 414/435/233 415/436/234
f 416/437/235 417/438/236 418/439/237
f 419/440/238 420/441/239 421/442/240
f 422/443/241 423/444/137 424/445/242
f 425/446/243 426/447/244 427/448/245
f 428/449/37 429/450/38 430/451/37
f 431/452/246 432/453/247 433/454/248
f 434/455/249 435/456/250 436/457/251
f 437/458/252 438/459/253 439/460/9
f 440/461/254 441/462/255 442/463/256
f 443/464/257 444/465/258 445/466/259
f 446/467/260 447/468/261 448/469/42
f 449/470/6 450/471/6 451/472/6
f 450/471/6 452/473/6 451/472/6
f 453/474/262 454/475/263 455/476/264
f 455/476/264 454/475/263 456/477/265
f 457/478/266 458/479/267 459/480/268
f 179/481/269 460/482/87 461/483/270
f 462/484/271 463/485/272 464/486/273
f 465/487/274 466/488/275 467/489/276
f 468/490/277 469/491/255 470/492/53
f 471/493/278 472/494/279 473/495/280
f 474/496/281 475/497/282 476/498/283
f 477/499/284 478/500/285 479/501/286
f 480/502/287 481/503/288 482/504/289
f 483/505/290 484/506/250 485/507/251
f 486/508/291 487/509/292 488/510/293
f 121/511/42 489/512/261 490/513/294
f 491/514/149 492/515/184 493/516/5
f 494/517/295 495/518/100 493/516/5
f 496/519/2 497/520/2 498/521/2
f 499/522/2 500/523/2 501/524/2
f 502/525/4 503/526/24 504/527/4
f 505/528/2 506/529/296 507/530/297
f 508/531/298 509/532/299 510/533/300
f 511/534/301 512/535/302 513/536/303
f 514/537/304 235/243/108 515/538/305
f 516/539/7 517/540/306 518/541/9
f 519/542/152 520/543/153 521/544/5
f 522/545/307 523/546/308 521/544/5
f 524/547/309 525/548/310 526/549/5
f 527/550/311 528/551/96 529/552/312
f 530/553/168 531/554/313 532/555/314
f 533/556/29 223/229/97 225/231/99
f 534/557/1 209/558/1 217/559/1
f 452/473/6 535/560/6 536/561/6
f 537/562/2 538/563/2 539/564/2
f 540/565/2 91/91/2 90/90/2
f 541/566/1 534/557/1 217/559/1
f 541/567/315 449/568/316 451/569/317
f 8/570/318 542/571/318 543/572/1
f 8/573/6 359/574/6 362/575/6
f 544/576/319 545/577/320 546/578/321
f 84/84/13 547/579/322 85/85/14
f 548/580/2 549/581/2 550/582/2
f 551/583/2 64/64/2 63/63/2
f 36/36/1 552/584/1 37/37/1
f 539/564/2 538/563/2 553/585/2
f 554/586/323 555/587/324 556/588/325
f 557/589/326 558/590/327 559/591/328
f 338/592/177 560/593/329 561/594/330
f 562/595/331 563/596/332 564/597/333
f 565/598/334 566/599/335 567/600/336
f 568/601/337 569/602/338 240/248/110
f 570/603/339 571/604/340 228/234/102
f 572/605/341 573/606/342 574/607/343
f 575/608/3 576/609/3 577/610/3
f 578/611/4 579/612/4 580/613/4
f 581/614/3 575/608/3 577/610/3
f 579/612/4 582/615/4 580/613/4
f 52/616/6 398/617/6 397/618/6
f 583/619/344 52/620/344 51/621/1
f 584/622/345 585/623/346 586/624/347
f 587/625/348 588/626/349 589/627/350
f 590/628/351 591/629/352 592/630/353
f 593/631/354 594/632/355 595/633/356
f 596/634/357 382/398/209 597/635/358
f 598/636/359 80/80/10 82/82/12
f 599/637/313 600/638/360 601/639/361
f 602/640/362 603/641/363 604/642/364
f 605/643/365 606/644/366 607/645/367
f 608/646/368 609/647/369 610/648/248
f 539/564/2 553/585/2 611/649/2
f 612/650/370 613/651/371 614/652/372
f 615/653/373 616/654/374 617/655/375
f 618/656/376 619/657/377 620/658/378
f 621/659/379 622/660/380 623/661/381
f 624/662/382 625/663/383 626/664/384
f 627/665/385 628/666/386 629/667/387
f 630/668/388 631/669/389 632/670/390
f 633/671/391 634/672/392 635/673/393
f 51/621/1 636/674/1 583/619/344
f 399/415/2 637/675/2 397/413/222
f 638/676/394 639/677/395 640/678/396
f 641/679/397 642/680/398 643/681/399
f 297/309/140 644/682/400 298/310/141
f 645/683/401 646/684/402 647/685/403
f 648/686/404 649/687/405 650/688/406
f 651/689/407 652/690/408 653/691/409
f 654/692/410 655/693/411 278/286/125
f 656/694/412 657/695/413 658/696/414
f 659/697/415 660/698/416 661/699/417
f 662/700/394 663/701/349 664/702/418
f 38/38/1 184/186/1 665/703/1
f 665/703/1 184/186/1 666/704/1
f 21/21/1 182/184/1 667/705/1
f 667/705/1 182/184/1 668/706/1
f 669/707/419 670/708/420 671/709/421
f 672/710/422 669/707/419 671/709/421
f 673/711/423 674/712/424 675/713/425
f 676/714/426 673/711/423 675/713/425
f 677/715/427 678/716/428 679/717/429
f 680/718/430 677/715/427 679/717/429
f 681/719/431 682/720/432 683/721/433
f 684/722/434 685/723/435 686/724/436
f 665/703/1 666/704/1 186/188/1
f 186/188/1 666/704/1 36/36/1
f 371/725/198 122/124/43 372/726/199
f 687/727/320 657/728/413 656/729/412
f 688/730/437 689/731/110 690/732/337
f 691/733/79 692/734/438 693/735/332
f 694/736/20 446/467/260 695/737/439
f 696/738/440 697/739/441 698/740/442
f 464/741/273 699/742/443 700/743/444
f 701/744/445 702/745/446 313/325/5
f 703/746/447 704/747/448 705/748/449
f 330/749/170 703/746/447 705/748/449
f 706/750/450 707/751/451 708/752/452
f 511/534/301 513/536/303 709/753/453
f 710/754/454 711/755/455 712/756/268
f 713/757/66 714/758/456 715/759/457
f 716/760/458 717/761/459 718/762/460
f 719/763/461 720/764/462 721/765/463
f 722/766/464 723/767/465 724/768/466
f 725/769/467 726/770/468 727/771/469
f 727/771/469 669/707/419 725/769/467
f 334/347/161 728/772/212 335/348/174
f 729/773/470 730/774/471 731/775/472
f 47/47/1 49/49/1 44/44/1
f 44/44/1 49/49/1 14/14/1
f 667/705/1 668/706/1 180/182/1
f 180/182/1 668/706/1 20/20/1
f 638/676/394 640/678/396 732/776/473
f 733/777/391 734/778/474 735/779/475
f 562/595/331 736/780/476 563/596/332
f 264/272/114 737/781/337 265/273/110
f 738/782/477 739/783/320 740/784/478
f 741/785/479 394/410/220 396/412/45
f 742/786/168 743/787/313 744/788/480
f 745/789/362 746/790/363 747/791/20
f 748/792/481 749/793/482 750/794/483
f 749/793/482 748/792/481 751/795/484
f 752/796/485 753/797/486 754/798/487
f 755/799/488 752/796/485 754/798/487
f 756/800/489 757/801/490 758/802/491
f 759/803/488 756/800/489 758/802/491
f 760/804/492 726/770/468 761/805/493
f 762/806/494 760/804/492 761/805/493
f 763/807/495 764/808/468 765/809/496
f 678/716/428 765/809/496 764/808/468
f 766/810/82 767/811/63 768/812/64
f 769/813/497 770/814/498 169/171/77
f 771/815/499 772/816/500 773/817/501
f 774/818/502 775/819/503 776/820/504
f 449/821/1 541/566/1 217/559/1
f 355/368/6 216/822/6 215/369/6
f 777/823/505 778/824/506 779/825/507
f 780/826/508 602/827/362 604/828/364
f 781/829/337 782/830/338 783/831/110
f 784/832/509 785/833/61 786/834/62
f 787/835/510 788/836/511 789/837/512
f 587/625/348 790/838/395 588/626/349
f 432/453/247 791/839/513 433/454/248
f 792/840/36 793/841/514 794/842/17
f 795/843/515 796/844/516 797/845/517
f 798/846/518 799/847/519 800/848/520
f 801/849/521 802/850/522 803/851/523
f 804/852/524 805/853/525 806/854/526
f 207/371/6 206/855/6 358/373/6
f 534/557/1 751/856/1 209/558/1
f 807/857/43 808/858/527 809/859/528
f 810/860/529 811/861/530 812/862/531
f 624/662/382 813/863/298 625/663/383
f 814/864/532 815/865/533 816/866/433
f 817/867/534 818/868/535 819/869/536
f 820/870/234 821/871/537 822/872/125
f 823/873/538 824/874/539 825/875/3
f 53/876/4 826/877/4 397/878/4
f 827/879/540 828/880/84 829/881/84
f 830/882/541 198/883/6 197/884/6
f 831/885/542 832/886/36 309/887/150
f 833/888/543 834/889/544 835/890/545
f 836/891/546 685/892/435 684/893/434
f 837/894/547 838/895/548 839/896/549
f 840/897/550 841/898/551 842/899/552
f 843/900/553 844/901/554 845/902/555
f 10/903/3 359/904/3 846/905/3
f 846/906/1 359/907/1 847/908/1
f 848/909/556 849/910/557 850/911/558
f 849/912/557 848/913/556 851/914/559
f 852/915/3 10/903/3 846/905/3
f 10/916/6 853/917/6 359/918/560
f 854/919/561 855/920/562 856/921/563
f 652/922/408 857/923/564 653/924/409
f 858/925/565 859/926/566 860/927/567
f 861/928/568 862/929/569 863/930/570
f 722/766/464 724/768/466 864/931/571
f 826/877/4 847/932/4 397/878/4
f 359/907/1 397/933/1 847/908/1
f 824/874/539 851/934/559 825/875/3
f 851/914/559 824/935/539 849/912/557
f 865/936/572 866/937/573 867/938/574
f 868/939/575 869/940/576 870/941/577
f 871/942/578 872/943/84 873/944/84
f 874/945/6 767/946/6 766/947/6
f 875/948/579 876/949/580 877/950/581
f 878/951/6 736/952/6 562/953/6
f 879/954/582 880/955/583 881/956/584
f 115/957/36 882/958/585 883/959/586
f 676/714/426 884/960/587 885/961/588
f 885/961/588 673/711/423 676/714/426
f 727/771/469 726/770/468 886/962/496
f 760/804/492 886/962/496 726/770/468
f 887/963/422 888/964/589 757/801/490
f 758/802/491 757/801/490 888/964/589
f 889/965/1 542/966/1 583/967/1
f 362/968/590 890/969/590 891/970/2
f 892/971/591 694/972/20 893/973/592
f 894/974/593 895/975/594 896/976/595
f 740/977/478 897/978/596 898/979/414
f 899/980/597 900/981/598 901/982/599
f 902/983/326 903/984/600 904/985/601
f 905/986/602 906/987/164 907/988/603
f 908/989/604 909/990/605 910/991/606
f 911/992/607 912/993/608 913/994/609
f 318/995/158 914/996/610 915/997/611
f 916/998/612 917/999/613 918/1000/614
f 919/1001/615 920/1002/616 921/1003/617
f 922/1004/6 689/1005/6 688/1006/618
f 503/1007/2 500/523/2 499/522/2
f 923/1008/1 182/184/1 924/1009/1
f 506/1010/2 549/581/2 548/580/2
f 925/1011/1 184/186/1 926/1012/1
f 100/1013/2 497/520/2 496/519/2
f 927/1014/1 48/48/1 928/1015/1
f 929/1016/619 930/1017/620 931/1018/621
f 932/1019/622 933/1020/623 934/1021/624
f 935/1022/443 936/1023/625 937/1024/444
f 938/1025/179 939/1026/626 940/1027/5
f 363/379/2 941/1028/2 362/377/2
f 543/572/1 9/1029/1 8/570/318
f 262/1030/3 942/1031/3 943/1032/3
f 109/109/31 944/1033/627 110/110/32
f 719/763/461 721/765/463 945/1034/628
f 802/1035/522 946/1036/629 803/1037/523
f 947/1038/630 948/1039/631 949/1040/632
f 950/1041/633 951/1042/249 952/1043/634
f 953/1044/635 954/1045/636 222/228/5
f 955/1046/637 956/1047/638 957/1048/639
f 958/1049/3 959/1050/3 960/1051/3
f 961/1052/4 962/1053/4 963/1054/4
f 962/1053/4 964/1055/4 963/1054/4
f 965/1056/3 958/1049/3 960/1051/3
f 942/1031/3 262/1030/3 248/1057/3
f 966/1058/6 967/1059/6 968/1060/6
f 969/1061/5 970/1062/5 971/1063/5
f 972/1064/6 966/1058/6 968/1060/6
f 970/1062/5 973/1065/5 971/1063/5
f 398/1066/2 362/968/590 891/970/2
f 974/1067/1 889/965/1 583/967/1
f 15/15/1 975/1068/1 976/1069/1
f 63/63/2 65/65/2 977/1070/2
f 20/20/1 978/1071/1 89/89/1
f 90/90/2 92/92/2 979/1072/2
f 980/1073/2 981/1074/2 982/1075/2
f 983/1076/2 984/1077/2 985/1078/2
f 986/1079/2 987/1080/2 988/1081/2
f 984/1077/2 983/1076/2 989/1082/2
f 990/1083/2 991/1084/2 992/1085/2
f 991/1084/2 990/1083/2 993/1086/2
f 981/1074/2 980/1073/2 994/1087/2
f 987/1080/2 986/1079/2 995/1088/2
f 996/1089/2 997/1090/2 998/1091/2
f 308/320/46 831/1092/542 309/321/150
f 999/1093/640 1000/1094/641 1001/1095/642
f 1002/1096/4 254/1097/4 242/1098/4
f 1003/1099/643 1004/1100/644 1005/1101/645
f 1006/1102/646 1007/1103/647 1008/1104/648
f 1009/1105/3 244/1106/3 243/1107/3
f 1010/1108/4 250/1109/4 249/1110/4
f 1011/1111/2 1012/1112/2 1013/1113/2
f 997/1090/2 996/1089/2 1014/1114/2
f 1012/1112/2 1011/1111/2 1015/1115/2
f 1016/1116/2 1017/1117/2 1018/1118/2
f 1019/1119/1 1020/1120/1 1021/1121/1
f 1022/1122/1 1019/1119/1 1021/1121/1
f 1023/1123/2 1016/1116/2 1018/1118/2
f 1024/1124/649 1025/1125/561 1026/1126/650
f 1027/1127/651 1028/1128/652 1029/1129/653
f 1030/1130/654 1031/1131/655 796/1132/516
f 1032/1133/656 1030/1134/654 796/844/516
f 1033/1135/2 64/64/2 551/583/2
f 15/15/1 14/14/1 975/1068/1
f 1034/1136/2 91/91/2 540/565/2
f 20/20/1 1035/1137/1 978/1071/1
f 1036/1138/2 538/563/2 537/562/2
f 36/36/1 1037/1139/1 552/584/1
f 244/1106/3 1009/1105/3 1038/1140/3
f 250/1109/4 1010/1108/4 1039/1141/4
f 1040/1142/657 1041/1143/658 1042/1144/659
f 1043/1145/660 1044/1146/661 1045/1147/662
f 254/1097/4 1002/1096/4 1046/1148/4
f 196/198/90 195/197/89 1047/1149/227
f 1048/1150/663 630/668/388 632/670/390
f 1049/1151/664 440/1152/254 442/1153/256
f 1050/1154/665 1051/1155/666 1052/1156/667
f 1053/1157/668 1054/1158/441 1055/1159/442
f 300/1160/143 1056/1161/669 1057/1162/670
f 1058/1163/671 1059/1164/672 1060/1165/673
f 763/807/495 765/809/496 680/718/430
f 680/718/430 679/717/429 763/807/495
f 809/1166/528 808/1167/527 1061/1168/674
f 1062/1169/675 681/719/431 683/721/433
f 1063/1170/676 1064/1171/677 1065/1172/678
f 1066/1173/679 1067/1174/680 1068/1175/681
f 1069/1176/682 1070/1177/683 1071/1178/684
f 1072/1179/685 1073/1180/686 1074/1181/687
f 1075/1182/688 1076/1183/689 1077/1184/584
f 309/1185/150 832/1186/36 1078/1187/690
f 458/479/267 1079/1188/691 459/480/268
f 1080/1189/692 1081/1190/602 1082/1191/693
f 1083/1192/694 1084/1193/695 94/94/19
f 1085/1194/90 533/1195/29 1086/1196/696
f 1087/1197/43 1088/1198/697 1089/1199/45
f 699/742/443 1090/1200/298 1091/1201/698
f 48/48/1 927/1014/1 49/49/1
f 927/1202/5 497/1203/5 49/1204/5
f 182/184/1 923/1008/1 668/706/1
f 923/1205/5 500/1206/5 668/1207/5
f 184/186/1 925/1011/1 666/704/1
f 925/1208/5 549/1209/5 666/1210/5
f 1092/1211/699 1093/1212/700 1094/1213/701
f 1095/1214/702 1096/1215/703 1097/1216/704
f 1098/1217/705 555/1218/6 554/1219/706
f 1098/1217/705 828/1220/6 827/1221/6
f 1090/1200/298 1099/1222/707 1091/1201/698
f 1100/1223/708 1101/1224/709 1102/1225/710
f 469/1226/255 1103/1227/711 1104/1228/712
f 1105/1229/713 935/1022/443 937/1024/444
f 1106/1230/2 1107/1231/2 1108/1232/2
f 1109/1233/2 1110/1234/2 1111/1235/2
f 1112/1236/2 1113/1237/2 1114/1238/2
f 1107/1231/2 1106/1230/2 1115/1239/2
f 1110/1234/2 1109/1233/2 1116/1240/2
f 1117/1241/714 1118/1242/715 1119/1243/716
f 1120/1244/717 1121/1245/718 1122/1246/719
f 1123/1247/720 1124/1248/721 1125/1249/722
f 1126/1250/723 1127/1251/724 1128/1252/725
f 1129/1253/726 1130/1254/727 1131/1255/728
f 1132/1256/729 1133/1257/730 1134/1258/731
f 1135/1259/732 1136/1260/733 1137/1261/734
f 1138/1262/735 1139/1263/736 1140/1264/737
f 1141/1265/738 810/1266/529 812/1267/531
f 274/282/123 1142/1268/739 275/283/124
f 919/1001/615 921/1003/617 1143/1269/69
f 622/1270/380 1144/1271/740 1145/1272/741
f 1146/1273/456 1147/1274/579 1148/1275/742
f 1149/1276/743 593/1277/354 595/1278/356
f 1150/1279/187 389/1280/215 1151/1281/524
f 615/653/373 1152/1282/605 1153/1283/606
f 1154/1284/744 1155/1285/745 1156/1286/746
f 586/1287/347 585/1288/346 1157/1289/747
f 1158/1290/748 1059/1164/672 1058/1163/671
f 1159/1291/239 1160/1292/715 1161/1293/749
f 1162/1294/750 1163/1295/751 1164/1296/752
f 1165/1297/753 872/1298/6 871/1299/754
f 1166/1300/6 770/1301/6 769/1302/6
f 1113/1237/2 1112/1236/2 1167/1303/2
f 1168/1304/2 1169/1305/2 1170/1306/2
f 1169/1305/2 1168/1304/2 1171/1307/2
f 143/1308/56 203/205/46 205/207/48
f 1172/1309/236 1173/1310/755 1174/1311/756
f 1175/1312/1 1176/1313/1 207/1314/1
f 207/209/3 1176/1315/3 208/210/3
f 999/1093/640 1177/1316/757 1000/1094/641
f 1178/1317/758 1179/1318/759 1180/1319/760
f 1181/1320/761 634/1321/392 633/1322/391
f 1182/1323/762 1183/1324/763 1184/1325/764
f 1185/1326/765 1186/1327/766 1187/1328/767
f 643/681/399 837/894/547 839/896/549
f 1188/1329/768 1189/1330/651 1190/1331/769
f 1191/1332/770 1192/1333/771 1193/1334/772
f 50/1335/1 53/1336/1 277/1337/1
f 1194/1338/6 53/1339/773 50/1340/773
f 1195/1341/774 1196/1342/775 1197/1343/776
f 217/559/1 1195/1344/1 1197/1345/1
f 455/476/264 1198/1346/777 453/474/262
f 1198/1346/777 1199/1347/778 453/474/262
f 1200/1348/6 737/1349/6 264/1350/6
f 1201/1351/6 876/1352/6 875/1353/6
f 1202/1354/779 1203/1355/606 1204/1356/780
f 1205/1357/781 1206/1358/240 1207/1359/782
f 1208/1360/783 1209/1361/784 359/918/560
f 853/917/6 1208/1360/783 359/918/560
f 1210/1362/785 879/954/582 881/956/584
f 1211/1363/786 1212/1364/787 202/204/5
f 900/1365/598 1213/1366/788 1214/1367/789
f 1213/1366/788 1215/1368/790 1214/1367/789
f 70/70/2 1216/1369/2 187/189/2
f 187/189/2 1216/1369/2 1217/1370/2
f 1218/1371/791 1219/1372/792 1220/1373/793
f 1190/1331/769 1189/1330/651 1221/1374/794
f 1222/1375/795 1223/1376/796 1224/1377/797
f 557/1378/326 1225/1379/798 1226/1380/799
f 1227/1381/800 629/1382/387 1228/1383/801
f 661/1384/417 660/1385/802 1229/1386/803
f 1230/1387/804 1231/1388/805 1232/1389/806
f 1233/1390/807 1234/1391/808 1235/1392/809
f 1236/1393/810 112/112/34 114/114/36
f 1237/1394/811 1238/1395/812 1239/1396/813
f 1025/1125/561 1240/1397/814 1026/1126/650
f 1241/1398/815 1242/1399/816 1243/1400/817
f 1105/1229/713 937/1024/444 1244/1401/818
f 1245/1402/819 1246/1403/307 940/1027/5
f 1247/1404/6 920/1405/6 919/1406/6
f 1248/1407/820 692/1408/754 691/1409/821
f 601/1410/361 600/1411/360 1249/1412/449
f 1250/1413/822 1251/1414/823 798/846/518
f 1252/1415/824 1253/1416/825 1254/1417/826
f 1164/1296/752 1163/1295/751 1255/1418/827
f 207/1314/1 215/1419/1 1175/1312/1
f 210/220/4 1175/1420/4 215/221/4
f 456/477/265 1256/1421/828 1257/1422/829
f 534/557/1 1258/1423/1 535/1424/1
f 1259/1425/651 1260/1426/830 1261/1427/653
f 1262/1428/831 1263/1429/832 1264/1430/833
f 1265/1431/834 1266/1432/260 1267/1433/105
f 1268/1434/835 1269/1435/836 1270/1436/837
f 1271/1437/838 516/539/7 518/541/9
f 1272/1438/839 260/268/113 259/267/99
f 908/989/604 1273/1439/374 1274/1440/840
f 1275/1441/841 1276/1442/842 1277/1443/843
f 1278/1444/844 1279/1445/845 1280/1446/846
f 1281/1447/39 1282/1448/38 1283/1449/39
f 1284/1450/847 1285/1451/848 1286/1452/849
f 1284/1453/850 1286/1454/851 1287/1455/852
f 1061/1168/674 1288/1456/853 1289/1457/854
f 205/1458/48 1290/1459/855 1291/1460/856
f 827/879/540 829/881/84 1292/1461/332
f 1293/1462/857 1294/1463/858 1295/1464/859
f 1296/1465/860 1259/1425/651 1261/1427/653
f 1068/1466/681 1296/1467/860 1297/1468/861
f 505/528/2 549/1469/2 506/529/296
f 99/99/4 497/1470/4 100/100/24
f 912/1471/608 1298/1472/862 913/1473/609
f 1299/1474/863 1300/1475/864 1298/1472/862
f 1301/1476/187 1302/1477/865 1303/1478/188
f 294/306/137 296/308/139 1304/1479/866
f 1305/1480/1 10/1481/1 1306/1482/1
f 1307/1483/867 848/909/556 850/911/558
f 502/525/4 500/1484/4 503/526/24
f 787/835/510 1308/1485/868 788/836/511
f 1309/1486/869 1310/1487/870 1311/1488/871
f 733/777/391 735/779/475 1312/1489/872
f 1313/1490/873 1314/1491/763 1315/1492/633
f 476/1493/283 1316/1494/874 1317/1495/875
f 1316/1494/874 662/700/394 664/702/418
f 542/1496/876 362/1497/876 941/1498/3
f 542/1499/6 8/573/6 362/575/6
f 542/1500/6 362/1501/6 583/1502/6
f 362/1503/877 542/1504/877 890/1505/877
f 1318/1506/878 1319/1507/879 1320/1508/840
f 1321/1509/880 1322/1510/881 1323/1511/882
f 1324/1512/690 1325/1513/543 1326/1514/883
f 1327/1515/884 1328/1516/885 1329/1517/886
f 509/532/299 1330/1518/887 510/533/300
f 1331/1519/276 1332/1520/888 431/452/246
f 1333/1521/889 903/984/600 902/983/326
f 1334/1522/890 1335/1523/891 1336/1524/892
f 1176/1525/3 1337/1526/3 208/1527/3
f 210/1528/2 208/1529/590 1337/1530/590
f 1126/1250/723 134/1531/47 1338/1532/893
f 792/1533/36 1339/1534/543 1340/1535/586
f 1341/1536/4 1175/1537/4 210/1538/4
f 1337/1530/590 1341/1539/2 210/1528/2
f 1342/1540/894 303/315/128 305/317/147
f 771/815/499 1343/1541/895 772/816/500
f 26/26/2 1344/1542/2 46/46/2
f 46/46/2 1344/1542/2 5/5/2
f 58/58/2 1345/1543/2 181/183/2
f 181/183/2 1345/1543/2 1346/1544/2
f 1347/1545/4 1348/1546/4 1349/1547/4
f 1350/1548/3 1351/1549/3 1352/1550/3
f 1351/1549/3 1353/1551/3 1352/1550/3
f 1354/1552/4 1347/1545/4 1349/1547/4
f 1355/1553/8 370/386/197 1356/1554/896
f 147/1555/59 146/1556/58 1357/1557/515
f 1358/1558/897 1359/1559/898 1360/1560/899
f 1361/1561/900 1040/1142/657 1042/1144/659
f 173/1562/901 1362/1563/902 1363/1564/903
f 1093/1212/700 1095/1565/702 1094/1213/701
f 1364/1566/904 1365/1567/905 1366/1568/906
f 1367/1569/907 1368/1570/908 1369/1571/908
f 1370/1572/909 1371/1573/910 1372/1574/911
f 1373/1575/912 1374/1576/913 1375/1577/914
f 181/183/2 1346/1544/2 183/185/2
f 183/185/2 1346/1544/2 57/57/2
f 187/189/2 1217/1370/2 185/187/2
f 185/187/2 1217/1370/2 69/69/2
f 452/473/6 1376/1578/6 451/472/6
f 452/473/6 536/561/6 1376/1578/6
f 1133/1257/730 1132/1256/729 1377/1579/915
f 1378/1580/916 1379/1581/917 1380/1582/918
f 1381/1583/919 1382/1584/920 1383/1585/921
f 1383/1585/921 1382/1584/920 1384/1586/922
f 426/1587/244 1385/1588/923 427/1589/245
f 1386/1590/235 1387/1591/924 1388/1592/756
f 1389/1593/98 141/143/54 1390/1594/925
f 1391/1595/665 1389/1593/98 1390/1594/925
f 1392/1596/926 1393/1597/927 1394/1598/928
f 1395/1599/929 1396/1600/930 1397/1601/931
f 1398/1602/4 99/1603/4 101/1604/4
f 1399/1605/932 1400/1606/652 1401/1607/794
f 1253/1416/825 1402/1608/933 1403/1609/934
f 331/344/171 1404/1610/935 332/345/172
f 1045/1147/662 1044/1146/661 1405/1611/936
f 1406/1612/937 1371/1573/910 1370/1572/909
f 1374/1576/913 1373/1575/912 1407/1613/938
f 1408/1614/939 1409/1615/940 1410/1616/941
f 1411/1617/942 1412/1618/943 1413/1619/944
f 1414/1620/945 1365/1567/905 1415/1621/946
f 503/1622/6 924/1623/6 182/1624/6
f 506/1625/6 926/1626/6 184/1627/6
f 100/1628/6 928/1629/6 48/1630/6
f 636/1631/4 399/1632/4 398/1633/4
f 636/1634/5 51/1635/5 399/1636/5
f 1416/1637/947 1417/1638/948 1418/1639/947
f 818/868/535 820/870/234 819/869/536
f 1419/1640/949 1420/1641/759 1421/1642/950
f 1422/1643/449 1423/1644/951 1424/1645/952
f 1425/1646/953 1426/1647/954 1427/1648/7
f 124/1649/45 123/1650/44 1428/1651/720
f 1429/1652/955 1430/1653/956 1431/1654/957
f 1432/1655/958 1433/1656/959 1434/1657/767
f 1435/1658/960 373/1659/200 375/1660/202
f 943/1661/2 1436/1662/2 1437/1663/2
f 1438/1664/961 1439/1665/962 1440/1666/963
f 349/1667/186 136/138/49 138/140/51
f 957/1048/639 956/1047/638 1441/1668/964
f 279/287/126 93/1669/18 95/1670/20
f 377/1671/204 1442/1672/965 378/1673/205
f 1443/1674/966 1444/1675/967 1445/1676/968
f 653/924/409 857/923/564 1446/1677/969
f 1447/1678/970 1448/1679/971 222/228/5
f 1228/1383/801 1449/1680/972 1450/1681/973
f 862/1682/569 163/165/73 863/1683/570
f 1451/1684/974 1359/1685/898 1452/1686/975
f 1453/1687/976 1454/1688/977 1455/1689/978
f 821/871/537 745/1690/362 747/1691/20
f 1456/1692/979 1457/1693/980 1458/1694/981
f 1459/1695/982 1460/1696/983 1461/1697/984
f 397/1698/985 359/918/560 1209/1361/784
f 1462/1699/6 397/1698/985 1209/1361/784
f 1463/1700/986 1464/1701/987 648/686/404
f 1465/1702/988 1466/1703/989 1467/1704/990
f 1468/1705/991 1469/1706/992 1470/1707/993
f 793/1708/514 1471/1709/16 794/1710/17
f 85/85/14 547/579/322 1472/1711/994
f 1473/1712/995 807/1713/43 809/1714/528
f 1474/1715/239 1475/1716/715 1476/1717/714
f 1205/1357/781 149/1718/996 1477/1719/997
f 189/191/56 133/135/46 135/137/48
f 897/978/596 1478/1720/642 898/979/414
f 1479/1721/998 1480/1722/999 1481/1723/1000
f 1482/1724/1001 1479/1725/998 1481/1726/1000
f 9/1727/5 941/1728/5 363/1729/5
f 361/376/4 363/1730/4 359/374/4
f 1483/1731/1002 1484/1732/1003 1485/1733/1004
f 1486/1734/1005 1487/1735/1006 1488/1736/1007
f 1006/1737/646 1489/1738/1008 1490/1739/1009
f 1491/1740/1010 1006/1737/646 1490/1739/1009
f 1492/1741/1011 1493/1742/1012 1494/1743/1013
f 1495/1744/1014 565/598/334 1496/1745/1015
f 1497/1746/1016 1498/1747/1017 1499/1748/1018
f 815/1749/533 1075/1182/688 1500/1750/1019
f 1501/1751/1020 1502/1752/1021 1503/1753/1022
f 1072/1179/685 1504/1754/1023 1073/1180/686
f 1505/1755/1 1285/1756/1 53/1757/1
f 1505/1758/1024 1506/1759/1025 1285/1451/848
f 466/488/275 1507/1760/1026 467/489/276
f 1508/1761/1027 1509/1762/1028 1510/1763/1029
f 195/1764/89 348/361/97 1047/1765/227
f 600/1411/360 1511/1766/551 1249/1412/449
f 448/1767/42 447/1768/261 1512/1769/1030
f 1512/1769/1030 1513/1770/1031 1514/1771/1032
f 51/1635/5 637/1772/5 399/1636/5
f 51/1635/5 276/1773/5 1515/1774/5
f 1171/1775/5 1516/1776/5 1517/1777/5
f 1116/1778/5 1518/1779/5 1519/1780/5
f 1520/1781/6 1112/1782/6 1114/1783/6
f 1521/1784/5 1014/1785/5 996/1786/5
f 983/1787/6 1522/1788/6 1523/1789/6
f 988/1790/5 1524/1791/5 1525/1792/5
f 1526/1793/5 982/1794/5 981/1795/5
f 982/1794/5 1526/1793/5 1527/1796/5
f 1528/1797/6 1011/1798/6 1013/1799/6
f 1529/1800/6 990/1801/6 992/1802/6
f 990/1801/6 1529/1800/6 1530/1803/6
f 1106/1804/6 1531/1805/6 1532/1806/6
f 1516/1776/5 1171/1775/5 1168/1807/5
f 1014/1785/5 1521/1784/5 1533/1808/5
f 1522/1788/6 983/1787/6 985/1809/6
f 1011/1798/6 1528/1797/6 1534/1810/6
f 1524/1791/5 988/1790/5 987/1811/5
f 1112/1782/6 1520/1781/6 1535/1812/6
f 1531/1805/6 1106/1804/6 1108/1813/6
f 1518/1779/5 1116/1778/5 1109/1814/5
f 1048/1150/663 632/670/390 1536/1815/473
f 1537/1816/1033 347/360/185 346/359/184
f 423/444/137 1538/1817/1034 424/445/242
f 1411/1617/942 1539/1818/1035 1412/1618/943
f 1464/1701/987 649/687/405 648/686/404
f 1540/1819/1036 1541/1820/1037 1542/1821/1038
f 1543/1822/1039 1544/1823/1040 1545/1824/1041
f 1545/1824/1042 1546/1825/1043 1543/1822/1044
f 1547/1826/1045 651/689/407 1548/1827/1046
f 1549/1828/1047 1550/1829/1048 1547/1826/1045
f 174/176/82 1551/1830/63 175/177/64
f 922/1004/6 1551/1831/6 174/1832/6
f 1552/1833/972 1553/1834/1049 1554/1835/1050
f 1555/1836/1051 1552/1833/972 1556/1837/1052
f 1399/1605/932 1557/1838/1053 1400/1606/652
f 1558/1839/1054 382/398/209 596/634/357
f 1559/1840/400 1560/1841/1055 1561/1842/1056
f 324/336/164 1562/1843/1057 1563/1844/142
f 1564/1845/1036 1565/1846/1058 1566/1847/1037
f 1566/1847/1037 1567/1848/561 1568/1849/1059
f 1569/1850/1060 1570/1851/1061 1571/1852/1062
f 1572/1853/1063 1573/1854/1064 1574/1855/1065
f 1570/1851/1061 1569/1850/1060 1575/1856/1066
f 10/1857/1 7/1858/1 284/1859/1
f 7/1860/1067 10/1861/1067 1576/1862/6
f 1577/1863/1068 1578/1864/1069 1579/1865/1070
f 1580/1866/1071 1581/1867/712 1582/1868/1072
f 1583/1869/711 1584/1870/1073 1585/1871/1074
f 1586/1872/1075 1587/1873/1076 1588/1874/1077
f 711/755/455 1589/1875/1078 712/756/268
f 1590/1876/1079 1483/1731/1002 1485/1733/1004
f 141/143/54 140/142/53 1591/1877/1080
f 1592/1878/1081 817/1879/534 1593/1880/1082
f 546/1881/321 1592/1878/1081 1593/1880/1082
f 1594/1882/360 1595/1883/1083 1422/1643/449
f 744/1884/480 1594/1882/360 1422/1643/449
f 1596/1885/1084 1597/1886/1085 1598/1887/710
f 1486/1734/1005 1599/1888/1086 1487/1735/1006
f 1600/1889/1087 1601/1890/1088 1602/1891/1089
f 1603/1892/1090 1141/1265/738 1604/1893/1091
f 533/556/29 225/231/99 1086/1894/696
f 1605/1895/1092 659/697/415 661/699/417
f 1606/1896/2 1038/1897/2 1009/1898/2
f 1607/1899/2 1002/1900/2 1608/1901/2
f 1609/1902/2 1010/1903/2 1610/1904/2
f 1611/1905/1093 1612/1906/1094 1613/1907/1095
f 1614/1908/1096 1207/1359/782 1615/1909/1097
f 230/1910/104 1616/1911/1098 231/1912/105
f 634/672/392 1048/1150/663 1536/1815/473
f 1266/1913/260 1617/1914/261 1267/1915/105
f 734/778/474 638/676/394 732/776/473
f 1618/1916/1099 1619/1917/236 1620/1918/1100
f 1619/1919/236 899/980/597 1621/1920/756
f 409/428/229 411/430/231 1622/1921/1101
f 1623/1922/1102 1624/1923/1103 1625/1924/767
f 706/750/450 708/752/452 631/1925/389
f 1626/1926/1104 1627/1927/1105 1628/1928/1106
f 1629/1929/150 115/957/36 883/959/586
f 481/503/288 1630/1930/1107 482/504/289
f 1191/1332/770 1193/1334/772 1631/1931/1108
f 1632/1932/1109 1633/1933/1110 1634/1934/1111
f 166/1935/21 314/326/154 167/1936/23
f 860/1937/567 859/1938/566 1635/1939/414
f 1636/1940/1112 96/96/21 98/98/23
f 917/999/613 1637/1941/1113 918/1000/614
f 1638/1942/1114 188/1943/55 190/1944/86
f 1639/1945/1115 1640/1946/1113 1031/1131/655
f 1641/1947/75 142/144/55 144/146/23
f 1642/1948/1115 1643/1949/1113 811/861/530
f 746/790/363 236/244/28 238/246/30
f 1054/1158/441 1644/1950/1116 1055/1159/442
f 1645/1951/1117 533/1195/29 1085/1194/90
f 532/1952/314 840/897/550 842/899/552
f 1436/1662/2 943/1661/2 942/1953/2
f 603/641/363 194/196/28 196/198/90
f 1136/1260/733 1646/1954/1116 1137/1261/734
f 1647/1955/1118 106/106/28 108/108/30
f 697/739/441 1648/1956/1119 698/740/442
f 585/1288/346 589/627/350 1157/1289/747
f 1649/1957/1120 492/515/184 491/514/149
f 1650/1958/1121 1381/1583/919 1651/1959/1122
f 1650/1960/1 1651/1961/1 206/1962/1
f 107/1963/29 1272/1438/839 259/267/99
f 705/748/449 704/747/448 1271/1964/838
f 1652/1965/400 1492/1741/1011 1653/1966/1057
f 906/987/164 1653/1966/1057 1654/1967/1123
f 474/496/281 476/498/283 1655/1968/1124
f 1656/1969/1125 1657/1970/1126 1658/1971/1127
f 1659/1972/1128 514/537/304 515/538/305
f 1233/1390/807 1660/1973/840 1234/1391/808
f 975/1974/5 1033/1975/5 551/1976/5
f 551/1977/4 976/1978/4 975/1979/4
f 1035/1980/5 1034/1981/5 540/1982/5
f 540/1983/4 978/1984/4 1035/1985/4
f 1037/1986/5 1036/1987/5 537/1988/5
f 537/1989/4 552/1990/4 1037/1991/4
f 539/1992/6 37/1993/6 552/1994/6
f 552/1990/4 537/1989/4 539/1995/4
f 63/1996/6 15/1997/6 976/1998/6
f 976/1978/4 551/1977/4 63/1999/4
f 90/2000/6 89/2001/6 978/2002/6
f 978/1984/4 540/1983/4 90/2003/4
f 1661/2004/1129 787/835/510 789/837/512
f 259/2005/99 1662/2006/1130 1663/2007/1131
f 398/1633/4 583/2008/4 636/1631/4
f 52/616/6 583/2009/6 398/617/6
f 362/2010/6 398/2011/6 583/2012/6
f 583/2013/3 398/2014/3 974/2015/3
f 1664/2016/1132 773/2017/501 1665/2018/1133
f 1666/2019/1134 1664/2016/1132 1665/2018/1133
f 1667/2020/301 1227/1381/800 1228/1383/801
f 1668/2021/1135 1580/1866/1071 1669/2022/54
f 1670/2023/1136 1671/2024/1137 1672/2025/1138
f 1121/1245/718 1673/2026/1139 1674/2027/1140
f 1675/2028/1141 1676/2029/1142 1677/2030/1143
f 1678/2031/1144 1679/2032/1145 1680/2033/1146
f 555/2034/324 1681/2035/77 556/2036/325
f 1682/2037/1147 932/1019/622 934/1021/624
f 34/2038/4 33/2039/4 1683/2040/4
f 1684/2041/1 1683/2042/1 33/2043/1
f 944/1033/627 1087/1197/43 1089/1199/45
f 720/2044/462 718/762/460 721/2045/463
f 167/1936/23 314/326/154 316/328/156
f 1090/1200/298 1685/2046/1148 1099/1222/707
f 1686/2047/1149 1687/2048/1150 1688/2049/1151
f 1689/2050/1152 1690/2051/1153 1192/2052/771
f 383/399/210 326/338/166 327/340/167
f 930/1017/620 1691/2053/1154 1692/2054/1155
f 97/97/22 308/320/46 310/322/151
f 658/696/414 999/2055/640 1001/2056/642
f 1152/2057/605 1693/2058/1156 1694/2059/1157
f 1693/2060/1156 1162/1294/750 1164/1296/752
f 1010/1903/2 1609/1902/2 1039/2061/2
f 338/592/177 561/594/330 339/2062/178
f 1695/2063/1158 417/438/236 416/437/235
f 1458/1694/981 379/2064/206 381/2065/208
f 93/93/18 1083/1192/694 94/94/19
f 8/573/6 7/1860/1067 1576/1862/6
f 8/573/6 1696/2066/6 359/574/6
f 951/2067/249 486/2068/291 488/2069/293
f 1697/2070/1159 951/2067/249 1698/2071/1160
f 1699/2072/1161 1700/2073/1162 1701/2074/1163
f 1702/2075/1031 1703/2076/1164 1704/2077/1165
f 1705/2078/1166 1702/2075/1031 1704/2077/1165
f 1700/2073/1162 1699/2072/1161 1706/2079/1167
f 1707/2080/1168 1708/2081/1169 1709/2082/1170
f 1428/1651/720 1710/2083/853 1711/2084/1171
f 813/863/298 814/864/532 816/866/433
f 1098/1217/705 784/2085/1172 1712/2086/1173
f 1712/2087/1174 784/2088/509 786/2089/62
f 799/847/519 795/843/515 797/845/517
f 471/493/278 473/495/280 1713/2090/1175
f 1557/1838/1053 1714/2091/646 1715/2092/1176
f 191/193/87 193/195/88 1716/2093/1177
f 1038/1897/2 1606/1896/2 1717/2094/2
f 1148/2095/1178 1147/2096/1179 1718/2097/1180
f 1719/2098/1181 1720/2099/1182 1721/2100/1183
f 1002/1900/2 1607/1899/2 1046/2101/2
f 1722/2102/342 1723/2103/1184 521/544/5
f 1075/1182/688 1077/1184/584 1500/1750/1019
f 1724/2104/1185 1220/2105/793 1725/2106/1186
f 281/289/128 1726/2107/1187 282/290/129
f 402/420/223 1727/2108/1188 204/421/94
f 1728/2109/1189 820/870/234 822/872/125
f 1007/1103/647 1003/1099/643 1008/1104/648
f 1729/2110/1190 1730/2111/1191 1731/2112/1192
f 1732/2113/1193 1733/2114/1194 1734/2115/1195
f 1560/1841/1055 614/2116/372 1561/1842/1056
f 1735/2117/1196 612/2118/370 614/2116/372
f 136/2119/49 468/2120/277 470/2121/53
f 799/847/519 797/845/517 800/848/520
f 1232/2122/806 1736/2123/1197 1737/2124/1198
f 1044/2125/661 267/275/116 269/277/118
f 1738/2126/342 1739/2127/1184 313/325/5
f 606/644/366 610/648/248 607/645/367
f 1740/2128/1 53/1757/1 1741/2129/1
f 1462/1699/6 53/2130/6 397/1698/985
f 1393/1597/927 1742/2131/1199 1394/1598/928
f 1743/2132/1200 1188/1329/768 1190/1331/769
f 1744/2133/1201 109/239/31 1745/2134/1202
f 1070/1177/683 945/1034/628 1071/1178/684
f 483/505/290 1746/2135/1203 484/506/250
f 1747/2136/958 1185/2137/765 1187/2138/767
f 1748/2139/1204 1749/2140/1205 317/329/157
f 1750/2141/1206 1751/2142/1207 1752/2143/1208
f 1753/2144/1101 528/551/96 527/550/311
f 1754/2145/1209 1753/2146/1101 1186/1327/766
f 1755/2147/1210 1756/2148/92 574/607/343
f 791/2149/513 436/457/251 1757/2150/1211
f 1758/2151/1212 1759/2152/1213 443/2153/257
f 1759/2152/1213 444/2154/1214 443/2153/257
f 1225/1379/798 615/653/373 1226/1380/799
f 1760/2155/1215 1159/1291/239 1161/1293/749
f 1761/2156/1071 1762/2157/1216 1763/2158/1217
f 1764/2159/1218 1765/2160/1219 1766/2161/1220
f 1293/1462/857 1402/2162/933 1767/2163/1221
f 1768/2164/1222 1293/2165/857 1767/2166/1221
f 1769/2167/4 1770/2168/4 1771/2169/4
f 1772/2170/4 1773/2171/4 1774/2172/4
f 1775/2173/4 1776/2174/4 1777/2175/4
f 210/2176/2 1341/2177/1 218/2178/4
f 1778/2179/1223 1779/2180/1224 1780/2181/1225
f 105/105/27 1778/2179/1223 1780/2181/1225
f 629/2182/387 624/662/382 626/664/384
f 1781/2183/1226 1782/2184/1227 1448/1679/971
f 1047/1765/227 348/361/97 350/363/99
f 630/668/388 706/2185/450 631/669/389
f 1332/1520/888 1783/2186/1228 431/452/246
f 134/1531/47 1340/1535/586 1338/1532/893
f 1281/1447/39 1784/2187/1229 1282/1448/38
f 1785/2188/6 1784/2189/6 1281/2190/6
f 434/455/249 1786/2191/1230 435/456/250
f 1787/2192/958 1537/2193/1033 1788/2194/1120
f 1553/2195/1049 1789/2196/1231 1554/2197/1050
f 1790/2198/1232 1100/1223/708 1102/1225/710
f 1791/2199/1233 1792/2200/1234 1793/2201/1235
f 1794/2202/708 391/407/217 393/409/219
f 1250/1413/822 798/846/518 1511/2203/551
f 1795/2204/1236 77/77/7 79/79/9
f 1796/2205/1237 270/2206/119 272/2207/121
f 1797/2208/1238 1798/2209/1239 1799/2210/1240
f 1688/2049/1151 1687/2048/1150 1800/2211/1241
f 1801/2212/1242 1724/2104/1185 1725/2106/1186
f 1802/2213/1049 1803/2214/1233 1804/2215/1231
f 477/499/284 479/501/286 1805/2216/1234
f 1626/1926/1104 1806/2217/1051 1627/1927/1105
f 1807/2218/972 1808/2219/1006 1809/2220/1052
f 831/885/542 1810/2221/11 1811/2222/34
f 1000/1094/641 654/692/410 278/286/125
f 400/417/3 397/416/3 637/2223/3
f 51/1635/5 1812/2224/5 637/1772/5
f 1813/2225/1243 1814/2226/1244 1815/2227/1245
f 480/502/287 482/504/289 682/2228/432
f 1773/2171/4 1772/2170/4 1816/2229/4
f 1770/2168/4 1769/2167/4 1817/2230/4
f 1776/2174/4 1775/2173/4 1818/2231/4
f 417/2232/236 1451/2233/974 418/2234/237
f 859/1938/566 1819/2235/1246 1635/1939/414
f 1433/2236/959 1820/2237/1103 1434/2238/767
f 1821/2239/1247 1822/2240/1248 222/228/5
f 1823/2241/1249 1824/2242/1250 1825/2243/1251
f 1823/2241/1249 1825/2243/1251 1826/2244/1252
f 1555/1836/1051 1556/1837/1052 1827/2245/1253
f 1828/2246/101 1829/2247/971 313/325/5
f 1736/2123/1197 1830/2248/1254 1737/2124/1198
f 421/442/240 420/441/239 1117/2249/714
f 1831/2250/1255 619/2251/377 1832/2252/1256
f 619/2253/377 1202/2254/779 1204/2255/780
f 1833/2256/11 892/971/591 893/973/592
f 414/435/233 896/976/595 415/436/234
f 489/512/261 1834/2257/1257 490/513/294
f 662/700/394 1835/2258/1258 663/701/349
f 1836/2259/1259 918/2260/614 1837/2261/1260
f 1357/1557/515 1836/2262/1259 1837/2263/1260
f 1838/2264/1261 1839/2265/1262 1679/2032/1145
f 1678/2031/1144 1838/2264/1261 1679/2032/1145
f 1840/2266/1263 592/2267/353 1841/2268/1264
f 1842/2269/1265 1840/2270/1263 1260/2271/830
f 1279/2272/845 1068/1466/681 1280/2273/846
f 1843/2274/1266 338/351/177 337/350/176
f 420/441/239 1118/2275/715 1117/2249/714
f 1844/2276/1267 1845/2277/1268 1846/2278/1269
f 81/81/11 793/841/514 1847/2279/1270
f 1848/2280/1271 779/825/507 1849/2281/1272
f 1729/2282/1190 1850/2283/1273 1851/2284/1274
f 1852/2285/781 1277/1443/843 1853/2286/1182
f 1419/1640/949 1421/1642/950 1854/2287/1275
f 405/2288/226 1419/1640/949 1854/2287/1275
f 232/432/49 1761/2156/1071 412/433/54
f 1308/1485/868 1309/1486/869 1311/1488/871
f 1202/1354/779 1855/2289/373 1203/1355/606
f 1206/1358/240 1474/1715/239 1476/1717/714
f 1856/2290/609 1121/1245/718 1674/2027/1140
f 1857/2291/1276 1858/2292/1277 1859/2293/1278
f 1860/2294/1279 1848/2280/1271 1849/2281/1272
f 900/2295/598 1214/2296/789 901/2297/599
f 1194/1338/6 50/1340/773 52/616/6
f 1861/2298/6 52/616/6 397/618/6
f 512/535/302 1105/2299/713 1244/2300/818
f 470/2301/53 469/1226/255 1104/1228/712
f 1862/2302/1280 386/402/193 388/404/214
f 1140/1264/737 1862/2303/1280 1863/2304/1281
f 438/459/253 1864/2305/1282 439/460/9
f 844/901/554 147/1555/59 845/902/555
f 1564/1845/1036 1566/1847/1037 1865/2306/1038
f 1866/2307/1283 1867/2308/1284 1868/2309/1285
f 1199/2310/1 1869/2311/1 534/557/1
f 1869/2312/1286 1199/1347/778 1870/2313/1287
f 1871/2314/1288 1611/1905/1093 1613/1907/1095
f 1871/2314/1288 1613/1907/1095 1872/2315/1289
f 396/2316/45 395/2317/221 1123/1247/720
f 935/1022/443 508/531/298 936/1023/625
f 1873/2318/960 1874/2319/1290 1875/2320/1291
f 1873/2318/960 1875/2320/1291 1876/2321/1103
f 1314/1491/763 733/2322/391 1312/2323/872
f 882/958/585 1268/1434/835 1270/1436/837
f 1877/2324/939 1878/2325/192 1879/2326/941
f 1301/1476/187 1750/2327/1206 1880/2328/1292
f 778/824/506 1881/2329/977 779/825/507
f 1882/2330/1293 1140/1264/737 1215/2331/790
f 213/2332/877 1337/2333/4 208/2334/4
f 287/2335/3 213/2336/3 1883/2337/3
f 1884/2338/1294 1883/2339/1294 213/2340/1294
f 903/984/600 908/989/604 904/985/601
f 1277/1443/843 1276/1442/842 1885/2341/749
f 720/2044/462 716/760/458 718/762/460
f 1886/2342/1295 1887/2343/1296 1888/2344/1297
f 279/287/126 95/1670/20 280/288/127
f 833/888/543 1889/2345/1298 834/889/544
f 1033/1975/5 975/1974/5 14/2346/5
f 1017/2347/5 1019/2348/5 1018/2349/5
f 1020/2350/4 1019/2351/4 1017/2352/4
f 1019/2348/5 1022/2353/5 1018/2349/5
f 1023/2354/3 1018/2355/3 1022/2356/3
f 1020/2357/6 1016/2358/6 1021/2359/6
f 1016/2360/4 1020/2350/4 1017/2352/4
f 890/2361/5 889/2362/5 891/2363/5
f 542/2364/4 889/2365/4 890/2366/4
f 497/1203/5 927/1202/5 498/2367/5
f 927/2368/3 496/2369/3 498/2370/3
f 549/1209/5 925/1208/5 550/2371/5
f 925/2372/3 548/2373/3 550/2374/3
f 926/1626/6 506/1625/6 548/2375/6
f 548/2373/3 925/2372/3 926/2376/3
f 15/1997/6 63/1996/6 977/2377/6
f 928/1629/6 100/1628/6 496/2378/6
f 496/2369/3 927/2368/3 928/2379/3
f 941/1498/3 543/2380/3 542/1496/876
f 9/1727/5 543/2381/5 941/1728/5
f 889/2362/5 974/2382/5 891/2363/5
f 398/2383/3 891/2384/3 974/2385/3
f 1034/1981/5 1035/1980/5 20/2386/5
f 37/1993/6 539/1992/6 611/2387/6
f 89/2001/6 90/2000/6 979/2388/6
f 1036/1987/5 1037/1986/5 36/2389/5
f 924/1623/6 503/1622/6 499/2390/6
f 499/2391/3 923/2392/3 924/2393/3
f 500/1206/5 923/1205/5 501/2394/5
f 923/2392/3 499/2391/3 501/2395/3
f 1016/2358/6 1023/2396/6 1021/2359/6
f 1021/2397/3 1023/2354/3 1022/2356/3
f 1890/2398/3 1891/2399/3 1892/2400/3
f 1893/2401/3 1894/2402/3 1895/2403/3
f 1896/2404/1299 1897/2405/1300 1898/2406/1301
f 1899/2407/1302 1900/2408/1303 1901/2409/1304
f 1891/2399/3 1890/2398/3 1902/2410/3
f 1903/2411/1305 694/972/20 695/2412/439
f 1325/1513/543 1327/1515/884 1329/1517/886
f 1904/2413/1306 1905/2414/1307 1906/2415/1308
f 1894/2402/3 1893/2401/3 1907/2416/3
f 1908/2417/3 1909/2418/3 1910/2419/3
f 1909/2418/3 1908/2417/3 1911/2420/3
f 475/497/282 1316/2421/874 476/498/283
f 1889/2345/1298 1912/2422/1309 834/889/544
f 1815/2423/1245 1212/1364/787 1211/1363/786
f 881/956/584 880/955/583 1913/2424/1310
f 660/1385/802 1667/2020/301 1914/2425/453
f 1051/1155/666 1669/2022/54 1052/1156/667
f 730/774/471 1915/2426/1311 1916/2427/1312
f 591/629/352 1917/2428/1313 592/630/353
f 1918/2429/1314 1919/2430/1315 344/357/182
f 685/2431/435 1062/1169/675 1920/2432/1316
f 1921/2433/1317 1922/2434/1318 1328/1516/885
f 585/1288/346 587/625/348 589/627/350
f 707/751/451 511/534/301 709/753/453
f 1439/1665/962 1923/2435/1319 1440/1666/963
f 414/435/233 894/974/593 896/976/595
f 1924/2436/1320 1925/2437/1321 1926/2438/1322
f 352/2439/188 354/367/190 353/2440/189
f 1423/2441/951 1425/1646/953 1427/1648/7
f 1901/2409/1304 1900/2408/1303 1927/2442/1323
f 1905/2414/1307 1904/2413/1306 1928/2443/1324
f 1929/2444/1325 1930/2445/1326 1931/2446/1327
f 1932/2447/1328 1933/2448/1329 1934/2449/1330
f 1935/2450/1331 1897/2405/1300 1896/2404/1299
f 852/2451/1 1936/2452/1 10/1481/1
f 1937/2453/1332 1287/2454/1333 1936/2455/1334
f 1938/2456/5 9/1727/5 363/1729/5
f 1939/2457/5 284/2458/5 9/1727/5
f 1616/2459/1098 1940/2460/1335 1941/2461/1030
f 231/2462/105 1616/2459/1098 1941/2461/1030
f 1617/2463/261 1702/2075/1031 1705/2078/1166
f 1267/2464/105 1617/2463/261 1705/2078/1166
f 704/2465/448 1942/2466/1336 1271/1437/838
f 1539/1818/1035 1074/2467/687 1412/1618/943
f 790/838/395 1661/2468/1129 1943/2469/1337
f 1513/1770/1031 1944/2470/1338 1514/1771/1032
f 681/719/431 480/2471/287 682/720/432
f 1288/1456/853 1291/1460/856 1289/1457/854
f 509/532/299 1331/2472/276 1330/1518/887
f 1124/1248/721 1128/1252/725 1125/1249/722
f 1945/2473/1339 1946/2474/1340 1947/2475/1341
f 1948/2476/1342 1688/2049/1151 1949/2477/1343
f 1335/1523/891 902/2478/326 1336/1524/892
f 1587/1873/1076 905/2479/602 907/2480/603
f 1950/2481/1344 1080/1189/692 1079/1188/691
f 1144/1271/740 620/658/378 1145/1272/741
f 1141/1265/738 812/1267/531 1604/1893/1091
f 547/579/322 1473/2482/995 1472/1711/994
f 1951/2483/1345 750/794/483 1952/2484/1346
f 1951/2483/1345 1953/2485/1347 750/794/483
f 1954/2486/1348 1181/1320/761 633/1322/391
f 1339/1534/543 1468/1705/991 1470/1707/993
f 1714/2487/646 929/1016/619 931/1018/621
f 1714/2091/646 1955/2488/1008 1715/2092/1176
f 616/654/374 1693/2489/1156 617/655/375
f 1956/2490/403 1465/1702/988 1467/1704/990
f 1957/2491/1349 1958/2492/1350 1959/2493/1351
f 1960/2494/1352 1957/2495/1349 1959/2496/1351
f 1961/2497/1353 1497/1746/1016 1499/1748/1018
f 1710/2083/853 1431/1654/957 1711/2084/1171
f 1962/2498/1354 80/80/10 598/636/359
f 1963/2499/1355 1962/2500/1354 598/2501/359
f 1964/2502/1356 1867/2308/1284 1866/2307/1283
f 1844/2276/1267 1965/2503/1357 1845/2277/1268
f 463/485/272 699/2504/443 464/486/273
f 1762/2157/1216 1766/2161/1220 1763/2158/1217
f 1966/2505/1358 438/459/253 437/458/252
f 1967/2506/1359 1966/2507/1358 437/2508/252
f 628/666/386 624/2509/382 629/667/387
f 1581/1867/712 1585/1871/1074 1582/1868/1072
f 1030/1130/654 1639/1945/1115 1031/1131/655
f 1968/2510/1360 1443/2511/966 1445/2512/968
f 1969/2513/1361 1970/2514/1362 1971/2515/1363
f 869/940/576 867/938/574 870/941/577
f 1972/2516/1364 1973/2517/1365 1974/2518/1366
f 209/2519/3 206/208/3 208/210/3
f 1650/1960/1 206/1962/1 209/558/1
f 217/2520/4 210/220/4 216/222/4
f 217/559/1 216/2521/1 1975/2522/1
f 949/2523/632 641/679/397 643/681/399
f 1754/2145/1209 1976/2524/1367 1753/2146/1101
f 1088/2525/697 1237/1394/811 1977/2526/1368
f 1089/2527/45 1088/2525/697 1977/2526/1368
f 1144/1271/740 618/656/376 620/658/378
f 1978/2528/1369 1612/2529/1094 1979/2530/1370
f 1980/2531/1371 836/891/546 684/893/434
f 1591/1877/1080 343/356/181 345/358/183
f 1298/1472/862 1300/1475/864 1092/1211/699
f 565/598/334 1666/2019/1134 566/599/335
f 151/153/63 1981/2532/37 152/154/37
f 830/882/541 1981/2533/6 151/2534/6
f 466/488/275 1758/2151/1212 1507/1760/1026
f 1238/1395/812 1510/1763/1029 1239/1396/813
f 948/1039/631 1982/2535/1372 949/1040/632
f 1391/1595/665 1983/2536/1373 1703/2076/1164
f 1984/2537/1374 1985/2538/207 1986/2539/1375
f 1057/2540/670 1984/2541/1374 1986/2542/1375
f 1987/2543/1376 584/622/345 586/624/347
f 1325/1513/543 1329/1517/886 1326/1514/883
f 1988/2544/1232 1596/2545/1084 1598/2546/710
f 1062/1169/675 683/721/433 1920/2432/1316
f 1989/2547/1377 409/2548/229 1622/2549/1101
f 1661/2004/1129 789/837/512 1943/2550/1337
f 1990/2551/1378 1991/2552/1379 1992/2553/1380
f 332/2554/172 1990/2555/1378 1992/2556/1380
f 802/1035/522 83/83/9 946/1036/629
f 1423/2441/951 1427/1648/7 1424/2557/952
f 1993/2558/1180 1850/2283/1273 1729/2282/1190
f 1243/1400/817 1242/1399/816 1994/2559/1381
f 1273/1439/374 1995/2560/1382 1274/1440/840
f 1996/2561/1383 1495/2562/1014 1496/2563/1015
f 1997/2564/1279 1998/2565/125 1999/2566/1384
f 2000/2567/1385 1997/2564/1279 1999/2566/1384
f 2001/2568/1386 2002/2569/1387 2003/2570/1388
f 1676/2029/1142 2004/2571/1389 2005/2572/1390
f 766/810/82 768/812/64 2006/2573/83
f 1251/1414/823 2007/2574/1391 798/846/518
f 289/2575/132 1713/2090/1175 290/2576/133
f 2008/2577/1261 1540/1819/1036 1542/1821/1038
f 2009/2578/1229 2010/2579/333 2011/2580/38
f 2012/2581/1392 2013/2582/1393 2014/2583/1394
f 2015/2584/1395 2016/2585/1396 2017/2586/1397
f 1691/2587/1154 557/589/326 559/591/328
f 1224/1377/797 1223/1376/796 2018/2588/1398
f 591/629/352 1149/1276/743 1917/2428/1313
f 2019/2589/1399 2020/2590/1400 2021/2591/1401
f 2022/2592/1402 1614/1908/1096 1615/1909/1097
f 2023/2593/579 2024/2594/581 2025/2595/579
f 286/2596/1 287/2597/1 2026/2598/1
f 2026/2599/3 287/2600/3 1883/2601/3
f 1657/1970/1126 474/2602/281 1658/1971/1127
f 1078/1187/690 833/888/543 835/890/545
f 2013/2582/1393 2012/2581/1392 2027/2603/1403
f 2028/2604/1404 2029/2605/1405 2002/2569/1387
f 176/2606/1406 175/2607/1407 2030/2608/1408
f 2031/2609/1409 1191/1332/770 1633/1933/1110
f 286/2610/4 2032/2611/4 1884/2612/4
f 2026/2598/1 2032/2613/1 286/2596/1
f 239/247/109 568/601/337 240/248/110
f 874/945/6 568/2614/6 239/2615/6
f 820/870/234 1453/1687/976 1455/1689/978
f 1421/1642/950 300/1160/143 302/2616/145
f 120/2617/41 489/2618/261 121/2619/42
f 94/94/19 1645/1951/1117 1085/1194/90
f 2033/2620/1410 2034/2621/1411 2035/2622/1412
f 2036/2623/1413 2037/2624/1414 2038/2625/1415
f 2039/2626/4 2040/2627/4 28/2628/4
f 29/2629/1 28/2630/1 2040/2631/1
f 2041/2632/1416 1381/1583/919 1383/1585/921
f 1651/1959/1122 1381/1583/919 2041/2632/1416
f 2023/2593/579 2042/2633/1417 2043/2634/1418
f 1247/1404/6 2042/2635/1173 2023/2636/6
f 1472/2637/994 1473/1712/995 2044/2638/32
f 140/142/53 343/356/181 1591/1877/1080
f 1319/1507/879 2045/2639/1419 1320/1508/840
f 1475/2640/715 1632/2641/1109 1634/2642/1111
f 192/194/26 2046/2643/1420 193/195/88
f 2047/2644/1421 2048/2645/1422 2046/2643/1420
f 867/938/574 866/937/573 2049/2646/1423
f 1192/2647/771 1947/2475/1341 1193/2648/772
f 1177/1316/757 2050/2649/1424 1000/1094/641
f 1180/1319/760 1179/1318/759 376/392/203
f 321/333/161 281/289/128 283/291/130
f 1189/2650/651 2051/2651/1425 1221/2652/794
f 286/2653/4 1884/2654/4 218/2655/4
f 1341/2177/1 1884/2656/4 218/2178/4
f 213/2340/2 218/2657/2 1884/2338/2
f 914/2658/610 2052/2659/1426 2053/2660/1427
f 914/2661/610 2054/2662/1428 915/2663/611
f 395/2317/221 1124/1248/721 1123/1247/720
f 190/192/86 189/191/56 2055/2664/1429
f 2056/2665/1430 2057/2666/1431 2058/2667/1432
f 2057/2666/1431 2056/2665/1430 2059/2668/1433
f 2060/2669/1434 2061/2670/1435 2062/2671/1436
f 123/1650/44 1710/2083/853 1428/1651/720
f 98/98/23 97/97/22 2063/2672/1429
f 2064/2673/6 2065/2674/6 2066/2675/6
f 2067/2676/1434 2068/2677/1435 2069/2678/1436
f 2070/2679/6 2071/2680/6 2072/2681/6
f 2073/2682/5 2074/2683/5 2075/2684/5
f 2076/2685/5 2077/2686/5 2078/2687/5
f 2079/2688/1434 2080/2689/1437 2081/2690/1436
f 2082/2691/6 2083/2692/6 2084/2693/6
f 2085/2694/5 2086/2695/5 2087/2696/5
f 2088/2697/5 2089/2698/5 2090/2699/5
f 2091/2700/5 2092/2701/5 2093/2702/5
f 2094/2703/5 2095/2704/5 2096/2705/5
f 373/389/200 2097/2706/549 374/390/201
f 660/1385/802 1914/2425/453 1229/1386/803
f 2098/2707/84 157/159/68 2099/2708/85
f 1201/1351/6 157/2709/6 2098/2710/6
f 1679/2032/1145 1839/2265/1262 2100/2711/1438
f 2101/2712/1221 774/818/502 776/820/504
f 83/83/9 2102/2713/1439 946/1036/629
f 1389/1593/98 139/141/52 141/143/54
f 2103/2714/1440 1657/1970/1126 1656/1969/1125
f 2104/2715/1441 2103/2714/1440 1656/1969/1125
f 1027/1127/651 1491/2716/1010 1028/1128/652
f 1026/1126/650 1240/1397/814 2105/2717/831
f 2106/2718/68 2107/2719/1442 713/2720/66
f 2108/2721/6 2107/2722/6 2106/2723/6
f 963/2724/2 964/2725/2 959/2726/2
f 961/2727/6 963/2728/6 959/2729/6
f 958/2730/1 965/2731/1 961/2732/1
f 958/2733/6 961/2727/6 959/2729/6
f 964/2725/2 960/2734/2 959/2726/2
f 965/2735/5 960/2736/5 964/2737/5
f 965/2731/1 962/2738/1 961/2732/1
f 962/2739/5 965/2735/5 964/2737/5
f 2109/2740/3 2110/2741/3 2111/2742/3
f 2112/2743/3 2113/2744/3 2114/2745/3
f 2115/2746/3 2116/2747/3 2117/2748/3
f 2118/2749/4 2119/2750/4 2120/2751/4
f 2121/2752/4 2122/2753/4 2123/2754/4
f 2124/2755/4 2125/2756/4 2126/2757/4
f 447/1768/261 1513/1770/1031 1512/1769/1030
f 108/108/30 107/107/29 2127/2758/696
f 808/1167/527 1288/1456/853 1061/1168/674
f 144/146/23 143/145/56 2128/2759/1429
f 1456/2760/979 1458/2761/981 377/393/204
f 1178/1317/758 2129/2762/1443 2130/2763/1444
f 382/398/209 384/400/211 597/635/358
f 2131/2764/1445 1882/2765/1293 1215/2766/790
f 895/2767/594 2132/2768/1446 2133/2769/1447
f 896/976/595 895/975/594 2133/2770/1447
f 439/460/9 1355/1553/8 1356/1554/896
f 224/2771/98 1668/2021/1135 1669/2022/54
f 2134/2772/1448 2135/2773/1449 1240/1397/814
f 872/943/84 2136/2774/67 873/944/84
f 1259/1425/651 1842/2775/1265 1260/1426/830
f 1568/2776/1059 1262/1428/831 1264/1430/833
f 1567/1848/561 1262/2777/831 1568/1849/1059
f 159/2778/1450 104/104/26 103/103/25
f 644/682/400 294/306/137 1304/1479/866
f 1855/2289/373 1321/2779/880 1203/1355/606
f 786/2780/1451 2137/2781/1452 1223/1376/796
f 2138/2782/1453 1159/1291/239 1760/2155/1215
f 2139/2783/1454 2059/2668/1433 2140/2784/1455
f 2059/2668/1433 2139/2783/1454 2057/2666/1431
f 863/1683/570 163/165/73 164/166/74
f 1238/1395/812 1508/1761/1027 1510/1763/1029
f 1119/1243/716 1120/2785/717 1122/2786/719
f 1660/2787/840 1857/2788/1276 1234/2789/808
f 1070/1177/683 719/763/461 945/1034/628
f 1504/1754/1023 1503/2790/1022 1073/1180/686
f 1387/2791/924 2141/2792/1456 1388/2793/756
f 657/695/413 999/2055/640 658/696/414
f 2142/2794/1457 2143/2795/1458 1590/2796/1079
f 2144/2797/1459 2142/2794/1457 1590/2796/1079
f 1737/2124/1198 1233/1390/807 1235/1392/809
f 267/275/116 422/443/241 268/276/117
f 581/2798/1 579/2799/1 578/2800/1
f 579/2801/5 581/2802/5 582/2803/5
f 1352/2804/2 1353/2805/2 1348/2806/2
f 1350/2807/5 1352/2808/5 1348/2809/5
f 1350/2810/1 1347/2811/1 1354/2812/1
f 1347/2813/5 1350/2807/5 1348/2809/5
f 1353/2805/2 1349/2814/2 1348/2806/2
f 1354/2815/6 1349/2816/6 1353/2817/6
f 576/2818/2 580/2819/2 582/2820/2
f 578/2821/6 580/2822/6 576/2823/6
f 1351/2824/1 1350/2810/1 1354/2812/1
f 1351/2825/6 1354/2815/6 1353/2817/6
f 575/2826/1 581/2798/1 578/2800/1
f 575/2827/6 578/2821/6 576/2823/6
f 2145/2828/1460 1066/2829/679 1068/2830/681
f 1867/2308/1284 1865/2306/1038 1868/2309/1285
f 284/1859/1 285/2831/1 10/1857/1
f 1939/2457/5 285/2832/5 284/2458/5
f 277/1337/1 276/2833/1 50/1335/1
f 276/1773/5 277/2834/5 1515/1774/5
f 577/2835/2 576/2818/2 582/2820/2
f 581/2802/5 577/2836/5 582/2803/5
f 776/820/504 1027/1127/651 1029/1129/653
f 1343/1541/895 1342/1540/894 2146/2837/1461
f 2147/2838/198 394/410/220 741/785/479
f 2148/2839/1462 2147/2840/198 741/2841/479
f 1300/1475/864 1093/1212/700 1092/1211/699
f 2149/2842/1136 2150/2843/1463 2151/2844/1464
f 600/1411/360 1250/2845/822 1511/1766/551
f 1151/2846/524 389/405/215 390/406/216
f 1163/1295/751 1252/2847/824 1254/2848/826
f 648/2849/404 650/2850/406 2152/2851/1465
f 2153/2852/1466 2154/2853/1467 2155/2854/1467
f 1290/1459/855 2156/2855/1468 2157/2856/1469
f 1291/1460/856 1290/1459/855 2157/2856/1469
f 651/689/407 653/691/409 1548/1827/1046
f 472/494/279 1968/2857/1360 473/495/280
f 2158/2858/1470 2139/2859/1454 2140/2860/1455
f 2158/2861/1 2140/2862/1 2159/2863/1
f 1796/2205/1237 272/2207/121 2160/2864/1471
f 1798/2865/1239 1642/1948/1115 811/861/530
f 1343/1541/895 2146/2837/1461 772/816/500
f 2161/2866/1472 2162/2867/1473 2163/2868/1474
f 857/923/564 291/303/134 293/305/136
f 1403/1609/934 1399/2869/932 1401/2870/794
f 2164/2871/1 2165/2872/1 2058/2873/1
f 2164/2874/1475 2166/2875/1476 2165/2876/1477
f 1276/1442/842 2167/2877/1478 1885/2341/749
f 240/2878/1479 569/2879/1480 2168/2880/1481
f 1869/2881/3 2169/2882/3 2170/2883/3
f 2171/2884/2 2170/2885/2 2169/2886/2
f 2169/2886/2 2172/2887/2 2171/2884/2
f 2173/2888/4 2171/2889/4 2172/2890/4
f 2174/2891/2 2175/2892/2 31/2893/2
f 32/2894/3 31/2895/3 2175/2896/3
f 116/118/37 2176/2897/1482 117/119/38
f 2177/2898/1483 2176/2899/1484 116/2900/6
f 2178/2901/1485 160/2902/70 162/2903/72
f 1200/1348/6 160/2904/6 2178/2905/6
f 967/2906/2 971/2907/2 968/2908/2
f 969/2909/4 971/2910/4 967/2911/4
f 972/2912/1 970/2913/1 966/2914/1
f 970/2915/3 972/2916/3 973/2917/3
f 970/2913/1 969/2918/1 966/2914/1
f 966/2919/4 969/2909/4 967/2911/4
f 971/2907/2 973/2920/2 968/2908/2
f 972/2916/3 968/2921/3 973/2917/3
f 2179/2922/1486 2180/2923/1487 2181/2924/1488
f 2180/2923/1487 1954/2925/1348 2181/2924/1488
f 1149/1276/743 595/1278/356 1917/2428/1313
f 1915/2426/1311 1043/1145/660 1045/1147/662
f 2182/2926/1489 2154/2853/1467 2183/2927/1490
f 451/2928/317 2184/2929/1491 2185/2930/1492
f 2185/2931/1492 541/567/315 451/569/317
f 1135/1259/732 2186/2932/1493 1881/2933/977
f 778/824/506 1135/2934/732 1881/2329/977
f 321/333/161 283/291/130 322/334/162
f 2187/2935/1099 1387/1591/924 1386/1590/235
f 2188/2936/1494 2189/2937/1495 1313/2938/873
f 2189/2937/1495 1314/2939/763 1313/2938/873
f 2190/2940/1496 914/2941/610 2191/2942/279
f 1970/2514/1362 425/446/243 1971/2515/1363
f 2110/2741/3 2109/2740/3 2192/2943/3
f 2116/2747/3 2115/2746/3 2193/2944/3
f 2113/2744/3 2112/2743/3 2194/2945/3
f 2119/2750/4 2118/2749/4 2195/2946/4
f 2122/2753/4 2121/2752/4 2196/2947/4
f 2125/2756/4 2124/2755/4 2197/2948/4
f 2198/2949/1497 191/193/87 1716/2093/1177
f 1292/2950/1498 829/2951/1499 2198/2949/1497
f 2199/2952/1500 1465/1702/988 1956/2490/403
f 197/199/91 199/201/72 782/830/338
f 906/987/164 1652/1965/400 1653/1966/1057
f 904/985/601 908/989/604 910/991/606
f 1359/1559/898 1926/2438/1322 1452/2953/975
f 1359/1559/898 1924/2436/1320 1926/2438/1322
f 324/336/164 1559/1840/400 1562/1843/1057
f 1226/1380/799 615/653/373 1153/1283/606
f 318/995/158 915/997/611 319/2954/159
f 146/1556/58 2200/2955/1501 1357/1557/515
f 449/821/1 217/559/1 2201/2956/1
f 449/470/6 2201/2957/6 450/471/6
f 929/1016/619 2202/2958/1502 930/1017/620
f 2202/2958/1502 1691/2053/1154 930/1017/620
f 2203/2959/224 2204/2960/1503 2205/2961/1504
f 385/401/212 596/2962/357 292/304/135
f 1154/1284/744 2206/2963/290 1155/1285/745
f 444/465/258 2207/2964/1505 445/466/259
f 560/593/329 334/347/161 336/349/175
f 1296/1465/860 1261/1427/653 1297/2965/861
f 1433/2236/959 1435/1658/960 1820/2237/1103
f 1835/2258/1258 2208/2966/1337 663/701/349
f 1185/1326/765 1754/2145/1209 1186/1327/766
f 639/677/395 2209/2967/389 640/678/396
f 838/2968/548 1486/1734/1005 1488/1736/1007
f 839/896/549 838/895/548 2210/2969/1506
f 303/315/128 2211/2970/357 304/316/146
f 1491/1740/1010 1490/1739/1009 1028/2971/652
f 1100/1223/708 2212/2972/285 1101/1224/709
f 1685/2973/1148 2213/2974/1507 1099/2975/707
f 791/2149/513 434/455/249 436/457/251
f 1183/1324/763 2214/2976/1508 1184/1325/764
f 2215/2977/1509 1649/2978/1120 2216/2979/250
f 2206/2963/290 2215/2980/1509 2216/2981/250
f 82/82/12 81/81/11 1847/2279/1270
f 134/1531/47 792/1533/36 1340/1535/586
f 2217/2982/1510 1791/2983/1233 1793/2984/1235
f 1807/2218/972 2217/2982/1510 1808/2219/1006
f 1402/1608/933 1399/2869/932 1403/1609/934
f 1294/1463/858 2218/2985/1511 1295/1464/859
f 2219/2986/1512 2220/2987/1513 1826/2244/1252
f 2219/2986/1512 1826/2244/1252 1825/2243/1251
f 1384/1586/922 2221/2988/1514 1383/1585/921
f 216/2521/1 2222/2989/1 1384/2990/1
f 391/407/217 2223/2991/1515 392/408/218
f 1331/1519/276 431/452/246 1330/2992/887
f 1860/2294/1279 2224/2993/1516 2225/2994/1517
f 1478/2995/642 1860/2294/1279 2225/2994/1517
f 2226/2996/1518 1802/2997/1049 1449/2998/972
f 1228/1383/801 2226/2999/1518 1449/1680/972
f 2227/3000/1519 474/496/281 1655/1968/1124
f 1076/1183/689 950/1041/633 952/1043/634
f 622/1270/380 1145/1272/741 623/3001/381
f 458/479/267 1950/2481/1344 1079/1188/691
f 2228/3002/1520 2229/3003/594 2230/3004/1521
f 2231/3005/1522 2228/3002/1520 2230/3004/1521
f 1550/1829/1048 651/689/407 1547/1826/1045
f 1163/1295/751 1254/2848/826 1255/1418/827
f 2232/3006/1523 1558/3007/1054 596/2962/357
f 1557/1838/1053 1715/2092/1176 1400/1606/652
f 1664/2016/1132 771/3008/499 773/2017/501
f 2233/3009/826 1095/1214/702 1097/1216/704
f 154/156/65 2234/3010/1442 155/157/66
f 1098/1217/705 2234/3011/1524 154/3012/1525
f 1623/1922/1102 1989/2547/1377 1624/1923/1103
f 790/838/395 1943/2469/1337 588/626/349
f 2235/3013/1526 2236/3014/1527 2237/3015/1526
f 428/449/37 2238/3016/1528 429/450/38
f 922/1004/6 2238/3017/1484 428/3018/6
f 1806/3019/1051 1807/2218/972 1809/2220/1052
f 512/535/302 1244/2300/818 513/536/303
f 880/3020/583 483/505/290 485/507/251
f 1314/1491/763 1312/2323/872 1315/1492/633
f 1803/2214/1233 477/499/284 1805/2216/1234
f 813/863/298 816/866/433 625/663/383
f 1786/3021/1230 1787/2192/958 1788/2194/1120
f 634/672/392 1536/1815/473 635/673/393
f 1553/2195/1049 1790/2198/1232 1789/2196/1231
f 699/742/443 1091/1201/698 700/743/444
f 1599/1888/1086 1988/2544/1232 2239/3022/1231
f 685/2431/435 1920/2432/1316 686/3023/436
f 1746/3024/1203 1747/2136/958 2240/3025/1529
f 734/778/474 732/776/473 735/779/475
f 486/508/291 1432/1655/958 487/509/292
f 1316/1494/874 664/702/418 1317/1495/875
f 1791/2199/1233 1794/2202/708 1792/2200/1234
f 508/531/298 510/533/300 936/1023/625
f 410/429/230 1555/3026/1051 1827/3027/1253
f 1308/1485/868 1311/1488/871 788/836/511
f 295/3028/138 1395/1599/929 1397/1601/931
f 1322/1510/881 870/3029/577 1323/1511/882
f 1874/3030/1290 1626/1926/1104 1628/1928/1106
f 707/751/451 709/753/453 708/752/452
f 2241/3031/1530 323/3032/163 325/339/165
f 1691/2587/1154 559/591/328 1692/3033/1155
f 1724/2104/1185 1218/3034/791 1220/2105/793
f 460/482/87 1872/2315/1289 2242/3035/814
f 426/1587/244 320/332/160 1385/1588/923
f 2243/3036/1531 1190/3037/769 2244/3038/1532
f 2245/3039/1533 1873/2318/960 1876/2321/1103
f 1787/2192/958 2245/3040/1533 1537/2193/1033
f 2246/3041/1534 1623/3042/1102 1625/3043/767
f 2215/2977/1509 2246/3041/1534 1649/2978/1120
f 234/242/107 1843/2274/1266 235/243/108
f 1064/1171/677 1280/3044/846 1065/1172/678
f 912/1471/608 1299/1474/863 1298/1472/862
f 1676/2029/1142 2005/2572/1390 1677/2030/1143
f 2247/3045/1535 1358/3046/897 1360/3047/899
f 728/772/212 1361/3048/900 335/348/174
f 1335/1523/891 1333/3049/889 902/2478/326
f 1850/2283/1273 1853/2286/1182 1851/2284/1274
f 2248/3050/4 502/3051/1536 504/3052/4
f 2249/3053/1537 2250/3054/1538 2248/3055/1539
f 1883/3056/4 1337/2333/4 213/2332/877
f 1813/2225/1243 1815/2227/1245 1597/1886/1085
f 1596/1885/1084 1813/2225/1243 1597/1886/1085
f 2251/3057/1540 2252/3058/1540 251/3059/1541
f 1948/2476/1342 1686/2047/1149 1688/2049/1151
f 691/733/79 693/735/332 2253/3060/333
f 1008/1104/648 1003/1099/643 1005/1101/645
f 711/755/455 1586/1872/1075 1588/1874/1077
f 1601/1890/1088 1799/3061/1240 1602/1891/1089
f 2254/3062/1542 1797/2208/1238 1799/2210/1240
f 1081/3063/602 297/309/140 1082/3064/693
f 619/2251/377 1204/3065/780 1832/2252/1256
f 1693/2058/1156 2255/3066/1543 1694/2059/1157
f 612/650/370 1549/1828/1047 613/651/371
f 56/3067/3 19/3068/3 21/3069/3
f 68/3070/3 42/3071/3 38/3072/3
f 181/3073/4 667/3074/4 180/3075/4
f 46/3076/4 47/3077/4 44/3078/4
f 187/3079/4 665/3080/4 186/3081/4
f 25/3082/3 13/3083/3 62/3084/3
f 47/3077/4 46/3076/4 4/3085/4
f 665/3080/4 187/3079/4 185/3086/4
f 667/3074/4 181/3073/4 183/3087/4
f 2256/3088/5 2257/3089/5 846/3090/5
f 2256/3088/5 846/3090/5 847/3091/5
f 2239/3092/1231 341/354/180 340/353/179
f 1599/1888/1086 2239/3022/1231 1487/1735/1006
f 2240/3093/1529 408/427/228 407/426/149
f 1746/3024/1203 2240/3025/1529 484/3094/250
f 423/444/137 1659/3095/1128 1538/1817/1034
f 2258/3096/1544 1857/2291/1276 1859/2293/1278
f 1802/2213/1049 1804/2215/1231 2259/3097/1006
f 1449/3098/972 1802/3099/1049 2259/3100/1006
f 30/3101/3 29/3102/3 2260/3103/3
f 2040/2631/1 2260/3104/1 29/2629/1
f 2261/3105/1545 954/1045/636 953/1044/635
f 1076/1183/689 952/1043/634 1077/1184/584
f 99/1603/4 1398/1602/4 2262/3106/4
f 505/3107/4 2263/3108/4 2264/3109/4
f 606/644/366 608/646/368 610/648/248
f 1758/2151/1212 443/2153/257 1507/1760/1026
f 1719/2098/1181 2265/3110/781 1720/2099/1182
f 877/950/581 2266/3111/60 2267/3112/62
f 2268/3113/1546 729/3114/470 731/3115/472
f 1260/3116/830 1840/2266/1263 1841/2268/1264
f 126/3117/1547 125/3118/1547 130/3119/1547
f 131/3120/6 130/3121/6 125/3122/6
f 129/3123/5 128/3124/5 127/3125/5
f 132/3126/3 127/3127/3 128/3128/3
f 1810/2221/11 2269/3129/514 1811/2222/34
f 832/1186/36 833/888/543 1078/1187/690
f 2270/3130/1548 2271/3131/1549 2272/3132/1548
f 1924/2436/1320 331/344/171 333/346/173
f 1915/2426/1311 1045/1147/662 1916/2427/1312
f 1577/1863/1068 1579/1865/1070 2273/3133/1550
f 2274/3134/1550 2275/3135/1551 2276/3136/1552
f 2277/3137/1553 367/383/194 369/385/196
f 1420/1641/759 300/1160/143 1421/1642/950
f 1451/3138/974 2278/3139/1554 2279/3140/1555
f 418/3141/237 1451/3138/974 2279/3140/1555
f 2280/3142/1548 2281/3143/1549 2282/3144/1556
f 2270/3130/1548 2283/3145/1557 2284/3146/1558
f 2280/3142/1548 2285/3147/1559 2286/3148/1557
f 1572/1853/1063 1574/1855/1065 2287/3149/1560
f 2275/3135/1551 2274/3134/1550 2288/3150/1561
f 2089/2698/5 2088/2697/5 2289/3151/5
f 2074/2683/5 2073/2682/5 2290/3152/5
f 2071/2680/6 2070/2679/6 2291/3153/6
f 2095/2704/5 2094/2703/5 2292/3154/5
f 2092/2701/5 2091/2700/5 2293/3155/5
f 2077/2686/5 2076/2685/5 2294/3156/5
f 2065/2674/6 2064/2673/6 2295/3157/6
f 2080/2689/1437 2079/2688/1434 2296/3158/1562
f 2086/2695/5 2085/2694/5 2297/3159/5
f 2083/2692/6 2082/2691/6 2298/3160/6
f 2061/2670/1435 2060/2669/1434 2299/3161/1562
f 2068/2677/1435 2067/2676/1434 2300/3162/1562
f 1139/1263/736 1862/2303/1280 1140/1264/737
f 325/337/165 324/336/164 1563/1844/142
f 2260/3103/3 2301/3163/3 30/3101/3
f 35/3164/2 30/3165/2 2301/3166/2
f 1504/1754/1023 1501/3167/1020 1503/2790/1022
f 235/243/108 1843/2274/1266 337/350/176
f 534/557/1 535/1424/1 751/856/1
f 751/795/484 2302/3168/1563 1952/2484/1346
f 2163/2868/1474 1172/3169/236 1174/3170/756
f 545/577/320 1592/3171/1081 546/578/321
f 1410/1616/941 1411/3172/942 1413/3173/944
f 329/342/169 703/3174/447 330/343/170
f 2303/3175/1564 645/683/401 647/685/403
f 690/732/337 2304/3176/1485 2305/3177/1565
f 1620/1918/1100 1619/1917/236 1621/3178/756
f 739/783/320 897/3179/596 740/784/478
f 366/382/193 804/3180/524 806/3181/526
f 743/787/313 1594/3182/360 744/788/480
f 1751/3183/1207 317/329/157 1752/3184/1208
f 2306/3185/1566 145/147/57 147/149/59
f 2307/3186/1567 1744/2133/1201 1745/2134/1202
f 260/3187/113 232/238/49 261/3188/98
f 866/3189/573 2243/3190/1531 2049/3191/1423
f 2308/3192/1568 2243/3036/1531 2244/3038/1532
f 2301/3166/2 2039/3193/2 35/3164/2
f 28/2628/4 35/3194/4 2039/2626/4
f 2211/3195/357 712/756/268 304/3196/146
f 404/3197/225 1419/1640/949 405/2288/226
f 42/3071/3 68/3070/3 74/3198/3
f 13/3083/3 25/3082/3 45/3199/3
f 19/3068/3 56/3067/3 66/3200/3
f 1082/3064/693 297/309/140 299/311/142
f 1457/3201/980 379/395/206 1458/3202/981
f 907/988/603 906/987/164 1654/1967/1123
f 1056/3203/669 1984/2537/1374 1057/3204/670
f 531/554/313 840/3205/550 532/555/314
f 1878/2325/192 1880/2328/1292 1879/2326/941
f 1659/1972/1128 515/538/305 1538/3206/1034
f 1539/1818/1035 1072/3207/685 1074/2467/687
f 2052/2659/1426 1386/1590/235 2053/2660/1427
f 2309/3208/319 687/727/320 656/729/412
f 2020/2590/1400 1230/1387/804 2021/2591/1401
f 1718/2097/1180 1719/2098/1181 1721/2100/1183
f 2048/2645/1422 1222/1375/795 1224/1377/797
f 556/3209/1569 1222/1375/795 2048/2645/1422
f 1231/3210/805 1736/2123/1197 1232/2122/806
f 2265/3110/781 421/442/240 1720/2099/1182
f 1440/3211/963 2310/3212/1570 2311/3213/1571
f 2312/3214/1572 1440/3215/963 2311/3216/1571
f 1887/2343/1296 416/437/235 1888/2344/1297
f 2313/3217/1573 858/925/565 860/927/567
f 1559/1840/400 1561/1842/1056 1562/1843/1057
f 2314/3218/1574 1150/1279/187 1151/1281/524
f 2315/3219/1575 2316/3220/1576 1912/2422/1309
f 1889/2345/1298 2315/3219/1575 1912/2422/1309
f 2317/3221/1577 2318/3222/1578 2319/3223/1579
f 2320/3224/1580 2317/3221/1577 2319/3223/1579
f 2321/3225/1581 2322/3226/1582 2323/3227/1583
f 1142/3228/739 1796/2205/1237 2160/2864/1471
f 2324/3229/1584 2325/3230/1585 2326/3231/1586
f 2327/3232/1587 2324/3229/1584 2326/3231/1586
f 2328/3233/1588 536/3234/4 2329/3235/1589
f 2329/3236/1 536/3237/1 535/1424/1
f 352/2439/188 273/281/122 354/367/190
f 1496/1745/1015 565/598/334 567/600/336
f 2330/3238/1590 2331/3239/1591 1469/1706/992
f 1468/1705/991 2330/3238/1590 1469/1706/992
f 1237/1394/811 1239/1396/813 2332/3240/1592
f 1977/2526/1368 1237/1394/811 2332/3240/1592
f 1940/2460/1335 2333/3241/1593 2334/3242/1032
f 1941/2461/1030 1940/2460/1335 2334/3242/1032
f 2335/3243/1594 2336/3244/1595 2337/3245/640
f 2338/3246/1596 2335/3243/1594 2337/3245/640
f 1834/2257/1257 2339/3247/1597 2340/3248/1598
f 490/513/294 1834/2257/1257 2340/3248/1598
f 1633/1933/1110 1191/1332/770 1631/1931/1108
f 869/940/576 865/936/572 867/938/574
f 2341/3249/791 2342/3250/1599 2343/3251/1600
f 2344/3252/1185 2341/3253/791 2343/3254/1600
f 289/2575/132 471/493/278 1713/2090/1175
f 1549/1828/1047 1547/1826/1045 613/651/371
f 2345/3255/1601 2306/3185/1566 843/3256/553
f 2346/3257/1602 2345/3255/1601 843/3256/553
f 2347/3258/144 697/3259/441 696/3260/440
f 2348/3261/1603 2347/3258/144 696/3260/440
f 1404/3262/935 1408/1614/939 332/3263/172
f 1044/2125/661 269/277/118 1405/3264/936
f 2349/3265/1594 2350/3266/1604 2351/3267/640
f 2352/3268/1596 2349/3265/1594 2351/3267/640
f 1862/2302/1280 388/404/214 1863/3269/1281
f 1863/3270/1281 599/637/313 601/639/361
f 2353/3271/1091 2354/3272/198 2355/3273/197
f 517/540/306 2353/3271/1091 2355/3273/197
f 1302/3274/865 2356/3275/1605 1303/3276/188
f 295/3028/138 1397/1601/931 296/3277/139
f 821/871/537 747/1691/20 2357/3278/1606
f 822/872/125 821/871/537 2357/3278/1606
f 2358/3279/1091 371/387/198 370/386/197
f 1864/2305/1282 2358/3279/1091 370/386/197
f 2328/3233/1588 2329/3235/1589 2184/3280/1491
f 451/2928/317 1376/3281/1607 2184/2929/1491
f 2175/2896/3 1684/3282/3 32/2894/3
f 33/2043/1 32/3283/1 1684/2041/1
f 31/2893/2 34/3284/2 2174/2891/2
f 1683/2040/4 2174/3285/4 34/2038/4
f 1702/2075/1031 1391/1595/665 1703/2076/1164
f 237/3286/89 2359/3287/1608 406/3288/227
f 1546/1825/1609 2360/3289/1610 2361/3290/1611
f 1546/1825/1043 2361/3290/1044 1543/1822/1044
f 2362/3291/1612 1032/3292/656 2363/3293/1613
f 2364/3294/1614 2362/3291/1612 2363/3293/1613
f 1968/2510/1360 1445/2512/968 2365/3295/1615
f 473/3296/280 1968/3297/1360 2365/3298/1615
f 1795/2204/1236 79/79/9 2366/3299/1616
f 2367/3300/1617 1795/3301/1236 2366/3302/1616
f 2368/3303/1618 2369/3304/233 820/870/234
f 2369/3304/233 1453/1687/976 820/870/234
f 1479/1721/998 1178/1317/758 1180/1319/760
f 1726/3305/1187 459/480/268 282/3306/129
f 2370/3307/1619 122/124/43 124/126/45
f 1581/1867/712 1583/1869/711 1585/1871/1074
f 422/443/241 424/445/242 268/276/117
f 1409/1615/940 1411/3172/942 1410/1616/941
f 2162/2867/1473 1172/3169/236 2163/2868/1474
f 1342/1540/894 305/317/147 2146/2837/1461
f 2371/3308/1620 2372/3309/1621 1739/2127/1184
f 610/648/248 1154/3310/744 1156/3311/746
f 2373/3312/1622 2374/3313/1623 2375/3314/1624
f 2374/3315/1623 2376/3316/1625 2375/3317/1624
f 1667/2020/301 1228/1383/801 1914/2425/453
f 1914/2425/453 1228/1383/801 1450/1681/973
f 780/826/508 604/828/364 2377/3318/592
f 81/81/11 780/826/508 2377/3318/592
f 2378/3319/1087 1070/1177/683 1069/1176/682
f 2379/3320/1626 2378/3319/1087 1069/1176/682
f 2148/2839/1462 741/2841/479 468/2120/277
f 78/78/8 2148/2839/1462 468/2120/277
f 1327/1515/884 1921/2433/1317 1328/1516/885
f 695/3321/439 446/3322/260 448/3323/42
f 2380/3324/1627 1756/2148/92 1755/2147/1210
f 2223/3325/1515 2380/3326/1627 392/3327/218
f 320/332/160 322/334/162 1385/1588/923
f 2052/2659/1426 2187/2935/1099 1386/1590/235
f 1253/3328/825 2381/3329/1628 2382/3330/1629
f 1254/3331/826 1253/3328/825 2382/3330/1629
f 1689/2050/1152 1192/2052/771 2383/3332/1630
f 2030/2608/1408 1689/2050/1152 2383/3332/1630
f 621/659/379 623/661/381 2384/3333/1631
f 2051/2651/1425 621/659/379 2384/3333/1631
f 1124/1248/721 1126/1250/723 1128/1252/725
f 189/191/56 135/137/48 2055/2664/1429
f 343/356/181 1918/2429/1314 344/357/182
f 1473/1712/995 809/1714/528 2044/2638/32
f 1762/2157/1216 1764/2159/1218 1766/2161/1220
f 944/1033/627 1089/1199/45 110/110/32
f 594/3334/355 2385/3335/1632 2386/3336/1633
f 595/3337/356 594/3334/355 2386/3336/1633
f 1710/2083/853 1429/1652/955 1431/1654/957
f 97/97/22 310/322/151 2063/2672/1429
f 2387/3338/1053 621/659/379 2051/2651/1425
f 1189/2650/651 2387/3338/1053 2051/2651/1425
f 2388/3339/1634 2313/3340/1573 1502/1752/1021
f 1501/1751/1020 2388/3339/1634 1502/1752/1021
f 1933/2448/1329 1932/2447/1328 2389/3341/1635
f 2390/3342/1636 1618/1916/1099 1620/1918/1100
f 857/923/564 293/305/136 1446/1677/969
f 2038/2625/1415 2037/2624/1414 1379/3343/917
f 2035/2622/1412 2034/2621/1411 2391/3344/1637
f 2392/3345/1638 2393/3346/1639 2394/3347/1640
f 737/781/337 2395/3348/1565 265/273/110
f 2396/3349/752 2397/3350/1641 2398/3351/676
f 1995/3352/1382 2396/3353/752 2398/3354/676
f 2399/3355/1642 2400/3356/1643 2401/3357/1644
f 2402/3358/1645 2403/3359/1646 2404/3360/1647
f 2405/3361/1648 2406/3362/1649 2407/3363/1650
f 1887/2343/1296 1695/2063/1158 416/437/235
f 560/593/329 336/349/175 561/594/330
f 1878/2325/192 1301/1476/187 1880/2328/1292
f 644/682/400 1304/1479/866 298/310/141
f 1050/1154/665 1052/1156/667 2339/3247/1597
f 1834/2257/1257 1050/1154/665 2339/3247/1597
f 2406/3362/1649 2405/3361/1648 2408/3364/1649
f 2409/3365/1157 2398/3366/676 2410/3367/882
f 909/3368/605 2409/3365/1157 2410/3367/882
f 1508/1761/1027 1324/1512/690 1509/1762/1028
f 1324/1512/690 1326/1514/883 1509/1762/1028
f 2411/3369/1651 1707/2080/1168 2412/3370/1652
f 2400/3356/1643 2399/3355/1642 2413/3371/1653
f 2414/3372/1654 2415/3373/1655 2416/3374/1654
f 2417/3375/1656 2418/3376/1657 2419/3377/1658
f 2262/3378/1659 2236/3014/1527 2420/3379/1660
f 2421/3380/1661 2422/3381/1662 2423/3382/1663
f 2424/3383/437 781/829/337 783/831/110
f 830/882/541 781/3384/6 2424/3385/618
f 2425/3386/1664 1318/1506/878 2426/3387/798
f 2427/3388/1665 2425/3386/1664 2426/3387/798
f 2428/3389/1666 2429/3390/1667 2375/3314/1624
f 2428/3391/1666 1975/3392/1668 2429/3393/1667
f 2402/3358/1645 2430/3394/1669 2403/3359/1646
f 2431/3395/1670 2432/3396/1671 2433/3397/1672
f 2434/3398/1673 2431/3399/1670 2433/3400/1672
f 2318/3401/1578 2435/3402/1674 2436/3403/1675
f 2319/3404/1579 2318/3401/1578 2436/3403/1675
f 2437/3405/1676 2438/3406/1677 2439/3407/1678
f 2440/3408/1679 2437/3409/1676 2439/3410/1678
f 1951/3411/2 2441/3412/2 452/3413/2
f 535/3414/4 452/3415/4 2441/3416/4
f 2442/3417/1680 2443/3418/1681 2444/3419/1682
f 2445/3420/1683 2442/3417/1680 2444/3419/1682
f 2446/3421/1684 2447/3422/1685 933/1020/623
f 932/1019/622 2446/3421/1684 933/1020/623
f 2448/3423/1686 2449/3424/1687 2450/3425/1688
f 2451/3426/1689 2448/3423/1686 2450/3425/1688
f 2263/3108/4 505/3107/4 507/3427/4
f 2418/3376/1657 2417/3375/1656 2452/3428/1690
f 2453/3429/1691 2454/3430/1692 2455/3431/1693
f 2456/3432/1694 2453/3429/1691 2455/3431/1693
f 365/381/192 804/3180/524 366/382/193
f 1653/1966/1057 1492/1741/1011 1494/1743/1013
f 2016/2585/1396 2015/2584/1395 2457/3433/1695
f 1442/3434/965 2458/3435/441 2459/3436/440
f 378/3437/205 1442/3434/965 2459/3436/440
f 2460/3438/1696 2461/3439/890 1219/1372/792
f 1218/1371/791 2460/3438/1696 1219/1372/792
f 2462/3440/863 2152/2851/1465 1162/1294/750
f 2463/3441/1697 2462/3440/863 1162/1294/750
f 2464/3442/859 2465/3443/1698 1067/1174/680
f 1066/1173/679 2464/3442/859 1067/1174/680
f 2466/3444/1699 1049/1151/664 224/3445/98
f 223/229/97 2466/3446/1699 224/230/98
f 2467/3447/1700 2468/3448/1701 2469/3449/1186
f 2218/3450/1511 2467/3451/1700 2469/3452/1186
f 2173/3453/1702 2470/3454/1703 2471/3455/1704
f 2472/3456/1 2470/3457/1 534/557/1
f 2473/3458/1705 2427/3459/1665 618/656/376
f 1979/2530/1370 2473/3458/1705 618/656/376
f 2342/3250/1599 1334/1522/890 1007/1103/647
f 2343/3251/1600 2342/3250/1599 1007/1103/647
f 2474/3460/615 1146/1273/456 1148/1275/742
f 1201/1351/6 1146/3461/6 2474/3462/6
f 274/282/123 2321/3225/1581 2323/3227/1583
f 1666/2019/1134 1665/2018/1133 566/599/335
f 1336/3463/892 2475/3464/1706 1004/3465/644
f 1003/1099/643 1336/1524/892 1004/1100/644
f 2476/3466/1707 2477/3467/1708 2478/3468/1709
f 2204/3469/1503 900/3470/598 2205/3471/1504
f 1414/3472/945 2479/3473/1710 2480/3474/1711
f 747/791/20 1266/1913/260 1265/3475/834
f 86/116/15 747/1691/20 1265/3476/834
f 2481/3477/1712 2482/3478/1713 1954/2925/1348
f 2180/2923/1487 2481/3477/1712 1954/2925/1348
f 1690/2051/1153 1949/2477/1343 1192/2052/771
f 1192/2647/771 1945/2473/1339 1947/2475/1341
f 2483/3479/1714 2484/3480/1715 2485/3481/1716
f 2486/3482/1717 2483/3479/1714 2485/3481/1716
f 1288/1456/853 205/1458/48 1291/1460/856
f 143/1308/56 205/207/48 2128/3483/1429
f 1513/1770/1031 259/2005/99 1663/2007/1131
f 107/1963/29 259/267/99 2127/3484/696
f 2487/3485/1718 2488/3486/1719 2489/3487/1720
f 2490/3488/1721 2487/3485/1718 2489/3487/1720
f 2449/3424/1687 2491/3489/1722 2492/3490/1723
f 2493/3491/1724 2449/3424/1687 2492/3490/1723
f 2494/3492/1531 2495/3493/1725 2496/3494/1726
f 1280/3044/846 2494/3492/1531 2496/3494/1726
f 502/3051/1536 2248/3050/4 2497/3495/1536
f 2250/3054/1538 2249/3053/1537 2498/3496/1727
f 2499/3497/1728 2500/3498/1729 1225/1379/798
f 2447/3499/1685 2499/3497/1728 1225/1379/798
f 2501/3500/6 2502/3501/6 2503/3502/6
f 2504/3503/6 2505/3504/6 2506/3505/6
f 2507/3506/5 2508/3507/5 2509/3508/5
f 2510/3509/5 2511/3510/5 2512/3511/5
f 2513/3512/6 2514/3513/6 2515/3514/6
f 2502/3501/6 2501/3500/6 2516/3515/6
f 2511/3510/5 2510/3509/5 2517/3516/5
f 2518/3517/1655 2415/3373/1655 2414/3372/1654
f 2508/3507/5 2507/3506/5 2519/3518/5
f 2520/3519/5 2521/3520/5 2522/3521/5
f 2505/3504/6 2504/3503/6 2523/3522/6
f 2514/3513/6 2513/3512/6 2524/3523/6
f 2521/3520/5 2520/3519/5 2525/3524/5
f 2526/3525/1730 2527/3526/1731 2528/3527/1732
f 2310/3212/1570 2526/3525/1730 2528/3527/1732
f 2451/3426/1689 2493/3491/1724 2529/3528/1733
f 2530/3529/1734 2451/3426/1689 2529/3528/1733
f 1781/2183/1226 1448/1679/971 1447/1678/970
f 2097/2706/549 2531/3530/1735 374/390/201
f 2532/3531/1736 1723/2103/1184 1722/2102/342
f 478/500/285 2532/3532/1736 479/501/286
f 2009/2578/1229 2533/3533/331 2010/2579/333
f 2534/3534/6 2533/3535/6 2009/3536/6
f 1121/1245/718 1670/2023/1136 1672/2025/1138
f 1845/2277/1268 1964/2502/1356 1866/2307/1283
f 301/3537/144 1054/3538/441 1053/3539/668
f 2535/3540/1603 301/3537/144 1053/3539/668
f 128/3128/3 131/3541/3 132/3126/3
f 125/3122/6 132/3542/6 131/3120/6
f 177/179/84 2536/3543/1737 178/180/67
f 1247/1404/6 2536/3544/6 177/3545/6
f 2371/3308/1620 1739/2127/1184 1738/2126/342
f 2212/2972/285 2371/3546/1620 1101/1224/709
f 130/3119/1547 129/3547/1547 126/3117/1547
f 127/3125/5 126/3548/5 129/3123/5
f 2537/3549/1027 2538/3550/1738 1430/1653/956
f 1429/1652/955 2537/3549/1027 1430/1653/956
f 714/758/456 168/170/76 170/172/78
f 2108/2721/6 168/3551/6 714/3552/6
f 2058/2873/1 1824/3553/1 1741/2129/1
f 1741/3554/1739 2056/2665/1430 2058/2667/1432
f 2539/3555/1740 628/666/386 627/665/1741
f 2540/3556/1742 2539/3555/1740 627/665/1741
f 1622/3557/1101 495/518/100 494/517/295
f 1989/2547/1377 1622/2549/1101 1624/1923/1103
f 2541/3558/1743 227/233/101 226/232/100
f 1874/3030/1290 1628/1928/1106 1875/3559/1291
f 2542/3560/1744 2543/3561/1745 2544/3562/1746
f 383/399/210 327/340/167 384/400/211
f 1544/3563/1 1306/1482/1 10/1481/1
f 1306/3564/4 1544/3565/4 1826/3566/4
f 452/3413/2 450/3567/2 1951/3411/2
f 2545/3568/3 1951/3569/3 450/3570/3
f 1263/3571/832 2546/3572/1747 2547/3573/1748
f 1264/1430/833 1263/1429/832 2547/3574/1748
f 2548/3575/1749 2425/3386/1664 2427/3388/1665
f 2473/3458/1705 2548/3576/1749 2427/3459/1665
f 1103/1227/711 2549/3577/1315 2550/3578/182
f 1104/1228/712 1103/1227/711 2550/3578/182
f 2551/3579/1750 929/1016/619 2468/3580/1701
f 2467/3447/1700 2551/3581/1750 2468/3448/1701
f 2552/3582/1751 2325/3583/1585 1269/1435/836
f 1268/1434/835 2552/3582/1751 1269/1435/836
f 2553/3584/1752 2554/3585/1753 2555/3586/1754
f 2556/3587/1755 2553/3584/1752 2555/3586/1754
f 2557/3588/1756 2558/3589/1757 2231/3590/1522
f 2558/3589/1757 2228/3591/1520 2231/3590/1522
f 1643/1949/1113 1960/2494/1352 2559/3592/1758
f 811/861/530 1643/1949/1113 2559/3592/1758
f 1637/3593/1113 2560/3594/1355 2561/3595/1758
f 918/3596/614 1637/3593/1113 2561/3595/1758
f 2562/3597/1759 2358/3279/1091 1864/2305/1282
f 2563/3598/1760 2562/3597/1759 1864/2305/1282
f 1648/1956/1119 2564/3599/1359 2565/3600/695
f 698/740/442 1648/1956/1119 2565/3600/695
f 1644/1950/1116 2566/3601/1359 2567/3602/695
f 1055/1159/442 1644/1950/1116 2567/3602/695
f 1646/1954/1116 2568/3603/1761 2569/3604/1762
f 2186/2932/1493 1646/1954/1116 2569/3604/1762
f 2570/3605/1116 1967/2506/1359 1084/1193/695
f 2571/3606/1763 2570/3605/1116 1084/1193/695
f 1640/1946/1113 1963/3607/1355 2572/3608/1764
f 1031/1131/655 1640/1946/1113 2572/3608/1764
f 717/761/459 2573/3609/1355 2574/3610/1765
f 718/762/460 717/761/459 2574/3610/1765
f 2575/3611/1766 2576/3612/1767 2577/3613/1768
f 2340/3614/1598 2575/3615/1766 2577/3616/1768
f 2578/3617/1181 1852/2285/781 1853/2286/1182
f 169/171/77 770/814/498 2579/3618/1769
f 2580/3619/1770 2581/3620/1771 2582/3621/1772
f 2581/3620/1771 1987/3622/1376 2582/3621/1772
f 2583/3623/1773 2526/3525/1730 2310/3212/1570
f 1440/3211/963 2583/3623/1773 2310/3212/1570
f 435/3624/250 571/604/340 570/603/339
f 1786/3021/1230 1788/2194/1120 435/3625/250
f 1929/2444/1325 2584/3626/1774 1930/2445/1326
f 2005/3627/1390 2149/2842/1136 2151/2844/1464
f 2004/2571/1389 1680/2033/1146 2005/2572/1390
f 1155/3628/745 257/265/112 256/264/111
f 2206/2963/290 2216/2981/250 1155/1285/745
f 2585/3629/1775 2486/3630/1717 2586/3631/1776
f 2587/3632/1777 2585/3629/1775 2586/3631/1776
f 2588/3633/1778 947/3634/630 2589/3635/1779
f 2326/3231/1586 2588/3633/1778 2589/3635/1779
f 2316/3636/1576 2590/3637/1780 2591/3638/1781
f 2592/3639/1782 2316/3636/1576 2591/3638/1781
f 2458/3640/441 2570/3605/1116 2571/3606/1763
f 2459/3641/440 2458/3640/441 2571/3606/1763
f 2129/2762/1443 1461/1697/984 2130/2763/1444
f 2129/2762/1443 1459/1695/982 1461/1697/984
f 2576/3642/1767 2540/3643/1742 2593/3644/1783
f 2577/3645/1768 2576/3642/1767 2593/3644/1783
f 2594/3646/1784 2190/2940/1496 2191/2942/279
f 1749/2140/1205 318/330/158 317/329/157
f 2210/3647/1506 1488/3648/1007 525/548/310
f 838/2968/548 1488/1736/1007 2210/3649/1506
f 2595/3650/1785 1214/1367/789 2596/3651/1786
f 1214/1367/789 2597/3652/593 2596/3651/1786
f 2598/3653/1787 2539/3654/1740 2540/3643/1742
f 2576/3642/1767 2598/3653/1787 2540/3643/1742
f 1913/3655/1310 485/3656/251 201/203/93
f 880/3020/583 485/507/251 1913/3657/1310
f 1363/1564/903 1362/1563/902 1024/1124/649
f 1839/2265/1262 2599/3658/858 2100/2711/1438
f 2600/3659/1788 884/960/587 2601/3660/1789
f 2602/3661/1790 2601/3660/1789 884/960/587
f 911/992/607 913/994/609 1273/1439/374
f 2603/3662/1791 911/992/607 1273/1439/374
f 2332/3663/1792 2604/3664/1793 2438/3406/1677
f 2437/3405/1676 2332/3663/1792 2438/3406/1677
f 2320/3665/1580 2319/3404/1579 2527/3666/1731
f 2526/3525/1730 2320/3667/1580 2527/3526/1731
f 176/2606/1406 2030/2608/1408 646/684/402
f 1632/1932/1109 2031/2609/1409 1633/1933/1110
f 2605/3668/752 1064/3669/677 1063/3670/676
f 2606/3671/1794 2605/3672/752 1063/3673/676
f 1320/3674/840 1322/3675/881 1321/3676/880
f 1855/2289/373 1320/1508/840 1321/2779/880
f 2607/3677/1795 2608/3678/1796 2609/3679/1797
f 2610/3680/1798 2607/3677/1795 2609/3679/1797
f 2611/3681/1799 2442/3682/1680 2445/3683/1683
f 2612/3684/1800 2611/3681/1799 2445/3683/1683
f 2613/3685/1801 2614/3686/1802 2615/3687/1803
f 2435/3688/1674 2613/3685/1801 2615/3687/1803
f 1737/2124/1198 1235/1392/809 2385/3689/1632
f 594/632/355 1737/3690/1198 2385/3691/1632
f 1565/1846/1058 1567/1848/561 1566/1847/1037
f 736/3692/476 2099/2708/85 563/3693/332
f 2616/3694/1804 2613/3695/1801 2617/3696/1805
f 2618/3697/1806 2616/3698/1804 2617/3699/1805
f 1469/3700/992 2585/3629/1775 2587/3632/1777
f 2619/3701/1807 1469/3700/992 2587/3632/1777
f 1805/3702/1234 520/543/153 519/542/152
f 1803/2214/1233 1805/2216/1234 1804/2215/1231
f 1793/3703/1235 939/1026/626 938/1025/179
f 2217/2982/1510 1793/2984/1235 1808/2219/1006
f 1827/3704/1253 1829/2247/971 1828/2246/101
f 410/429/230 1827/3027/1253 411/430/231
f 1434/3705/767 1822/2240/1248 1821/2239/1247
f 1432/1655/958 1434/1657/767 487/509/292
f 2179/2922/1486 2181/2924/1488 2614/3706/1802
f 2613/3707/1801 2179/2922/1486 2614/3706/1802
f 1102/3708/710 312/324/153 311/323/152
f 1790/2198/1232 1102/1225/710 1789/2196/1231
f 488/3709/293 307/319/149 306/318/148
f 951/2067/249 488/2069/293 1698/2071/1160
f 2620/3710/1808 2453/3429/1691 2456/3432/1694
f 2621/3711/1809 2620/3710/1808 2456/3432/1694
f 393/3712/219 573/606/342 572/605/341
f 1794/2202/708 393/409/219 1792/2200/1234
f 2554/3713/1753 836/891/546 1980/2531/1371
f 2555/3714/1754 2554/3713/1753 1980/2531/1371
f 1554/3715/1050 702/745/446 701/744/445
f 1552/1833/972 1554/1835/1050 1556/1837/1052
f 2393/3346/1639 1846/2278/1269 2394/3347/1640
f 1118/1242/715 1120/2785/717 1119/1243/716
f 1809/3716/1052 1246/1403/307 1245/1402/819
f 1806/3019/1051 1809/2220/1052 1627/3717/1105
f 2622/3718/1810 96/96/21 1636/1940/1112
f 1837/3719/1260 2622/3720/1810 1636/3721/1112
f 2434/3722/1673 2433/3723/1672 2623/3724/1811
f 2624/3725/1812 2434/3726/1673 2623/3727/1811
f 776/820/504 1029/1129/653 1096/3728/703
f 1095/3729/702 776/3730/504 1096/3731/703
f 2488/3732/1719 2625/3733/1813 2626/3734/1814
f 2627/3735/1815 2488/3732/1719 2626/3734/1814
f 375/3736/202 221/227/96 220/226/95
f 1435/1658/960 375/1660/202 1820/2237/1103
f 212/3737/1816 2472/3738/1816 219/3739/1817
f 2472/3456/1 212/3740/1 2628/3741/1
f 2440/3742/1679 2439/3743/1678 2629/3744/1818
f 2630/3745/1819 2440/3742/1679 2629/3744/1818
f 2573/3746/1355 862/929/569 861/928/568
f 2574/3747/1765 2573/3746/1355 861/928/568
f 2631/3748/1820 278/286/125 2632/3749/1821
f 2633/3750/1822 2631/3748/1820 2632/3749/1821
f 2340/3614/1598 2577/3616/1768 2590/3637/1780
f 2316/3636/1576 2340/3614/1598 2590/3637/1780
f 2556/3587/1755 2555/3586/1754 2634/3751/1823
f 2635/3752/1824 2556/3587/1755 2634/3751/1823
f 2636/3753/1825 2188/3754/1494 2637/3755/1826
f 2432/3756/1671 2636/3757/1825 2637/3758/1826
f 2638/3759/1827 1497/3760/1016 2443/3418/1681
f 2442/3417/1680 2638/3759/1827 2443/3418/1681
f 2639/3761/1828 2635/3762/1824 947/3634/630
f 2588/3633/1778 2639/3761/1828 947/3634/630
f 2560/3594/1355 2640/3763/1829 2641/3764/1830
f 2561/3595/1758 2560/3594/1355 2641/3764/1830
f 2642/3765/1831 2636/3757/1825 2432/3756/1671
f 2431/3766/1670 2642/3765/1831 2432/3756/1671
f 2643/3767/1832 2483/3768/1714 2486/3630/1717
f 2644/3769/1833 2643/3767/1832 2486/3630/1717
f 2645/3770/1834 188/1943/55 1638/1942/1114
f 2646/3771/1835 2645/3770/1834 1638/1942/1114
f 2647/3772/1836 236/244/28 746/790/363
f 745/789/362 2647/3772/1836 746/790/363
f 1963/2499/1355 598/2501/359 2648/3773/568
f 2572/3774/1764 1963/3775/1355 2648/3776/568
f 2649/3777/1837 2490/3488/1721 2188/3754/1494
f 2636/3753/1825 2649/3777/1837 2188/3754/1494
f 2650/3778/1838 2651/3779/359 2652/3780/1839
f 2559/3592/1758 2650/3778/1838 2652/3780/1839
f 2132/2768/1446 106/106/28 1647/1955/1118
f 2133/2769/1447 2132/2768/1446 1647/1955/1118
f 2566/3601/1359 802/850/522 801/849/521
f 2567/3602/695 2566/3601/1359 801/849/521
f 2653/3781/1810 142/144/55 1641/1947/75
f 812/862/531 2653/3781/1810 1641/1947/75
f 2654/3782/1834 166/3783/21 165/3784/75
f 2655/3785/1840 2654/3786/1834 165/167/75
f 2656/3787/1836 194/196/28 603/641/363
f 602/640/362 2656/3787/1836 603/641/363
f 2657/3788/1841 2621/3789/1809 1987/3622/1376
f 2581/3620/1771 2657/3788/1841 1987/3622/1376
f 2568/3603/1761 1795/3301/1236 2367/3300/1617
f 2569/3604/1762 2568/3603/1761 2367/3300/1617
f 2658/3790/1842 752/796/485 755/799/488
f 2659/3791/1843 2658/3790/1842 755/799/488
f 1976/3792/1367 2660/3793/1844 1753/3794/1101
f 1753/2144/1101 2661/3795/1845 528/551/96
f 2662/3796/1846 2663/3797/1847 2454/3430/1692
f 2453/3429/1691 2662/3796/1846 2454/3430/1692
f 1967/2506/1359 2664/3798/1616 2665/3799/1848
f 1084/1193/695 1967/2506/1359 2665/3799/1848
f 1999/2566/1384 1998/2565/125 1833/2256/11
f 1998/2565/125 892/971/591 1833/2256/11
f 2655/3785/1840 165/167/75 2354/3800/198
f 2353/3271/1091 2655/3801/1840 2354/3272/198
f 2666/3802/1849 2667/3803/1850 762/806/494
f 2668/3804/1851 2666/3802/1849 762/806/494
f 1815/2423/1245 2669/3805/1852 1212/1364/787
f 1814/3806/1244 2670/3807/1853 1815/3808/1245
f 2671/3809/1854 765/809/496 678/716/428
f 677/715/427 2671/3809/1854 678/716/428
f 2564/3599/1359 2672/3810/1855 2673/3811/1617
f 2565/3600/695 2564/3599/1359 2673/3811/1617
f 2602/3661/1790 884/960/587 2674/3812/1856
f 2675/3813/1857 2602/3661/1790 2674/3812/1856
f 2676/3814/1858 2451/3426/1689 2530/3529/1734
f 2662/3796/1846 2676/3815/1858 2530/3816/1734
f 2477/3467/1708 2542/3560/1744 2544/3562/1746
f 2477/3467/1708 2544/3562/1746 2478/3468/1709
f 78/78/8 468/2120/277 2677/3817/1439
f 2678/3818/1859 78/78/8 2677/3817/1439
f 1671/2024/1137 1066/2829/679 2145/2828/1460
f 1672/2025/1138 1671/2024/1137 2145/2828/1460
f 461/483/270 460/482/87 2242/3035/814
f 1687/2048/1150 2679/3819/1860 1800/2211/1241
f 2680/3820/1861 2631/3748/1820 2633/3750/1822
f 2560/3594/1355 2680/3821/1861 2633/3822/1822
f 402/420/223 2681/3823/1862 1727/2108/1188
f 2681/3823/1862 86/116/15 1727/2108/1188
f 1230/1387/804 1232/1389/806 2682/3824/1863
f 2021/2591/1401 1230/1387/804 2682/3824/1863
f 433/454/248 791/839/513 1757/3825/1211
f 2380/3324/1627 1757/3826/1211 1756/2148/92
f 2475/3827/1706 2683/3828/1864 2684/3829/1865
f 2685/3830/1866 2475/3827/1706 2684/3829/1865
f 2686/3831/1867 2687/3832/1868 2490/3488/1721
f 2687/3832/1868 2487/3485/1718 2490/3488/1721
f 2150/2843/1463 2101/3833/1221 1093/1212/700
f 2151/2844/1464 2150/2843/1463 1093/1212/700
f 2546/3572/1747 2021/2591/1401 591/629/352
f 2547/3573/1748 2546/3572/1747 591/629/352
f 2688/3834/5 2689/3835/5 847/3091/5
f 2689/3835/5 2256/3088/5 847/3091/5
f 2690/3836/1869 1801/3837/1242 1946/2474/1340
f 1945/2473/1339 2690/3836/1869 1946/2474/1340
f 2691/3838/1870 2603/3662/1791 2692/3839/1871
f 2693/3840/1872 2691/3838/1870 2692/3839/1871
f 1160/3841/715 2463/3842/1697 2694/3843/1873
f 1161/3844/749 1160/3841/715 2694/3843/1873
f 1682/2037/1147 934/1021/624 929/1016/619
f 2551/3579/1750 1682/2037/1147 929/1016/619
f 1287/2454/1333 1937/2453/1332 2256/3845/1874
f 2256/3846/1875 1284/1453/850 1287/1455/852
f 2695/3847/1876 1915/2426/1311 730/774/471
f 729/773/470 2695/3847/1876 730/774/471
f 2696/3848/1877 1495/2562/1014 1996/2561/1383
f 2697/3849/1878 2696/3848/1877 1996/2561/1383
f 2698/3850/1879 2699/3851/1880 2700/3852/1881
f 2701/3853/1882 2698/3850/1879 2700/3852/1881
f 2702/3854/1638 2199/2952/1500 1956/2490/403
f 783/3855/1883 2199/2952/1500 2702/3854/1638
f 2619/3701/1807 2587/3632/1777 2482/3856/1713
f 2481/3477/1712 2619/3857/1807 2482/3478/1713
f 2703/3858/2 2704/3859/2 356/3860/2
f 355/3861/3 356/3862/3 2704/3863/3
f 2705/3864/1884 2706/3865/1885 2604/3866/1793
f 2332/3867/1792 2705/3868/1884 2604/3869/1793
f 670/708/420 2707/3870/1886 2708/3871/1887
f 671/709/421 670/708/420 2708/3871/1887
f 2709/3872/1888 2710/3873/1889 2711/3874/1890
f 2712/3875/1891 2709/3872/1888 2711/3874/1890
f 2580/3619/1770 2582/3621/1772 2706/3865/1885
f 2705/3864/1884 2580/3619/1770 2706/3865/1885
f 2713/3876/422 753/797/486 2714/3877/467
f 2714/3877/467 2715/3878/1892 2713/3876/422
f 149/1718/996 2303/3175/1564 1477/1719/997
f 688/730/437 690/732/337 149/151/61
f 2630/3745/1819 2629/3744/1818 2491/3879/1722
f 2449/3424/1687 2630/3880/1819 2491/3489/1722
f 2104/2715/1441 1656/1969/1125 1497/3881/1016
f 2638/3882/1827 2104/3883/1441 1497/3884/1016
f 2621/3711/1809 2456/3432/1694 2716/3885/1893
f 1987/3622/1376 2621/3789/1809 2716/3886/1893
f 2717/3887/1894 2718/3888/1895 2719/3889/1896
f 2720/3890/1897 2717/3891/1894 2719/3892/1896
f 1242/1399/816 1729/2282/1190 1994/2559/1381
f 1994/3893/1381 1729/2110/1190 1731/2112/1192
f 2721/3894/1898 2722/3895/1899 1498/1747/1017
f 1497/1746/1016 2721/3894/1898 1498/1747/1017
f 2624/3725/1812 2623/3727/1811 836/3896/546
f 2554/3585/1753 2624/3897/1812 836/3898/546
f 1544/3565/4 1543/3899/4 1826/3566/4
f 1826/3900/2 1543/3901/2 1823/3902/2
f 2723/3903/1900 905/2479/602 1587/1873/1076
f 1586/1872/1075 2723/3903/1900 1587/1873/1076
f 2610/3680/1798 2609/3679/1797 475/3904/282
f 2719/3905/1896 2610/3906/1798 475/3907/282
f 2724/3908/1901 2611/3681/1799 2612/3684/1800
f 2725/3909/1902 2724/3910/1901 2612/3911/1800
f 2714/3877/467 753/797/486 2726/3912/1886
f 752/796/485 2726/3912/1886 753/797/486
f 1417/3913/1903 2727/3914/589 2728/3915/1904
f 2729/3916/491 2727/3914/589 1417/3913/1903
f 887/963/422 757/801/490 2730/3917/467
f 2730/3917/467 675/713/425 887/963/422
f 2731/3918/1905 337/350/176 2732/3919/1906
f 2733/3920/1907 2731/3918/1905 2732/3919/1906
f 1042/1144/659 1041/1143/658 2734/3921/1908
f 1041/1143/658 331/344/171 2734/3921/1908
f 1463/1700/986 648/686/404 1466/1703/989
f 2735/3922/1909 648/2849/404 2152/2851/1465
f 2135/2773/1449 1243/1400/817 1240/1397/814
f 1240/1397/814 2736/3923/1910 2105/2717/831
f 2737/3924/1911 2738/3925/1912 288/3926/131
f 1561/1842/1056 2737/3927/1911 288/3928/131
f 2739/3929/1913 2740/3930/1914 2741/3931/1394
f 649/687/405 1293/3932/857 650/688/406
f 2008/2577/1261 1542/1821/1038 649/687/405
f 2022/2592/1402 1615/1909/1097 1612/1906/1094
f 1612/2529/1094 2473/3458/1705 1979/2530/1370
f 1467/3933/990 2462/3440/863 2463/3441/1697
f 1160/3841/715 1467/3934/990 2463/3842/1697
f 2742/3935/1915 2743/3936/1916 2744/3937/1917
f 2745/3938/1918 2742/3939/1915 2744/3940/1917
f 2746/3941/1919 2602/3661/1790 2675/3813/1857
f 885/961/588 2746/3941/1919 2675/3813/1857
f 53/1757/1 1285/1756/1 826/3942/1
f 826/3943/5 2688/3834/5 847/3091/5
f 2239/3092/1231 1598/3944/710 341/354/180
f 1988/2544/1232 1598/2546/710 2239/3022/1231
f 1537/1816/1033 1876/3945/1103 347/360/185
f 2245/3039/1533 1876/2321/1103 1537/3946/1033
f 2240/3093/1529 1187/3947/767 408/427/228
f 1747/2136/958 1187/2138/767 2240/3025/1529
f 2246/3041/1534 1625/3043/767 1649/2978/1120
f 1649/1957/1120 1625/3948/767 492/515/184
f 1740/3949/3 1823/3950/3 2361/3951/3
f 1543/3901/2 2361/3952/2 1823/3902/2
f 2421/3380/1661 2747/3953/1920 2422/3381/1662
f 2748/3954/1921 2277/3137/1553 2749/3955/1922
f 2277/3137/1553 369/385/196 2749/3955/1922
f 2750/3956/1923 1601/3957/1088 1600/3958/1087
f 2751/3959/1924 2750/3956/1923 1600/3958/1087
f 805/3960/525 2752/3961/1925 2751/3959/1924
f 806/3962/526 805/3960/525 2751/3959/1924
f 2004/2571/1389 1678/2031/1144 1680/2033/1146
f 767/811/63 118/120/39 768/812/64
f 1223/1376/796 2138/2782/1453 1760/2155/1215
f 1223/1376/796 1760/2155/1215 2018/2588/1398
f 2678/3818/1859 136/2119/49 349/3963/186
f 348/361/97 2678/3964/1859 349/362/186
f 219/3739/1926 2472/3738/1927 2753/3965/1926
f 219/3966/1928 2753/3967/1929 2754/3968/1930
f 2101/2712/1221 776/820/504 1095/3969/702
f 1093/1212/700 2101/3833/1221 1095/1565/702
f 2754/3968/1930 214/3970/1931 219/3966/1928
f 2754/3971/1930 2628/3972/1932 214/3973/1931
f 569/2879/1480 2755/3974/1933 2168/2880/1481
f 2756/3975/91 2006/3976/83 569/602/338
f 2269/3977/514 2757/3978/16 2758/3979/1934
f 1811/2222/34 2269/3129/514 2758/3980/1934
f 2759/3981/1935 2760/3982/16 113/3983/35
f 112/112/34 2759/3984/1935 113/113/35
f 2668/3804/1851 886/962/496 2761/3985/1936
f 2761/3985/1936 2666/3802/1849 2668/3804/1851
f 2397/3986/1641 2762/3987/1937 2763/3988/678
f 2398/3366/676 2397/3986/1641 2763/3988/678
f 2764/3989/1938 1545/1824/1041 1544/1823/1040
f 1544/3563/1 10/1481/1 2764/3990/1
f 1362/1563/902 1025/1125/561 1024/1124/649
f 871/942/578 873/944/84 172/3991/80
f 1939/3992/4 1938/3993/4 1696/3994/4
f 1938/2456/5 1939/2457/5 9/1727/5
f 2765/3995/1939 1155/3628/745 256/264/111
f 2372/3309/1621 2765/3995/1939 2766/3996/1940
f 436/3997/251 435/3624/250 570/603/339
f 1757/3826/1211 436/3997/251 2767/3998/93
f 484/3999/250 2240/3093/1529 407/426/149
f 485/3656/251 484/3999/250 2768/4000/112
f 1361/1561/900 1042/1144/659 2769/4001/1941
f 335/348/174 1361/3048/900 2769/4002/1941
f 1597/4003/1085 1815/2423/1245 1211/1363/786
f 1598/3944/710 1597/4003/1085 2770/4004/341
f 229/235/103 231/237/105 1471/1709/16
f 793/1708/514 229/235/103 1471/1709/16
f 1487/4005/1006 2239/3092/1231 340/353/179
f 1488/3648/1007 1487/4005/1006 2771/4006/307
f 2135/2773/1449 1241/1398/815 1243/1400/817
f 2106/2718/68 713/2720/66 2136/2774/67
f 1624/4007/1103 1622/3557/1101 494/517/295
f 1625/3948/767 1624/4007/1103 2772/4008/1248
f 460/482/87 1871/2314/1288 1872/2315/1289
f 2536/3543/1737 1143/4009/69 178/180/67
f 1186/4010/766 1753/2144/1101 527/550/311
f 1187/3947/767 1186/4010/766 2773/4011/185
f 1875/4012/1291 2541/3558/1743 226/232/100
f 1876/3945/1103 1875/4012/1291 2774/4013/1942
f 2775/4014/46 2776/4015/47 315/327/155
f 314/326/154 2775/4014/46 315/327/155
f 2393/3346/1639 1844/2276/1267 1846/2278/1269
f 2178/2901/1485 162/2903/72 2395/3348/1565
f 119/121/40 121/123/42 2757/3978/16
f 2269/3977/514 119/121/40 2757/3978/16
f 2777/4016/1943 1030/4017/654 1032/3292/656
f 2362/3291/1612 2777/4016/1943 1032/3292/656
f 2778/4018/1944 1993/2558/1180 1729/2282/1190
f 714/758/456 2779/4019/325 715/759/457
f 2780/4020/1945 1564/1845/1036 1865/2306/1038
f 1784/4021/1229 564/597/333 1282/4022/38
f 2781/4023/1946 2782/4024/1947 456/4025/265
f 534/557/1 456/4026/1 2782/4027/1
f 2741/3931/1394 1706/4028/1167 2739/3929/1913
f 357/4029/1948 358/4030/4 2783/4031/4
f 2783/4032/1 358/4033/1 206/1962/1
f 1740/2128/1 2360/4034/1 53/1757/1
f 2784/4035/3 1740/3949/3 2361/3951/3
f 2785/4036/542 792/840/36 134/4037/47
f 133/135/46 2785/4038/542 134/136/47
f 2786/4039/1621 2261/3105/1545 953/1044/635
f 2532/3531/1736 2786/4039/1621 1723/2103/1184
f 1339/1534/543 1470/1707/993 2787/4040/1949
f 1340/1535/586 1339/1534/543 2787/4040/1949
f 1147/2096/1179 1719/2098/1181 1718/2097/1180
f 875/948/579 877/950/581 1147/4041/579
f 1580/1866/1071 1582/1868/1072 2788/4042/1950
f 1669/2022/54 1580/1866/1071 2788/4042/1950
f 2789/4043/1951 2314/3218/1574 1862/2302/1280
f 1139/4044/736 2789/4043/1951 1862/2302/1280
f 2039/4045/5 2026/4046/5 2040/4047/5
f 2039/4045/5 2301/4048/5 2026/4046/5
f 2790/4049/1594 1177/4050/757 999/4051/640
f 2791/4052/1952 2790/4049/1594 999/4051/640
f 2792/4053/1953 1136/4054/733 1135/4055/732
f 1215/1368/790 2792/4053/1953 1135/4055/732
f 137/139/50 2793/4056/1954 2794/4057/1955
f 138/140/51 137/139/50 2794/4057/1955
f 1292/2950/1498 2198/2949/1497 2795/4058/902
f 1541/1820/1037 854/919/561 856/921/563
f 851/934/559 2166/4059/1476 2164/4060/1475
f 2166/4061/1476 851/914/559 848/913/556
f 2625/3733/1813 638/4062/394 734/4063/474
f 2626/3734/1814 2625/3733/1813 734/4063/474
f 2000/2567/1385 1999/2566/1384 2796/4064/1956
f 1635/4065/414 2000/4066/1385 2796/4067/1956
f 2026/4046/5 1883/4068/5 2040/4047/5
f 1883/4068/102 1884/4069/102 2040/4047/102
f 2797/4070/1957 2479/3473/1710 2798/4071/1958
f 54/4072/2 1194/4073/2 1515/4074/2
f 1194/1338/6 54/4075/6 53/1339/773
f 192/194/26 2047/2644/1421 2046/2643/1420
f 2234/3010/1442 2799/4076/457 155/157/66
f 1812/2224/5 400/4077/5 637/1772/5
f 400/4078/1 1812/4079/1 1861/4080/1
f 450/3570/3 2201/4081/3 2545/3568/3
f 217/559/1 2545/4082/1 2201/2956/1
f 1438/1664/961 1440/1666/963 2333/3241/1593
f 1940/2460/1335 1438/1664/961 2333/3241/1593
f 2229/4083/594 1083/1192/694 93/93/18
f 2800/4084/591 2229/3003/594 93/1669/18
f 1854/2287/1275 1421/1642/950 2801/4085/1959
f 1173/1310/755 1854/4086/1275 2801/4087/1959
f 812/862/531 1641/1947/75 2802/4088/1960
f 1604/1893/1091 812/1267/531 2802/4089/1960
f 356/3860/2 357/4090/2 2703/3858/2
f 2783/4031/4 2703/4091/1948 357/4029/1948
f 1884/4069/1961 2260/4092/5 2040/4047/1961
f 1884/4069/1961 2032/4093/5 2260/4092/5
f 2557/3588/1756 2231/3590/1522 1177/4050/757
f 2790/4049/1594 2557/3588/1756 1177/4050/757
f 2781/4094/1946 2803/4095/1962 2185/2930/1492
f 456/4025/265 2803/4096/1962 2781/4023/1946
f 1761/2156/1071 1763/2158/1217 2804/4097/1963
f 412/433/54 1761/2156/1071 2804/4097/1963
f 2805/4098/1353 1331/4099/276 509/4100/299
f 2436/4101/1675 2805/4098/1353 509/4100/299
f 2806/4102/1964 587/4103/348 585/623/346
f 584/622/345 2806/4102/1964 585/623/346
f 1662/2006/1130 2807/4104/1965 2808/4105/1966
f 1663/2007/1131 1662/2006/1130 2808/4105/1966
f 1271/1437/838 518/541/9 2672/4106/1855
f 2564/3599/1359 1271/1964/838 2672/3810/1855
f 2809/4107/1967 508/4108/298 935/4109/443
f 2527/4110/1731 2809/4107/1967 935/4109/443
f 369/385/196 1056/1161/669 300/1160/143
f 1420/1641/759 369/385/196 300/1160/143
f 2810/4111/1968 1308/4112/1969 787/4113/510
f 2811/4114/1970 2810/4111/1968 787/4113/510
f 2812/4115/1971 1048/4116/663 634/1321/392
f 1181/1320/761 2812/4115/1971 634/1321/392
f 1605/1895/1092 661/699/417 1835/4117/1258
f 2608/4118/1796 1605/1895/1092 1835/4117/1258
f 882/958/585 1270/1436/837 2813/4119/1972
f 883/959/586 882/958/585 2813/4119/1972
f 2814/4120/1973 1105/4121/713 512/4122/302
f 2815/4123/1974 2814/4120/1973 512/4122/302
f 465/487/274 467/489/276 1685/4124/1148
f 2816/4125/1675 465/487/274 1685/4124/1148
f 2817/4126/1975 1924/2436/1320 1359/1559/898
f 1358/1558/897 2817/4126/1975 1359/1559/898
f 2818/4127/1976 2819/4128/1977 1667/4129/301
f 2820/4130/1978 2818/4127/1976 1667/4129/301
f 2821/4131/1979 706/4132/450 630/4133/388
f 2586/4134/1776 2821/4131/1979 630/4133/388
f 2704/3863/3 2222/4135/3 355/3861/3
f 216/2521/1 355/4136/1 2222/2989/1
f 2721/3894/1898 2227/3000/1519 2722/3895/1899
f 2227/3000/1519 1655/1968/1124 2722/3895/1899
f 2822/4137/1980 1062/4138/675 685/892/435
f 836/891/546 2822/4137/1980 685/892/435
f 2432/4139/1671 480/4140/287 681/4141/431
f 2823/4142/1981 2432/4139/1671 681/4141/431
f 2824/4143/1982 790/4144/395 587/4103/348
f 2806/4102/1964 2824/4143/1982 587/4103/348
f 2608/4118/1796 1835/4117/1258 662/4145/394
f 2609/4146/1797 2608/4118/1796 662/4145/394
f 1954/2486/1348 633/1322/391 1183/4147/763
f 2825/4148/1983 1954/2486/1348 1183/4147/763
f 2816/4125/1675 1685/4124/1148 1090/4149/298
f 2629/4150/1818 2816/4125/1675 1090/4149/298
f 2586/4134/1776 630/4133/388 1048/4116/663
f 2812/4115/1971 2586/4134/1776 1048/4116/663
f 2826/4151/1984 813/4152/298 624/2509/382
f 628/666/386 2826/4151/1984 624/2509/382
f 2609/4146/1797 662/4145/394 1316/2421/874
f 475/497/282 2609/4146/1797 1316/2421/874
f 947/1038/630 949/1040/632 639/4153/395
f 2589/4154/1779 947/1038/630 639/4153/395
f 2627/3735/1815 733/4155/391 1314/2939/763
f 2189/2937/1495 2627/3735/1815 1314/2939/763
f 2629/4150/1818 1090/4149/298 699/2504/443
f 463/485/272 2629/4150/1818 699/2504/443
f 1961/2497/1353 1499/1748/1018 814/4156/532
f 2444/4157/1682 1961/2497/1353 814/4156/532
f 2436/4101/1675 509/4100/299 508/4108/298
f 2809/4107/1967 2436/4101/1675 508/4108/298
f 2376/3316/1625 2827/4158/1985 2375/3317/1624
f 2827/4159/1 2376/4160/1 209/558/1
f 2589/4154/1779 639/4153/395 638/4062/394
f 2625/3733/1813 2589/4154/1779 638/4062/394
f 661/1384/417 1229/1386/803 2208/4161/1337
f 1835/2258/1258 661/4162/417 2208/2966/1337
f 2823/4142/1981 681/4141/431 1062/4138/675
f 2822/4137/1980 2823/4142/1981 1062/4138/675
f 2484/3480/1715 511/4163/301 707/4164/451
f 2485/3481/1716 2484/3480/1715 707/4164/451
f 2815/4123/1974 512/4122/302 511/4163/301
f 2484/3480/1715 2815/4123/1974 511/4163/301
f 2828/4165/1986 1309/4166/1987 1308/4112/1969
f 2810/4111/1968 2828/4165/1986 1308/4112/1969
f 467/4167/276 2829/4168/1988 2213/4169/1507
f 1685/2973/1148 467/4170/276 2213/2974/1507
f 476/1493/283 1317/1495/875 2830/4171/1508
f 1655/4172/1989 476/4173/283 2830/4174/1508
f 2454/4175/1692 1661/4176/1129 790/4144/395
f 2824/4143/1982 2454/4175/1692 790/4144/395
f 2444/4157/1682 814/4156/532 813/4152/298
f 2826/4151/1984 2444/4157/1682 813/4152/298
f 2346/3257/1602 843/3256/553 840/3205/550
f 531/554/313 2346/3257/1602 840/3205/550
f 2831/4177/1612 2832/4178/1990 1070/4179/683
f 2378/4180/1087 2831/4177/1612 1070/4179/683
f 2527/4110/1731 935/4109/443 1105/4121/713
f 2814/4120/1973 2527/4110/1731 1105/4121/713
f 2811/4114/1970 787/4113/510 1661/4176/1129
f 2454/4175/1692 2811/4114/1970 1661/4176/1129
f 949/2523/632 643/681/399 2209/4181/389
f 639/677/395 949/4182/632 2209/2967/389
f 684/722/434 686/724/436 1484/4183/1003
f 1483/1731/1002 684/4184/434 1484/1732/1003
f 2188/2936/1494 1313/2938/873 2833/4185/1991
f 2834/4186/1992 2188/2936/1494 2833/4185/1991
f 1499/4187/1018 1075/1182/688 815/1749/533
f 814/864/532 1499/4188/1018 815/865/533
f 2835/4189/1993 1250/4190/822 600/638/360
f 599/637/313 2835/4189/1993 600/638/360
f 462/484/271 464/486/273 1309/4166/1987
f 2828/4165/1986 462/484/271 1309/4166/1987
f 1540/1819/1036 1292/2950/1498 2795/4058/902
f 2533/4191/331 1292/4192/332 2010/4193/333
f 1987/2543/1376 586/624/347 444/2154/1214
f 1759/2152/1213 1987/2543/1376 444/2154/1214
f 586/1287/347 1157/1289/747 2207/4194/1505
f 444/465/258 586/4195/347 2207/2964/1505
f 2309/3208/319 656/729/412 917/4196/613
f 2836/4197/1994 2309/3208/319 917/4196/613
f 464/741/273 700/743/444 1310/4198/870
f 1309/1486/869 464/4199/273 1310/1487/870
f 2313/3217/1573 860/927/567 716/4200/458
f 2837/4201/1995 2313/3217/1573 716/4200/458
f 2144/2797/1459 1590/2796/1079 1982/2535/1372
f 948/1039/631 2144/2797/1459 1982/2535/1372
f 633/671/391 635/673/393 2214/4202/1508
f 1183/1324/763 633/4203/391 2214/2976/1508
f 1925/4204/1321 2347/3258/144 2348/3261/1603
f 2838/4205/1996 1925/4204/1321 2348/3261/1603
f 2839/4206/1997 2825/4148/1983 1182/4207/762
f 2825/4148/1983 1183/4147/763 1182/4207/762
f 535/1424/1 2302/4208/1 751/856/1
f 2441/3416/4 2302/4209/4 535/3414/4
f 2301/4048/5 2032/4093/5 2026/4046/5
f 2301/4048/5 2260/4092/5 2032/4093/5
f 104/104/26 1778/2179/1223 105/105/27
f 2474/3460/615 1148/1275/742 158/160/69
f 317/329/157 319/331/159 2840/4210/1998
f 1752/3184/1208 317/329/157 2840/4210/1998
f 290/4211/133 2362/3291/1612 2841/4212/1999
f 390/4213/216 290/4211/133 2841/4212/1999
f 2266/4214/60 264/272/114 266/274/115
f 1200/1348/6 264/1350/6 2266/4215/6
f 1179/1318/759 1456/2760/979 377/393/204
f 1179/1318/759 377/393/204 376/392/203
f 2842/4216/2000 1392/1596/926 1969/2513/1361
f 2843/4217/2001 2842/4216/2000 1969/2513/1361
f 2304/3176/1485 174/4218/82 176/4219/83
f 922/1004/6 174/1832/6 2304/4220/6
f 1165/1297/753 871/1299/754 171/4221/821
f 171/173/79 871/4222/578 172/174/80
f 2099/4223/2002 103/103/25 2844/4224/2003
f 563/4225/2004 2099/4223/2002 2844/4224/2003
f 1975/3392/1668 2845/4226/2005 2846/4227/2006
f 216/2521/1 2845/4228/1 1975/2522/1
f 2847/4229/2007 2848/4230/4 2849/4231/2008
f 2848/4230/4 2850/4232/2009 2849/4231/2008
f 1603/1892/1090 1604/1893/1091 1426/1647/954
f 1425/1646/953 1603/1892/1090 1426/1647/954
f 2210/3647/1506 525/548/310 524/547/309
f 2661/3795/1845 2210/3647/1506 524/547/309
f 2851/4233/2010 2852/4234/2011 2853/4235/2012
f 2854/4236/2013 2851/4233/2010 2853/4235/2012
f 2855/4237/2014 1281/1447/39 161/163/71
f 1785/2188/6 1281/2190/6 2855/4238/6
f 2856/4239/2015 2742/3939/1915 2745/3938/1918
f 1065/4240/3 2856/4239/2015 2745/3938/1918
f 2847/4229/2007 2849/4231/2008 2857/4241/2016
f 2858/4242/2017 2847/4229/2007 2857/4241/2016
f 2259/4243/1006 523/546/308 522/545/307
f 1782/2184/1227 2259/4243/1006 522/545/307
f 2728/3915/1904 2727/3914/589 2859/4244/1843
f 2859/4244/1843 2860/4245/2018 2728/3915/1904
f 2861/4246/2019 2697/3849/1878 2862/4247/2020
f 2863/4248/2021 2861/4246/2019 2862/4247/2020
f 1913/3655/1310 201/203/93 200/202/92
f 2669/3805/1852 1913/3655/1310 200/202/92
f 2864/4249/2022 2865/4250/2023 2866/4251/2024
f 2867/4252/2025 2864/4249/2022 2866/4251/2024
f 2868/4253/2026 2869/4254/2027 2870/4255/1881
f 2871/4256/2028 2868/4253/2026 2870/4255/1881
f 759/803/488 2872/4257/2029 957/4258/2030
f 2873/4259/1843 759/803/488 957/4258/2030
f 2820/4130/1978 1667/4129/301 660/698/416
f 659/697/415 2820/4130/1978 660/698/416
f 2874/4260/2031 2875/4261/2028 1664/2016/1132
f 2876/4262/2032 2874/4260/2031 1664/2016/1132
f 59/4263/5 2111/4264/5 2877/4265/5
f 1777/4266/2033 2878/4267/2034 1775/4268/6
f 374/4269/201 1781/2183/1226 1447/1678/970
f 375/3736/202 374/4269/201 221/227/96
f 2879/4270/2035 1463/1700/986 1466/1703/989
f 199/4271/72 151/153/63 153/155/64
f 479/4272/286 2532/3531/1736 1722/2102/342
f 1805/3702/1234 479/4272/286 520/543/153
f 1788/4273/1120 1537/1816/1033 346/359/184
f 435/3624/250 1788/4273/1120 571/604/340
f 1101/4274/709 2371/3308/1620 1738/2126/342
f 1102/3708/710 1101/4274/709 312/324/153
f 1804/4275/1231 1805/3702/1234 519/542/152
f 2259/4243/1006 1804/4275/1231 523/546/308
f 1820/4276/1103 375/3736/202 220/226/95
f 1434/3705/767 1820/4276/1103 1822/2240/1248
f 1792/4277/1234 393/3712/219 572/605/341
f 1793/3703/1235 1792/4277/1234 939/1026/626
f 487/4278/292 1434/3705/767 1821/2239/1247
f 488/3709/293 487/4278/292 307/319/149
f 1789/4279/1231 1102/3708/710 311/323/152
f 1554/3715/1050 1789/4279/1231 702/745/446
f 1556/4280/1052 1554/3715/1050 701/744/445
f 1827/3704/1253 1556/4280/1052 1829/2247/971
f 1627/4281/1105 1809/3716/1052 1245/1402/819
f 2541/3558/1743 1627/4281/1105 227/233/101
f 1808/4282/1006 1793/3703/1235 938/1025/179
f 1809/3716/1052 1808/4282/1006 1246/1403/307
f 2216/4283/250 1649/1957/1120 491/514/149
f 1155/3628/745 2216/4283/250 257/265/112
f 411/4284/231 1827/3704/1253 1828/2246/101
f 1622/3557/1101 411/4284/231 495/518/100
f 1/4285/5 2114/4286/5 2880/4287/5
f 1774/4288/2033 2881/4289/2034 1772/4290/6
f 2882/4291/2036 488/3709/293 306/318/148
f 2261/3105/1545 2882/4291/2036 954/1045/636
f 2/4292/6 2120/4293/6 2883/4294/6
f 1902/4295/5 2884/4296/5 1891/4297/5
f 2885/4298/2037 2886/4299/2038 2635/3752/1824
f 2639/3761/1828 2885/4300/2037 2635/3762/1824
f 60/4301/6 2123/4302/6 2887/4303/6
f 1895/4304/5 2888/4305/5 1893/4306/5
f 72/4307/6 2126/4308/6 2889/4309/6
f 1911/4310/5 2890/4311/5 1909/4312/5
f 1973/2517/1365 1972/2516/1364 2891/4313/1364
f 392/4314/218 2380/3324/1627 1755/2147/1210
f 393/3712/219 392/4314/218 573/606/342
f 71/4315/5 2117/4316/5 2892/4317/5
f 1771/4318/2033 2893/4319/2034 1769/4320/6
f 1007/1103/647 1334/1522/890 1003/1099/643
f 1334/1522/890 1336/1524/892 1003/1099/643
f 2834/4186/1992 2833/4185/1991 480/4140/287
f 2432/4139/1671 2834/4186/1992 480/4140/287
f 1462/4321/3 1209/4322/3 2894/4323/3
f 2895/4324/2 2894/4325/2 1209/4326/2
f 2896/4327/2039 541/567/315 2185/2931/1492
f 541/566/1 2896/4328/1 534/557/1
f 2485/3481/1716 707/4164/451 706/4132/450
f 2821/4131/1979 2485/3481/1716 706/4132/450
f 2192/4329/6 2897/4330/6 2110/4331/6
f 1346/4332/5 1818/4333/5 2898/4334/5
f 2899/4335/2040 2900/4336/2041 2901/4337/2042
f 2651/4338/359 2899/4335/2040 2901/4337/2042
f 1305/4339/4 2895/4340/4 1208/4341/4
f 1208/4342/2 2895/4324/2 1209/4326/2
f 2902/4343/2043 1319/1507/879 1318/1506/878
f 2425/3386/1664 2902/4343/2043 1318/1506/878
f 2903/4344/2044 2904/4345/2045 2465/3443/1698
f 2464/3442/859 2903/4344/2044 2465/3443/1698
f 2905/4346/2046 2906/4347/2047 1830/2248/1254
f 2907/4348/2048 2905/4346/2046 1830/2248/1254
f 2908/4349/1511 2909/4350/2049 775/819/503
f 2910/4351/2050 2908/4349/1511 775/819/503
f 1801/2212/1242 1725/2106/1186 2911/4352/503
f 1946/4353/1340 1801/4354/1242 2911/4355/503
f 2912/4356/503 2469/3452/1186 1399/1605/932
f 1402/1608/933 2912/4357/503 1399/2869/932
f 2500/3498/1729 616/654/374 2913/4358/1254
f 1225/1379/798 2500/3498/1729 2913/4358/1254
f 2603/3662/1791 1273/1439/374 2914/4359/2051
f 2692/3839/1871 2603/3662/1791 2914/4359/2051
f 2194/4360/6 2915/4361/6 2113/4362/6
f 5/4363/5 1816/4364/5 2916/4365/5
f 2917/4366/1460 1767/2166/1221 1252/2847/824
f 2918/4367/2052 2917/4366/1460 1252/2847/824
f 2193/4368/6 2919/4369/6 2116/4370/6
f 1217/4371/5 1817/4372/5 2920/4373/5
f 853/4374/4 1305/4339/4 1208/4341/4
f 853/4375/1 10/1481/1 1305/1480/1
f 2344/3252/1185 2343/3254/1600 2909/4350/2049
f 2908/4349/1511 2344/3252/1185 2909/4350/2049
f 1937/4376/1 1936/2452/1 852/2451/1
f 2257/3089/5 852/4377/5 846/3090/5
f 1690/2051/1153 1948/2476/1342 1949/2477/1343
f 2238/3016/1528 2253/4378/333 429/450/38
f 517/540/306 2355/3273/197 2921/4379/8
f 518/541/9 517/540/306 2921/4379/8
f 425/446/243 427/448/245 2190/2940/1496
f 1396/1600/930 425/446/243 2190/2940/1496
f 1464/1701/987 2008/2577/1261 649/687/405
f 152/154/37 2009/2578/1229 2011/2580/38
f 2922/4380/2053 2235/4381/1526 2237/4382/1526
f 1614/1908/1096 1205/1357/781 1207/1359/782
f 2043/2634/1418 148/4383/60 150/4384/62
f 2923/4385/2054 2924/4386/2055 2925/4387/2056
f 1832/4388/2057 2923/4385/2054 2925/4387/2056
f 2258/4389/2058 2926/4390/2059 2927/4391/2060
f 2928/4392/2061 2258/4389/2058 2927/4391/2060
f 690/4393/2062 645/683/401 2303/3175/1564
f 149/1718/996 690/4393/2062 2303/3175/1564
f 240/2878/1479 2168/2880/1481 2929/4394/1564
f 241/4395/996 240/2878/1479 2929/4394/1564
f 2930/4396/2063 2284/3146/1558 2283/3145/1557
f 2931/4397/2064 65/4398/2064 64/4399/2064
f 1053/1157/668 1055/1159/442 1454/4400/977
f 1453/1687/976 1053/4401/668 1454/1688/977
f 2392/3345/1638 2394/3347/1640 420/441/239
f 419/440/238 2392/3345/1638 420/441/239
f 2904/4345/2045 590/4402/351 1842/2775/1265
f 2465/3443/1698 2904/4345/2045 1842/2775/1265
f 2932/4403/2064 553/4404/2064 538/4405/2064
f 2220/2987/1513 2219/2986/1512 2159/4406/2065
f 2159/2863/1 2140/2862/1 2220/4407/1
f 2495/4408/2066 2933/4409/1880 2743/3936/1916
f 2496/4410/2067 2495/4408/2066 2743/3936/1916
f 2871/4256/2028 2870/4255/1881 1742/4411/1199
f 2934/4412/2068 2871/4413/2028 1742/2131/1199
f 1852/2285/781 1275/1441/841 1277/1443/843
f 770/4414/498 241/249/61 2579/4415/1769
f 2265/3110/781 419/440/238 421/442/240
f 2266/4214/60 266/274/115 2267/4416/62
f 2935/4417/2055 2927/4391/2060 2936/4418/2069
f 2937/4419/2070 2935/4417/2055 2936/4418/2069
f 1611/1905/1093 2022/2592/1402 1612/1906/1094
f 921/1003/617 2023/2593/579 2025/2595/579
f 2938/4420/2 2939/4421/2071 2933/4409/1880
f 2495/4408/2066 2938/4420/2 2933/4409/1880
f 873/4422/1499 2135/2773/1449 2134/2772/1448
f 172/4423/2072 873/4422/1499 2134/2772/1448
f 2447/3499/1685 1225/1379/798 2940/4424/2073
f 933/1020/623 2447/3422/1685 2940/4425/2073
f 2941/4426/2074 2696/3848/1877 2697/3849/1878
f 2861/4246/2019 2941/4426/2074 2697/3849/1878
f 2942/4427/2075 2943/4428/2076 2699/3851/1880
f 2944/4429/2066 2942/4427/2075 2699/3851/1880
f 2924/4386/2055 2945/4430/2077 2946/4431/2078
f 2925/4387/2056 2924/4386/2055 2946/4431/2078
f 2947/4432/2 2948/4433/2079 2869/4254/2027
f 2949/4434/2066 2947/4432/2 2869/4254/2027
f 2950/4435/2080 2951/4436/2081 2952/4437/2082
f 2953/4438/2083 2950/4435/2080 2952/4437/2082
f 2854/4236/2013 2853/4235/2012 2865/4250/2023
f 2864/4249/2022 2854/4236/2013 2865/4250/2023
f 2954/4439/2084 2955/4440/2085 2943/4428/2076
f 2942/4427/2075 2954/4439/2084 2943/4428/2076
f 2956/4441/2058 2843/4442/2001 2945/4430/2077
f 2957/4443/2061 2956/4441/2058 2945/4430/2077
f 2958/4444/2086 2701/4445/1882 651/689/407
f 2959/4446/2087 2958/4444/2086 651/689/407
f 2960/4447/2022 2935/4417/2055 2937/4419/2070
f 2386/4448/2088 2960/4447/2022 2937/4419/2070
f 2953/4438/2083 2952/4437/2082 2961/4449/1916
f 1097/4450/2067 2953/4438/2083 2961/4449/1916
f 2948/4433/2079 2962/4451/2085 2963/4452/2089
f 2869/4254/2027 2948/4433/2079 2963/4452/2089
f 2843/4217/2001 1969/2513/1361 2964/4453/2090
f 2945/4430/2077 2843/4442/2001 2964/4454/2090
f 157/159/68 2474/3460/615 158/160/69
f 1201/1351/6 2474/3462/6 157/2709/6
f 2951/4436/2081 2965/4455/2091 2966/4456/2092
f 2952/4437/2082 2951/4436/2081 2966/4456/2092
f 58/4457/2093 1907/4458/2094 2967/4459/2095
f 2196/4460/5 2968/4461/5 2122/4462/5
f 784/832/509 2424/3383/437 785/833/61
f 830/882/541 2424/3385/618 784/2085/1172
f 770/4414/498 239/247/109 241/249/61
f 874/945/6 239/2615/6 770/1301/6
f 2238/3016/1528 691/4463/79 2253/4378/333
f 2969/4464/1483 691/1409/821 2238/3017/1484
f 26/4465/2093 1892/4466/2094 2970/4467/2095
f 2195/4468/5 2971/4469/5 2119/4470/5
f 1098/1217/705 554/1219/706 2234/3011/1524
f 2234/3010/1442 554/586/323 2799/4076/457
f 2382/4471/2096 2698/3850/1879 2701/3853/1882
f 2972/4472/2097 2382/4473/2096 2701/4445/1882
f 70/4474/2093 1910/4475/2094 2973/4476/2095
f 2197/4477/5 2974/4478/5 2125/4479/5
f 555/2034/324 1712/2087/1174 1681/2035/77
f 1098/1217/705 1712/2086/1173 555/1218/6
f 2632/3749/1821 278/286/125 1810/2221/11
f 278/286/125 280/288/127 1810/2221/11
f 1965/2503/1357 1964/2502/1356 1845/2277/1268
f 161/163/71 1281/1447/39 1283/1449/39
f 829/2951/1499 191/193/87 2198/2949/1497
f 829/881/84 154/156/65 156/158/67
f 2975/4480/2098 2976/4481/2099 2965/4482/2091
f 2977/4483/2100 2975/4484/2098 2965/4455/2091
f 2978/4485/2100 729/3114/470 2939/4421/2071
f 2938/4420/2 2978/4485/2100 2939/4421/2071
f 1905/4486/1307 2286/3148/1557 2979/4487/2101
f 2733/3920/1907 2732/3919/1906 1072/1179/685
f 2980/4488/2102 2733/3920/1907 1072/1179/685
f 2981/4489/2017 2982/4490/2103 2962/4491/2085
f 2983/4492/2100 2981/4493/2017 2962/4451/2085
f 2984/4494/2104 1379/1581/917 1378/1580/916
f 1910/4475/2094 70/4474/2093 1908/4495/2105
f 69/4496/2 1908/4497/2 70/4498/2
f 175/2607/1407 1689/2050/1152 2030/2608/1408
f 175/177/64 428/449/37 430/451/37
f 1696/3994/4 1576/4499/4 1939/3992/4
f 8/573/6 1576/1862/6 1696/2066/6
f 2985/4500/2106 1130/1254/727 1129/1253/726
f 2986/4501/2107 1358/3046/897 2247/3045/1535
f 2987/4502/2108 2986/4501/2107 2247/3045/1535
f 1907/4458/2094 58/4457/2093 1894/4503/2105
f 57/57/2 1894/4504/2 58/58/2
f 2988/4505/2064 92/4506/2064 91/4507/2064
f 1858/4508/2109 2989/4509/2110 2990/4510/2111
f 1859/4511/2112 1858/4508/2109 2990/4510/2111
f 1892/4466/2094 26/4465/2093 1890/4512/2105
f 6/6/2 1890/4513/2 26/26/2
f 2991/4514/2113 2937/4419/2070 2992/4515/2114
f 2993/4516/2115 2991/4517/2113 2992/4518/2114
f 1345/1543/2 1776/4519/2 1346/1544/2
f 1818/4333/5 1346/4332/5 1776/4520/5
f 1097/4450/2067 2961/4449/1916 2875/4521/2028
f 2762/4522/2116 1097/4523/2067 2875/4261/2028
f 1344/4524/2 1773/4525/2 5/4526/2
f 1816/4364/5 5/4363/5 1773/4527/5
f 1216/4528/2 1770/4529/2 1217/4530/2
f 1817/4372/5 1217/4371/5 1770/4531/5
f 2994/4532/2117 233/241/106 2995/4533/2118
f 2996/4534/1196 2994/4535/2117 2995/4536/2118
f 2997/4537/1013 2998/4538/2119 2999/4539/2120
f 3000/4540/2121 2997/4537/1013 2999/4539/2120
f 567/600/336 566/599/335 3001/4541/2122
f 1493/4542/1012 567/600/336 3001/4541/2122
f 2876/4262/2032 1664/2016/1132 1666/2019/1134
f 565/598/334 2876/4262/2032 1666/2019/1134
f 2839/4206/1997 1182/4207/762 3002/4543/2123
f 2615/3687/1803 2839/4206/1997 3002/4543/2123
f 3003/4544/2124 3004/4545/2125 2738/3925/1912
f 2737/3924/1911 3003/4544/2124 2738/3925/1912
f 3005/4546/2126 2162/2867/1473 2161/2866/1472
f 3006/4547/2127 3005/4546/2126 2161/2866/1472
f 3007/4548/2128 3008/4549/2129 2314/3218/1574
f 2789/4043/1951 3007/4548/2128 2314/3218/1574
f 3009/4550/2130 1145/4551/741 3010/4552/2131
f 1145/4551/741 3011/4553/2132 3010/4552/2131
f 3012/4554/2133 3013/4555/2121 364/380/191
f 368/4556/195 3012/4554/2133 364/380/191
f 3014/4557/2134 1479/1725/998 1482/1724/1001
f 3015/4558/2108 3014/4557/2134 1482/1724/1001
f 3016/4559/2135 2786/4560/1621 2532/4561/1736
f 478/500/285 3016/4562/2135 2532/3532/1736
f 653/924/409 1446/1677/969 3017/4563/2136
f 3018/4564/2137 653/691/409 3017/4565/2136
f 1980/2531/1371 684/893/434 2143/2795/1458
f 2142/2794/1457 1980/2531/1371 2143/2795/1458
f 299/311/142 3019/4566/2128 3020/4567/2138
f 1460/4568/983 299/311/142 3020/4567/2138
f 773/817/501 3005/4546/2126 3006/4547/2127
f 1665/2018/1133 773/2017/501 3006/4569/2127
f 3021/4570/2139 3022/4571/2140 2850/4232/2009
f 2848/4230/4 3021/4570/2139 2850/4232/2009
f 1385/1588/923 3015/4558/2108 3023/4572/2141
f 427/1589/245 1385/1588/923 3023/4572/2141
f 3024/4573/2142 3025/4574/2143 331/344/171
f 1041/1143/658 3024/4573/2142 331/344/171
f 282/3306/129 1178/1317/758 1479/1721/998
f 283/291/130 282/290/129 1479/1725/998
f 3026/4575/2144 3027/4576/2145 2162/2867/1473
f 3005/4546/2126 3026/4575/2144 2162/2867/1473
f 1561/1842/1056 288/3928/131 3008/4549/2129
f 1562/1843/1057 1561/1842/1056 3008/4549/2129
f 595/3337/356 2386/3336/1633 3028/4577/2146
f 3029/4578/2147 595/3337/356 3028/4577/2146
f 336/349/175 2986/4501/2107 2987/4502/2108
f 561/594/330 336/349/175 2987/4502/2108
f 3030/4579/2148 3031/4580/2107 1618/1916/1099
f 1446/1677/969 3030/4579/2148 1618/1916/1099
f 298/310/141 3032/4581/1013 3019/4566/2128
f 299/311/142 298/310/141 3019/4566/2128
f 1697/2070/1159 1698/2071/1160 2261/4582/1545
f 1077/1184/584 1697/4583/1159 2261/4584/1545
f 1304/1479/866 1302/1477/865 3032/4581/1013
f 298/310/141 1304/1479/866 3032/4581/1013
f 3033/4585/2149 2876/4262/2032 565/598/334
f 3034/4586/2059 3033/4585/2149 565/598/334
f 268/276/117 2997/4537/1013 3000/4540/2121
f 269/277/118 268/276/117 3000/4540/2121
f 3035/4587/2150 1670/2023/1136 1121/1245/718
f 1120/1244/717 3035/4587/2150 1121/1245/718
f 322/334/162 3014/4557/2134 3015/4558/2108
f 1385/1588/923 322/334/162 3015/4558/2108
f 561/594/330 2987/4502/2108 3036/4588/2151
f 339/2062/178 561/594/330 3036/4588/2151
f 1653/1966/1057 1494/1743/1013 3013/4555/2121
f 1654/1967/1123 1653/1966/1057 3013/4555/2121
f 3037/4589/2152 1782/4590/1227 2531/4591/1735
f 2097/2706/549 3037/4592/2152 2531/3530/1735
f 867/4593/574 2308/3192/1568 3038/4594/678
f 3039/4595/2153 867/4593/574 3038/4594/678
f 2223/3325/1515 433/454/248 2380/3326/1627
f 433/454/248 1757/3825/1211 2380/3326/1627
f 712/756/268 2277/3137/1553 2748/3954/1921
f 304/3196/146 712/756/268 2748/3954/1921
f 1675/2028/1141 1677/2030/1143 2167/2877/1478
f 1276/1442/842 1675/2028/1141 2167/2877/1478
f 785/4596/2154 783/3855/1883 2702/3854/1638
f 2424/3383/437 783/831/110 785/833/61
f 1699/2072/1161 3040/4597/2155 3041/4598/2156
f 909/3368/605 2410/3367/882 3042/4599/2157
f 910/4600/606 909/3368/605 3042/4599/2157
f 3043/4601/2158 2372/4602/1621 2371/4603/1620
f 2212/2972/285 3043/4604/2158 2371/3546/1620
f 2045/4605/1419 869/940/576 868/939/575
f 1320/1508/840 2045/2639/1419 868/4606/575
f 1206/1358/240 1476/1717/714 3044/4607/1870
f 1207/1359/782 1206/1358/240 3044/4607/1870
f 3018/4564/2137 3017/4565/2136 3045/4608/2159
f 3004/4545/2125 3018/4564/2137 3045/4608/2159
f 839/896/549 2210/2969/1506 2660/3793/1844
f 1976/3792/1367 839/896/549 2660/3793/1844
f 1489/4609/1008 3046/4610/2160 3047/4611/2161
f 1490/4612/1009 1489/4609/1008 3047/4611/2161
f 796/4613/516 2645/4614/1834 2646/4615/1835
f 797/845/517 796/844/516 2646/4616/1835
f 1814/3806/1244 881/956/584 2670/3807/1853
f 881/956/584 1913/2424/1310 2670/3807/1853
f 3048/4617/2162 2464/3442/859 3049/4618/2163
f 3050/4619/2164 3048/4620/2162 3049/4621/2163
f 413/434/232 415/436/234 1997/2564/1279
f 2279/4622/1555 413/434/232 1997/2564/1279
f 3043/4601/2158 610/648/248 2372/4602/1621
f 610/648/248 1156/3311/746 2372/4602/1621
f 412/433/54 2804/4097/1963 2807/4104/1965
f 1662/2006/1130 412/433/54 2807/4104/1965
f 592/2267/353 1917/4623/1313 3051/4624/2165
f 1841/2268/1264 592/2267/353 3051/4624/2165
f 39/4625/6 3052/4626/6 3053/4627/6
f 3053/4628/4 43/4629/4 39/4630/4
f 427/1589/245 3023/4572/2141 914/2658/610
f 2190/2940/1496 427/448/245 914/2941/610
f 1449/3098/972 2259/3100/1006 1782/4590/1227
f 3037/4589/2152 1449/3098/972 1782/4590/1227
f 23/4631/6 2761/4632/6 3054/4633/6
f 3054/4634/4 24/4635/4 23/4636/4
f 2756/3975/91 766/4637/82 2006/3976/83
f 874/945/6 766/947/6 2756/4638/6
f 251/3059/1541 2252/3058/1540 263/4639/1541
f 1485/1733/1004 1486/4640/1005 838/895/548
f 837/894/547 1485/1733/1004 838/895/548
f 325/337/165 1563/1844/142 3055/4641/2166
f 327/340/167 325/339/165 3055/4642/2166
f 148/150/60 688/730/437 149/151/61
f 3056/4643/2167 688/1006/618 148/4644/1172
f 3057/4645/2168 1552/4646/972 1555/3026/1051
f 3058/4647/2169 3057/4645/2168 1555/3026/1051
f 1338/1532/893 1340/1535/586 3059/4648/2170
f 1340/1535/586 2787/4040/1949 3059/4648/2170
f 629/2182/387 626/664/384 3060/4649/2171
f 1228/1383/801 629/1382/387 3060/4650/2171
f 1655/4172/1989 2830/4174/1508 950/1041/633
f 2722/4651/1899 1655/4172/1989 950/1041/633
f 1332/1520/888 1182/1323/762 1783/2186/1228
f 1182/1323/762 1184/1325/764 1783/2186/1228
f 2323/4652/1583 1796/2205/1237 1142/3228/739
f 274/282/123 2323/3227/1583 1142/1268/739
f 1244/4653/818 2217/2982/1510 1807/2218/972
f 3061/4654/2172 1244/2300/818 1807/4655/972
f 1943/2550/1337 409/428/229 1989/4656/1377
f 588/626/349 1943/2469/1337 1989/4657/1377
f 1590/1876/1079 1485/1733/1004 642/680/398
f 641/679/397 1590/1876/1079 642/680/398
f 3062/4658/6 995/4659/6 986/4660/6
f 3051/4624/2165 1917/4623/1313 3029/4578/2147
f 1917/4623/1313 595/3337/356 3029/4578/2147
f 1462/4661/1 1741/2129/1 53/1757/1
f 1741/4662/3 1462/4321/3 2894/4323/3
f 709/753/453 1806/2217/1051 1626/1926/1104
f 3063/4663/2173 709/753/453 1626/1926/1104
f 3016/4559/2135 1077/1184/584 2786/4560/1621
f 1077/1184/584 2261/4584/1545 2786/4560/1621
f 3064/4664/2174 567/600/336 1493/4542/1012
f 1492/1741/1011 3064/4665/2174 1493/1742/1012
f 481/503/288 1313/1490/873 1630/1930/1107
f 1313/1490/873 1315/1492/633 1630/1930/1107
f 1507/4666/1026 443/464/257 608/646/368
f 443/464/257 445/466/259 608/646/368
f 1317/1495/875 1432/1655/958 486/508/291
f 2830/4171/1508 1317/1495/875 486/508/291
f 1184/1325/764 434/4667/249 791/839/513
f 432/453/247 1184/1325/764 791/839/513
f 683/721/433 1813/4668/1243 1596/4669/1084
f 1920/2432/1316 683/721/433 1596/4669/1084
f 625/4670/383 477/499/284 1803/2214/1233
f 626/664/384 625/663/383 1803/4671/1233
f 1920/2432/1316 1596/4669/1084 1988/4672/1232
f 686/724/436 1920/4673/1316 1988/4674/1232
f 816/4675/433 478/500/285 477/499/284
f 625/4670/383 816/4675/433 477/499/284
f 635/673/393 1787/2192/958 1786/3021/1230
f 2214/4202/1508 635/673/393 1786/3021/1230
f 1498/4676/1017 2722/4651/1899 3065/4677/2175
f 2722/4651/1899 950/1041/633 3065/4677/2175
f 2208/4161/1337 373/389/200 1435/4678/960
f 663/701/349 2208/2966/1337 1435/4679/960
f 631/1925/389 1874/3030/1290 1873/4680/960
f 632/670/390 631/669/389 1873/4681/960
f 663/701/349 1435/4679/960 1433/1656/959
f 664/702/418 663/701/349 1433/1656/959
f 3066/4682/2176 2905/4346/2046 2907/4348/2048
f 3067/4683/2177 3066/4682/2176 2907/4348/2048
f 588/626/349 1989/4657/1377 1623/3042/1102
f 589/627/350 588/626/349 1623/3042/1102
f 937/1024/444 1791/4684/1233 2217/4685/1510
f 1244/4653/818 937/4686/444 2217/2982/1510
f 1091/4687/698 1100/1223/708 1790/2198/1232
f 700/743/444 1091/1201/698 1790/4688/1232
f 1498/4676/1017 3065/4677/2175 1075/1182/688
f 1499/4187/1018 1498/4676/1017 1075/1182/688
f 2209/4181/389 1976/3792/1367 1754/4689/1209
f 640/678/396 2209/2967/389 1754/4690/1209
f 700/743/444 1790/4688/1232 1553/4691/1049
f 3068/4692/2178 700/743/444 1553/4691/1049
f 2599/4693/858 2908/4349/1511 2910/4351/2050
f 2100/4694/1438 2599/4693/858 2910/4351/2050
f 907/988/603 1654/1967/1123 368/4556/195
f 367/383/194 907/2480/603 368/384/195
f 510/4695/300 3069/4696/2179 1794/2202/708
f 936/1023/625 510/533/300 1794/4697/708
f 1312/1489/872 1746/3024/1203 483/4698/290
f 1315/1492/633 1312/2323/872 483/4699/290
f 632/670/390 1873/4681/960 2245/3040/1533
f 1536/1815/473 632/670/390 2245/3040/1533
f 1372/1574/911 246/4700/2180 3070/4701/2181
f 589/627/350 1623/3042/1102 2246/3041/1534
f 1157/1289/747 589/627/350 2246/3041/1534
f 1099/4702/707 2212/2972/285 1100/1223/708
f 1091/4687/698 1099/4702/707 1100/1223/708
f 445/466/259 2206/4703/290 609/647/369
f 608/646/368 445/466/259 609/647/369
f 626/664/384 1803/4671/1233 1802/2997/1049
f 2226/2996/1518 626/664/384 1802/2997/1049
f 664/702/418 1433/1656/959 1432/1655/958
f 1317/1495/875 664/702/418 1432/1655/958
f 1396/1600/930 2190/2940/1496 2594/3646/1784
f 1397/1601/931 1396/1600/930 2594/3646/1784
f 936/1023/625 1794/4697/708 1791/4684/1233
f 937/1024/444 936/1023/625 1791/4684/1233
f 732/776/473 1185/2137/765 1747/2136/958
f 735/779/475 732/776/473 1747/2136/958
f 640/678/396 1754/4690/1209 1185/2137/765
f 732/776/473 640/678/396 1185/2137/765
f 2830/4171/1508 486/508/291 951/4704/249
f 950/1041/633 2830/4174/1508 951/1042/249
f 1210/1362/785 881/956/584 3071/4705/2182
f 3072/4706/2183 1210/1362/785 3071/4705/2182
f 1365/1567/2184 255/4707/2185 245/4708/2185
f 1536/1815/473 2245/3040/1533 1787/2192/958
f 635/673/393 1536/1815/473 1787/2192/958
f 1157/1289/747 2246/3041/1534 2215/2977/1509
f 2207/4194/1505 1157/1289/747 2215/2977/1509
f 686/724/436 1988/4674/1232 1599/4709/1086
f 1484/4183/1003 686/724/436 1599/4709/1086
f 3073/4710/2186 2223/3325/1515 3069/4711/2179
f 510/4695/300 3073/4712/2186 3069/4696/2179
f 3058/4647/2169 1555/3026/1051 410/429/230
f 789/837/512 3058/4647/2169 410/429/230
f 735/779/475 1747/2136/958 1746/3024/1203
f 1312/1489/872 735/779/475 1746/3024/1203
f 815/1749/533 1500/1750/1019 478/4713/285
f 816/4675/433 815/4714/533 478/500/285
f 1082/3064/693 299/311/142 1460/4568/983
f 1459/1695/982 1082/1191/693 1460/1696/983
f 1484/4183/1003 1599/4709/1086 1486/4715/1005
f 1485/1733/1004 1484/1732/1003 1486/4640/1005
f 1428/1651/720 1711/2084/1171 1584/1870/1073
f 1583/1869/711 1428/1651/720 1584/1870/1073
f 1123/1247/720 1125/1249/722 2549/3577/1315
f 1103/1227/711 1123/1247/720 2549/3577/1315
f 1914/2425/453 1450/1681/973 2097/2706/549
f 1229/1386/803 1914/2425/453 2097/2706/549
f 2337/4716/640 2336/4717/1595 1478/2995/642
f 897/978/596 2337/4718/640 1478/1720/642
f 984/4719/5 3074/4720/5 3075/4721/5
f 1222/1375/795 786/2780/1451 1223/1376/796
f 1712/2087/1174 786/2089/62 1681/2035/77
f 459/480/268 2129/2762/1443 1178/1317/758
f 282/3306/129 459/480/268 1178/1317/758
f 2801/4722/1959 1421/4723/950 3076/4724/2187
f 1421/4723/950 2535/3540/1603 3076/4724/2187
f 645/683/401 176/2606/1406 646/684/402
f 2304/3176/1485 176/4219/83 2305/3177/1565
f 1475/2640/715 1634/2642/1111 3077/4725/2188
f 1476/4726/714 1475/2640/715 3077/4725/2188
f 1315/1492/633 483/4699/290 880/955/583
f 879/954/582 1315/1492/633 880/955/583
f 2207/4194/1505 2215/2977/1509 2206/4727/290
f 445/466/259 2207/2964/1505 2206/4703/290
f 1507/4666/1026 608/646/368 2829/4168/1988
f 467/4167/276 1507/4666/1026 2829/4168/1988
f 2214/4202/1508 1786/3021/1230 434/4728/249
f 1184/1325/764 2214/2976/1508 434/4667/249
f 2730/3917/467 3078/4729/1886 3079/4730/2189
f 2674/3812/1856 3079/4730/2189 3078/4729/1886
f 3068/4692/2178 1553/4691/1049 1552/4731/972
f 3057/4645/2168 3068/4732/2178 1552/4646/972
f 3061/4654/2172 1807/4655/972 1806/2217/1051
f 709/753/453 3061/4654/2172 1806/2217/1051
f 1547/1826/1045 1548/1827/1046 3004/4545/2125
f 613/651/371 1547/1826/1045 3004/4545/2125
f 1229/1386/803 2097/2706/549 373/389/200
f 2208/4161/1337 1229/1386/803 373/389/200
f 3040/4597/2155 1699/2072/1161 3080/4733/2190
f 141/143/54 3081/4734/2191 3082/4735/2192
f 1390/1594/925 141/143/54 3082/4735/2192
f 1012/4736/5 2404/4737/5 3083/4738/5
f 1869/2311/1 2472/3456/1 534/557/1
f 2170/2883/3 3084/4739/3 1869/2881/3
f 2255/4740/1543 3085/4741/678 3086/4742/2193
f 3087/4743/2194 2255/4740/1543 3086/4742/2193
f 1236/1393/810 114/114/36 2776/4744/47
f 2775/4014/46 1236/4745/810 2776/4015/47
f 431/452/246 433/454/248 2223/3325/1515
f 3073/4710/2186 431/452/246 2223/3325/1515
f 40/4746/5 3088/4747/5 677/4748/5
f 677/4749/3 41/4750/3 40/4751/3
f 3072/4706/2183 3071/4705/2182 1813/4752/1243
f 683/721/433 3072/4753/2183 1813/4668/1243
f 605/643/365 607/645/367 2212/4754/285
f 1099/4702/707 605/4755/365 2212/2972/285
f 1684/4756/6 2175/4757/6 1175/4758/1434
f 2175/4757/6 2174/4759/6 1175/4758/1434
f 678/716/428 764/808/468 3089/4760/2195
f 2715/3878/1892 678/716/428 3089/4760/2195
f 789/837/512 410/429/230 409/428/229
f 1943/2550/1337 789/837/512 409/428/229
f 643/681/399 839/896/549 1976/3792/1367
f 2209/4181/389 643/681/399 1976/3792/1367
f 1337/4761/1436 1683/4762/6 1684/4756/6
f 1337/4761/1436 1176/4763/6 1683/4762/6
f 2047/2644/1421 556/3209/1569 2048/2645/1422
f 554/586/323 556/588/325 2799/4076/457
f 2693/3840/1872 2692/3839/1871 3090/4764/2196
f 1730/2111/1191 2693/4765/1872 3090/4766/2196
f 17/4767/6 2600/4768/6 2601/4769/6
f 2601/4770/4 18/4771/4 17/4772/4
f 803/4773/523 946/4774/629 2359/3287/1608
f 237/3286/89 803/4773/523 2359/3287/1608
f 16/4775/5 2602/4776/5 2746/4777/5
f 2746/4778/3 102/4779/3 16/4780/3
f 22/4781/5 2667/4782/5 2666/4783/5
f 2666/4784/3 76/4785/3 22/4786/3
f 2563/3598/1760 1864/2305/1282 438/459/253
f 841/4787/551 2563/3598/1760 438/459/253
f 2389/4788/6 998/4789/6 997/4790/6
f 3091/4791/2197 1642/4792/1115 1798/2209/1239
f 1797/2208/1238 3091/4791/2197 1798/2209/1239
f 2836/4197/1994 917/4196/613 916/4793/612
f 319/4794/159 2836/4197/1994 916/4793/612
f 2336/4717/1595 777/823/505 1860/2294/1279
f 1478/2995/642 2336/4717/1595 1860/2294/1279
f 1176/4763/6 2174/4759/6 1683/4762/6
f 1176/4763/6 1175/4758/1434 2174/4759/6
f 1851/4795/1274 2693/4765/1872 1730/2111/1191
f 1729/2110/1190 1851/4795/1274 1730/2111/1191
f 1290/1459/855 883/959/586 2156/2855/1468
f 883/959/586 2813/4119/1972 2156/2855/1468
f 2370/3307/1619 124/126/45 441/4796/255
f 440/461/254 2370/4797/1619 441/462/255
f 2584/4798/6 994/4799/6 980/4800/6
f 553/4404/2064 2932/4403/2064 2153/4801/2064
f 991/4802/5 3092/4803/5 1899/4804/5
f 92/4506/2064 2988/4505/2064 2033/4805/2064
f 1337/4761/1436 1684/4756/6 1341/4806/6
f 1684/4756/6 1175/4758/1434 1341/4806/6
f 3093/4807/2198 2838/4205/1996 414/4808/233
f 2838/4205/1996 894/4809/593 414/4808/233
f 65/4398/2064 2931/4397/2064 2036/4810/2064
f 870/3029/577 867/4593/574 3039/4595/2153
f 1323/1511/882 870/3029/577 3039/4595/2153
f 2751/4811/1924 3094/4812/2199 1595/4813/1083
f 1594/1882/360 2751/4814/1924 1595/1883/1083
f 3095/4815/2138 1409/1615/940 1408/1614/939
f 3025/4816/2143 3095/4815/2138 1408/1614/939
f 3096/4817/2200 848/909/556 1307/1483/867
f 848/913/556 3096/4818/2200 2166/4061/1476
f 3009/4819/2201 2712/3875/1891 2982/4490/2103
f 2981/4489/2017 3009/4819/2201 2982/4490/2103
f 1113/4820/5 3097/4821/5 3098/4822/5
f 1942/2466/1336 3099/4823/2202 516/539/7
f 1271/1437/838 1942/2466/1336 516/539/7
f 3027/4576/2145 404/423/225 403/422/224
f 2162/2867/1473 3027/4576/2145 403/422/224
f 3031/4580/2107 2204/2960/1503 2203/2959/224
f 1618/1916/1099 3031/4580/2107 2203/2959/224
f 3100/4824/2203 2148/2839/1462 78/78/8
f 77/77/7 3100/4824/2203 78/78/8
f 2683/3828/1864 3101/4825/2204 3102/4826/2205
f 2684/3829/1865 2683/3828/1864 3102/4826/2205
f 3103/4827/2206 2728/4828/2207 2860/4829/4
f 2307/3186/1567 1745/2134/1202 260/3187/113
f 1272/4830/839 2307/3186/1567 260/3187/113
f 2233/3009/826 1097/1216/704 2762/3987/1937
f 2397/3986/1641 2233/3009/826 2762/3987/1937
f 3063/4663/2173 1626/1926/1104 1874/3030/1290
f 631/1925/389 3063/4663/2173 1874/3030/1290
f 2279/4622/1555 1997/2564/1279 1819/4831/1246
f 859/1938/566 2279/4832/1555 1819/2235/1246
f 655/693/411 2229/3003/594 2800/4084/591
f 278/286/125 655/693/411 2800/4084/591
f 849/910/557 2139/2859/1454 2158/2858/1470
f 849/912/557 824/935/539 2139/4833/1454
f 2381/3329/1628 2942/4834/2208 2944/4835/2209
f 2382/3330/1629 2381/3329/1628 2944/4835/2209
f 1031/1131/655 2572/3608/1764 2645/4836/1834
f 796/4613/516 1031/4837/655 2645/4614/1834
f 1947/4838/1341 1188/1329/768 1743/2132/1200
f 3104/4839/2210 1947/4840/1341 1743/4841/1200
f 2133/2769/1447 1647/1955/1118 694/736/20
f 892/971/591 2133/2770/1447 694/972/20
f 3105/4842/2211 745/1690/362 821/871/537
f 820/870/234 3105/4842/2211 821/871/537
f 2311/4843/1571 2310/4844/1570 2484/3480/1715
f 2483/3479/1714 2311/4843/1571 2484/3480/1715
f 1422/1643/449 1424/1645/952 2566/3601/1359
f 1644/1950/1116 1422/1643/449 2566/3601/1359
f 3106/4845/2212 2655/3801/1840 2353/3271/1091
f 1071/1178/684 3106/4845/2212 2353/3271/1091
f 1190/3037/769 2947/4846/2208 2949/4847/2213
f 2244/3038/1532 1190/3037/769 2949/4847/2213
f 3047/4848/2214 3046/4849/4 3107/4850/2215
f 3046/4849/4 2723/3903/1900 3107/4850/2215
f 918/3596/614 2561/3595/1758 2622/3718/1810
f 1837/2261/1260 918/2260/614 2622/4851/1810
f 1635/4065/414 2796/4067/1956 2573/4852/1355
f 717/761/459 1635/1939/414 2573/3609/1355
f 1856/2290/609 1674/2027/1140 2606/4853/1794
f 2906/4347/2047 1856/4854/609 2606/4855/1794
f 864/931/571 724/768/466 3108/4856/964
f 843/900/553 845/902/555 841/4787/551
f 840/897/550 843/4857/553 841/898/551
f 2615/3687/1803 3002/4543/2123 1331/4099/276
f 2805/4098/1353 2615/3687/1803 1331/4099/276
f 1055/1159/442 2567/3602/695 2647/3772/1836
f 1454/4400/977 1055/1159/442 2647/3772/1836
f 3109/4858/2216 3055/4642/2166 2543/3561/1745
f 2542/3560/1744 3109/4858/2216 2543/3561/1745
f 1838/2264/1261 173/1562/901 1363/1564/903
f 117/119/38 171/173/79 173/175/81
f 898/979/414 1962/4859/1354 1963/3607/1355
f 1640/1946/1113 898/979/414 1963/3607/1355
f 658/4860/414 2680/3821/1861 2560/3594/1355
f 1637/3593/1113 658/4860/414 2560/3594/1355
f 3110/4861/2217 2378/4180/1087 2379/4862/1626
f 1413/4863/944 3110/4861/2217 2379/4862/1626
f 718/762/460 2574/3610/1765 2654/3782/1834
f 3111/4864/2218 718/762/460 2654/3782/1834
f 1417/1638/948 1416/1637/947 3112/4865/2219
f 2351/4866/640 818/868/535 817/867/534
f 1592/1878/1081 2351/4867/640 817/1879/534
f 1357/1557/515 1837/2263/1260 2358/3279/1091
f 2562/3597/1759 1357/1557/515 2358/3279/1091
f 1257/1422/829 2172/4868/2220 2169/4869/2221
f 534/4870/2222 2172/4868/2220 1257/1422/829
f 1600/1889/1087 1603/1892/1090 3094/4812/2199
f 2751/4811/1924 1600/1889/1087 3094/4812/2199
f 1249/1412/449 3113/4871/2223 2568/3603/1761
f 1646/1954/1116 1249/1412/449 2568/3603/1761
f 842/899/552 1966/2507/1358 1967/2506/1359
f 2570/3605/1116 842/899/552 1967/2506/1359
f 1511/2203/551 77/77/7 3113/4872/2223
f 1249/1412/449 1511/1766/551 3113/4871/2223
f 896/976/595 2133/2770/1447 892/971/591
f 415/436/234 896/976/595 892/971/591
f 2899/4335/2040 822/872/125 2900/4336/2041
f 822/872/125 2357/3278/1606 2900/4336/2041
f 1593/1880/1082 1957/2495/1349 1960/2494/1352
f 1643/1949/1113 1593/1880/1082 1960/2494/1352
f 454/4873/263 453/4874/262 2185/4875/1492
f 2896/4327/2039 2185/2931/1492 453/4876/262
f 693/735/332 177/179/84 179/181/85
f 693/4877/1498 179/481/269 461/483/270
f 2152/2851/1465 2917/4366/1460 2918/4367/2052
f 1162/1294/750 2152/2851/1465 2918/4367/2052
f 2041/2632/1416 1383/1585/921 3114/4878/2224
f 1383/1585/921 2221/2988/1514 3114/4878/2224
f 781/829/337 197/199/91 782/830/338
f 830/882/541 197/884/6 781/3384/6
f 698/740/442 2565/3600/695 2132/2768/1446
f 895/2767/594 698/740/442 2132/2768/1446
f 811/861/530 2559/3592/1758 2653/3781/1810
f 812/862/531 811/861/530 2653/3781/1810
f 147/1555/59 1357/1557/515 3115/4879/2225
f 845/902/555 147/1555/59 3115/4879/2225
f 546/1881/321 1593/1880/1082 1643/1949/1113
f 1642/1948/1115 546/1881/321 1643/1949/1113
f 1713/4880/1175 3116/4881/2226 2362/3291/1612
f 290/4211/133 1713/4880/1175 2362/3291/1612
f 2674/3812/1856 3078/4729/1886 674/712/424
f 673/711/423 2674/3812/1856 674/712/424
f 275/283/124 1142/1268/739 3117/4882/1998
f 2752/4883/1925 275/283/124 3117/4882/1998
f 2057/2666/1431 3118/4884/2227 2058/2667/1432
f 2057/2666/1431 2139/2783/1454 3118/4884/2227
f 1061/1168/674 1289/1457/854 1919/2430/1315
f 1918/2429/1314 1061/1168/674 1919/2430/1315
f 656/694/412 658/696/414 1637/1941/1113
f 917/999/613 656/694/412 1637/1941/1113
f 860/1937/567 1635/1939/414 717/761/459
f 716/760/458 860/1937/567 717/761/459
f 696/738/440 698/740/442 895/2767/594
f 894/974/593 696/4885/440 895/975/594
f 740/977/478 898/979/414 1640/1946/1113
f 1639/1945/1115 740/977/478 1640/1946/1113
f 2383/3332/1630 1192/2052/771 3119/4886/2228
f 3120/4887/2229 2383/3332/1630 3119/4886/2228
f 798/846/518 800/848/520 77/77/7
f 1511/2203/551 798/846/518 77/77/7
f 3111/4864/2218 2654/3782/1834 2655/4888/1840
f 3106/4845/2212 3111/4889/2218 2655/3801/1840
f 1831/2250/1255 1832/2252/1256 3011/4553/2132
f 1145/4551/741 1831/2250/1255 3011/4553/2132
f 946/1036/629 139/4890/52 1389/4891/98
f 2359/3287/1608 946/4774/629 1389/4892/98
f 679/717/429 678/716/428 2715/3878/1892
f 763/807/495 679/717/429 2715/3878/1892
f 330/749/170 705/748/449 1648/1956/1119
f 697/739/441 330/749/170 1648/1956/1119
f 1991/4893/1379 1413/4863/944 329/342/169
f 1992/4894/1380 1991/4893/1379 329/342/169
f 705/748/449 1271/1964/838 2564/3599/1359
f 1648/1956/1119 705/748/449 2564/3599/1359
f 532/1952/314 842/899/552 2570/3605/1116
f 2458/3640/441 532/1952/314 2570/3605/1116
f 744/1884/480 1422/1643/449 1644/1950/1116
f 1054/1158/441 744/1884/480 1644/1950/1116
f 1773/4525/2 1344/4524/2 1774/4895/2
f 2881/4289/2034 1774/4288/2033 1344/4896/2230
f 271/4897/120 2352/3268/1596 545/577/320
f 272/4898/121 271/4897/120 545/577/320
f 1152/4899/605 3087/4743/2194 2851/4900/2157
f 1153/4901/606 1152/4899/605 2851/4900/2157
f 3121/4902/120 2791/4052/1952 687/727/320
f 2054/4903/1428 3121/4902/120 687/727/320
f 558/4904/327 2854/4905/2204 2864/4906/2205
f 559/4907/328 558/4904/327 2864/4906/2205
f 1770/4529/2 1216/4528/2 1771/4908/2
f 2893/4319/2034 1771/4318/2033 1216/4909/2230
f 1368/4910/908 1973/2517/1365 1369/4911/908
f 380/4912/207 2346/3257/1602 531/554/313
f 381/4913/208 380/4912/207 531/554/313
f 1985/4914/207 3122/4915/2231 743/787/313
f 742/786/168 1985/4914/207 743/787/313
f 1215/1368/790 1135/4055/732 2597/3652/593
f 1214/1367/789 1215/1368/790 2597/3652/593
f 1454/4400/977 2647/3772/1836 745/789/362
f 3105/4842/2211 1454/1688/977 745/1690/362
f 1799/3061/1240 1798/4916/1239 1141/1265/738
f 1602/1891/1089 1799/3061/1240 1141/1265/738
f 1430/1653/956 2538/3550/1738 3123/4917/2232
f 2538/3550/1738 835/890/545 3123/4917/2232
f 601/1410/361 1249/1412/449 1646/1954/1116
f 1136/1260/733 601/1410/361 1646/1954/1116
f 1444/4918/967 2338/3246/1596 739/783/320
f 1445/4919/968 1444/4918/967 739/783/320
f 2186/2932/1493 2569/3604/1762 2656/3787/1836
f 1881/2933/977 2186/2932/1493 2656/3787/1836
f 2890/4311/5 1911/4310/5 69/4920/5
f 1908/4497/2 69/4496/2 1911/4921/2
f 2459/3641/440 2571/3606/1763 2229/4083/594
f 2228/3002/1520 2459/4922/440 2229/3003/594
f 2858/4242/2017 2857/4241/2016 2955/4923/2085
f 2954/4439/2084 2858/4924/2017 2955/4440/2085
f 3124/4925/967 418/3141/237 858/925/565
f 2313/3217/1573 3124/4925/967 858/925/565
f 2847/4926/2161 930/4927/620 3125/4928/2233
f 930/4927/620 3021/4929/2146 3125/4928/2233
f 2046/2643/1420 2048/2645/1422 932/4930/622
f 2048/2645/1422 3126/4931/2234 932/4930/622
f 1977/2526/1368 2332/3240/1592 1765/2160/1219
f 1764/2159/1218 1977/2526/1368 1765/2160/1219
f 2888/4305/5 1895/4304/5 57/4932/5
f 1894/4504/2 57/57/2 1895/4933/2
f 1784/4021/1229 562/595/331 564/597/333
f 1785/2188/6 562/953/6 1784/2189/6
f 1000/1094/641 278/286/125 2631/3748/1820
f 1001/1095/642 1000/1094/641 2631/3748/1820
f 2998/4934/2119 1072/1179/685 1539/4935/1035
f 2999/4539/2120 2998/4538/2119 1539/4936/1035
f 1512/1769/1030 1514/1771/1032 1922/2434/1318
f 1921/2433/1317 1512/1769/1030 1922/2434/1318
f 11/4937/2 1939/4938/2 1576/4939/2
f 1939/2457/5 11/4940/5 285/2832/5
f 2884/4296/5 1902/4295/5 6/4941/5
f 1890/4513/2 6/6/2 1902/4942/2
f 337/350/176 1886/4943/1295 1501/3167/1020
f 2732/3919/1906 337/350/176 1501/3167/1020
f 2635/4944/1824 2634/4945/1823 3127/4946/2235
f 947/1038/630 2635/4944/1824 3127/4946/2235
f 2099/4223/2002 159/2778/1450 103/103/25
f 2099/2708/85 157/159/68 159/161/67
f 2626/3734/1814 734/4063/474 733/4155/391
f 2627/3735/1815 2626/3734/1814 733/4155/391
f 1506/1759/1025 1286/1452/849 1285/1451/848
f 1506/4947/2236 3128/4948/2237 1286/1454/851
f 1776/4519/2 1345/1543/2 1777/4949/2
f 2878/4267/2034 1777/4266/2033 1345/4950/2230
f 2867/4252/2025 2866/4251/2024 3022/4951/2140
f 3021/4570/2139 2867/4952/2025 3022/4571/2140
f 2172/2890/4 534/4953/4 2173/2888/4
f 2470/3457/1 2173/4954/1 534/557/1
f 24/4635/4 3054/4634/4 2667/4955/4
f 2667/4782/5 22/4781/5 24/4956/5
f 1748/2139/1204 317/329/157 2356/3275/1605
f 1302/3274/865 1748/2139/1204 2356/3275/1605
f 3052/4626/6 39/4625/6 41/4957/6
f 41/4750/3 677/4749/3 3052/4958/3
f 2600/4768/6 17/4767/6 102/4959/6
f 102/4779/3 2746/4778/3 2600/4960/3
f 2029/2605/1405 2028/2604/1404 3129/4961/2238
f 1861/4080/1 401/4962/1 400/4078/1
f 401/4963/6 1861/2298/6 397/618/6
f 3130/4964/1238 720/4965/462 2832/4178/1990
f 2831/4177/1612 3130/4964/1238 2832/4178/1990
f 2126/4308/6 72/4307/6 2124/4966/6
f 75/4967/1 2124/4968/1 72/4969/1
f 2352/3268/1596 2351/3267/640 1592/3171/1081
f 545/577/320 2352/3268/1596 1592/3171/1081
f 2111/4264/5 59/4263/5 2109/4970/5
f 59/4971/1 2192/4972/1 2109/4973/1
f 1515/4074/2 55/4974/2 54/4072/2
f 277/2834/5 55/4975/5 1515/1774/5
f 2557/3588/1756 376/4976/203 3131/4977/2239
f 376/4976/203 378/3437/205 3131/4977/2239
f 738/782/477 740/784/478 1639/4978/1115
f 3132/4979/2240 738/782/477 1639/4978/1115
f 3051/4980/2241 3029/4981/4 3133/4982/2242
f 3029/4981/4 2993/4516/2115 3133/4982/2242
f 2776/4983/47 114/4984/36 1324/1512/690
f 114/4984/36 1325/1513/543 1324/1512/690
f 2651/4338/359 402/420/223 203/419/46
f 2652/3780/1839 2651/3779/359 203/4985/46
f 1280/3044/846 2496/3494/1726 2856/4986/2243
f 1065/1172/678 1280/3044/846 2856/4986/2243
f 1609/4987/3 2414/4988/3 2416/4989/3
f 1104/1228/712 2550/3578/182 2793/4056/1954
f 137/139/50 1104/1228/712 2793/4056/1954
f 2117/4316/5 71/4315/5 2115/4990/5
f 71/71/1 2193/4991/1 2115/4992/1
f 742/786/168 744/788/480 1054/3538/441
f 301/3537/144 742/786/168 1054/3538/441
f 138/140/51 2794/4057/1955 1923/2435/1319
f 1439/1665/962 138/140/51 1923/2435/1319
f 1997/2564/1279 415/436/234 1998/2565/125
f 415/436/234 892/971/591 1998/2565/125
f 2372/3309/1621 2766/3996/1940 1739/2127/1184
f 1739/2127/1184 2766/3996/1940 258/266/102
f 485/3656/251 2768/4000/112 201/203/93
f 201/203/93 2768/4000/112 202/204/5
f 3085/4993/3 2958/4444/2086 2959/4446/2087
f 3086/4994/2244 3085/4993/3 2959/4446/2087
f 1625/3948/767 2772/4008/1248 492/515/184
f 492/515/184 2772/4008/1248 493/516/5
f 525/548/310 2771/4006/307 342/355/5
f 1488/3648/1007 2771/4006/307 525/548/310
f 328/341/168 330/343/170 697/3259/441
f 2347/3258/144 328/341/168 697/3259/441
f 3134/4995/2139 2863/4996/2021 2723/3903/1900
f 3046/4849/4 3134/4995/2139 2723/3903/1900
f 530/553/168 532/555/314 2458/3435/441
f 1442/3434/965 530/553/168 2458/3435/441
f 347/360/185 2774/4013/1942 228/234/102
f 1876/3945/1103 2774/4013/1942 347/360/185
f 544/576/319 546/578/321 1642/4792/1115
f 3091/4791/2197 544/576/319 1642/4792/1115
f 1756/2148/92 2767/3998/93 228/234/102
f 1757/3826/1211 2767/3998/93 1756/2148/92
f 1941/2461/1030 2334/3242/1032 2331/3239/1591
f 2330/3238/1590 1941/2461/1030 2331/3239/1591
f 341/354/180 2770/4004/341 342/355/5
f 1598/3944/710 2770/4004/341 341/354/180
f 408/427/228 2773/4011/185 202/204/5
f 1187/3947/767 2773/4011/185 408/427/228
f 3122/4915/2231 2751/3959/1924 1594/3182/360
f 743/787/313 3122/4915/2231 1594/3182/360
f 2123/4302/6 60/4301/6 2121/4997/6
f 67/67/1 2121/4998/1 60/60/1
f 418/3141/237 2279/3140/1555 859/926/566
f 858/925/565 418/3141/237 859/926/566
f 3074/4720/5 984/4719/5 989/4999/5
f 3092/4803/5 991/4802/5 993/5000/5
f 1673/2026/1139 1279/1445/845 1278/1444/844
f 1674/2027/1140 1673/2026/1139 1278/1444/844
f 1955/5001/1008 930/4927/620 2847/4926/2161
f 1715/5002/1176 1955/5001/1008 2847/4926/2161
f 1413/4863/944 2379/4862/1626 703/3174/447
f 329/342/169 1413/4863/944 703/3174/447
f 2338/3246/1596 2337/3245/640 897/3179/596
f 739/783/320 2338/3246/1596 897/3179/596
f 2120/4293/6 2/4292/6 2118/5003/6
f 27/27/1 2118/5004/1 2/2/1
f 2740/5005/6 1170/5006/6 1169/5007/6
f 3009/4819/2201 3010/5008/4 2712/3875/1891
f 3010/5008/4 2709/3872/1888 2712/3875/1891
f 2895/5009/2245 3135/5010/2246 2059/2668/1433
f 2895/5009/2245 2059/2668/1433 2056/2665/1430
f 2688/5011/1 826/3942/1 1285/1756/1
f 2688/5012/2247 1285/1451/848 1284/1450/847
f 2791/4052/1952 999/4051/640 657/728/413
f 687/727/320 2791/4052/1952 657/728/413
f 3128/5013/2248 1545/5014/1041 2764/5015/1938
f 3128/4948/2237 1506/4947/2236 1545/5016/1042
f 390/4213/216 2364/3294/1614 1250/4190/822
f 2835/4189/1993 390/4213/216 1250/4190/822
f 2423/5017/4 1717/5018/4 1606/5019/4
f 1472/2637/994 2044/2638/32 140/5020/53
f 3136/5021/2249 1472/1711/994 140/5022/53
f 2837/4201/1995 716/4200/458 720/4965/462
f 3130/4964/1238 2837/4201/1995 720/4965/462
f 1705/2078/1166 1704/2077/1165 2325/3583/1585
f 2552/3582/1751 1705/2078/1166 2325/3583/1585
f 2410/5023/2250 3033/4585/2149 3034/4586/2059
f 3042/5024/2251 2410/5025/2250 3034/5026/2059
f 2114/4286/5 1/4285/5 2112/5027/5
f 1/1/1 2194/5028/1 2112/5029/1
f 2169/4869/2221 1870/2313/1287 1257/1422/829
f 1870/2313/1287 2169/4869/2221 1869/2312/1286
f 750/794/483 1196/1342/775 748/792/481
f 1196/1342/775 750/794/483 1197/1343/776
f 3137/5030/2252 2831/4177/1612 2378/4180/1087
f 3110/4861/2217 3137/5030/2252 2378/4180/1087
f 2013/5031/6 1111/5032/6 1110/5033/6
f 2365/5034/1615 738/782/477 3132/4979/2240
f 3116/4881/2226 2365/5034/1615 3132/4979/2240
f 2684/5035/2253 2861/4246/2019 2863/4248/2021
f 3134/4995/2139 2684/5036/2253 2863/4996/2021
f 3087/5037/2250 1549/1828/1047 2852/5038/2011
f 2851/4233/2010 3087/5039/2250 2852/4234/2011
f 3138/5040/2254 2477/3467/1708 2476/3466/1707
f 292/304/135 3138/5041/2254 2476/5042/1707
f 1305/5043/2255 3135/5010/2246 2895/5009/2245
f 3135/5044/1 1305/1480/1 1306/1482/1
f 1824/3553/1 1740/2128/1 1741/2129/1
f 1740/5045/2256 1824/2242/1250 1823/2241/1249
f 3139/5046/2257 3140/5047/2258 3141/5048/2259
f 3140/5047/2258 2787/4040/1949 3141/5048/2259
f 850/5049/2061 2158/2861/1 1307/5050/1
f 850/911/558 849/910/557 2158/2858/1470
f 2460/3438/1696 1979/2530/1370 2461/3439/890
f 1979/2530/1370 618/656/376 2461/3439/890
f 1832/4388/2057 2925/4387/2056 2710/5051/1889
f 3011/5052/2139 1832/5053/2057 2710/3873/1889
f 490/513/294 2340/3248/1598 2316/3220/1576
f 2315/3219/1575 490/513/294 2316/3220/1576
f 169/5054/2260 1852/2285/781 2578/3617/1181
f 1993/2558/1180 169/5054/2260 2578/3617/1181
f 2360/4034/1 1505/1755/1 53/1757/1
f 2360/3289/1610 1546/1825/1609 1505/5055/1024
f 2041/2632/1416 3142/5056/2261 1651/1959/1122
f 1651/1961/1 2783/4032/1 206/1962/1
f 1717/5018/4 2423/5017/4 3143/5057/4
f 2308/5058/2097 2871/4413/2028 2934/4412/2068
f 3038/5059/3 2308/5058/2097 2934/4412/2068
f 2664/5060/1616 2466/3444/1699 223/5061/97
f 2665/3799/1848 2664/3798/1616 223/5062/97
f 2327/3232/1587 2326/3231/1586 2488/5063/1719
f 2487/3485/1718 2327/5064/1587 2488/3486/1719
f 590/628/351 592/630/353 1840/5065/1263
f 1842/2775/1265 590/4402/351 1840/5066/1263
f 1107/5067/5 3144/5068/5 2001/5069/5
f 3145/5070/1549 3146/5071/1548 3147/5072/1549
f 785/4596/2154 2702/3854/1638 2137/2781/1452
f 786/2780/1451 785/4596/2154 2137/2781/1452
f 715/5073/2262 1993/2558/1180 2778/4018/1944
f 713/5074/2263 715/5073/2262 2778/4018/1944
f 1148/2095/1178 1718/2097/1180 3148/5075/2264
f 104/104/26 1148/2095/1178 3148/5075/2264
f 3146/5071/1548 3145/5070/1549 1570/1851/1061
f 2993/4516/2115 2992/4518/2114 3149/5076/2265
f 3133/4982/2242 2993/4516/2115 3149/5076/2265
f 199/5077/2266 1463/1700/986 2879/4270/2035
f 782/5078/2267 199/5077/2266 2879/4270/2035
f 1430/1653/956 2720/5079/1897 3150/5080/2268
f 1431/1654/957 1430/1653/956 3150/5080/2268
f 627/665/385 629/667/387 2819/4128/1977
f 2818/4127/1976 627/665/385 2819/4128/1977
f 2797/5081/3 1607/5082/3 1608/5083/3
f 43/4629/4 3053/4628/4 3088/5084/4
f 3088/4747/5 40/4746/5 43/5085/5
f 1199/1347/778 2896/5086/2039 453/474/262
f 2896/4328/1 1199/2310/1 534/557/1
f 3151/5087/1 2164/2871/1 2058/2873/1
f 2058/2667/1432 3118/4884/2227 3151/5088/2269
f 2006/5089/2266 768/5090/2270 2755/3974/1933
f 569/2879/1480 2006/5089/2266 2755/3974/1933
f 3152/5091/2271 2407/3363/1650 3153/5092/2272
f 2545/5093/2273 1953/2485/1347 1951/2483/1345
f 217/559/1 1953/5094/1 2545/4082/1
f 3154/5095/2274 1162/1294/750 1693/2060/1156
f 616/654/374 3154/5096/2274 1693/2489/1156
f 3038/5059/3 2934/4412/2068 3155/5097/2275
f 3039/5098/2244 3038/5059/3 3155/5097/2275
f 18/4771/4 2601/4770/4 2602/5099/4
f 2602/4776/5 16/4775/5 18/5100/5
f 3097/4821/5 1113/4820/5 1167/5101/5
f 1841/5102/2276 3156/5103/2277 729/773/470
f 2978/4485/2100 1841/5104/2276 729/3114/470
f 3157/5105/1301 1931/2446/1327 1930/2445/1326
f 2761/4632/6 23/4631/6 76/5106/6
f 76/4785/3 2666/4784/3 2761/5107/3
f 1859/4511/2112 2990/4510/2111 2926/5108/2059
f 2258/4389/2058 1859/5109/2112 2926/4390/2059
f 3139/5046/2257 3141/5048/2259 3158/5110/2278
f 1128/1252/725 3139/5046/2257 3158/5110/2278
f 768/5090/2270 1678/2031/1144 2004/2571/1389
f 2755/3974/1933 768/5090/2270 2004/2571/1389
f 1607/5082/3 2797/5081/3 3161/5111/3
f 1446/1677/969 1618/1916/1099 2390/3342/1636
f 3162/5112/2279 1446/1677/969 2390/3342/1636
f 3042/5024/2251 3034/5026/2059 3163/5113/2280
f 3101/5114/1 3042/5024/2251 3163/5113/2280
f 2700/3852/1881 291/303/134 857/923/564
f 3164/5115/1917 2700/3852/1881 857/923/564
f 994/4799/6 2584/4798/6 3165/5116/6
f 1170/5006/6 2740/5005/6 3166/5117/6
f 1282/5118/2281 1564/1845/1036 2780/4020/1945
f 1964/2502/1356 1282/5118/2281 2780/4020/1945
f 1669/2022/54 2788/4042/1950 3167/5119/2282
f 1052/1156/667 1669/2022/54 3167/5119/2282
f 1584/1870/1073 3168/5120/2283 3169/5121/2284
f 3170/5122/2285 1584/1870/1073 3169/5121/2284
f 3047/4848/2214 3107/4850/2215 2976/4481/2099
f 2975/4480/2098 3047/4848/2214 2976/4481/2099
f 2549/3577/1315 2616/5123/1804 2618/5124/1806
f 2550/3578/182 2549/3577/1315 2618/5124/1806
f 1494/1743/1013 1493/1742/1012 351/364/187
f 3013/4555/2121 1494/1743/1013 351/364/187
f 3086/4994/2244 2959/4446/2087 1549/1828/1047
f 3087/5037/2250 3086/4994/2244 1549/1828/1047
f 2404/4737/5 1012/4736/5 1015/5125/5
f 87/5126/16 2552/3582/1751 1268/1434/835
f 88/5127/17 87/5126/16 1268/1434/835
f 3171/5128/2286 3172/5129/2287 3108/5130/1904
f 754/798/487 3172/5129/2287 3171/5128/2286
f 1177/1316/757 2231/3005/1522 2050/2649/1424
f 2231/3005/1522 2230/3004/1521 2050/2649/1424
f 2273/3133/1550 1579/1865/1070 3173/5131/2288
f 1604/1893/1091 2802/4089/1960 547/579/322
f 3174/5132/2289 1604/1893/1091 547/579/322
f 2336/4717/1595 2596/5133/1786 777/823/505
f 2596/5133/1786 778/824/506 777/823/505
f 1080/1189/692 1082/1191/693 1459/1695/982
f 1079/1188/691 1080/1189/692 1459/1695/982
f 995/4659/6 3062/4658/6 1935/5134/6
f 1951/2483/1345 1952/2484/1346 2441/5135/2290
f 2302/3168/1563 2441/5135/2290 1952/2484/1346
f 998/4789/6 2389/4788/6 3175/5136/6
f 2102/2713/1439 1472/1711/994 3136/5021/2249
f 946/1036/629 2102/2713/1439 3136/5021/2249
f 725/769/467 2707/3870/1886 726/770/468
f 761/805/493 726/770/468 2707/3870/1886
f 2184/2929/1491 3176/5137/2291 2185/2930/1492
f 3176/5138/2291 2184/3280/1491 1258/5139/2292
f 439/460/9 1356/1554/896 2466/3444/1699
f 2664/5060/1616 439/460/9 2466/3444/1699
f 1065/4240/3 2745/3938/1918 2989/4509/2110
f 1858/4508/2109 1065/4240/3 2989/4509/2110
f 1750/2141/1206 1752/2143/1208 3177/5140/2293
f 1880/5141/1292 1750/2141/1206 3177/5140/2293
f 1427/1648/7 84/84/13 83/83/9
f 1424/2557/952 1427/1648/7 83/83/9
f 1551/1830/63 428/449/37 175/177/64
f 922/1004/6 428/3018/6 1551/1831/6
f 2760/5142/16 1921/2433/1317 1327/1515/884
f 113/5143/35 2760/5142/16 1327/1515/884
f 3056/4643/2167 148/4644/1172 2042/2635/1173
f 2042/2633/1417 148/4383/60 2043/2634/1418
f 723/767/465 722/766/464 3178/5144/2294
f 1981/2532/37 2009/2578/1229 152/154/37
f 2534/3534/6 2009/3536/6 1981/2533/6
f 2414/4988/3 1609/4987/3 1610/5145/3
f 2205/5146/1504 900/981/598 899/980/597
f 1619/1919/236 2205/5146/1504 899/980/597
f 671/709/421 3112/5147/2029 2860/4245/2295
f 2859/4244/1843 671/709/421 2860/4245/2018
f 1058/1163/671 1060/1165/673 3179/5148/2296
f 3108/5130/1904 3172/5129/2287 2659/3791/1843
f 2659/3791/1843 3180/5149/2030 3108/5130/1904
f 2763/5150/3 2874/4260/2031 2876/4262/2032
f 3181/5151/2244 2763/5150/3 2876/4262/2032
f 1845/2277/1268 1866/2307/1283 3035/5152/2150
f 1846/2278/1269 1845/2277/1268 3035/5152/2150
f 3182/5153/1064 1573/1854/1064 1572/1853/1063
f 2363/5154/1613 795/843/515 2007/2574/1391
f 1251/1414/823 2363/5154/1613 2007/2574/1391
f 2559/3592/1758 2652/3780/1839 142/144/55
f 2653/3781/1810 2559/3592/1758 142/144/55
f 2565/3600/695 2673/3811/1617 106/106/28
f 2132/2768/1446 2565/3600/695 106/106/28
f 2807/4104/1965 3184/5155/2297 2448/5156/2298
f 2808/4105/1966 2807/4104/1965 2448/5156/2298
f 339/2062/178 1887/2343/1296 1886/2342/1295
f 337/350/176 339/352/178 1886/4943/1295
f 2572/3774/1764 2648/3776/568 188/1943/55
f 2645/3770/1834 2572/3774/1764 188/1943/55
f 80/80/10 2224/2993/1516 81/81/11
f 2224/2993/1516 780/826/508 81/81/11
f 1441/5157/1904 888/964/589 2873/4259/1843
f 2873/4259/1843 957/4258/2030 1441/5157/1904
f 3185/5158/2299 1578/1864/1069 1577/1863/1068
f 2287/3149/1560 1574/1855/1065 3186/5159/2300
f 2354/3800/198 1087/1197/43 944/1033/627
f 2355/3273/197 2354/3272/198 944/5160/627
f 2632/3749/1821 1810/2221/11 831/885/542
f 2640/5161/1829 2632/3749/1821 831/885/542
f 2561/3595/1758 2641/3764/1830 96/96/21
f 2622/3718/1810 2561/3595/1758 96/96/21
f 2640/5161/1829 831/885/542 308/5162/46
f 2641/3764/1830 2640/3763/1829 308/320/46
f 1999/2566/1384 1833/2256/11 3187/5163/2301
f 2796/4064/1956 1999/2566/1384 3187/5163/2301
f 2567/3602/695 801/849/521 236/244/28
f 2647/3772/1836 2567/3602/695 236/244/28
f 1480/1722/999 376/392/203 2557/5164/1756
f 1481/5165/1000 1480/5166/999 2557/5167/1756
f 1084/1193/695 2665/3799/1848 1645/1951/1117
f 94/94/19 1084/1193/695 1645/1951/1117
f 1636/1940/1112 98/98/23 122/124/43
f 371/725/198 1636/1940/1112 122/124/43
f 2569/3604/1762 2367/3300/1617 194/196/28
f 2656/3787/1836 2569/3604/1762 194/196/28
f 2407/3363/1650 3152/5091/2271 2405/3361/1648
f 2574/3747/1765 861/928/568 166/1935/21
f 2654/3782/1834 2574/3610/1765 166/3783/21
f 1837/3719/1260 1636/3721/1112 371/5168/198
f 2358/3279/1091 1837/2263/1260 371/387/198
f 3188/5169/2302 1709/2082/1170 1708/2081/1169
f 736/3692/476 2098/2707/84 2099/2708/85
f 878/951/6 2098/2710/6 736/952/6
f 861/928/568 2775/4014/46 314/326/154
f 166/1935/21 861/928/568 314/326/154
f 3051/4980/2241 3133/4982/2242 3156/5103/2277
f 1841/5102/2276 3051/4980/2241 3156/5103/2277
f 568/601/337 2756/3975/91 569/602/338
f 874/945/6 2756/4638/6 568/2614/6
f 1360/5170/899 1359/1685/898 1451/1684/974
f 417/2232/236 1360/5171/899 1451/2233/974
f 3189/5172/2303 2275/3135/1551 3190/5173/2299
f 168/170/76 769/813/497 169/171/77
f 3191/5174/6 769/1302/6 168/3551/6
f 876/949/580 2266/3111/60 877/950/581
f 1201/1351/6 2266/4215/6 876/1352/6
f 2533/4191/331 827/5175/540 1292/4192/332
f 3192/5176/6 827/1221/6 2533/3535/6
f 692/734/438 177/179/84 693/735/332
f 1247/1404/6 177/3545/6 692/1408/754
f 2536/3543/1737 919/5177/615 1143/4009/69
f 1247/1404/6 919/1406/6 2536/3544/6
f 1752/5178/1208 145/147/57 2306/3185/1566
f 2345/3255/1601 1752/5178/1208 2306/3185/1566
f 2235/4381/1526 2922/4380/2053 955/1046/637
f 872/943/84 2106/2718/68 2136/2774/67
f 1165/1297/753 2106/2723/6 872/1298/6
f 94/94/19 1085/1194/90 3194/5179/2304
f 95/95/20 94/94/19 3194/5179/2304
f 737/781/337 2178/2901/1485 2395/3348/1565
f 1200/1348/6 2178/2905/6 737/1349/6
f 828/880/84 154/156/65 829/881/84
f 1098/1217/705 154/3012/1525 828/1220/6
f 2802/4088/1960 807/857/43 1473/5180/995
f 547/579/322 2802/4089/1960 1473/2482/995
f 689/731/110 2304/3176/1485 690/732/337
f 922/1004/6 2304/4220/6 689/1005/6
f 2744/3937/1917 560/593/329 338/592/177
f 3197/5181/928 2744/3940/1917 338/351/177
f 198/5182/82 151/153/63 199/4271/72
f 830/882/541 151/2534/6 198/883/6
f 920/1002/616 2023/2593/579 921/1003/617
f 1247/1404/6 2023/2636/6 920/1405/6
f 2177/2898/1483 171/4221/821 2176/2899/1484
f 2176/2897/1482 171/173/79 117/119/38
f 2646/3771/1835 1638/1942/1114 2147/2838/198
f 3198/5183/2305 2646/4616/1835 2147/2840/198
f 2182/5184/1489 1377/1579/915 1132/1256/729
f 801/849/521 803/851/523 237/245/89
f 236/244/28 801/849/521 237/245/89
f 767/811/63 116/118/37 118/120/39
f 3199/5185/6 116/2900/6 767/946/6
f 1424/2557/952 83/83/9 802/1035/522
f 2566/3601/1359 1424/1645/952 802/850/522
f 3144/5068/5 1107/5067/5 1115/5186/5
f 1647/1955/1118 108/108/30 446/467/260
f 694/736/20 1647/1955/1118 446/467/260
f 2652/3780/1839 203/4985/46 143/145/56
f 142/144/55 2652/3780/1839 143/145/56
f 1146/1273/456 875/5187/579 1147/1274/579
f 1201/1351/6 875/1353/6 1146/3461/6
f 2729/3916/491 1417/3913/1903 3112/5147/2029
f 671/709/421 2729/3916/491 3112/5147/2029
f 165/167/75 167/169/23 1087/1197/43
f 2354/3800/198 165/167/75 1087/1197/43
f 2107/5188/1442 714/758/456 713/757/66
f 2108/2721/6 714/3552/6 2107/2722/6
f 1629/1929/150 883/959/586 1290/1459/855
f 205/1458/48 1629/1929/150 1290/1459/855
f 349/1667/186 138/140/51 1439/1665/962
f 350/5189/99 349/1667/186 1439/1665/962
f 2872/5190/1194 1733/2114/1194 1732/2113/1193
f 746/790/363 238/246/30 1266/1913/260
f 747/791/20 746/790/363 1266/1913/260
f 2641/3764/1830 308/320/46 97/97/22
f 96/96/21 2641/3764/1830 97/97/22
f 2648/3773/568 133/135/46 189/191/56
f 188/190/55 2648/3773/568 189/191/56
f 2665/3799/1848 223/5062/97 533/1195/29
f 1645/1951/1117 2665/3799/1848 533/1195/29
f 646/684/402 2031/5191/1409 1632/5192/1109
f 647/685/403 646/684/402 1632/5192/1109
f 1638/1942/1114 190/1944/86 394/410/220
f 2147/2838/198 1638/1942/1114 394/410/220
f 2124/4968/1 75/4967/1 2197/5193/1
f 2974/4478/5 2197/4477/5 75/5194/5
f 2367/3300/1617 348/5195/97 195/197/89
f 194/196/28 2367/3300/1617 195/197/89
f 2701/3853/1882 2700/3852/1881 3164/5115/1917
f 651/689/407 2701/4445/1882 3164/5196/1917
f 160/162/70 2855/4237/2014 161/163/71
f 1200/1348/6 2855/4238/6 160/2904/6
f 2673/3811/1617 1272/5197/839 107/107/29
f 106/106/28 2673/3811/1617 107/107/29
f 2785/4036/542 1847/2279/1270 792/840/36
f 1847/2279/1270 793/841/514 792/840/36
f 2427/3388/1665 2426/3387/798 619/5198/377
f 618/656/376 2427/3459/1665 619/657/377
f 253/5199/2306 1407/1613/938 1373/1575/912
f 332/2554/172 1992/2556/1380 2347/5200/144
f 333/5201/173 332/2554/172 2347/5200/144
f 900/3470/598 3200/5202/2307 2131/2764/1445
f 3200/5202/2307 1882/2765/1293 2131/2764/1445
f 1881/2933/977 2656/3787/1836 602/640/362
f 779/825/507 1881/2329/977 602/827/362
f 3198/5183/2305 2147/2840/198 2148/2839/1462
f 3100/4824/2203 3198/5183/2305 2148/2839/1462
f 603/641/363 196/198/90 230/1910/104
f 604/642/364 603/641/363 230/1910/104
f 2801/4722/1959 3201/5203/2308 2369/5204/233
f 3201/5203/2308 3202/5205/2309 2369/5204/233
f 3203/5206/2310 2179/2922/1486 2613/3707/1801
f 2616/3694/1804 3203/5207/2310 2613/3695/1801
f 1641/1947/75 144/146/23 807/857/43
f 2802/4088/1960 1641/1947/75 807/857/43
f 2897/4330/6 2192/4329/6 61/5208/6
f 2192/4972/1 59/4971/1 61/5209/1
f 3204/5210/2311 3205/5211/2312 2725/5212/1902
f 3167/5119/2313 3204/5210/2311 2725/5212/1902
f 1368/1570/908 1367/1569/907 3206/5213/2314
f 598/636/359 2785/4036/542 133/5214/46
f 2648/3773/568 598/2501/359 133/135/46
f 2776/4983/47 1324/1512/690 1508/1761/1027
f 315/5215/155 2776/4983/47 1508/1761/1027
f 2118/5004/1 27/27/1 2195/5216/1
f 2971/4469/5 2195/4468/5 27/5217/5
f 2326/3231/1586 2589/3635/1779 2625/5218/1813
f 2488/5063/1719 2326/3231/1586 2625/5218/1813
f 2672/4106/1855 2307/3186/1567 1272/4830/839
f 2673/3811/1617 2672/3810/1855 1272/5197/839
f 1085/1194/90 1086/1196/696 489/2618/261
f 120/2617/41 1085/1194/90 489/2618/261
f 2357/3278/1606 747/1691/20 86/116/15
f 2900/4336/2041 2357/3278/1606 86/116/15
f 916/998/612 918/1000/614 2200/5219/1501
f 146/1556/58 916/5220/612 2200/2955/1501
f 238/246/30 406/425/227 1617/1914/261
f 1266/1913/260 238/246/30 1617/1914/261
f 113/5143/35 1327/1515/884 1325/1513/543
f 114/4984/36 113/5143/35 1325/1513/543
f 98/98/23 2063/2672/1429 123/125/44
f 122/124/43 98/98/23 123/125/44
f 144/146/23 2128/2759/1429 808/858/527
f 807/857/43 144/146/23 808/858/527
f 196/198/90 1047/1149/227 1616/1911/1098
f 230/1910/104 196/198/90 1616/1911/1098
f 3189/5172/2303 3190/5173/2299 1898/5221/1301
f 167/1936/23 316/328/156 1088/5222/697
f 1087/1197/43 167/169/23 1088/1198/697
f 1515/5223/3 1861/5224/3 1812/5225/3
f 51/1635/5 1515/1774/5 1812/2224/5
f 190/192/86 2055/2664/1429 395/5226/221
f 394/410/220 190/1944/86 395/411/221
f 2927/4391/2060 2994/4535/2117 2996/4534/1196
f 2936/4418/2069 2927/4391/2060 2996/4534/1196
f 2375/3314/1624 2846/5227/2006 2373/3312/1622
f 2846/4227/2006 2845/4226/2005 2373/5228/1622
f 2919/4369/6 2193/4368/6 73/5229/6
f 2193/4991/1 71/71/1 73/73/1
f 2915/4361/6 2194/4360/6 3/5230/6
f 2194/5028/1 1/1/1 3/3/1
f 2121/4998/1 67/67/1 2196/5231/1
f 2968/4461/5 2196/4460/5 67/5232/5
f 2571/3606/1763 1084/1193/695 1083/1192/694
f 2229/4083/594 2571/3606/1763 1083/1192/694
f 2857/4241/2016 3207/5233/2315 3208/5234/2316
f 3207/5233/2315 2241/3031/1530 3208/5234/2316
f 1437/5235/4 2891/5236/4 1972/5237/4
f 2413/3371/1653 3129/5238/2238 2028/5239/1404
f 1861/5224/3 1515/5223/3 1194/5240/3
f 1861/2298/6 1194/1338/6 52/616/6
f 108/108/30 2127/2758/696 447/468/261
f 446/467/260 108/108/30 447/468/261
f 2375/3314/1624 748/5241/481 2428/3389/1666
f 2375/3317/1624 2827/4158/1985 748/5242/481
f 396/2316/45 1123/1247/720 1103/1227/711
f 469/1226/255 396/2316/45 1103/1227/711
f 3209/5243/1000 1854/4086/1275 1173/1310/755
f 1172/1309/236 3209/5243/1000 1173/1310/755
f 231/2462/105 1941/2461/1030 2330/3238/1590
f 1471/5244/16 231/2462/105 2330/3238/1590
f 1032/1133/656 796/844/516 795/843/515
f 2363/5154/1613 1032/1133/656 795/843/515
f 310/5245/151 2537/3549/1027 1429/1652/955
f 1710/2083/853 310/5245/151 1429/1652/955
f 1864/2305/1282 370/386/197 1355/1553/8
f 439/460/9 1864/2305/1282 1355/1553/8
f 319/4794/159 916/4793/612 146/148/58
f 145/147/57 319/4794/159 146/148/58
f 3210/5246/2317 1294/1463/858 1293/1462/857
f 649/5247/405 3210/5246/2317 1293/1462/857
f 224/2771/98 1669/2022/54 1051/1155/666
f 225/5248/99 224/2771/98 1051/1155/666
f 316/5249/156 1238/1395/812 1237/1394/811
f 1088/2525/697 316/5249/156 1237/1394/811
f 2128/5250/1429 205/1458/48 1288/1456/853
f 808/1167/527 2128/5250/1429 1288/1456/853
f 3211/5251/2318 2327/5252/1587 2487/5253/1718
f 3212/5254/2319 3211/5255/2318 2487/3485/1718
f 2044/5256/32 1918/2429/1314 343/356/181
f 140/142/53 2044/5256/32 343/356/181
f 3213/5257/423 761/805/493 669/707/419
f 727/771/469 3213/5257/423 669/707/419
f 1602/1891/1089 1141/1265/738 1603/1892/1090
f 1600/1889/1087 1602/1891/1089 1603/1892/1090
f 225/5248/99 1051/1155/666 1050/1154/665
f 1086/5258/696 225/5248/99 1050/1154/665
f 3214/5259/2320 2460/3438/1696 1218/1371/791
f 2679/5260/1860 3214/5261/2320 1218/3034/791
f 163/165/73 1833/2256/11 112/112/34
f 1833/2256/11 1903/2411/1305 112/112/34
f 1377/1579/915 2182/5184/1489 2183/5262/1490
f 121/511/42 490/513/294 2315/3219/1575
f 2757/5263/16 121/511/42 2315/3219/1575
f 1089/2527/45 1977/2526/1368 1764/2159/1218
f 110/5264/32 1089/2527/45 1764/2159/1218
f 1959/2493/1351 2899/4335/2040 2651/4338/359
f 2650/3778/1838 1959/2496/1351 2651/3779/359
f 309/1185/150 1078/1187/690 2537/3549/1027
f 310/5245/151 309/1185/150 2537/3549/1027
f 1086/5258/696 1050/1154/665 1834/2257/1257
f 489/512/261 1086/5258/696 1834/2257/1257
f 315/5215/155 1508/1761/1027 1238/1395/812
f 316/5249/156 315/5215/155 1238/1395/812
f 1471/5244/16 2330/3238/1590 1468/1705/991
f 794/5265/17 1471/5244/16 1468/1705/991
f 1478/2995/642 2225/2994/1517 1962/2498/1354
f 898/979/414 1478/1720/642 1962/4859/1354
f 110/5264/32 1764/2159/1218 1762/2157/1216
f 111/5266/33 110/5264/32 1762/2157/1216
f 2757/5263/16 2315/3219/1575 1889/2345/1298
f 3215/5267/2321 2757/5263/16 1889/2345/1298
f 214/3973/1931 2628/3972/1932 211/5268/2322
f 212/3740/1 211/5269/1 2628/3741/1
f 741/785/479 396/412/45 469/491/255
f 468/490/277 741/785/479 469/491/255
f 350/5189/99 1439/1665/962 1438/1664/961
f 1047/5270/227 350/5189/99 1438/1664/961
f 3104/4839/2210 1743/4841/1200 3216/5271/2323
f 865/936/572 3104/4839/2210 3216/5271/2323
f 2127/5272/696 259/2005/99 1513/1770/1031
f 447/1768/261 2127/5272/696 1513/1770/1031
f 1047/5270/227 1438/1664/961 1940/2460/1335
f 1616/2459/1098 1047/5270/227 1940/2460/1335
f 2055/5273/1429 1126/1250/723 1124/1248/721
f 395/2317/221 2055/5273/1429 1124/1248/721
f 406/5274/227 1391/1595/665 1702/2075/1031
f 1617/2463/261 406/5274/227 1702/2075/1031
f 2284/3146/1558 2930/4396/2063 1927/5275/1323
f 809/1166/528 1061/1168/674 1918/2429/1314
f 2044/5256/32 809/1166/528 1918/2429/1314
f 2063/5276/1429 310/5245/151 1710/2083/853
f 123/1650/44 2063/5276/1429 1710/2083/853
f 2853/4235/2012 612/2118/370 1735/2117/1196
f 2865/4250/2023 2853/4235/2012 1735/2117/1196
f 1798/2865/1239 811/861/530 810/860/529
f 1141/1265/738 1798/4916/1239 810/1266/529
f 1001/1095/642 2631/3748/1820 2680/3820/1861
f 658/4860/414 1001/5277/642 2680/3821/1861
f 448/1767/42 1512/1769/1030 1921/2433/1317
f 2760/5142/16 448/1767/42 1921/2433/1317
f 1267/2464/105 1705/2078/1166 2552/3582/1751
f 87/5126/16 1267/2464/105 2552/3582/1751
f 124/1649/45 1428/1651/720 1583/1869/711
f 441/5278/255 124/1649/45 1583/1869/711
f 135/5279/48 134/1531/47 1126/1250/723
f 2055/5273/1429 135/5279/48 1126/1250/723
f 2412/3370/1652 1707/2080/1168 3217/5280/2324
f 3093/4807/2198 414/4808/233 2278/3139/1554
f 1451/3138/974 3093/4807/2198 2278/3139/1554
f 378/3437/205 2459/3436/440 2228/3591/1520
f 2558/3589/1757 378/3437/205 2228/3591/1520
f 2170/5281/2325 2472/5282/2326 3084/5283/2327
f 1869/2311/1 3084/5284/1 2472/3456/1
f 3218/5285/2328 337/350/176 2731/3918/1905
f 515/538/305 3218/5285/2328 2731/3918/1905
f 2478/3468/1709 3200/5202/2307 900/3470/598
f 2204/3469/1503 2478/3468/1709 900/3470/598
f 2051/5286/1425 2384/5287/1631 2983/5288/2329
f 1221/5289/794 2051/5286/1425 2983/5288/2329
f 2286/3148/1557 1905/4486/1307 1928/5290/1324
f 1235/5291/809 2258/3096/1544 2928/5292/2330
f 2385/3335/1632 1235/5291/809 2928/5292/2330
f 910/4600/606 3042/4599/2157 3101/4825/2204
f 2683/3828/1864 910/4600/606 3101/4825/2204
f 1203/5293/606 2956/5294/2331 2957/5295/2332
f 2923/5296/2333 1203/5293/606 2957/5295/2332
f 2699/3851/1880 2232/3006/1523 3219/5297/2334
f 2700/3852/1881 2699/3851/1880 3219/5297/2334
f 2377/3318/592 229/5298/103 793/841/514
f 81/81/11 2377/3318/592 793/841/514
f 3215/5267/2321 1889/2345/1298 833/888/543
f 832/1186/36 3215/5267/2321 833/888/543
f 2875/4521/2028 3220/5299/2335 3221/5300/1917
f 1664/2016/1132 2875/4261/2028 3221/5301/1917
f 1111/5032/6 2013/5031/6 2027/5302/6
f 82/82/12 1847/2279/1270 2785/4036/542
f 598/636/359 82/82/12 2785/4036/542
f 1028/5303/652 1490/4612/1009 2977/5304/2329
f 1029/5305/653 1028/5303/652 2977/5304/2329
f 2479/3473/1710 1414/3472/945 3222/5306/2336
f 3223/5307/2337 1682/2037/1147 2551/3579/1750
f 855/5308/562 3223/5309/2337 2551/3581/1750
f 2869/4254/2027 2963/4452/2089 3224/5310/2338
f 2870/4255/1881 2869/4254/2027 3224/5310/2338
f 2962/4491/2085 458/479/267 457/478/266
f 2963/4452/2089 2962/4451/2085 457/5311/266
f 2933/4409/1880 2268/3113/1546 3225/5312/2334
f 2743/3936/1916 2933/4409/1880 3225/5312/2334
f 1978/2528/1369 1979/2530/1370 2460/3438/1696
f 3214/5259/2320 1978/2528/1369 2460/3438/1696
f 2865/4250/2023 1735/2117/1196 3226/5313/2339
f 2866/4251/2024 2865/4250/2023 3226/5313/2339
f 3129/5238/2238 2413/3371/1653 2399/3355/1642
f 2961/4449/1916 3227/5314/2338 3220/5299/2335
f 2875/4521/2028 2961/4449/1916 3220/5299/2335
f 2937/4419/2070 2936/4418/2069 3228/5315/2340
f 2992/4515/2114 2937/4419/2070 3228/5315/2340
f 2945/4430/2077 2964/4454/2090 3229/5316/1196
f 2946/4431/2078 2945/4430/2077 3229/5316/1196
f 3067/4683/2177 2907/4348/2048 1231/3210/805
f 3230/5317/2341 3067/5318/2177 1231/1388/805
f 2679/5260/1860 1218/3034/791 1724/2104/1185
f 1800/5319/1241 2679/5260/1860 1724/2104/1185
f 2952/4437/2082 2966/4456/2092 3227/5314/2338
f 2961/4449/1916 2952/4437/2082 3227/5314/2338
f 2943/4428/2076 1558/3007/1054 2232/3006/1523
f 2699/3851/1880 2943/4428/2076 2232/3006/1523
f 2743/3936/1916 3225/5312/2334 3231/5320/2335
f 2744/3937/1917 2743/3936/1916 3231/5320/2335
f 855/5308/562 2551/3581/1750 2467/3447/1700
f 856/5321/563 855/5322/562 2467/5323/1700
f 1627/4281/1105 1245/1402/819 227/233/101
f 227/233/101 1245/1402/819 3232/5324/2342
f 370/386/197 2370/5325/1619 440/1152/254
f 1356/1554/896 370/386/197 440/1152/254
f 2786/4039/1621 953/1044/635 1723/2103/1184
f 1723/2103/1184 953/1044/635 222/228/5
f 2359/5326/1608 1389/1593/98 1391/1595/665
f 406/5274/227 2359/5326/1608 1391/1595/665
f 374/4269/201 1447/1678/970 221/227/96
f 221/227/96 1447/1678/970 222/228/5
f 3233/5327/2343 3234/5328/2344 2583/5329/1773
f 1440/5330/963 3233/5327/2343 2583/5329/1773
f 3235/5331/1869 2903/4344/2044 2464/3442/859
f 3048/4617/2162 3235/5331/1869 2464/3442/859
f 1788/4273/1120 346/359/184 571/604/340
f 571/604/340 346/359/184 228/234/102
f 2765/3995/1939 256/264/111 2766/3996/1940
f 2766/3996/1940 256/264/111 258/266/102
f 528/551/96 524/547/309 529/552/312
f 2661/3795/1845 524/547/309 528/551/96
f 307/319/149 1821/2239/1247 222/228/5
f 487/4278/292 1821/2239/1247 307/319/149
f 484/3999/250 407/426/149 2768/4000/112
f 2768/4000/112 407/426/149 202/204/5
f 257/265/112 491/514/149 493/516/5
f 2216/4283/250 491/514/149 257/265/112
f 523/546/308 519/542/152 521/544/5
f 1804/4275/1231 519/542/152 523/546/308
f 1119/1243/716 1856/4854/609 2906/4347/2047
f 2905/4346/2046 1119/1243/716 2906/4347/2047
f 702/745/446 311/323/152 313/325/5
f 1789/4279/1231 311/323/152 702/745/446
f 1246/1403/307 938/1025/179 940/1027/5
f 1808/4282/1006 938/1025/179 1246/1403/307
f 441/5278/255 1583/1869/711 1581/1867/712
f 442/5332/256 441/5278/255 1581/1867/712
f 1782/2184/1227 522/545/307 1448/1679/971
f 1448/1679/971 522/545/307 521/544/5
f 2771/4006/307 340/353/179 342/355/5
f 1487/4005/1006 340/353/179 2771/4006/307
f 495/518/100 1828/2246/101 493/516/5
f 411/4284/231 1828/2246/101 495/518/100
f 436/3997/251 570/603/339 2767/3998/93
f 2767/3998/93 570/603/339 228/234/102
f 1829/2247/971 701/744/445 313/325/5
f 1556/4280/1052 701/744/445 1829/2247/971
f 604/642/364 230/1910/104 229/5333/103
f 2377/3318/592 604/828/364 229/5298/103
f 954/1045/636 306/318/148 222/228/5
f 2882/4291/2036 306/318/148 954/1045/636
f 939/1026/626 572/605/341 3236/5334/102
f 1792/4277/1234 572/605/341 939/1026/626
f 3183/5335/2345 3237/5336/2346 2636/5337/1825
f 2642/5338/1831 3183/5335/2345 2636/5337/1825
f 1291/1460/856 2157/2856/1469 3238/5339/2347
f 1289/1457/854 1291/1460/856 3238/5339/2347
f 1624/4007/1103 494/517/295 2772/4008/1248
f 2772/4008/1248 494/517/295 493/516/5
f 1212/1364/787 200/202/92 202/204/5
f 2669/3805/1852 200/202/92 1212/1364/787
f 2774/4013/1942 226/232/100 228/234/102
f 1875/4012/1291 226/232/100 2774/4013/1942
f 2891/5236/4 1437/5235/4 1436/5340/4
f 1431/1654/957 3150/5080/2268 2104/5341/1441
f 3168/5120/2283 1431/1654/957 2104/5341/1441
f 79/79/9 78/78/8 2678/3818/1859
f 2366/3299/1616 79/79/9 2678/3818/1859
f 1597/4003/1085 1211/1363/786 2770/4004/341
f 2770/4004/341 1211/1363/786 202/204/5
f 573/606/342 1755/2147/1210 574/607/343
f 392/4314/218 1755/2147/1210 573/606/342
f 2939/4421/2071 729/3114/470 2268/3113/1546
f 2933/4409/1880 2939/4421/2071 2268/3113/1546
f 1186/4010/766 527/550/311 2773/4011/185
f 2773/4011/185 527/550/311 529/552/312
f 1820/4276/1103 220/226/95 1822/2240/1248
f 1822/2240/1248 220/226/95 222/228/5
f 520/543/153 1722/2102/342 521/544/5
f 479/4272/286 1722/2102/342 520/543/153
f 312/324/153 1738/2126/342 313/325/5
f 1101/4274/709 1738/2126/342 312/324/153
f 437/458/252 439/460/9 2664/5060/1616
f 1967/2506/1359 437/2508/252 2664/3798/1616
f 1935/2450/1331 3062/5342/2348 3239/5343/2349
f 1239/1396/813 3193/5344/2350 2705/5345/2351
f 2332/3240/1592 1239/1396/813 2705/5345/2351
f 2857/4241/2016 3208/5234/2316 3240/5346/2352
f 2955/4923/2085 2857/4241/2016 3240/5346/2352
f 1365/1567/905 1364/1566/904 255/4707/2185
f 2866/4251/2024 3226/5313/2339 3241/5347/2353
f 3022/4951/2140 2866/4251/2024 3241/5347/2353
f 2157/2856/2354 2156/2855/2355 3212/5348/2356
f 2156/2855/2355 3211/5349/2318 3212/5348/2356
f 2725/3909/1902 2612/3911/1800 2539/5350/1740
f 3242/5351/2357 2725/3909/1902 2539/5350/1740
f 2595/3650/1785 2596/3651/1786 2336/3244/1595
f 2335/3243/1594 2595/3650/1785 2336/3244/1595
f 2897/5352/1 1818/5353/1 2110/5354/1
f 2110/5354/1 1818/5353/1 1775/5355/1
f 3181/5151/2244 2876/4262/2032 3033/4585/2149
f 2410/5023/2250 3181/5151/2244 3033/4585/2149
f 2312/3214/1572 2311/3216/1571 2483/5356/1714
f 2643/3767/1832 2312/5357/1572 2483/3768/1714
f 2677/3817/1439 468/2120/277 136/2119/49
f 2678/3818/1859 2677/3817/1439 136/2119/49
f 3243/5358/2358 1069/1176/682 704/2465/448
f 703/746/447 3243/5359/2358 704/747/448
f 3244/5360/2359 1263/5361/832 1262/2777/831
f 1567/1848/561 3244/5360/2359 1262/2777/831
f 3230/5317/2341 1231/1388/805 1230/1387/804
f 2020/2590/1400 3230/5317/2341 1230/1387/804
f 2355/3273/197 944/5160/627 109/239/31
f 1744/2133/1201 2355/3273/197 109/239/31
f 2915/5362/1 1816/5363/1 2113/5364/1
f 2113/5364/1 1816/5363/1 1772/5365/1
f 2919/5366/1 1817/5367/1 2116/5368/1
f 2116/5368/1 1817/5367/1 1769/5369/1
f 2100/4694/1438 2910/4351/2050 3245/5370/2360
f 3246/5371/2361 2100/5372/1438 3245/5373/2360
f 2745/3938/1918 2744/3940/1917 3197/5181/928
f 2989/4509/2110 2745/3938/1918 3197/5181/928
f 1893/5374/1 2122/5375/1 1907/5376/1
f 1907/5376/1 2122/5375/1 2968/5377/1
f 1071/1178/684 2353/3271/1091 3099/4823/2202
f 1942/2466/1336 1071/1178/684 3099/4823/2202
f 3247/5378/2362 1469/1706/992 3196/5379/2363
f 3195/5380/2364 3247/5378/2362 3196/5379/2363
f 3081/4734/2191 345/358/183 3248/5381/2365
f 3159/5382/2366 3081/4734/2191 3248/5381/2365
f 831/885/542 1811/2222/34 832/886/36
f 1811/2222/34 2758/3980/1934 832/886/36
f 1591/1877/1080 345/358/183 3081/4734/2191
f 141/143/54 1591/1877/1080 3081/4734/2191
f 933/1020/623 2940/4425/2073 3249/5383/2367
f 3250/5384/2368 933/1020/623 3249/5383/2367
f 1541/1820/1037 856/921/563 1294/5385/858
f 1542/1821/1038 1541/1820/1037 1294/5385/858
f 2925/4387/2056 2946/4431/2078 3251/5386/2020
f 2710/5051/1889 2925/4387/2056 3251/5386/2020
f 1909/5387/1 2125/5388/1 1910/5389/1
f 1910/5389/1 2125/5388/1 2974/5390/1
f 856/5321/563 2467/5323/1700 2218/2985/1511
f 1294/1463/858 856/5321/563 2218/2985/1511
f 1073/5391/686 3130/4964/1238 2831/4177/1612
f 1074/5392/687 1073/5391/686 2831/4177/1612
f 2036/2623/1413 2931/5393/2369 3252/5394/2370
f 2518/3517/1655 1374/5395/913 2415/3373/1655
f 2884/5396/1 2120/5397/1 1891/5398/1
f 1891/5398/1 2120/5397/1 2119/5399/1
f 2667/3803/1850 3054/5400/2371 760/804/492
f 762/806/494 2667/3803/1850 760/804/492
f 1677/5401/1143 1299/1474/863 912/1471/608
f 2167/5402/1478 1677/5403/1143 912/993/608
f 2965/4482/2091 711/755/455 710/754/454
f 2966/4456/2092 2965/4455/2091 710/5404/454
f 3253/5405/2372 3254/5406/2373 2581/5407/2259
f 3254/5406/2373 2657/5408/2374 2581/5407/2259
f 2116/5368/1 1769/5369/1 2117/5409/1
f 2893/5410/1 2117/5409/1 1769/5369/1
f 1407/1613/2375 253/5199/2376 252/5411/2377
f 2113/5364/1 1772/5365/1 2114/5412/1
f 2881/5413/1 2114/5412/1 1772/5365/1
f 1254/3331/826 2382/3330/1629 2972/5414/2378
f 1255/5415/827 1254/3331/826 2972/5414/2378
f 2801/4722/1959 2369/5204/233 2350/3266/1604
f 2349/3265/1594 2801/4722/1959 2350/3266/1604
f 1891/5398/1 2119/5399/1 1892/5416/1
f 1892/5416/1 2119/5399/1 2971/5417/1
f 2888/5418/1 2123/5419/1 1893/5374/1
f 1893/5374/1 2123/5419/1 2122/5375/1
f 1068/1466/681 1297/1468/861 2494/5420/1531
f 1280/2273/846 1068/1466/681 2494/5420/1531
f 246/4700/2180 1372/1574/911 247/5421/2379
f 2748/3954/1921 1420/1641/759 1419/1640/949
f 404/3197/225 2748/3954/1921 1419/1640/949
f 863/1683/570 164/166/74 2775/5422/46
f 861/928/568 863/930/570 2775/4014/46
f 2167/5402/1478 912/993/608 911/992/607
f 1885/5423/749 2167/5402/1478 911/992/607
f 2890/5424/1 2126/5425/1 1909/5387/1
f 1909/5387/1 2126/5425/1 2125/5388/1
f 2761/3985/1936 886/962/496 3054/5400/2371
f 760/804/492 3054/5400/2371 886/962/496
f 459/480/268 1079/1188/691 2129/2762/1443
f 1079/1188/691 1459/1695/982 2129/2762/1443
f 1912/2422/1309 2316/3220/1576 2592/5426/1782
f 3255/5427/2380 1912/2422/1309 2592/5426/1782
f 885/961/588 884/960/587 2600/3659/1788
f 2600/3659/1788 2746/3941/1919 885/961/588
f 680/718/430 765/809/496 3052/5428/2381
f 3052/5428/2381 677/715/427 680/718/430
f 2577/5429/1768 2820/5430/1978 3256/5431/2382
f 2590/3637/1780 2577/3616/1768 3256/5432/2382
f 566/599/335 2321/3225/1581 274/282/123
f 3001/4541/2122 566/599/335 274/282/123
f 1069/1176/682 1071/1178/684 1942/2466/1336
f 704/2465/448 1069/1176/682 1942/2466/1336
f 1356/1554/896 440/1152/254 1049/1151/664
f 2466/3444/1699 1356/1554/896 1049/1151/664
f 3120/4887/2229 3119/4886/2228 2031/5191/1409
f 646/684/402 3120/4887/2229 2031/5191/1409
f 1866/2307/1283 1868/2309/1285 1670/5433/1136
f 3035/5152/2150 1866/2307/1283 1670/5433/1136
f 3052/5428/2381 765/809/496 3053/5434/2383
f 2671/3809/1854 3053/5434/2383 765/809/496
f 3246/5371/2361 3245/5373/2360 2150/2843/1463
f 2149/2842/1136 3246/5371/2361 2150/2843/1463
f 2366/3299/1616 2678/3818/1859 348/5435/97
f 2367/3300/1617 2366/3302/1616 348/5195/97
f 1919/2430/1315 2642/5338/1831 2431/5436/1670
f 344/357/182 1919/2430/1315 2431/5436/1670
f 893/973/592 694/972/20 1903/2411/1305
f 1833/2256/11 893/973/592 1903/2411/1305
f 2170/5281/2384 2171/5437/2385 2471/3455/1704
f 2471/3455/1704 2171/5437/2385 2173/3453/1702
f 2685/3830/1866 2684/3829/1865 3134/5438/2386
f 1005/5439/645 2685/3830/1866 3134/5438/2386
f 1780/2181/1225 1779/2180/1224 2020/5440/1400
f 1779/2180/1224 3230/5441/2341 2020/5440/1400
f 204/421/94 1727/2108/1188 115/115/36
f 1727/2108/1188 86/116/15 115/115/36
f 1906/2415/1308 3074/5442/2387 1904/2413/1306
f 3143/5443/2388 2423/3382/1663 2422/3381/1662
f 1946/4353/1340 2911/4355/503 3257/5444/2389
f 1947/2475/1341 1946/2474/1340 3257/5445/2389
f 3098/5446/2390 2457/3433/1695 2015/2584/1395
f 85/85/14 1472/1711/994 2102/2713/1439
f 83/83/9 85/85/14 2102/2713/1439
f 95/95/20 3194/5179/2304 119/5447/40
f 280/288/127 95/1670/20 119/5448/40
f 2863/4248/2021 2862/4247/2020 905/986/602
f 2723/3903/1900 2863/4996/2021 905/2479/602
f 3258/5449/2391 1766/2161/1220 3259/5450/2392
f 3184/5155/2297 3258/5449/2391 3259/5450/2392
f 1243/1400/817 1994/2559/1381 2736/3923/1910
f 1240/1397/814 1243/1400/817 2736/3923/1910
f 2014/2583/1394 3153/5451/2272 2012/2581/1392
f 2236/3014/1527 2262/3378/1659 1398/5452/1659
f 754/5453/2393 1134/1258/731 1133/1257/730
f 1265/1431/834 1267/1433/105 87/87/16
f 86/86/15 1265/1431/834 87/87/16
f 3260/5454/2394 1440/1666/963 3261/5455/2395
f 2334/3242/1032 3260/5454/2394 3261/5455/2395
f 1338/1532/893 3059/4648/2170 1127/1251/724
f 1126/1250/723 1338/1532/893 1127/1251/724
f 1899/2407/1302 3092/5456/2387 1900/2408/1303
f 2612/5457/1800 2826/5458/1984 628/5459/386
f 2539/5460/1740 2612/5457/1800 628/5459/386
f 354/367/190 275/283/124 2752/4883/1925
f 353/5461/189 354/5462/190 2752/5463/1925
f 3262/5464/2396 3263/5465/2397 3234/5328/2344
f 3233/5327/2343 3262/5464/2396 3234/5328/2344
f 1696/5466/1 361/5467/1 360/5468/1
f 1696/2066/6 360/5469/6 359/574/6
f 3044/5470/1870 2902/4343/2043 2425/3386/1664
f 2548/3575/1749 3044/5470/1870 2425/3386/1664
f 1563/1844/142 3007/4548/2128 2789/4043/1951
f 3055/4641/2166 1563/1844/142 2789/4043/1951
f 361/5467/1 1696/5466/1 1938/5471/1
f 361/5472/5 1938/2456/5 363/1729/5
f 1576/4939/2 12/5473/2 11/4937/2
f 10/1861/1067 12/5474/6 1576/1862/6
f 1220/1373/793 622/1270/380 621/5475/379
f 2387/3338/1053 1220/5476/793 621/659/379
f 2110/5354/1 1775/5355/1 2111/5477/1
f 2878/5478/1 2111/5477/1 1775/5355/1
f 2703/5479/2398 2041/2632/1416 3114/4878/2224
f 2041/2632/1416 2703/5479/2398 2783/5480/2399
f 1934/2449/1330 1933/2448/1329 1573/5481/1064
f 2005/3627/1390 2151/2844/1464 1299/1474/863
f 1677/5401/1143 2005/3627/1390 1299/1474/863
f 1715/5002/1176 2847/4926/2161 2858/5482/2400
f 2954/5483/2329 1715/5002/1176 2858/5482/2400
f 1922/2434/1318 2662/5484/2401 2453/5485/2402
f 2620/5486/2403 1922/2434/1318 2453/5485/2402
f 1329/1517/886 1328/1516/885 2621/5487/2404
f 3264/5488/2405 1329/1517/886 2621/5487/2404
f 1394/1598/928 426/447/244 425/446/243
f 1970/2514/1362 1394/1598/928 425/446/243
f 2753/5489/2406 2472/5282/2326 2170/5281/2325
f 2753/5489/1929 2170/5281/2384 2471/3455/1704
f 442/5332/256 1581/1867/712 1580/1866/1071
f 1668/2021/1135 442/5332/256 1580/1866/1071
f 111/5266/33 1762/2157/1216 1761/2156/1071
f 232/432/49 111/5266/33 1761/2156/1071
f 2244/5490/2067 2868/4253/2026 2871/4256/2028
f 2308/5058/2097 2244/5491/2067 2871/4413/2028
f 280/288/127 119/5448/40 2269/3129/514
f 1810/2221/11 280/288/127 2269/3129/514
f 3039/5098/2244 3155/5097/2275 2842/4216/2000
f 1323/5492/2112 3039/5098/2244 2842/4216/2000
f 2417/3375/1656 3265/5493/2407 2263/5494/2408
f 1204/3065/780 1203/5293/606 2923/5296/2333
f 1832/2252/1256 1204/3065/780 2923/5296/2333
f 296/3277/139 1748/2139/1204 1302/3274/865
f 1304/1479/866 296/308/139 1302/1477/865
f 2694/3843/1873 3154/5096/2274 616/654/374
f 2500/3498/1729 2694/3843/1873 616/654/374
f 676/714/426 3079/4730/2189 884/960/587
f 2674/3812/1856 884/960/587 3079/4730/2189
f 2955/4923/2085 3240/5346/2352 1558/1839/1054
f 2943/4428/2076 2955/4440/2085 1558/3007/1054
f 3266/5495/2409 2430/3394/1669 2402/3358/1645
f 2306/3185/1566 147/149/59 844/5496/554
f 843/3256/553 2306/3185/1566 844/5496/554
f 695/3321/439 448/3323/42 2760/3982/16
f 2759/3981/1935 695/3321/439 2760/3982/16
f 2153/2852/1466 2932/5497/1466 2154/2853/1467
f 2166/2875/1476 1825/2243/1251 2165/2876/1477
f 1825/2243/1251 2166/2875/1476 3096/5498/2200
f 3074/5442/2387 1906/2415/1308 3075/5499/2410
f 2675/3813/1857 2674/3812/1856 673/711/423
f 885/961/588 2675/3813/1857 673/711/423
f 1466/1703/989 648/686/404 2735/5500/1909
f 1467/1704/990 1466/1703/989 2735/5500/1909
f 2817/4126/1975 3267/5501/2307 1924/2436/1320
f 3267/5501/2307 331/344/171 1924/2436/1320
f 2740/3930/1914 3268/5502/2411 3166/5503/2412
f 1765/2160/1219 2332/3240/1592 2437/5504/2413
f 1766/2161/1220 1765/2160/1219 2437/5504/2413
f 233/241/106 235/243/108 514/537/304
f 2995/4533/2118 233/241/106 514/537/304
f 1392/1596/926 1394/1598/928 1970/2514/1362
f 1969/2513/1361 1392/1596/926 1970/2514/1362
f 1234/5505/808 1857/2291/1276 2258/3096/1544
f 1235/5291/809 1234/5505/808 2258/3096/1544
f 2692/3839/1871 2914/4359/2051 903/984/600
f 1333/1521/889 2692/3839/1871 903/984/600
f 1663/2007/1131 2808/4105/1966 1944/2470/1338
f 1513/1770/1031 1663/2007/1131 1944/2470/1338
f 3269/5506/2414 3270/5507/2415 2179/2922/1486
f 3203/5206/2310 3269/5506/2414 2179/2922/1486
f 2018/5508/1398 2499/3497/1728 2447/3499/1685
f 3271/5509/2416 2018/5510/1398 2447/3422/1685
f 1983/2536/1373 3159/5382/2417 3160/5511/2418
f 3272/5512/2419 1983/2536/1373 3160/5511/2418
f 1390/1594/925 3082/4735/2192 1983/2536/1373
f 1391/1595/665 1390/1594/925 1983/2536/1373
f 559/4907/328 2864/4906/2205 2867/5513/2420
f 3021/4929/2146 559/4907/328 2867/5513/2420
f 2319/3404/1579 2436/3403/1675 2809/5514/1967
f 2527/3666/1731 2319/3404/1579 2809/5514/1967
f 819/869/536 820/870/234 1728/2109/1189
f 3273/5515/2421 819/869/536 1728/2109/1189
f 2386/4448/2088 2937/4419/2070 2991/4514/2113
f 3028/5516/2139 2386/5517/2088 2991/4517/2113
f 1568/2776/1059 1264/1430/833 2903/4344/2044
f 3235/5331/1869 1568/2776/1059 2903/4344/2044
f 1969/2513/1361 1971/2515/1363 1395/1599/929
f 2964/4453/2090 1969/2513/1361 1395/1599/929
f 779/825/507 602/827/362 3274/5518/2422
f 1849/2281/1272 779/825/507 3274/5518/2422
f 2894/5519/2423 2056/2665/1430 1741/3554/1739
f 2894/5519/2423 2895/5009/2245 2056/2665/1430
f 727/771/469 886/962/496 2668/3804/1851
f 2668/3804/1851 3213/5257/423 727/771/469
f 1295/1464/859 2912/5520/503 1402/2162/933
f 1293/1462/857 1295/1464/859 1402/2162/933
f 1161/3844/749 2694/3843/1873 2500/3498/1729
f 3275/5521/2424 1161/3844/749 2500/3498/1729
f 1476/4726/714 3077/4725/2188 2902/4343/2043
f 3044/5470/1870 1476/4726/714 2902/4343/2043
f 3276/5522/2425 3277/5523/2426 869/940/576
f 1634/1934/1111 3276/5522/2425 869/940/576
f 470/2301/53 1104/1228/712 137/139/50
f 136/138/49 470/2301/53 137/139/50
f 2738/3925/1912 3004/4545/2125 289/2575/132
f 288/3926/131 2738/3925/1912 289/2575/132
f 2976/4481/2099 1586/1872/1075 711/755/455
f 2965/4482/2091 2976/4481/2099 711/755/455
f 204/421/94 115/115/36 1629/5524/150
f 205/207/48 204/206/94 1629/5525/150
f 2024/5526/2427 1205/1357/781 1614/1908/1096
f 2025/5527/2428 2024/5526/2427 1614/1908/1096
f 1026/5528/650 2344/3252/1185 2908/4349/1511
f 2599/4693/858 1026/5528/650 2908/4349/1511
f 3278/5529/2429 3160/5530/2430 2885/5531/2037
f 1704/5532/1165 3278/5529/2429 2885/5531/2037
f 1742/4411/1199 320/332/160 426/1587/244
f 1394/1598/928 1742/2131/1199 426/447/244
f 2457/3433/1695 3098/5446/2390 3097/5533/2431
f 2385/3335/1632 2928/5292/2330 2960/5534/2432
f 2386/3336/1633 2385/3335/1632 2960/5534/2432
f 3118/5535/2227 824/874/539 3151/5536/2269
f 824/935/539 3118/5537/2227 2139/4833/1454
f 2852/5038/2011 1549/1828/1047 612/650/370
f 2853/4235/2012 2852/4234/2011 612/2118/370
f 1672/2025/1138 2145/2828/1460 1673/2026/1139
f 1121/1245/718 1672/2025/1138 1673/2026/1139
f 1944/2470/1338 2808/4105/1966 2676/5538/2433
f 1514/1771/1032 1944/2470/1338 2676/5538/2433
f 1096/1215/703 1029/5305/653 2953/5539/2213
f 1097/1216/704 1096/1215/703 2953/5539/2213
f 2049/5540/1423 2243/3036/1531 2308/3192/1568
f 867/4593/574 2049/5540/1423 2308/3192/1568
f 3279/5541/2434 2621/5487/2404 2657/5408/2374
f 3254/5406/2373 3279/5541/2434 2657/5408/2374
f 1321/1509/880 1323/1511/882 2956/5294/2331
f 1203/5293/606 1321/1509/880 2956/5294/2331
f 1885/5423/749 911/992/607 2603/3662/1791
f 2691/3838/1870 1885/5423/749 2603/3662/1791
f 1745/2134/1202 109/239/31 232/238/49
f 260/3187/113 1745/2134/1202 232/238/49
f 2906/4347/2047 2606/4855/1794 1660/1973/840
f 1830/2248/1254 2906/4347/2047 1660/1973/840
f 1800/5319/1241 1724/2104/1185 1801/2212/1242
f 2690/3836/1869 1800/5542/1241 1801/3837/1242
f 1401/5543/794 2954/5483/2329 2942/4834/2208
f 2381/3329/1628 1401/5543/794 2942/4834/2208
f 1029/5305/653 2977/5304/2329 2950/5544/2208
f 2953/5539/2213 1029/5305/653 2950/5544/2208
f 88/5127/17 1268/1434/835 882/958/585
f 115/957/36 88/5127/17 882/958/585
f 1224/1377/797 2018/2588/1398 3126/4931/2234
f 2048/2645/1422 1224/1377/797 3126/4931/2234
f 304/3196/146 2748/3954/1921 404/3197/225
f 305/317/147 304/316/146 404/423/225
f 1865/2306/1038 3235/5545/1869 3048/5546/2162
f 1868/2309/1285 1865/2306/1038 3048/5546/2162
f 261/431/98 412/433/54 1662/2006/1130
f 259/2005/99 261/431/98 1662/2006/1130
f 1153/4901/606 2851/4900/2157 2854/4905/2204
f 558/4904/327 1153/4901/606 2854/4905/2204
f 1692/5547/1155 559/4907/328 3021/4929/2146
f 930/4927/620 1692/5547/1155 3021/4929/2146
f 1221/5289/794 2983/5288/2329 2947/4846/2208
f 1190/3037/769 1221/5289/794 2947/4846/2208
f 1297/5548/861 2938/5549/2208 2495/3493/1725
f 2494/3492/1531 1297/5548/861 2495/3493/1725
f 1261/5550/653 2978/5551/2435 2938/5549/2208
f 1297/5548/861 1261/5550/653 2938/5549/2208
f 305/317/147 404/423/225 3027/4576/2145
f 2146/2837/1461 305/317/147 3027/4576/2145
f 368/4556/195 364/380/191 1056/3203/669
f 369/385/196 368/384/195 1056/1161/669
f 1400/5552/652 1715/5002/1176 2954/5483/2329
f 1401/5543/794 1400/5552/652 2954/5483/2329
f 3056/4643/2167 922/1004/6 688/1006/618
f 1248/1407/820 1247/1404/6 692/1408/754
f 1117/1241/714 1119/1243/716 2905/4346/2046
f 3066/4682/2176 1117/1241/714 2905/4346/2046
f 2019/2589/1399 2021/2591/1401 2546/3572/1747
f 1263/3571/832 2019/2589/1399 2546/3572/1747
f 1405/3264/936 3095/4815/2138 3025/4816/2143
f 3024/4573/2142 1405/1611/936 3025/4574/2143
f 1323/5492/2112 2842/4216/2000 2843/4217/2001
f 2956/4441/2058 1323/5553/2112 2843/4442/2001
f 2964/4453/2090 1395/1599/929 295/3028/138
f 3229/5316/1196 2964/4454/2090 295/307/138
f 2959/4446/2087 651/689/407 1550/1829/1048
f 1549/1828/1047 2959/4446/2087 1550/1829/1048
f 3179/5554/2296 2498/3496/1727 2249/3053/1537
f 2263/5494/2408 3265/5493/2407 2264/5555/2436
f 1706/4028/1167 2741/3931/1394 1700/5556/1162
f 3102/5557/2437 2941/4426/2074 2861/4246/2019
f 2684/5035/2253 3102/5557/2437 2861/4246/2019
f 2983/4492/2100 2962/4451/2085 2948/4433/2079
f 2947/4432/2 2983/4492/2100 2948/4433/2079
f 3022/4951/2140 3241/5347/2353 323/335/163
f 2850/4232/2009 3022/4571/2140 323/3032/163
f 1260/3116/830 1841/2268/1264 2978/5551/2435
f 1261/5550/653 1260/3116/830 2978/5551/2435
f 2606/3671/1794 1063/3673/676 1857/2788/1276
f 1660/2787/840 2606/3671/1794 1857/2788/1276
f 1092/1211/699 2233/5558/826 2397/3350/1641
f 2396/3349/752 1092/1211/699 2397/3350/1641
f 2808/5559/2438 2448/3423/1686 2451/3426/1689
f 2676/3814/1858 2808/5559/2438 2451/3426/1689
f 1634/1934/1111 869/940/576 2045/4605/1419
f 3077/4725/2188 1634/2642/1111 2045/2639/1419
f 1863/3270/1281 601/639/361 1136/4054/733
f 2792/4053/1953 1863/3270/1281 1136/4054/733
f 1219/1372/792 1144/1271/740 622/1270/380
f 1220/1373/793 1219/1372/792 622/1270/380
f 2762/4522/2116 2875/4261/2028 2874/4260/2031
f 2763/5150/3 2762/4522/2116 2874/4260/2031
f 2957/4443/2061 2945/4430/2077 2924/4386/2055
f 2923/4385/2054 2957/4443/2061 2924/4386/2055
f 2976/4481/2099 3107/4850/2215 1586/1872/1075
f 3107/4850/2215 2723/3903/1900 1586/1872/1075
f 3280/5560/2439 2725/5212/1902 3242/5561/2357
f 3281/5562/2440 3280/5560/2439 3242/5561/2357
f 3167/5119/2313 2725/5212/1902 3280/5560/2439
f 1052/1156/2441 3167/5119/2313 3280/5560/2439
f 2154/2853/1467 2182/2926/1489 2155/2854/1467
f 3101/5114/1 3163/5113/2280 2941/4426/2074
f 3102/5557/2437 3101/5114/1 2941/4426/2074
f 2748/3954/1921 2749/3955/1922 1420/1641/759
f 2749/3955/1922 369/385/196 1420/1641/759
f 1406/5563/937 2421/3380/1661 1371/5564/910
f 2053/2660/1427 3121/5565/120 2054/5566/1428
f 914/2661/610 2053/5567/1427 2054/2662/1428
f 2463/3441/1697 1162/1294/750 3154/5095/2274
f 2694/3843/1873 2463/3842/1697 3154/5096/2274
f 1490/4612/1009 3047/4611/2161 2975/5568/2442
f 2977/5304/2329 1490/4612/1009 2975/5568/2442
f 2928/4392/2061 2927/4391/2060 2935/4417/2055
f 2960/4447/2022 2928/4392/2061 2935/4417/2055
f 2479/3473/1710 2797/4070/1957 2480/3474/1711
f 2033/2620/1410 2988/5569/2443 2034/2621/1411
f 1370/1572/909 1372/1574/911 3070/4701/2181
f 2062/5570/1 2090/5571/1 2089/5572/1
f 2535/3540/1603 1053/3539/668 3202/5205/2309
f 3201/5203/2308 2535/3540/1603 3202/5205/2309
f 2493/5573/1724 3282/5574/2444 2828/4165/1986
f 2529/5575/1733 2493/5573/1724 2828/4165/1986
f 2253/5576/2445 693/4877/1498 1948/2476/1342
f 429/5577/2446 2253/5576/2445 1948/2476/1342
f 3055/4641/2166 2789/4043/1951 1139/4044/736
f 2543/3561/1745 3055/4642/2166 1139/5578/736
f 3283/5579/2447 3255/5580/2380 2717/3887/1894
f 2720/5581/1897 3283/5579/2447 2717/3887/1894
f 2850/4232/2009 323/3032/163 2241/3031/1530
f 3207/5233/2315 2850/4232/2009 2241/3031/1530
f 623/5582/381 1145/4551/741 3009/4550/2130
f 2384/5287/1631 623/5582/381 3009/4550/2130
f 2695/3847/1876 3133/4982/2242 3284/5583/2448
f 3133/4982/2242 1043/1145/660 3284/5583/2448
f 2404/3360/1647 2403/3359/1646 3083/5584/2449
f 1128/1252/725 3158/5110/2278 3285/5585/2450
f 1125/1249/722 1128/1252/725 3285/5585/2450
f 2909/4350/2049 1006/5586/646 1491/2716/1010
f 775/819/503 2909/4350/2049 1491/2716/1010
f 2944/4429/2066 2699/3851/1880 2698/3850/1879
f 2382/4471/2096 2944/4429/2066 2698/3850/1879
f 1615/1909/1097 2548/5587/1749 2473/5588/1705
f 1612/1906/1094 1615/1909/1097 2473/5588/1705
f 1665/2018/1133 3006/4569/2127 2321/3225/1581
f 566/599/335 1665/2018/1133 2321/3225/1581
f 2949/4434/2066 2869/4254/2027 2868/4253/2026
f 2244/5490/2067 2949/4434/2066 2868/4253/2026
f 2977/4483/2100 2965/4455/2091 2951/4436/2081
f 2950/4435/2080 2977/4483/2100 2951/4436/2081
f 1481/5165/1000 2557/5167/1756 2141/2792/1456
f 1387/2791/924 1481/5165/1000 2141/2792/1456
f 825/5589/1 3286/5590/1 823/5591/1
f 825/875/3 851/934/559 3286/5592/2451
f 2374/3313/1623 2373/3312/1622 1382/5593/920
f 1382/5594/920 2373/5228/1622 3287/5595/2452
f 1255/5415/827 2972/5414/2378 3085/4741/678
f 2255/4740/1543 1255/5415/827 3085/4741/678
f 1872/2315/1289 1978/5596/1369 3214/5597/2320
f 2242/3035/814 1872/2315/1289 3214/5597/2320
f 3034/4586/2059 565/598/334 1495/1744/1014
f 3163/5113/2280 3034/5026/2059 1495/2562/1014
f 2468/3580/1701 929/1016/619 1714/2487/646
f 2469/3452/1186 2468/5598/1701 1714/2091/646
f 1232/2122/806 1737/2124/1198 594/5599/355
f 3288/5600/2453 1232/1389/806 594/5601/355
f 775/819/503 1491/2716/1010 1027/1127/651
f 776/820/504 775/819/503 1027/1127/651
f 2537/3549/1027 1078/1187/690 2538/3550/1738
f 1078/1187/690 835/890/545 2538/3550/1738
f 2617/5602/1805 2613/5603/1801 2435/3402/1674
f 2318/3401/1578 2617/5602/1805 2435/3402/1674
f 269/277/118 3000/4540/2121 3095/4815/2138
f 1405/3264/936 269/277/118 3095/4815/2138
f 1896/2404/1299 1898/2406/1301 3190/5604/2299
f 3289/5605/2454 2687/3832/1868 2686/3831/1867
f 2636/3753/1825 3289/5605/2454 2686/3831/1867
f 2322/5606/1582 270/278/119 1796/5607/1237
f 2323/3227/1583 2322/3226/1582 1796/5608/1237
f 2496/4410/2067 2743/3936/1916 2742/3935/1915
f 2856/4239/2015 2496/5609/2067 2742/3939/1915
f 3162/5112/2279 2390/3342/1636 3290/5610/2455
f 3045/4608/2159 3162/5611/2279 3290/5612/2455
f 1318/1506/878 1320/1508/840 1855/2289/373
f 2426/3387/798 1318/1506/878 1855/2289/373
f 3153/5451/2272 2014/2583/1394 3152/5613/2271
f 2911/5614/503 2387/3338/1053 1189/2650/651
f 1188/1329/768 2911/4355/503 1189/1330/651
f 2426/3387/798 1855/2289/373 3291/5615/2456
f 619/5198/377 2426/3387/798 3291/5615/2456
f 2593/5616/1783 3292/5617/2457 2820/4130/1978
f 2577/5618/1768 2593/5616/1783 2820/4130/1978
f 2188/2936/1494 3293/5619/2458 2189/2937/1495
f 3293/5619/2458 2627/3735/1815 2189/2937/1495
f 3294/5620/2459 2025/5527/2428 2022/2592/1402
f 2025/5527/2428 1614/1908/1096 2022/2592/1402
f 1067/1174/680 1259/1425/651 1296/1465/860
f 1068/1175/681 1067/1174/680 1296/1465/860
f 1994/3893/1381 1731/2112/1192 2342/3250/1599
f 2736/5621/1910 1994/3893/1381 2342/3250/1599
f 1094/5622/701 1095/3729/702 2233/5623/826
f 1092/1211/699 1094/1213/701 2233/5558/826
f 388/5624/214 387/5625/213 599/637/313
f 1863/3270/1281 388/5624/214 599/637/313
f 2913/4358/1254 616/654/374 615/653/373
f 1225/1379/798 2913/4358/1254 615/653/373
f 2219/2986/1512 3096/5498/2200 2159/4406/2065
f 2219/2986/1512 1825/2243/1251 3096/5498/2200
f 1830/2248/1254 1660/1973/840 1233/1390/807
f 1737/2124/1198 1830/2248/1254 1233/1390/807
f 1680/2033/1146 3246/5626/2361 2149/5627/1136
f 2005/2572/1390 1680/2033/1146 2149/5627/1136
f 2972/4472/2097 2701/4445/1882 2958/4444/2086
f 3085/4993/3 2972/4472/2097 2958/4444/2086
f 1725/5628/1186 1220/5476/793 2387/3338/1053
f 2911/5614/503 1725/5628/1186 2387/3338/1053
f 1934/2449/1330 1573/5481/1064 3182/5629/1064
f 794/5265/17 1468/1705/991 1339/1534/543
f 792/1533/36 794/5265/17 1339/1534/543
f 1195/5630/774 1975/3392/1668 2428/3391/1666
f 217/559/1 1975/2522/1 1195/1344/1
f 2456/3432/2460 2455/3431/2461 2806/5631/2462
f 2716/3885/2463 2456/3432/2460 2806/5631/2462
f 2469/3452/1186 1714/2091/646 1557/1838/1053
f 1399/1605/932 2469/3452/1186 1557/1838/1053
f 913/1473/609 1298/1472/862 1995/5632/1382
f 1273/1439/374 913/994/609 1995/2560/1382
f 292/304/135 2476/5042/1707 3031/4580/2107
f 293/305/136 292/304/135 3031/4580/2107
f 1880/5141/1292 3177/5140/2293 3295/5633/213
f 1879/2326/941 1880/2328/1292 3295/5634/213
f 751/795/484 748/792/481 3296/5635/2464
f 751/856/1 3296/5636/1 209/558/1
f 2590/3637/1780 3256/5432/2382 1605/5637/1092
f 2608/3678/1796 2590/3637/1780 1605/5637/1092
f 2529/5575/1733 2828/4165/1986 2810/4111/1968
f 2811/4114/1970 2529/5575/1733 2810/4111/1968
f 2002/2569/1387 2001/2568/1386 3144/5638/2465
f 2914/4359/2051 1273/1439/374 908/989/604
f 903/984/600 2914/4359/2051 908/989/604
f 2398/3366/676 2763/3988/678 3181/5639/2466
f 2410/3367/882 2398/3366/676 3181/5639/2466
f 3240/5346/2352 383/399/210 382/398/209
f 1558/1839/1054 3240/5346/2352 382/398/209
f 1901/2409/1304 1927/2442/1323 2930/5640/2063
f 162/5641/2467 1965/2503/1357 1844/2276/1267
f 2395/5642/2468 162/5641/2467 1844/2276/1267
f 2793/4056/1954 2550/3578/182 3297/5643/2469
f 3262/5644/2396 2793/4056/1954 3297/5643/2469
f 2066/5645/1 2075/5646/1 2074/5647/1
f 105/105/27 1780/2181/1225 1263/5361/832
f 3244/5360/2359 105/105/27 1263/5361/832
f 1720/2099/1182 3066/5648/2176 3067/5649/2177
f 1721/2100/1183 1720/2099/1182 3067/5649/2177
f 2465/3443/1698 1842/2775/1265 1259/1425/651
f 1067/1174/680 2465/3443/1698 1259/1425/651
f 2498/3496/1727 3179/5554/2296 1060/5650/673
f 2010/5651/2470 1292/2950/1498 1540/1819/1036
f 2011/5652/2446 2010/5651/2470 1540/1819/1036
f 2078/5653/1 2072/5654/1 2071/5655/1
f 1143/5656/2471 3294/5620/2459 1871/2314/1288
f 178/5657/2472 1143/5656/2471 1871/2314/1288
f 1681/5658/2473 786/2780/1451 1222/1375/795
f 556/3209/1569 1681/5658/2473 1222/1375/795
f 1846/2278/1269 3035/5152/2150 1120/5659/717
f 2394/3347/1640 1846/2278/1269 1120/5659/717
f 2918/4367/2052 1252/2847/824 3298/5660/2474
f 1162/1294/750 2918/4367/2052 3298/5660/2474
f 152/5661/2475 2008/2577/1261 1464/1701/987
f 1463/1700/986 152/5661/2475 1464/1701/987
f 351/364/187 353/366/189 804/3180/524
f 365/381/192 351/364/187 804/3180/524
f 2035/2622/1412 2391/3344/1637 2985/5662/2106
f 2579/5663/2476 1275/1441/841 1852/2285/781
f 169/5054/2260 2579/5663/2476 1852/2285/781
f 2038/2625/1415 1379/3343/917 2984/5664/2104
f 2996/4534/1196 1659/3095/1128 423/444/137
f 2936/4418/2069 2996/4534/1196 423/444/137
f 1151/2846/524 390/406/216 387/5665/213
f 386/402/193 1151/1281/524 387/403/213
f 429/5577/2446 1948/2476/1342 1690/2051/1153
f 430/5666/2475 429/5577/2446 1690/2051/1153
f 3164/5115/1917 857/923/564 652/922/408
f 651/689/407 3164/5196/1917 652/690/408
f 713/5074/2263 2778/4018/1944 1241/1398/815
f 2136/5667/2477 713/5074/2263 1241/1398/815
f 1384/1586/922 1382/1584/920 3287/5668/2452
f 216/2521/1 1384/2990/1 3287/5669/1
f 1063/1170/676 1065/1172/678 1858/2292/1277
f 1857/2291/1276 1063/1170/676 1858/2292/1277
f 1542/1821/1038 1294/5385/858 3210/5670/2317
f 649/687/405 1542/1821/1038 3210/5670/2317
f 155/5671/2478 2047/2644/1421 192/194/26
f 156/5672/2479 155/5671/2478 192/194/26
f 3299/5673/1549 2281/3143/1549 2280/3142/1548
f 2728/4828/2480 3103/4827/2481 1158/1290/748
f 1730/2111/1191 1333/3049/889 1335/1523/891
f 1334/1522/890 1730/2111/1191 1335/1523/891
f 1973/2517/1365 1368/4910/908 1974/2518/1366
f 2804/4097/2482 3258/5449/2391 3184/5155/2297
f 2807/4104/1965 2804/4097/2482 3184/5155/2297
f 457/478/266 459/480/268 1726/3305/1187
f 2963/4452/2089 457/5311/266 1726/2107/1187
f 2604/5674/1793 1758/2151/1212 466/488/2483
f 465/487/274 2604/5674/1793 466/488/2483
f 712/756/268 1589/1875/1078 2277/3137/1553
f 1589/1875/1078 367/383/194 2277/3137/1553
f 3093/4807/2198 1926/5675/1322 2838/4205/1996
f 1926/5675/1322 1925/4204/1321 2838/4205/1996
f 172/4423/2072 2134/2772/1448 1362/1563/902
f 173/1562/901 172/4423/2072 1362/1563/902
f 1458/1694/981 381/2065/208 1442/1672/965
f 377/1671/204 1458/1694/981 1442/1672/965
f 1766/5676/2484 2437/3409/1676 2440/3408/1679
f 3259/5677/2485 1766/5678/2484 2440/5679/1679
f 1735/2117/1196 614/2116/372 1560/1841/1055
f 3226/5313/2339 1735/2117/1196 1560/1841/1055
f 2247/3045/1535 1360/3047/899 417/438/236
f 1695/2063/1158 2247/3045/1535 417/438/236
f 1877/2324/939 1879/2326/941 379/395/206
f 1457/3201/980 1877/2324/939 379/395/206
f 1289/1457/2486 3183/5335/2345 2642/5338/1831
f 1919/2430/1315 1289/1457/2486 2642/5338/1831
f 1566/1847/1037 1568/1849/1059 3235/5545/1869
f 1865/2306/1038 1566/1847/1037 3235/5545/1869
f 1382/5593/920 1381/5680/919 2374/3313/1623
f 2374/3315/1623 1381/5681/919 1650/5682/1121
f 2081/5683/1 2096/5684/1 2095/5685/1
f 2151/2844/1464 1093/1212/700 1300/1475/864
f 1299/1474/863 2151/2844/1464 1300/1475/864
f 1489/4609/1008 1005/5439/645 3046/4610/2160
f 1005/5439/645 3134/5438/2386 3046/4610/2160
f 1888/2344/1297 3124/5686/967 2313/5687/1573
f 2388/3339/1634 1888/5688/1297 2313/3340/1573
f 1828/2246/101 313/325/5 493/516/5
f 257/265/112 493/516/5 258/266/102
f 1283/5689/2475 1282/5118/2281 1964/2502/1356
f 1965/2503/1357 1283/5689/2475 1964/2502/1356
f 2644/3769/1833 2486/3630/1717 2585/3629/1775
f 1469/3700/992 2644/3769/1833 2585/3629/1775
f 1853/2286/1182 2691/5690/1870 2693/5691/1872
f 1851/2284/1274 1853/2286/1182 2693/5691/1872
f 2268/3113/1546 1361/3048/900 728/772/212
f 3225/5312/2334 2268/3113/1546 728/772/212
f 1931/2446/1327 3157/5105/1301 3185/5692/2299
f 345/358/183 2434/5693/1673 2624/5694/1812
f 3248/5381/2365 345/358/183 2624/5694/1812
f 2134/2772/1448 1240/1397/814 1025/1125/561
f 1362/1563/902 2134/2772/1448 1025/1125/561
f 2343/3251/1600 1007/1103/647 1006/1102/646
f 2909/4350/2049 2343/3254/1600 1006/5586/646
f 2191/2942/279 914/2941/610 318/330/158
f 1749/2140/1205 2191/2942/279 318/330/158
f 1326/1514/883 1329/1517/886 3264/5488/2405
f 1509/1762/1028 1326/1514/883 3264/5488/2405
f 1716/2093/1177 3223/5695/2337 855/920/562
f 854/919/561 1716/2093/1177 855/920/562
f 2936/4418/2069 423/444/137 422/443/241
f 3228/5315/2340 2936/4418/2069 422/443/241
f 2840/5696/1998 319/4794/159 145/147/57
f 1752/5178/1208 2840/5696/1998 145/147/57
f 1721/2100/1183 3067/5649/2177 3230/5441/2341
f 1779/2180/1224 1721/2100/1183 3230/5441/2341
f 461/483/270 2242/3035/814 1687/2048/1150
f 1686/2047/1149 461/483/270 1687/2048/1150
f 2288/3150/1561 2274/3134/1550 3300/5697/2487
f 265/5698/1883 2393/3346/1639 2392/3345/1638
f 266/5699/2488 265/5698/1883 2392/3345/1638
f 158/5700/2489 1148/2095/1178 104/104/26
f 159/2778/1450 158/5700/2489 104/104/26
f 103/103/25 105/105/27 3244/5360/2359
f 2844/4224/2003 103/103/25 3244/5360/2359
f 2710/5051/1889 3251/5386/2020 1081/3063/602
f 2711/3874/1890 2710/3873/1889 1081/1190/602
f 2486/3630/1717 2485/5701/1716 2821/5702/1979
f 2586/3631/1776 2486/3630/1717 2821/5702/1979
f 782/5078/2267 2879/4270/2035 2199/2952/1500
f 783/3855/1883 782/5078/2267 2199/2952/1500
f 2555/3714/1754 1980/2531/1371 2142/2794/1457
f 2144/2797/1459 2555/3714/1754 2142/2794/1457
f 3245/5370/2360 774/818/502 2101/2712/1221
f 2150/2843/1463 3245/5373/2360 2101/3833/1221
f 3219/5297/2334 385/401/212 291/303/134
f 2700/3852/1881 3219/5297/2334 291/303/134
f 1452/5703/975 1926/5675/1322 3093/4807/2198
f 1451/3138/974 1452/5703/975 3093/4807/2198
f 800/848/520 797/845/517 3100/4824/2203
f 77/77/7 800/848/520 3100/4824/2203
f 2839/4206/1997 2181/5704/1488 2825/4148/1983
f 2181/5704/1488 1954/2486/1348 2825/4148/1983
f 2992/4515/2114 267/275/116 1044/2125/661
f 1043/1145/660 2992/4518/2114 1044/1146/661
f 3228/5315/2340 422/443/241 267/275/116
f 2992/4515/2114 3228/5315/2340 267/275/116
f 2813/4119/2490 1270/1436/837 3211/5349/2318
f 2156/2855/2355 2813/4119/2490 3211/5349/2318
f 2401/3357/1644 2400/3356/1643 3301/5705/2491
f 2303/3175/1564 647/685/403 1474/1715/239
f 1477/1719/997 2303/3175/1564 1474/1715/239
f 2168/2880/1481 1676/2029/1142 1675/2028/1141
f 2929/4394/1564 2168/2880/1481 1675/2028/1141
f 750/794/483 749/793/482 1952/2484/1346
f 1952/2484/1346 749/793/482 751/795/484
f 2929/4394/1564 1675/2028/1141 1276/1442/842
f 1275/1441/841 2929/4394/1564 1276/1442/842
f 3082/4735/2192 3081/4734/2191 3159/5382/2417
f 1983/2536/1373 3082/4735/2192 3159/5382/2417
f 2305/5706/2492 176/2606/1406 645/683/401
f 690/4393/2062 2305/5706/2492 645/683/401
f 178/5657/2472 1871/2314/1288 460/482/87
f 179/481/269 178/5657/2472 460/482/87
f 2702/3854/1638 1956/2490/403 1159/1291/239
f 2137/2781/1452 2702/3854/1638 1159/1291/239
f 156/5672/2479 192/194/26 191/193/87
f 829/2951/1499 156/5672/2479 191/193/87
f 2242/3035/814 3214/5597/2320 2679/3819/1860
f 1687/2048/1150 2242/3035/814 2679/3819/1860
f 241/4395/996 2929/4394/1564 1275/1441/841
f 2579/5663/2476 241/4395/996 1275/1441/841
f 3224/5310/2338 281/289/128 321/333/161
f 2870/4255/1881 3224/5310/2338 321/333/161
f 2394/3347/1640 1120/5659/717 1118/2275/715
f 420/441/239 2394/3347/1640 1118/2275/715
f 563/4225/2004 2844/4224/2003 1565/1846/1058
f 564/5707/2445 563/4225/2004 1565/1846/1058
f 2934/4412/2068 1742/2131/1199 1393/1597/927
f 3155/5097/2275 2934/4412/2068 1393/1597/927
f 2897/5352/1 2898/5708/1 1818/5353/1
f 2046/2643/1420 932/4930/622 1682/5709/1147
f 193/195/88 2046/2643/1420 1682/5709/1147
f 2267/5710/2493 266/5699/2488 2265/3110/781
f 877/5711/2260 2267/5710/2493 2265/3110/781
f 266/5699/2488 2392/3345/1638 419/440/238
f 2265/3110/781 266/5699/2488 419/440/238
f 2198/2949/1497 1716/2093/1177 854/919/561
f 2795/4058/902 2198/2949/1497 854/919/561
f 3227/5314/2338 303/315/128 1342/1540/894
f 3220/5299/2335 3227/5314/2338 1342/1540/894
f 2072/5654/1 2078/5653/1 2077/5712/1
f 2844/4224/2003 3244/5360/2359 1567/1848/561
f 1565/1846/1058 2844/4224/2003 1567/1848/561
f 2862/4247/2020 1652/1965/400 906/987/164
f 905/986/602 2862/4247/2020 906/987/164
f 1613/1907/1095 1612/1906/1094 1978/5596/1369
f 1872/2315/1289 1613/1907/1095 1978/5596/1369
f 3036/4588/2151 1695/2063/1158 1887/2343/1296
f 339/2062/178 3036/4588/2151 1887/2343/1296
f 1477/1719/997 1474/1715/239 1206/1358/240
f 1205/1357/781 1477/1719/997 1206/1358/240
f 2179/2922/1486 3270/5507/2415 2180/2923/1487
f 3270/5507/2415 2481/3477/1712 2180/2923/1487
f 3269/5506/2494 3141/5713/2495 3270/5507/2415
f 3141/5713/2495 3302/5714/2496 3270/5507/2415
f 3241/5347/2353 1559/1840/400 324/336/164
f 323/335/163 3241/5347/2353 324/336/164
f 3001/4541/2122 274/282/123 273/281/122
f 1493/4542/1012 3001/4541/2122 273/281/122
f 1815/2423/1245 2670/5715/1853 2669/3805/1852
f 2670/5715/1853 1913/3655/1310 2669/3805/1852
f 421/442/240 1117/2249/714 3066/5648/2176
f 1720/2099/1182 421/442/240 3066/5648/2176
f 3225/5312/2334 728/772/212 334/347/161
f 3231/5320/2335 3225/5312/2334 334/347/161
f 2011/5652/2446 1540/1819/1036 2008/2577/1261
f 152/5661/2475 2011/5652/2446 2008/2577/1261
f 1956/2490/403 1467/1704/990 1160/1292/715
f 1159/1291/239 1956/2490/403 1160/1292/715
f 3071/4705/2182 881/956/584 1814/3806/1244
f 1813/4752/1243 3071/4705/2182 1814/3806/1244
f 1277/1443/843 1885/2341/749 2691/5690/1870
f 1853/2286/1182 1277/1443/843 2691/5690/1870
f 2982/4490/2103 1950/2481/1344 458/479/267
f 2962/4491/2085 2982/4490/2103 458/479/267
f 3197/5181/928 338/351/177 1843/2274/1266
f 234/242/107 3197/5181/928 1843/2274/1266
f 1688/2049/1151 1800/2211/1241 2690/5716/1869
f 1949/2477/1343 1688/2049/1151 2690/5716/1869
f 1892/5416/1 2971/5417/1 2970/5717/1
f 2390/3342/1636 1620/1918/1100 1443/1674/966
f 3290/5610/2455 2390/3342/1636 1443/1674/966
f 2714/3877/467 764/808/468 763/807/495
f 763/807/495 2715/3878/1892 2714/3877/467
f 1496/1745/1015 567/600/336 3064/4664/2174
f 1996/2561/1383 1496/2563/1015 3064/4665/2174
f 2730/3917/467 3079/4730/2189 676/714/426
f 676/714/426 675/713/425 2730/3917/467
f 2940/4424/2073 1225/1379/798 557/1378/326
f 3249/5383/2367 2940/4425/2073 557/5718/326
f 2528/5719/1732 2527/4110/1731 2814/4120/1973
f 2310/4844/1570 2528/5719/1732 2814/4120/1973
f 335/348/174 1358/3046/897 2986/4501/2107
f 336/349/175 335/348/174 2986/4501/2107
f 2706/3865/1885 2582/3621/1772 3303/5720/2497
f 2582/3621/1772 1987/3622/1376 3303/5720/2497
f 2550/3578/182 2618/5124/1806 2317/5721/1577
f 3297/5643/2469 2550/3578/182 2317/5721/1577
f 2697/3849/1878 1996/2561/1383 1652/1965/400
f 2862/4247/2020 2697/3849/1878 1652/1965/400
f 1363/1564/903 1024/1124/649 1839/2265/1262
f 1838/2264/1261 1363/1564/903 1839/2265/1262
f 2714/3877/467 2726/3912/1886 764/808/468
f 3089/4760/2195 764/808/468 2726/3912/1886
f 2999/4539/2120 1539/4936/1035 1411/3172/942
f 1409/1615/940 2999/4539/2120 1411/3172/942
f 2795/4058/902 854/919/561 1541/1820/1037
f 1540/1819/1036 2795/4058/902 1541/1820/1037
f 2870/4255/1881 321/333/161 320/332/160
f 1742/4411/1199 2870/4255/1881 320/332/160
f 1264/1430/833 2547/3574/1748 2904/4345/2045
f 2903/4344/2044 1264/1430/833 2904/4345/2045
f 1207/1359/782 3044/4607/1870 2548/5587/1749
f 1615/1909/1097 1207/1359/782 2548/5587/1749
f 2161/2866/1472 2163/2868/1474 270/278/119
f 2322/5606/1582 2161/2866/1472 270/278/119
f 1709/5722/1170 2017/2586/1397 2016/2585/1396
f 1024/1124/649 1026/1126/650 2599/3658/858
f 1839/2265/1262 1024/1124/649 2599/3658/858
f 2963/4452/2089 1726/2107/1187 281/289/128
f 3224/5310/2338 2963/4452/2089 281/289/128
f 430/5666/2475 1690/2051/1153 1689/2050/1152
f 175/2607/1407 430/5666/2475 1689/2050/1152
f 3220/5299/2335 1342/1540/894 1343/1541/895
f 3221/5300/1917 3220/5299/2335 1343/1541/895
f 3226/5313/2339 1560/1841/1055 1559/1840/400
f 3241/5347/2353 3226/5313/2339 1559/1840/400
f 564/5707/2445 1565/1846/1058 1564/1845/1036
f 1282/5118/2281 564/5707/2445 1564/1845/1036
f 2799/5723/2498 556/3209/1569 2047/2644/1421
f 155/5671/2478 2799/5723/2498 2047/2644/1421
f 725/769/467 3304/5724/490 2707/3870/1886
f 2708/3871/1887 2707/3870/1886 3304/5724/490
f 1142/5725/739 3091/4791/2197 1797/2208/1238
f 3117/5726/1998 1142/5725/739 1797/2208/1238
f 1482/1724/1001 1481/1726/1000 1387/1591/924
f 2187/2935/1099 1482/1724/1001 1387/1591/924
f 2136/5667/2477 1241/1398/815 2135/2773/1449
f 873/4422/1499 2136/5667/2477 2135/2773/1449
f 3028/5516/2139 2991/4517/2113 2993/4516/2115
f 3029/4981/4 3028/5516/2139 2993/4516/2115
f 2663/5727/1847 2529/3528/1733 2811/5728/1970
f 2454/3430/1692 2663/3797/1847 2811/5729/1970
f 2482/5730/1713 2812/4115/1971 1181/1320/761
f 1954/2486/1348 2482/5730/1713 1181/1320/761
f 1949/2477/1343 2690/5716/1869 1945/5731/1339
f 1192/2052/771 1949/2477/1343 1945/5731/1339
f 2491/5732/1722 2629/4150/1818 463/485/272
f 462/484/271 2491/5732/1722 463/485/272
f 3305/5733/1842 756/800/489 759/803/488
f 2873/4259/1843 3305/5733/1842 759/803/488
f 3184/5734/2499 2630/3880/1819 2449/3424/1687
f 2448/3423/1686 3184/5734/2499 2449/3424/1687
f 2878/5478/1 2877/5735/1 2111/5477/1
f 1910/5389/1 2974/5390/1 2973/5736/1
f 1907/5376/1 2968/5377/1 2967/5737/1
f 3013/4555/2121 351/364/187 365/381/192
f 364/380/191 3013/4555/2121 365/381/192
f 2285/3147/1559 2280/3142/1548 2282/3144/1556
f 2946/4431/2078 294/306/137 644/682/400
f 3251/5386/2020 2946/4431/2078 644/682/400
f 877/5711/2260 2265/3110/781 1719/2098/1181
f 1147/2096/1179 877/5711/2260 1719/2098/1181
f 3288/5600/2453 594/5601/355 593/1277/354
f 3306/5738/2500 3288/5600/2453 593/1277/354
f 3238/5339/2501 2157/2856/2502 3183/5335/2345
f 1289/1457/2486 3238/5339/2501 3183/5335/2345
f 2919/5366/1 2920/5739/1 1817/5367/1
f 2163/2868/1474 1174/3170/756 271/279/120
f 270/278/119 2163/2868/1474 271/279/120
f 118/5740/2503 1838/2264/1261 1678/2031/1144
f 768/5090/2270 118/5740/2503 1678/2031/1144
f 2445/3420/1683 2444/3419/1682 2826/5458/1984
f 2612/5457/1800 2445/3420/1683 2826/5458/1984
f 2859/4244/1843 2727/3914/589 672/710/422
f 672/710/422 671/709/421 2859/4244/1843
f 945/1034/628 3111/4889/2218 3106/4845/2212
f 1071/1178/684 945/1034/628 3106/4845/2212
f 1767/5741/1221 1402/1608/933 1253/1416/825
f 1252/2847/824 1767/2166/1221 1253/5742/825
f 597/635/358 2542/3560/1744 2477/3467/1708
f 3138/5040/2254 597/635/358 2477/3467/1708
f 2069/5743/1 2093/5744/1 2092/5745/1
f 1711/2084/1171 1431/1654/957 3168/5120/2283
f 1584/1870/1073 1711/2084/1171 3168/5120/2283
f 364/380/191 366/382/193 1984/2537/1374
f 1056/3203/669 364/380/191 1984/2537/1374
f 3045/4608/2159 3290/5612/2455 472/494/279
f 3004/4545/2125 3045/4608/2159 472/494/279
f 2232/3006/1523 596/2962/357 385/401/212
f 3219/5297/2334 2232/3006/1523 385/401/212
f 3019/4566/2128 1301/1476/187 1878/2325/192
f 3020/4567/2138 3019/4566/2128 1878/2325/192
f 403/422/224 3209/5746/1000 1172/3169/236
f 2162/2867/1473 403/422/224 1172/3169/236
f 3196/5379/2363 1469/1706/992 3307/5747/2504
f 3195/5380/2505 3196/5379/2363 3307/5747/2504
f 3308/5748/1549 2271/3131/1549 2270/3130/1548
f 2987/4502/2108 2247/3045/1535 1695/2063/1158
f 3036/4588/2151 2987/4502/2108 1695/2063/1158
f 1410/1616/941 1413/3173/944 1991/2552/1379
f 1990/2551/1378 1410/1616/941 1991/2552/1379
f 3008/4549/2129 288/3928/131 1150/1279/187
f 2314/3218/1574 3008/4549/2129 1150/1279/187
f 333/5201/173 2347/5200/144 1925/5749/1321
f 1924/2436/1320 333/346/173 1925/2437/1321
f 1365/1567/905 1414/1620/945 1366/1568/906
f 3309/5750/2506 3169/5751/2284 2611/3681/1799
f 2724/5752/1901 3309/5753/2506 2611/5754/1799
f 614/652/372 3003/4544/2124 2737/3924/1911
f 1561/1842/1056 614/2116/372 2737/3927/1911
f 647/685/403 1632/5192/1109 1475/1716/715
f 1474/1715/239 647/685/403 1475/1716/715
f 3160/5755/2430 2553/3584/2507 2886/4299/2038
f 2885/5531/2037 3160/5530/2430 2886/5756/2038
f 693/4877/1498 461/483/270 1686/2047/1149
f 1948/2476/1342 693/4877/1498 1686/2047/1149
f 3259/5677/2485 2440/5679/1679 2630/5757/1819
f 3184/5734/2499 3259/5758/2485 2630/3880/1819
f 1140/5759/737 1863/3270/1281 2792/4053/1953
f 1215/1368/790 1140/5759/737 2792/4053/1953
f 1397/1601/931 2594/3646/1784 1748/2139/1204
f 296/3277/139 1397/1601/931 1748/2139/1204
f 761/805/493 2707/3870/1886 670/708/420
f 669/707/419 761/805/493 670/708/420
f 1470/1707/993 1469/1706/992 3247/5378/2362
f 2787/4040/1949 1470/1707/993 3247/5378/2362
f 613/651/371 3004/4545/2125 3003/4544/2124
f 614/652/372 613/651/371 3003/4544/2124
f 150/5760/2476 149/1718/996 1205/1357/781
f 2024/5526/2427 150/5760/2476 1205/1357/781
f 2706/3865/1885 3303/5720/2497 1758/5761/1212
f 2604/3866/1793 2706/3865/1885 1758/5761/1212
f 2884/5396/1 2883/5762/1 2120/5397/1
f 3231/5320/2335 334/347/161 560/593/329
f 2744/3937/1917 3231/5320/2335 560/593/329
f 2623/5763/1811 2823/4142/1981 2822/4137/1980
f 836/891/546 2623/5763/1811 2822/4137/1980
f 2241/3031/1530 325/339/165 326/338/166
f 3208/5234/2316 2241/3031/1530 326/338/166
f 2075/5646/1 2066/5645/1 2065/5764/1
f 2334/3242/1032 3261/5455/2395 2643/5765/1832
f 2331/3239/1591 2334/3242/1032 2643/5765/1832
f 3000/4540/2121 2999/4539/2120 1409/1615/940
f 3095/4815/2138 3000/4540/2121 1409/1615/940
f 2090/5571/1 2062/5570/1 2061/5766/1
f 1503/5767/1022 2837/4201/1995 3130/4964/1238
f 1073/5391/686 1503/5767/1022 3130/4964/1238
f 3302/5714/2496 2619/3857/1807 2481/3477/1712
f 3270/5507/2415 3302/5714/2496 2481/3477/1712
f 2087/5768/1 2084/5769/1 2083/5770/1
f 2910/4351/2050 775/819/503 774/818/502
f 3245/5370/2360 2910/4351/2050 774/818/502
f 3221/5300/1917 1343/1541/895 771/815/499
f 1664/2016/1132 3221/5301/1917 771/3008/499
f 2915/5362/1 2916/5771/1 1816/5363/1
f 3155/5097/2275 1393/1597/927 1392/1596/926
f 2842/4216/2000 3155/5097/2275 1392/1596/926
f 366/382/193 806/3181/526 1985/2538/207
f 1984/2537/1374 366/382/193 1985/2538/207
f 2325/3230/1585 2639/3761/1828 2588/3633/1778
f 2326/3231/1586 2325/3230/1585 2588/3633/1778
f 1408/1614/939 1410/1616/941 1990/2551/1378
f 332/3263/172 1408/1614/939 1990/2551/1378
f 2817/4126/1975 2734/3921/1908 3267/5501/2307
f 2734/3921/1908 331/344/171 3267/5501/2307
f 3032/4581/1013 1302/1477/865 1301/1476/187
f 3019/4566/2128 3032/4581/1013 1301/1476/187
f 1620/1918/1100 1621/3178/756 1444/1675/967
f 1443/1674/966 1620/1918/1100 1444/1675/967
f 2901/4337/2042 2900/4336/2041 2681/3823/1862
f 2900/4336/2041 86/116/15 2681/3823/1862
f 3077/4725/2188 2045/2639/1419 1319/1507/879
f 2902/4343/2043 3077/4725/2188 1319/1507/879
f 3049/4618/2163 2464/3442/859 1066/1173/679
f 1671/2024/1137 3049/4621/2163 1066/2829/679
f 3229/5316/1196 295/307/138 294/306/137
f 2946/4431/2078 3229/5316/1196 294/306/137
f 2890/5424/1 2889/5772/1 2126/5425/1
f 1860/2294/1279 777/823/505 1848/2280/1271
f 777/823/505 779/825/507 1848/2280/1271
f 2084/5769/1 2087/5768/1 2086/5773/1
f 3240/5346/2352 3208/5234/2316 383/399/210
f 3208/5234/2316 326/338/166 383/399/210
f 416/437/235 418/439/237 3124/5686/967
f 1888/2344/1297 416/437/235 3124/5686/967
f 715/5073/2262 2779/5774/1179 1993/2558/1180
f 2779/5774/1179 169/5054/2260 1993/2558/1180
f 714/758/456 170/172/78 2779/4019/325
f 170/172/78 169/171/77 2779/4019/325
f 2907/4348/2048 1830/2248/1254 1736/2123/1197
f 1231/3210/805 2907/4348/2048 1736/2123/1197
f 3117/5726/1998 1797/2208/1238 2254/3062/1542
f 2752/3961/1925 3117/5726/1998 2254/3062/1542
f 2966/4456/2092 2211/2970/357 303/315/128
f 3227/5314/2338 2966/4456/2092 303/315/128
f 2395/5642/2468 1844/2276/1267 2393/3346/1639
f 265/5698/1883 2395/5642/2468 2393/3346/1639
f 3273/5515/2421 1728/2109/1189 1957/2491/1349
f 1593/1880/1082 3273/5775/2421 1957/2495/1349
f 2145/2828/1460 1068/2830/681 1279/1445/845
f 1673/2026/1139 2145/2828/1460 1279/1445/845
f 2888/5418/1 2887/5776/1 2123/5419/1
f 2203/2959/224 2205/2961/1504 1619/1917/236
f 1618/1916/1099 2203/2959/224 1619/1917/236
f 1386/1590/235 1388/1592/756 3121/5565/120
f 2053/2660/1427 1386/1590/235 3121/5565/120
f 1879/2326/941 3295/5634/213 380/396/207
f 379/395/206 1879/2326/941 380/396/207
f 3256/5777/2382 2820/4130/1978 659/697/415
f 1605/1895/1092 3256/5777/2382 659/697/415
f 3310/5778/6 2287/3149/1560 3186/5159/2300
f 902/5779/326 2683/5780/1864 2475/3464/1706
f 1336/3463/892 902/5779/326 2475/3464/1706
f 1514/1771/1032 2676/5538/2433 2662/5484/2401
f 1922/2434/1318 1514/1771/1032 2662/5484/2401
f 845/902/555 2562/3597/1759 2563/3598/1760
f 841/4787/551 845/902/555 2563/3598/1760
f 2093/5744/1 2069/5743/1 2068/5781/1
f 2314/3218/1574 1151/1281/524 386/402/193
f 1862/2302/1280 2314/3218/1574 386/402/193
f 922/1004/6 2969/4464/1483 2238/3017/1484
f 1739/2127/1184 258/266/102 313/325/5
f 956/1047/638 955/1046/637 2922/4380/2053
f 1656/5782/2508 1658/5783/1127 2227/3000/1519
f 1658/5783/1127 474/496/281 2227/3000/1519
f 1674/2027/1140 1278/1444/844 2605/3668/752
f 2606/4853/1794 1674/2027/1140 2605/3668/752
f 3311/5784/2509 2320/3667/1580 2526/3525/1730
f 2583/3623/1773 3311/5784/2509 2526/3525/1730
f 2752/3961/1925 2254/3062/1542 2750/3956/1923
f 2751/3959/1924 2752/3961/1925 2750/3956/1923
f 1200/1348/6 1785/2188/6 2855/4238/6
f 878/951/6 1201/1351/6 2098/2710/6
f 1201/1351/6 1200/1348/6 2266/4215/6
f 2989/4509/2110 3197/5181/928 234/242/107
f 2990/4510/2111 2989/4509/2110 234/242/107
f 2597/5785/593 1135/2934/732 778/824/506
f 2596/5133/1786 2597/5785/593 778/824/506
f 2881/5413/1 2880/5786/1 2114/5412/1
f 2982/4490/2103 2712/3875/1891 1950/2481/1344
f 2712/3875/1891 2711/3874/1890 1950/2481/1344
f 3251/5386/2020 644/682/400 297/309/140
f 1081/3063/602 3251/5386/2020 297/309/140
f 3132/4979/2240 1639/4978/1115 1030/4017/654
f 2777/4016/1943 3132/4979/2240 1030/4017/654
f 2248/3055/1539 2250/3054/1538 2497/5787/2510
f 3011/5052/2139 2710/3873/1889 2709/3872/1888
f 3010/5008/4 3011/5052/2139 2709/3872/1888
f 1311/1488/871 3068/4732/2178 3057/4645/2168
f 788/836/511 1311/1488/871 3057/4645/2168
f 1125/1249/722 3285/5585/2450 2616/5123/1804
f 2549/3577/1315 1125/1249/722 2616/5123/1804
f 1936/2455/1334 3128/5013/2248 2764/5015/1938
f 1936/2452/1 2764/3990/1 10/1481/1
f 2833/4185/1991 1313/2938/873 481/5788/288
f 480/4140/287 2833/4185/1991 481/5788/288
f 3277/5523/2426 3104/4839/2210 865/936/572
f 869/940/576 3277/5523/2426 865/936/572
f 730/774/471 1916/2427/1312 3312/5789/2511
f 1916/2427/1312 1045/1147/662 3312/5789/2511
f 1694/5790/1157 2255/4740/1543 3087/4743/2194
f 1152/4899/605 1694/5790/1157 3087/4743/2194
f 2421/3380/1661 1406/5563/937 2747/3953/1920
f 1860/2294/1279 1849/2281/1272 2224/2993/1516
f 1849/2281/1272 3274/5518/2422 2224/2993/1516
f 1164/1296/752 1255/1418/827 2255/5791/1543
f 1693/2058/1156 1164/5792/752 2255/3066/1543
f 1178/1317/758 2130/2763/1444 3313/5793/2512
f 2130/2763/1444 1456/2760/979 3313/5793/2512
f 3261/5794/2395 1440/3215/963 2312/3214/1572
f 2643/5795/1832 3261/5794/2395 2312/3214/1572
f 3015/4558/2108 1482/1724/1001 2187/2935/1099
f 3023/4572/2141 3015/4558/2108 2187/2935/1099
f 2594/3646/1784 2191/2942/279 1749/2140/1205
f 1748/2139/1204 2594/3646/1784 1749/2140/1205
f 2103/2714/1440 3314/5796/2513 1657/1970/1126
f 3314/5796/2513 3315/5797/2514 1657/1970/1126
f 1430/1653/956 3123/4917/2232 2720/5079/1897
f 3123/4917/2232 3283/5798/2447 2720/5079/1897
f 2103/5799/1440 2720/3890/1897 3314/5800/2513
f 2720/3890/1897 2719/3892/1896 3314/5800/2513
f 2450/3425/1688 2449/3424/1687 2493/3491/1724
f 2451/3426/1689 2450/3425/1688 2493/3491/1724
f 1376/5801/2515 2328/5802/2515 2184/5803/2515
f 2328/3233/1588 1376/5804/2516 536/3234/4
f 2893/5410/1 2892/5805/1 2117/5409/1
f 2141/5806/1456 2557/3588/1756 2790/4049/1594
f 1388/5807/756 2141/5806/1456 2790/4049/1594
f 2719/3905/1896 475/3907/282 3315/5797/2514
f 3314/5796/2513 2719/3905/1896 3315/5797/2514
f 153/5808/2517 152/5661/2475 1463/1700/986
f 199/5077/2266 153/5808/2517 1463/1700/986
f 2218/3450/1511 2469/3452/1186 2912/4356/503
f 1295/1464/859 2218/2985/1511 2912/5520/503
f 1008/1104/648 1005/1101/645 1489/5809/1008
f 1006/1737/646 1008/5810/648 1489/1738/1008
f 3148/5075/2264 1718/2097/1180 1779/2180/1224
f 1718/2097/1180 1721/2100/1183 1779/2180/1224
f 2159/4406/2065 3096/5498/2200 1307/5811/867
f 1307/5050/1 2158/2861/1 2159/2863/1
f 952/1043/634 951/1042/249 1697/4583/1159
f 1077/1184/584 952/1043/634 1697/4583/1159
f 2236/3014/1527 2235/3013/1526 2420/3379/1660
f 1303/3276/188 1751/3183/1207 1750/5812/1206
f 1301/1476/187 1303/1478/188 1750/2327/1206
f 2716/3885/2463 2806/5631/2462 584/5813/2518
f 1987/3622/2519 2716/3886/2463 584/5814/2518
f 2735/3922/1909 2152/2851/1465 2462/3440/863
f 1467/3933/990 2735/3922/1909 2462/3440/863
f 1374/1576/913 3316/5815/2520 1375/1577/914
f 1180/1319/760 376/392/203 1480/1722/999
f 1479/1721/998 1180/1319/760 1480/1722/999
f 2857/4241/2016 2849/4231/2008 3207/5233/2315
f 2849/4231/2008 2850/4232/2009 3207/5233/2315
f 1127/1251/724 3140/5047/2521 3139/5046/2257
f 1128/1252/725 1127/1251/724 3139/5046/2257
f 161/163/71 1283/1449/39 1965/5816/64
f 162/164/72 161/163/71 1965/5816/64
f 2614/3686/1802 2181/5704/1488 2839/4206/1997
f 2615/3687/1803 2614/3686/1802 2839/4206/1997
f 1270/1436/837 2324/5817/1584 2327/5818/1587
f 3211/5349/2318 1270/1436/837 2327/5818/1587
f 2368/3303/1618 820/870/234 818/868/535
f 2351/4866/640 2368/3303/1618 818/868/535
f 2350/5819/1604 2369/3304/233 2368/3303/1618
f 2351/5820/640 2350/5821/1604 2368/5822/1618
f 2017/2586/1397 1709/5722/1170 3188/5823/2302
f 1057/2540/670 1986/2542/1375 301/313/144
f 300/312/143 1057/2540/670 301/313/144
f 3187/5163/2301 1833/2256/11 163/165/73
f 862/1682/569 3187/5163/2301 163/165/73
f 473/3296/280 2365/3298/1615 3116/5824/2226
f 1713/2090/1175 473/495/280 3116/5825/2226
f 3023/4572/2141 2187/2935/1099 2052/2659/1426
f 914/2658/610 3023/4572/2141 2052/2659/1426
f 288/300/131 290/302/133 389/405/215
f 1150/1279/187 288/3928/131 389/1280/215
f 424/445/242 2980/5826/2102 2997/4537/1013
f 268/276/117 424/445/242 2997/4537/1013
f 597/635/358 384/400/211 2542/3560/1744
f 384/400/211 327/340/167 2542/3560/1744
f 1587/1873/1076 907/2480/603 367/383/194
f 1588/1874/1077 1587/1873/1076 367/383/194
f 2732/3919/1906 1501/3167/1020 3317/5827/2522
f 1072/1179/685 2732/3919/1906 3317/5827/2522
f 3317/5827/2522 1501/3167/1020 1504/1754/1023
f 1072/1179/685 3317/5827/2522 1504/1754/1023
f 2715/3878/1892 3089/4760/2195 2658/3790/1842
f 2713/3876/422 2715/3878/1892 2658/3790/1842
f 1328/1516/885 1922/2434/1318 2620/5486/2403
f 2621/5487/2404 1328/1516/885 2620/5486/2403
f 1134/1258/731 754/5453/2393 3171/5828/2393
f 2587/5829/1777 2586/4134/1776 2812/4115/1971
f 2482/5730/1713 2587/5829/1777 2812/4115/1971
f 3127/4946/2235 2144/2797/1459 948/1039/631
f 947/1038/630 3127/4946/2235 948/1039/631
f 2185/5830/1492 2803/5831/1962 454/475/263
f 454/475/263 2803/5831/1962 456/477/265
f 1193/1334/772 1947/4840/1341 3104/4839/2210
f 1631/1931/1108 1193/1334/772 3104/4839/2210
f 1122/1246/719 1121/1245/718 1856/2290/609
f 1119/1243/716 1122/2786/719 1856/4854/609
f 730/774/471 3312/5789/2511 1040/1142/657
f 1361/1561/900 730/774/471 1040/1142/657
f 617/5832/375 1693/2058/1156 1152/2057/605
f 615/653/373 617/655/375 1152/1282/605
f 3114/4878/2224 2221/2988/1514 2222/5833/2523
f 2222/2989/1 2221/5834/1 1384/2990/1
f 1045/1147/662 1405/1611/936 3024/4573/2142
f 3312/5789/2511 1045/1147/662 3024/4573/2142
f 2489/5835/1720 2488/5836/1719 2627/5837/1815
f 2490/3488/1721 2489/3487/1720 2627/5838/1815
f 1074/5392/687 2831/4177/1612 3137/5030/2252
f 1412/5839/943 1074/5392/687 3137/5030/2252
f 3318/5840/2524 234/242/107 233/241/106
f 2994/4532/2117 3318/5840/2524 233/241/106
f 2990/4510/2111 234/242/107 3318/5840/2524
f 2994/4532/2117 2990/4510/2111 3318/5840/2524
f 2530/3529/1734 2529/3528/1733 2663/5727/1847
f 2662/3796/1846 2530/3816/1734 2663/3797/1847
f 518/541/9 1744/2133/1201 2307/3186/1567
f 2672/4106/1855 518/541/9 2307/3186/1567
f 2146/2837/1461 3027/4576/2145 3026/4575/2144
f 772/816/500 2146/2837/1461 3026/4575/2144
f 2273/3133/1550 3173/5131/2288 3319/5841/2487
f 455/476/264 1257/1422/829 1870/2313/1287
f 1257/1422/829 455/476/264 456/477/265
f 3089/4760/2195 2726/3912/1886 752/796/485
f 2658/3790/1842 3089/4760/2195 752/796/485
f 1049/1151/664 442/1153/256 1668/5842/1135
f 224/3445/98 1049/1151/664 1668/5842/1135
f 1650/5682/1121 2376/3316/1625 2374/3315/1623
f 2376/4160/1 1650/1960/1 209/558/1
f 3263/5843/2397 2317/3221/1577 2320/3224/1580
f 3234/5844/2525 3263/5843/2397 2320/3224/1580
f 3297/5845/2469 2317/3221/1577 3263/5843/2397
f 3262/5846/2396 3297/5845/2469 3263/5843/2397
f 3320/5847/2526 2592/3639/1782 2718/5848/1895
f 2717/3887/1894 3320/5849/2526 2718/3888/1895
f 834/889/2527 1912/2422/1309 3255/5427/2380
f 835/890/2528 834/889/2527 3255/5427/2380
f 3255/5580/2380 2592/5850/1782 3320/5849/2526
f 2717/3887/1894 3255/5580/2380 3320/5849/2526
f 1679/2032/1145 2100/2711/1438 3246/5626/2361
f 1680/2033/1146 1679/2032/1145 3246/5626/2361
f 1569/1850/1060 2430/5851/1669 3266/5852/2409
f 293/305/136 3031/4580/2107 3030/4579/2148
f 1446/1677/969 293/305/136 3030/4579/2148
f 2901/4337/2042 2681/3823/1862 402/420/223
f 2651/4338/359 2901/4337/2042 402/420/223
f 2769/4001/1941 3321/5853/1708 1358/1558/897
f 335/348/174 2769/4002/1941 1358/3046/897
f 710/754/454 712/756/268 2211/3195/357
f 2966/4456/2092 710/5404/454 2211/2970/357
f 2800/4084/591 93/1669/18 279/287/126
f 278/286/125 2800/4084/591 279/287/126
f 682/2228/432 1210/1362/785 3072/4706/2183
f 683/721/433 682/720/432 3072/4753/2183
f 823/5591/1 3286/5590/1 3151/5087/1
f 3151/5536/2269 824/874/539 823/873/538
f 3090/4764/2196 2692/3839/1871 1333/1521/889
f 1730/2111/1191 3090/4766/2196 1333/3049/889
f 2164/2871/1 3151/5087/1 3286/5590/1
f 3286/5592/2451 851/934/559 2164/4060/1475
f 1445/4919/968 739/783/320 738/782/477
f 2365/5034/1615 1445/4919/968 738/782/477
f 2637/5854/1826 2188/2936/1494 2834/4186/1992
f 2432/4139/1671 2637/5854/1826 2834/4186/1992
f 1287/2454/1333 3128/5013/2248 1936/2455/1334
f 1286/1454/851 3128/4948/2237 1287/1455/852
f 193/195/88 1682/5709/1147 3223/5695/2337
f 1716/2093/1177 193/195/88 3223/5695/2337
f 1703/2076/1164 1983/2536/1373 3272/5512/2419
f 1704/2077/1165 1703/2076/1164 3272/5512/2419
f 3272/5512/2419 3160/5511/2418 3278/5855/2429
f 1704/2077/1165 3272/5512/2419 3278/5855/2429
f 3159/5382/2366 3248/5381/2365 3322/5856/2529
f 3160/5511/2530 3159/5382/2366 3322/5856/2529
f 3322/5857/2531 3248/5858/2532 2553/5859/2507
f 3160/5530/2430 3322/5860/2531 2553/5861/2507
f 1886/2342/1295 1888/2344/1297 2388/5862/1634
f 1501/3167/1020 1886/4943/1295 2388/5863/1634
f 3323/5864/2533 1190/1331/769 2243/3190/1531
f 866/3189/573 3323/5864/2533 2243/3190/1531
f 2531/5865/1735 1782/2184/1227 1781/2183/1226
f 374/4269/201 2531/5865/1735 1781/2183/1226
f 1971/2515/1363 425/446/243 1396/1600/930
f 1395/1599/929 1971/2515/1363 1396/1600/930
f 2682/3824/1863 1232/1389/806 3288/5600/2453
f 2021/2591/1401 2682/3824/1863 3288/5600/2453
f 2783/5480/2399 3142/5056/2261 2041/2632/1416
f 1651/1961/1 3142/5866/1 2783/4032/1
f 1995/3352/1382 2398/3354/676 2409/5867/1157
f 1274/5868/840 1995/3352/1382 2409/5867/1157
f 1654/1967/1123 3013/4555/2121 3012/4554/2133
f 368/4556/195 1654/1967/1123 3012/4554/2133
f 1174/5869/756 2349/3265/1594 2352/3268/1596
f 271/4897/120 1174/5869/756 2352/3268/1596
f 2430/5851/1669 1569/1850/1060 1571/1852/1062
f 2096/5684/1 2081/5683/1 2080/5870/1
f 750/794/483 1953/2485/1347 1197/1343/776
f 217/559/1 1197/1345/1 1953/5094/1
f 1226/1380/799 1153/1283/606 558/5871/327
f 557/589/326 1226/5872/799 558/590/327
f 1493/4542/1012 273/281/122 352/2439/188
f 351/364/187 1493/1742/1012 352/365/188
f 748/5242/481 2827/4158/1985 3296/5873/2464
f 3296/5636/1 2827/4159/1 209/558/1
f 2283/3145/1557 2270/3130/1548 2272/3132/1548
f 2007/2574/1391 795/843/515 799/847/519
f 798/846/518 2007/2574/1391 799/847/519
f 868/5874/575 870/5875/577 1322/3675/881
f 1320/3674/840 868/5874/575 1322/3675/881
f 2740/3930/1914 2739/3929/1913 3268/5502/2411
f 1704/2077/1165 2885/5876/2037 2639/5877/1828
f 2325/3583/1585 1704/2077/1165 2639/5877/1828
f 3294/5620/2459 2022/2592/1402 1611/1905/1093
f 1871/2314/1288 3294/5620/2459 1611/1905/1093
f 2105/5878/831 2341/3253/791 2344/3252/1185
f 1026/5528/650 2105/5878/831 2344/3252/1185
f 2736/5621/1910 2342/3250/1599 2341/3249/791
f 2105/5878/831 2736/5879/1910 2341/3253/791
f 3192/5176/6 1098/1217/705 827/1221/6
f 1098/1217/705 830/882/541 784/2085/1172
f 2534/3534/6 3192/5176/6 2533/3535/6
f 3158/5880/2278 3141/5881/2534 3269/5882/2535
f 3285/5883/2450 3158/5880/2278 3269/5882/2535
f 2886/4299/2038 2553/3584/1752 2556/3587/1755
f 2635/3752/1824 2886/4299/2038 2556/3587/1755
f 1378/1580/916 1732/2113/1193 1734/2115/1195
f 2995/4533/2118 514/537/304 1659/1972/1128
f 2996/4534/1196 2995/4536/2118 1659/3095/1128
f 772/816/500 3026/4575/2144 3005/4546/2126
f 773/817/501 772/816/500 3005/4546/2126
f 1733/5884/2536 888/964/589 1441/5157/1904
f 758/802/491 888/964/589 1733/5884/2537
f 2003/2570/1388 2002/2569/1387 2029/2605/1405
f 1000/1094/641 2050/2649/1424 654/692/410
f 2050/2649/1424 2230/3004/1521 654/692/410
f 2921/4379/8 2355/3273/197 1744/2133/1201
f 518/541/9 2921/4379/8 1744/2133/1201
f 1819/4831/1246 1997/2564/1279 2000/2567/1385
f 1635/1939/414 1819/2235/1246 2000/5885/1385
f 1903/2411/1305 695/2412/439 2759/3984/1935
f 112/112/34 1903/2411/1305 2759/3984/1935
f 3264/5488/2405 2621/5487/2404 3279/5541/2434
f 3254/5406/2538 3264/5488/2405 3279/5541/2434
f 1219/1372/792 2461/3439/890 1144/1271/740
f 2461/3439/890 618/656/376 1144/1271/740
f 1500/1750/1019 1077/1184/584 3016/4559/2135
f 478/4713/285 1500/1750/1019 3016/4559/2135
f 1374/5395/913 2518/3517/1655 3316/5886/2520
f 1196/5887/775 2428/3389/1666 748/5241/481
f 2428/3391/1666 1196/5888/775 1195/5630/774
f 3290/5610/2455 1443/1674/966 1968/5889/1360
f 472/494/279 3290/5612/2455 1968/2857/1360
f 731/775/472 730/774/471 1361/1561/900
f 2268/3113/1546 731/3115/472 1361/3048/900
f 2788/5890/1950 3324/5891/2539 3204/5892/2540
f 3167/5893/2282 2788/5894/1950 3204/5895/2540
f 2054/4903/1428 687/727/320 2309/3208/319
f 915/5896/611 2054/4903/1428 2309/3208/319
f 899/5897/597 3325/5898/2541 2335/3243/1594
f 1621/5899/756 899/5897/597 2335/3243/1594
f 1562/1843/1057 3008/4549/2129 3007/4548/2128
f 1563/1844/142 1562/1843/1057 3007/4548/2128
f 620/5900/378 619/2253/377 1831/5901/1255
f 1145/1272/741 620/658/378 1831/5902/1255
f 2418/3376/1657 2452/3428/1690 3178/5903/2294
f 2455/3431/2461 2454/3430/2542 2824/5904/2543
f 2806/5631/2462 2455/3431/2461 2824/5904/2543
f 1130/1254/727 2985/4500/2106 2391/5905/1637
f 3265/5493/2407 2417/3375/1656 2419/3377/1658
f 3195/5906/2505 3307/5907/2504 3302/5714/2496
f 3141/5713/2495 3195/5906/2505 3302/5714/2496
f 117/5908/2544 173/1562/901 1838/2264/1261
f 118/5740/2503 117/5908/2544 1838/2264/1261
f 708/752/452 709/753/453 3063/4663/2173
f 631/1925/389 708/752/452 3063/4663/2173
f 1129/1253/726 1416/1637/947 1418/1639/947
f 2819/4128/1977 629/667/387 1227/5909/800
f 1667/4129/301 2819/4128/1977 1227/5909/800
f 1824/3553/1 2058/2873/1 2165/2872/1
f 2165/2876/1477 1825/2243/1251 1824/2242/1250
f 3116/4881/2226 3132/4979/2240 2777/4016/1943
f 2362/3291/1612 3116/4881/2226 2777/4016/1943
f 1502/5910/1021 2313/3217/1573 2837/4201/1995
f 1503/5767/1022 1502/5910/1021 2837/4201/1995
f 904/985/601 910/991/606 2683/5911/1864
f 902/5779/326 904/5912/601 2683/5780/1864
f 1732/2113/1193 1378/1580/916 1380/1582/918
f 2160/5913/1471 272/4898/121 3091/4791/2197
f 1142/5725/739 2160/5913/1471 3091/4791/2197
f 2794/4057/1955 2793/4056/1954 3262/5644/2396
f 1923/2435/1319 2794/4057/1955 3262/5644/2396
f 721/2045/463 718/762/460 3111/4864/2218
f 945/1034/628 721/765/463 3111/4889/2218
f 1403/1609/934 1401/2870/794 2381/5914/1628
f 1253/1416/825 1403/1609/934 2381/5914/1628
f 1460/4568/983 1877/2324/939 1457/3201/980
f 1456/2760/979 1460/1696/983 1457/5915/980
f 1763/2158/1217 1766/2161/1220 3258/5449/2391
f 2804/4097/2482 1763/2158/1217 3258/5449/2391
f 3326/5916/2545 602/827/362 780/826/508
f 2224/2993/1516 3326/5916/2545 780/826/508
f 3274/5518/2422 602/827/362 3326/5916/2545
f 2224/2993/1516 3274/5518/2422 3326/5916/2545
f 2758/3979/1934 2757/3978/16 3215/5917/2321
f 832/886/36 2758/3980/1934 3215/5918/2321
f 3315/5797/2514 475/3907/282 474/2602/281
f 1657/1970/1126 3315/5797/2514 474/2602/281
f 675/713/425 674/712/424 3305/5733/1842
f 887/963/422 675/713/425 3305/5733/1842
f 2339/3247/1597 1052/1156/2441 2575/5919/1766
f 2340/3248/1598 2339/3247/1597 2575/5919/1766
f 2375/3314/1624 2429/3390/1667 2846/5227/2006
f 1975/3392/1668 2846/4227/2006 2429/3393/1667
f 1173/5920/755 2801/4722/1959 2349/3265/1594
f 1174/5869/756 1173/5920/755 2349/3265/1594
f 723/767/465 3178/5144/2294 2452/5921/1690
f 841/4787/551 438/459/253 1966/2505/1358
f 842/899/552 841/898/551 1966/2507/1358
f 353/5461/189 2752/5463/1925 805/853/525
f 804/852/524 353/5461/189 805/853/525
f 3148/5075/2264 1779/2180/1224 1778/2179/1223
f 104/104/26 3148/5075/2264 1778/2179/1223
f 2406/3362/1649 3327/5922/2546 3328/5923/2547
f 2433/3723/1672 2432/3756/1671 2823/5924/1981
f 2623/3724/1811 2433/3723/1672 2823/5924/1981
f 3114/4878/2224 2704/5925/2548 2703/5479/2398
f 2222/5833/2523 2704/5925/2548 3114/4878/2224
f 2708/3871/1887 3304/5724/490 2729/3916/491
f 671/709/421 2708/3871/1887 2729/3916/491
f 525/548/310 342/355/5 526/549/5
f 2770/4004/341 202/204/5 342/355/5
f 524/547/309 526/549/5 529/552/312
f 2773/4011/185 529/552/312 202/204/5
f 2713/3876/422 3172/5129/2287 753/797/486
f 754/798/487 753/797/486 3172/5129/2287
f 2659/3791/1843 3172/5129/2287 2713/3876/422
f 2713/3876/422 2658/3790/1842 2659/3791/1843
f 2333/3241/1593 1440/1666/963 3260/5454/2394
f 2334/3242/1032 2333/3241/1593 3260/5454/2394
f 2618/3697/1806 2617/3699/1805 2318/3222/1578
f 2317/3221/1577 2618/3697/1806 2318/3222/1578
f 2471/3455/1704 2754/5926/1930 2753/5489/1929
f 2471/3455/1704 2470/3454/1703 2754/5926/1930
f 2695/3847/1876 3284/5583/2448 1915/2426/1311
f 3284/5583/2448 1043/1145/660 1915/2426/1311
f 2230/3004/1521 2229/3003/594 655/693/411
f 654/692/410 2230/3004/1521 655/693/411
f 1923/2435/1319 3262/5644/2396 3233/5927/2549
f 1440/1666/963 1923/2435/1319 3233/5927/2549
f 2185/2930/1492 3176/5137/2291 2781/4094/1946
f 3176/5138/2291 2782/5928/1947 2781/5929/1946
f 1166/1300/6 874/945/6 770/1301/6
f 2177/2898/1483 1165/1297/753 171/4221/821
f 2730/3917/467 757/801/490 3078/4729/1886
f 756/800/489 3078/4729/1886 757/801/490
f 3242/5351/2357 2539/5350/1740 2598/5930/1787
f 2576/3612/1767 3242/5931/2357 2598/5932/1787
f 1450/1681/973 1449/1680/972 3037/4592/2152
f 2097/2706/549 1450/1681/973 3037/4592/2152
f 3168/5933/2283 2104/3883/1441 2638/3882/1827
f 3169/5751/2284 3168/5933/2283 2638/3882/1827
f 2140/2784/1455 2059/2668/1433 3135/5010/2246
f 3135/5044/1 2220/4407/1 2140/2862/1
f 1156/5934/746 1155/3628/745 2765/3995/1939
f 2372/3309/1621 1156/5934/746 2765/3995/1939
f 2801/4722/1959 3076/4724/2187 3201/5203/2308
f 3076/4724/2187 2535/3540/1603 3201/5203/2308
f 3060/4649/2171 626/664/384 2226/2996/1518
f 1228/1383/801 3060/4650/2171 2226/2999/1518
f 762/806/494 761/805/493 3213/5257/423
f 2668/3804/1851 762/806/494 3213/5257/423
f 2476/3466/1707 2478/3468/1709 2204/3469/1503
f 3031/4580/2107 2476/5042/1707 2204/2960/1503
f 2373/5228/1622 2845/4226/2005 3287/5595/2452
f 216/2521/1 3287/5669/1 2845/4228/1
f 3216/5271/2323 3323/5935/2533 866/937/573
f 865/936/572 3216/5271/2323 866/937/573
f 2969/4464/1483 1248/1407/820 691/1409/821
f 2879/4270/2035 1466/1703/989 1465/1702/988
f 2199/2952/1500 2879/4270/2035 1465/1702/988
f 1247/1404/6 3056/4643/2167 2042/2635/1173
f 2926/5108/2059 2990/4510/2111 2994/4532/2117
f 2927/4391/2060 2926/4390/2059 2994/4535/2117
f 2478/3468/1709 2544/3562/1746 3200/5202/2307
f 2544/3562/1746 1138/5936/735 3200/5202/2307
f 2384/5287/1631 3009/4550/2130 2981/5937/2550
f 2983/5288/2329 2384/5287/1631 2981/5937/2550
f 2591/3638/1781 2590/3637/1780 2608/3678/1796
f 2607/3677/1795 2591/3638/1781 2608/3678/1796
f 674/712/424 3078/4729/1886 756/800/489
f 3305/5733/1842 674/712/424 756/800/489
f 283/291/130 1479/1725/998 3014/4557/2134
f 322/334/162 283/291/130 3014/4557/2134
f 1178/1317/758 3313/5793/2512 1179/1318/759
f 3313/5793/2512 1456/2760/979 1179/1318/759
f 1758/2151/1212 3303/5938/2497 1759/2152/1213
f 3303/5938/2497 1987/2543/1376 1759/2152/1213
f 2755/3974/1933 2004/2571/1389 1676/2029/1142
f 2168/2880/1481 2755/3974/1933 1676/2029/1142
f 1138/5936/735 1140/5939/737 1882/2765/1293
f 3200/5202/2307 1138/5936/735 1882/2765/1293
f 835/890/2528 3255/5427/2380 3283/5798/2447
f 3123/4917/2232 835/890/2528 3283/5798/2447
f 2787/4040/1949 3247/5378/2362 3195/5380/2364
f 3141/5048/2259 2787/4040/1949 3195/5380/2364
f 2873/4259/1843 888/964/589 887/963/422
f 887/963/422 3305/5733/1842 2873/4259/1843
f 3006/4547/2127 2161/2866/1472 2322/5606/1582
f 2321/3225/1581 3006/4569/2127 2322/3226/1582
f 1258/5139/2292 2782/5928/1947 3176/5138/2291
f 534/557/1 2782/4027/1 1258/1423/1
f 3329/5940/2551 1258/5139/2292 2184/3280/1491
f 1258/1423/1 3329/5941/1 535/1424/1
f 2592/3639/1782 2591/3638/1781 2607/3677/1795
f 2718/5848/1895 2592/3639/1782 2607/3677/1795
f 1708/2081/1169 1707/2080/1168 2411/3369/1651
f 2633/3750/1822 2632/3749/1821 2640/5161/1829
f 2560/3594/1355 2633/3822/1822 2640/3763/1829
f 1448/1679/971 521/544/5 222/228/5
f 1723/2103/1184 222/228/5 521/544/5
f 1455/1689/978 1454/1688/977 3105/4842/2211
f 820/870/234 1455/1689/978 3105/4842/2211
f 2980/4488/2102 1072/1179/685 2998/4934/2119
f 2997/4537/1013 2980/5826/2102 2998/4538/2119
f 1538/3206/1034 2733/3920/1907 2980/4488/2102
f 424/445/242 1538/1817/1034 2980/5826/2102
f 2470/3454/1703 2628/5942/1932 2754/5926/1930
f 2472/3456/1 2628/3741/1 2470/3457/1
f 1996/2561/1383 3064/4665/2174 1492/1741/1011
f 1652/1965/400 1996/2561/1383 1492/1741/1011
f 2364/5943/1614 2363/5154/1613 1251/1414/823
f 1250/5944/822 2364/5945/1614 1251/5946/823
f 2225/2994/1517 2224/2993/1516 80/80/10
f 1962/2498/1354 2225/2994/1517 80/80/10
f 3271/5509/2416 2447/3422/1685 2446/3421/1684
f 932/1019/622 3271/5509/2416 2446/3421/1684
f 3126/5947/2234 2018/5948/1398 3271/5949/2416
f 932/1019/622 3126/5950/2234 3271/5509/2416
f 2543/3561/1745 1139/5578/736 1138/5936/735
f 2544/3562/1746 2543/3561/1745 1138/5936/735
f 2832/5951/1990 720/2044/462 719/5952/461
f 1070/1177/683 2832/5953/1990 719/763/461
f 3202/5954/2309 1053/5955/668 1453/5956/976
f 2369/3304/233 3202/5957/2309 1453/1687/976
f 788/836/511 3057/4645/2168 3058/4647/2169
f 789/837/512 788/836/511 3058/4647/2169
f 3156/5103/2277 3133/4982/2242 2695/3847/1876
f 729/773/470 3156/5103/2277 2695/3847/1876
f 1546/1825/1609 1506/5958/1025 1505/5055/1024
f 1506/5958/2236 1546/1825/1043 1545/1824/1042
f 1992/4894/1380 329/342/169 328/341/168
f 2347/3258/144 1992/4894/1380 328/341/168
f 3307/5959/2552 1469/3700/992 2619/3701/1807
f 3302/5714/2496 3307/5907/2552 2619/3857/1807
f 3174/5132/2289 547/579/322 84/84/13
f 1427/1648/7 3174/5132/2289 84/84/13
f 1426/1647/954 1604/1893/1091 3174/5132/2289
f 1427/1648/7 1426/1647/954 3174/5132/2289
f 1868/5960/1285 3048/5961/2162 3050/5962/2164
f 1670/2023/1136 1868/5963/1285 3050/4619/2164
f 3050/4619/2164 3049/4621/2163 1671/2024/1137
f 1670/2023/1136 3050/4619/2164 1671/2024/1137
f 2439/3743/1678 465/5964/274 2816/5965/1675
f 2629/3744/1818 2439/3743/1678 2816/5965/1675
f 344/357/182 2431/5436/1670 2434/5693/1673
f 345/358/183 344/357/182 2434/5693/1673
f 596/634/357 597/635/358 3138/5040/2254
f 292/304/135 596/2962/357 3138/5041/2254
f 2547/3573/1748 591/629/352 590/628/351
f 2904/4345/2045 2547/3574/1748 590/4402/351
f 900/3470/598 2131/2764/1445 1213/5966/788
f 2131/2764/1445 1215/2766/790 1213/5966/788
f 3275/5521/2424 2500/3498/1729 2499/3497/1728
f 2018/5508/1398 3275/5521/2424 2499/3497/1728
f 1760/5967/1215 1161/3844/749 3275/5521/2424
f 2018/5948/1398 1760/5968/1215 3275/5969/2424
f 3020/4567/2138 1878/2325/192 1877/2324/939
f 1460/4568/983 3020/4567/2138 1877/2324/939
f 302/5970/145 301/3537/144 2535/3540/1603
f 1421/4723/950 302/5970/145 2535/3540/1603
f 2584/3626/1774 1929/2444/1325 3165/5971/2553
f 1414/3472/945 1415/5972/946 3222/5306/2336
f 672/710/422 2727/3914/589 3304/5724/490
f 2729/3916/491 3304/5724/490 2727/3914/589
f 642/680/398 1485/1733/1004 837/894/547
f 643/681/399 642/680/398 837/894/547
f 1416/1637/947 1129/1253/726 1131/1255/728
f 2329/3235/1589 3329/5940/2551 2184/3280/1491
f 3329/5941/1 2329/3236/1 535/1424/1
f 1986/5973/1375 1985/4914/207 742/786/168
f 301/3537/144 1986/5973/1375 742/786/168
f 1595/4813/1083 3094/4812/2199 1423/2441/951
f 1422/1643/449 1595/1883/1083 1423/1644/951
f 1780/5974/1225 2020/5975/1400 2019/5976/1399
f 1263/5977/832 1780/5974/1225 2019/5976/1399
f 2037/2624/1414 2036/2623/1413 3252/5394/2370
f 2634/4945/1823 2555/3714/1754 2144/2797/1459
f 3127/4946/2235 2634/4945/1823 2144/2797/1459
f 515/538/305 2731/3918/1905 2733/3920/1907
f 1538/3206/1034 515/538/305 2733/3920/1907
f 1982/5978/1372 1590/1876/1079 641/679/397
f 949/5979/632 1982/5980/1372 641/5981/397
f 3253/5405/2372 2581/5407/2259 3193/5344/2350
f 1239/1396/813 3253/5405/2372 3193/5344/2350
f 572/605/341 574/607/343 3236/5334/102
f 1756/2148/92 228/234/102 574/607/343
f 3321/5853/1708 2734/3921/1908 2817/4126/1975
f 1358/1558/897 3321/5853/1708 2817/4126/1975
f 1042/1144/659 2734/3921/1908 3321/5853/1708
f 2769/4001/1941 1042/1144/659 3321/5853/1708
f 2443/5982/1681 1497/1746/1016 1961/2497/1353
f 2444/4157/1682 2443/5982/1681 1961/2497/1353
f 607/645/367 610/648/248 3043/4601/2158
f 2212/4754/285 607/645/367 3043/4601/2158
f 2686/3831/1867 2490/3488/1721 2649/3777/1837
f 2636/3753/1825 2686/3831/1867 2649/3777/1837
f 272/4898/121 545/577/320 544/576/319
f 3091/4791/2197 272/4898/121 544/576/319
f 1897/2405/1300 1935/2450/1331 3239/5343/2349
f 3002/5983/2123 1182/1323/762 1332/1520/888
f 1331/2472/276 3002/5984/2123 1332/5985/888
f 1278/1444/844 1280/1446/846 1064/3669/677
f 2605/3668/752 1278/1444/844 1064/3669/677
f 2847/4926/2161 3125/4928/2233 2848/5986/2554
f 3125/4928/2233 3021/4929/2146 2848/5986/2554
f 1269/1435/836 2325/3583/1585 2324/5817/1584
f 1270/1436/837 1269/1435/836 2324/5817/1584
f 915/5896/611 2309/3208/319 2836/4197/1994
f 319/4794/159 915/5896/611 2836/4197/1994
f 2841/4212/1999 2362/3291/1612 2364/3294/1614
f 390/4213/216 2841/4212/1999 2364/3294/1614
f 513/536/303 1244/2300/818 3061/4654/2172
f 709/753/453 513/536/303 3061/4654/2172
f 387/5625/213 390/4213/216 2835/4189/1993
f 599/637/313 387/5625/213 2835/4189/1993
f 381/4913/208 531/554/313 530/553/168
f 1442/3434/965 381/4913/208 530/553/168
f 3253/5987/2372 1509/5988/1028 3254/5989/2538
f 1509/5990/1028 3264/5991/2405 3254/5992/2538
f 2356/3275/1605 317/329/157 1751/3183/1207
f 1303/3276/188 2356/3275/1605 1751/3183/1207
f 1461/1697/984 1460/1696/983 1456/2760/979
f 2130/2763/1444 1461/1697/984 1456/2760/979
f 3295/5993/213 2345/3255/1601 2346/3257/1602
f 380/4912/207 3295/5993/213 2346/3257/1602
f 3177/5994/2293 1752/5178/1208 2345/3255/1601
f 3295/5993/213 3177/5994/2293 2345/3255/1601
f 2143/2795/1458 684/893/434 1483/5995/1002
f 1590/2796/1079 2143/2795/1458 1483/5995/1002
f 3161/5996/2555 2797/4070/1957 2798/4071/1958
f 1578/1864/1069 3185/5158/2299 3157/5997/1301
f 830/882/541 2534/3534/6 1981/2533/6
f 1004/5998/644 2475/3827/1706 2685/3830/1866
f 1005/5439/645 1004/5998/644 2685/3830/1866
f 3248/5999/2365 2624/3897/1812 2554/3585/1753
f 2553/3584/1752 3248/5999/2365 2554/3585/1753
f 2389/3341/1635 1932/2447/1328 3175/6000/2556
f 1633/1933/1110 1631/1931/1108 3276/5522/2425
f 1634/1934/1111 1633/1933/1110 3276/5522/2425
f 929/1016/619 3250/5384/2368 2202/2958/1502
f 3250/5384/2368 3249/5383/2367 2202/2958/1502
f 2257/6001/2557 2256/3845/1874 1937/2453/1332
f 2257/6002/1 1937/4376/1 852/2451/1
f 3285/5883/2450 3269/5882/2414 3203/5207/2310
f 2616/3694/1804 3285/5883/2450 3203/5207/2310
f 2557/3588/1756 3131/4977/2239 2558/3589/1757
f 3131/4977/2239 378/3437/205 2558/3589/1757
f 1388/5807/756 2790/4049/1594 2791/4052/1952
f 3121/4902/120 1388/5807/756 2791/4052/1952
f 758/802/491 1733/5884/2537 2872/4257/2029
f 759/803/488 758/802/491 2872/4257/2029
f 3136/5021/2249 140/5022/53 139/4890/52
f 946/1036/629 3136/5021/2249 139/4890/52
f 1412/5839/943 3137/5030/2252 3110/4861/2217
f 1413/4863/944 1412/5839/943 3110/4861/2217
f 797/845/517 2646/4616/1835 3198/5183/2305
f 3100/4824/2203 797/845/517 3198/5183/2305
f 2310/4844/2558 2814/4120/1973 2815/4123/1974
f 2484/3480/1715 2310/4844/2558 2815/4123/1974
f 864/931/571 3108/4856/964 3180/6003/2559
f 2438/6004/1677 2604/3869/1793 465/6005/274
f 2439/3743/1678 2438/6006/1677 465/5964/274
f 1137/1261/734 1646/1954/1116 2186/2932/1493
f 1135/1259/732 1137/1261/734 2186/2932/1493
f 3193/6007/2560 2581/6008/2561 2580/6009/2562
f 2705/6010/2563 3193/6007/2560 2580/6009/2562
f 931/1018/621 930/1017/620 1955/6011/1008
f 1714/2091/646 931/6012/621 1955/2488/1008
f 3330/6013/2564 822/872/125 2899/4335/2040
f 1959/2493/1351 3330/6013/2564 2899/4335/2040
f 1728/2109/1189 822/872/125 1958/2492/1350
f 1957/2491/1349 1728/2109/1189 1958/2492/1350
f 1958/2492/1350 822/872/125 3330/6013/2564
f 1959/2493/1351 1958/2492/1350 3330/6013/2564
f 1628/6014/1106 1627/4281/1105 2541/3558/1743
f 1875/4012/1291 1628/6014/1106 2541/3558/1743
f 3149/5076/2265 2992/4518/2114 1043/1145/660
f 3133/4982/2242 3149/5076/2265 1043/1145/660
f 1298/1472/862 1092/1211/699 2396/3349/752
f 1995/5632/1382 1298/1472/862 2396/3349/752
f 2286/3148/1557 2285/3147/1559 2979/4487/2101
f 3113/4872/2223 77/77/7 1795/2204/1236
f 2568/3603/1761 3113/4871/2223 1795/3301/1236
f 929/1016/619 934/1021/624 3250/5384/2368
f 934/1021/624 933/1020/623 3250/5384/2368
f 755/799/488 754/798/487 3180/5149/2030
f 2659/3791/1843 755/799/488 3180/5149/2030
f 2137/2781/1452 1159/1291/239 2138/2782/1453
f 1223/1376/796 2137/2781/1452 2138/2782/1453
f 2278/6015/1554 414/435/233 413/434/232
f 2279/6016/1555 2278/6017/1554 413/6018/232
f 3150/6019/2268 2720/3890/1897 2103/5799/1440
f 2104/6020/1441 3150/6021/2268 2103/6022/1440
f 3298/5660/2474 1252/2847/824 1163/1295/751
f 1162/1294/750 3298/5660/2474 1163/1295/751
f 2778/4018/1944 1729/2282/1190 1242/1399/816
f 1241/1398/815 2778/4018/1944 1242/1399/816
f 2829/4168/1988 608/646/368 606/644/366
f 2213/4169/1507 2829/4168/1988 606/644/366
f 939/1026/626 3236/5334/102 940/1027/5
f 227/233/101 3232/5324/2342 228/234/102
f 1245/1402/819 940/1027/5 3232/5324/2342
f 3282/5574/2444 2491/5732/1722 462/484/271
f 2828/4165/1986 3282/5574/2444 462/484/271
f 2492/6023/1723 2491/3879/1722 3282/6024/2444
f 2493/3491/1724 2492/3490/1723 3282/6025/2444
f 1127/1251/724 3059/4648/2170 3140/5047/2521
f 3059/4648/2170 2787/4040/1949 3140/5047/2521
f 2718/5848/1895 2607/3677/1795 2610/3680/1798
f 2719/3889/1896 2718/3888/1895 2610/6026/1798
f 3234/5844/2525 2320/3224/1580 3311/6027/2565
f 2583/6028/2566 3234/6029/2525 3311/6030/2565
f 1548/1827/1046 653/691/409 3018/4564/2137
f 3004/4545/2125 1548/1827/1046 3018/4564/2137
f 3088/6031/2567 3053/5434/2383 2671/3809/1854
f 677/715/427 3088/6031/2567 2671/3809/1854
f 3025/4816/2143 1408/1614/939 1404/3262/935
f 331/344/171 3025/4574/2143 1404/1610/935
f 2578/3617/1181 1853/2286/1182 1850/2283/1273
f 1993/2558/1180 2578/3617/1181 1850/2283/1273
f 1698/6032/1160 488/3709/293 2882/4291/2036
f 2261/3105/1545 1698/6032/1160 2882/4291/2036
f 806/3962/526 2751/3959/1924 3122/4915/2231
f 1985/4914/207 806/3962/526 3122/4915/2231
f 1631/1931/1108 3104/4839/2210 3277/5523/2426
f 3276/5522/2425 1631/1931/1108 3277/5523/2426
f 711/755/455 1588/1874/1077 1589/1875/1078
f 1588/1874/1077 367/383/194 1589/1875/1078
f 3249/5383/2367 557/5718/326 1691/2053/1154
f 2202/2958/1502 3249/5383/2367 1691/2053/1154
f 1165/1297/753 2108/2721/6 2106/2723/6
f 3191/5174/6 1166/1300/6 769/1302/6
f 2108/2721/6 3191/5174/6 168/3551/6
f 3327/5922/2546 2406/3362/1649 2408/3364/1649
f 1306/6033/2568 1826/2244/1252 2220/2987/1513
f 2220/4407/1 3135/5044/1 1306/1482/1
f 1699/2072/1161 1701/2074/1163 3080/4733/2190
f 3017/4563/2136 1446/1677/969 3162/5112/2279
f 3045/4608/2159 3017/4565/2136 3162/5611/2279
f 3146/5071/1548 1570/1851/1061 1575/1856/1066
f 2200/5219/1501 918/1000/614 1836/6034/1259
f 1357/1557/515 2200/2955/1501 1836/2262/1259
f 405/2288/226 1854/2287/1275 3209/6035/1000
f 403/422/224 405/424/226 3209/5746/1000
f 3094/4812/2199 1603/1892/1090 1425/1646/953
f 1423/2441/951 3094/4812/2199 1425/1646/953
f 2796/4064/1956 3187/5163/2301 862/1682/569
f 2573/3746/1355 2796/6036/1956 862/929/569
f 2331/3239/1591 2643/5765/1832 2644/6037/1833
f 1469/1706/992 2331/3239/1591 2644/6037/1833
f 1257/1422/829 1256/1421/828 534/4870/2222
f 534/557/1 1256/6038/1 456/4026/1
f 1768/2164/1222 1767/2166/1221 2917/4366/1460
f 2152/2851/1465 1768/2164/1222 2917/4366/1460
f 650/2850/406 1293/2165/857 1768/2164/1222
f 2152/2851/1465 650/2850/406 1768/2164/1222
f 2275/3135/1551 3189/5172/2303 2276/3136/1552
f 164/166/74 112/112/34 1236/1393/810
f 2775/5422/46 164/166/74 1236/1393/810
f 1367/1569/907 2251/3057/1540 3206/5213/2314
f 1274/5868/840 2409/5867/1157 909/6039/605
f 908/989/604 1274/1440/840 909/990/605
f 1510/1763/1029 1509/1762/1028 3253/5405/2372
f 1239/1396/813 1510/1763/1029 3253/5405/2372
f 1960/2494/1352 1959/2496/1351 2650/3778/1838
f 2559/3592/1758 1960/2494/1352 2650/3778/1838
f 1040/1142/657 3312/5789/2511 1041/1143/658
f 3312/5789/2511 3024/4573/2142 1041/1143/658
f 3331/6040/2569 1192/1333/771 1191/1332/770
f 2031/2609/1409 3331/6040/2569 1191/1332/770
f 3119/6041/2228 1192/1333/771 3331/6040/2569
f 2031/2609/1409 3119/6041/2228 3331/6040/2569
f 2342/3250/1599 1731/2112/1192 1334/1522/890
f 1731/2112/1192 1730/2111/1191 1334/1522/890
f 3205/5211/2312 3309/5753/2506 2724/5752/1901
f 2725/5212/1902 3205/5211/2312 2724/5752/1901
f 3324/6042/2539 3170/5122/2285 3205/5211/2312
f 3204/5210/2540 3324/6042/2539 3205/5211/2312
f 1582/1868/1072 1585/1871/1074 3324/6042/2539
f 2788/4042/1950 1582/1868/1072 3324/6042/2539
f 591/629/352 2021/2591/1401 3306/5738/2500
f 2021/2591/1401 3288/5600/2453 3306/5738/2500
f 591/629/352 3306/5738/2500 1149/1276/743
f 3306/5738/2500 593/1277/354 1149/1276/743
f 2689/6043/2570 2688/5012/2247 1284/1450/847
f 2256/3846/1875 2689/6044/2571 1284/1453/850
f 2251/3057/1540 1367/1569/907 2252/3058/1540
f 3237/6045/2572 3212/5254/2319 3289/5605/2454
f 2636/6046/1825 3237/6047/2572 3289/6048/2454
f 2157/2856/2354 3212/5348/2356 3237/5336/2346
f 3183/5335/2345 2157/2856/2354 3237/5336/2346
f 3194/5179/2304 1085/1194/90 120/2617/41
f 119/5447/40 3194/5179/2304 120/2617/41
f 3281/5562/2440 3242/5561/2357 2576/6049/1767
f 2575/5919/1766 3281/5562/2440 2576/6049/1767
f 1052/1156/2441 3280/5560/2439 3281/5562/2440
f 2575/5919/1766 1052/1156/2441 3281/5562/2440
f 2213/4169/1507 606/644/366 605/643/365
f 1099/2975/707 2213/2974/1507 605/6050/365
f 3163/5113/2280 1495/2562/1014 2696/3848/1877
f 2941/4426/2074 3163/5113/2280 2696/3848/1877
f 3291/5615/2456 1855/2289/373 1202/1354/779
f 619/5198/377 3291/5615/2456 1202/1354/779
f 235/243/108 337/350/176 3218/5285/2328
f 515/538/305 235/243/108 3218/5285/2328
f 2435/3688/1674 2615/3687/1803 2805/4098/1353
f 2436/4101/1675 2435/3688/1674 2805/4098/1353
f 482/504/289 1630/1930/1107 879/954/582
f 1630/1930/1107 1315/1492/633 879/954/582
f 431/452/246 1783/2186/1228 432/453/247
f 1783/2186/1228 1184/1325/764 432/453/247
f 327/340/167 3055/4642/2166 3109/4858/2216
f 2542/3560/1744 327/340/167 3109/4858/2216
f 2030/2608/1408 2383/3332/1630 3332/6051/2573
f 646/684/402 2030/2608/1408 3332/6051/2573
f 3170/5122/2285 3169/5121/2284 3309/5753/2506
f 3205/5211/2312 3170/5122/2285 3309/5753/2506
f 1585/1871/1074 1584/1870/1073 3170/5122/2285
f 3324/6042/2539 1585/1871/1074 3170/5122/2285
f 2780/4020/1945 1865/2306/1038 1867/2308/1284
f 1964/2502/1356 2780/4020/1945 1867/2308/1284
f 2660/6052/1844 2210/3647/1506 2661/3795/1845
f 1753/2144/1101 2660/6052/1844 2661/3795/1845
f 3169/5751/2284 2638/3882/1827 2442/3682/1680
f 2611/3681/1799 3169/5751/2284 2442/3682/1680
f 2188/3754/1494 2490/3488/1721 3293/6053/2458
f 2490/3488/1721 2627/5838/1815 3293/6053/2458
f 3099/4823/2202 2353/3271/1091 3333/6054/2574
f 516/539/7 3099/4823/2202 3333/6054/2574
f 3333/6054/2574 2353/3271/1091 517/540/306
f 516/539/7 3333/6054/2574 517/540/306
f 1621/5899/756 2335/3243/1594 2338/3246/1596
f 1444/4918/967 1621/5899/756 2338/3246/1596
f 2711/3874/1890 1081/1190/602 3334/6055/2575
f 1950/2481/1344 2711/3874/1890 3334/6055/2575
f 3334/6055/2575 1081/1190/602 1080/1189/692
f 1950/2481/1344 3334/6055/2575 1080/1189/692
f 1158/1290/748 3103/4827/2481 1059/1164/672
f 2254/3062/1542 1799/2210/1240 1601/3957/1088
f 2750/3956/1923 2254/3062/1542 1601/3957/1088
f 3332/6051/2573 2383/3332/1630 3120/4887/2229
f 646/684/402 3332/6051/2573 3120/4887/2229
f 672/710/422 3304/5724/490 725/769/467
f 725/769/467 669/707/419 672/710/422
f 3292/5617/2457 627/665/1741 2818/4127/1976
f 2820/4130/1978 3292/5617/2457 2818/4127/1976
f 2540/3643/1742 627/6056/1741 3292/6057/2457
f 2593/3644/1783 2540/3643/1742 3292/6057/2457
f 1870/2313/1287 1198/1346/777 455/476/264
f 1199/1347/778 1198/1346/777 1870/2313/1287
f 482/504/289 879/954/582 1210/1362/785
f 682/2228/432 482/504/289 1210/1362/785
f 1785/2188/6 878/951/6 562/953/6
f 921/1003/617 2025/2595/579 3294/6058/742
f 1143/1269/69 921/1003/617 3294/6058/742
f 372/726/199 122/124/43 2370/3307/1619
f 370/386/197 372/388/199 2370/5325/1619
f 1075/1182/688 3065/4677/2175 1076/1183/689
f 3065/4677/2175 950/1041/633 1076/1183/689
f 3289/5605/2454 3212/5254/2319 2687/3832/1868
f 3212/5254/2319 2487/3485/1718 2687/3832/1868
f 1330/2992/887 431/452/246 3073/4710/2186
f 510/533/300 1330/1518/887 3073/6059/2186
f 3115/4879/2225 1357/1557/515 2562/3597/1759
f 845/902/555 3115/4879/2225 2562/3597/1759
f 3069/4711/2179 2223/3325/1515 391/6060/217
f 1794/2202/708 3069/4696/2179 391/407/217
f 2379/6061/1626 1069/6062/682 3243/6063/2358
f 703/6064/447 2379/6061/1626 3243/6063/2358
f 609/647/369 2206/4703/290 1154/3310/744
f 610/648/248 609/647/369 1154/3310/744
f 2043/2634/1418 150/4384/62 2024/2594/581
f 2023/2593/579 2043/2634/1418 2024/2594/581
f 901/6065/599 1214/1367/789 3325/5898/2541
f 899/5897/597 901/6065/599 3325/5898/2541
f 3325/5898/2541 1214/1367/789 2595/3650/1785
f 2335/3243/1594 3325/5898/2541 2595/3650/1785
f 1656/5782/2508 2227/3000/1519 2721/3894/1898
f 1497/1746/1016 1656/5782/2508 2721/3894/1898
f 2784/6066/1 2360/4034/1 1740/2128/1
f 2784/6067/2576 2361/3290/1611 2360/3289/1610
f 817/867/534 819/869/536 3273/5515/2421
f 1593/1880/1082 817/1879/534 3273/5775/2421
f 874/945/6 3199/5185/6 767/946/6
f 3199/5185/6 2177/2898/1483 116/2900/6
f 1310/4198/870 700/743/444 3068/4692/2178
f 1311/1488/871 1310/1487/870 3068/4732/2178
f 3257/5444/2389 2911/4355/503 1188/1329/768
f 1947/4838/1341 3257/5444/2389 1188/1329/768
f 1743/2132/1200 1190/1331/769 3323/5864/2533
f 3216/5271/2323 1743/4841/1200 3323/5935/2533
f 3004/4545/2125 472/494/279 471/493/278
f 289/2575/132 3004/4545/2125 471/493/278
f 2348/3261/1603 696/3260/440 894/4809/593
f 2838/4205/1996 2348/3261/1603 894/4809/593
