# Blender v3.1.2 OBJ File: '2a11bfd4-f3df-4ef2-9d0b-6536b0c6510a.blend'
# www.blender.org
mtllib 5.mtl
o Others_raw_model.029
v 3.597735 1.177170 -0.749224
v 3.591625 1.217220 -0.742244
v 3.593445 0.756290 -0.755464
v 3.600305 0.756260 -0.762744
v 3.598385 0.961570 -0.777474
v 3.588065 1.173630 -0.785874
v 3.599555 1.177170 -0.770784
v 3.582535 1.230000 -0.789384
v 3.594975 1.226470 -0.782374
v 3.546865 1.391010 -0.747834
v 3.561065 1.381480 -0.741334
v 3.559135 1.413270 -0.743644
v 3.552985 1.437650 -0.748044
v 3.590995 1.411350 -0.752074
v 3.588075 1.439600 -0.775604
v 3.590085 1.478200 -0.773954
v 3.579235 1.220200 -0.739004
v 3.583835 1.242720 -0.745314
v 3.581835 1.270570 -0.736954
v 3.576405 1.300120 -0.733574
v 3.551095 1.299630 -0.741804
v 3.546265 1.324270 -0.731694
v 3.545995 1.319030 -0.748024
v 3.549675 1.270610 -0.749004
v 3.579565 1.348770 -0.790064
v 3.565695 1.301370 -0.787034
v 3.565005 1.349220 -0.790724
v 3.557785 1.401120 -0.788134
v 3.545375 1.401180 -0.763654
v 3.551815 1.437840 -0.773454
v 3.560525 1.440840 -0.784024
v 3.593995 1.243160 -0.755164
v 3.594085 1.244790 -0.772494
v 3.596135 1.294620 -0.770024
v 3.595905 1.314320 -0.755024
v 3.597995 1.237510 -0.752594
v 3.622875 1.263580 -0.764644
v 3.619845 1.261730 -0.747214
v 3.608215 1.429780 -0.765054
v 3.665215 1.468800 -0.750544
v 3.605385 1.432580 -0.750794
v 3.543975 0.961570 -0.785594
v 3.546695 1.150330 -0.778384
v 3.559595 1.173760 -0.789954
v 3.554285 0.756330 -0.801264
v 3.551445 1.225440 -0.789114
v 3.543225 1.207210 -0.782784
v 3.546005 1.230400 -0.775654
v 3.480805 1.363820 -0.712224
v 3.507195 1.349310 -0.728954
v 3.521325 1.351940 -0.717784
v 3.460775 1.378290 -0.678254
v 3.630495 1.254640 -0.681394
v 3.635025 1.272830 -0.639694
v 3.596195 1.245900 -0.704254
v 3.604205 1.227070 -0.726854
v 3.547745 1.486450 -0.770484
v 3.552935 1.481560 -0.781814
v 3.591465 1.478220 -0.755434
v 3.589245 1.473710 -0.744464
v 3.603455 1.493550 -0.750724
v 3.607145 1.488630 -0.733524
v 3.502995 1.270430 -0.842654
v 3.524445 1.255920 -0.819934
v 3.516195 1.258510 -0.803904
v 3.465815 1.284900 -0.855834
v 3.552085 1.386520 -0.819294
v 3.540955 1.386720 -0.805594
v 3.518765 1.422140 -0.832454
v 3.514675 1.431510 -0.865474
v 3.595165 1.372160 -0.757974
v 3.589935 1.300800 -0.780144
v 3.594245 1.373210 -0.772484
v 3.552365 1.378170 -0.743154
v 3.565005 1.325490 -0.738764
v 3.567925 1.375220 -0.739354
v 3.513165 1.424440 -0.793594
v 3.546105 1.397780 -0.777914
v 3.511855 1.426910 -0.776894
v 3.554925 1.370390 -0.833904
v 3.537865 1.364400 -0.831084
v 3.525435 1.386170 -0.860514
v 3.530405 1.404130 -0.898804
v 3.642155 1.330510 -0.903584
v 3.619925 1.329050 -0.859904
v 3.607925 1.322770 -0.869604
v 3.628175 1.324880 -0.909964
v 3.604985 1.325110 -0.705124
v 3.611195 1.332030 -0.669174
v 3.578045 1.323480 -0.710694
v 3.581945 1.310850 -0.737184
v 3.657065 1.285410 -0.827134
v 3.695675 1.296470 -0.829614
v 3.636605 1.276570 -0.793144
v 3.630555 1.270010 -0.809314
v 3.534105 1.529790 -0.816494
v 3.520515 1.524240 -0.807864
v 3.499415 1.544260 -0.828314
v 3.490005 1.560820 -0.862654
v 3.714825 1.369480 -0.778154
v 3.669895 1.391090 -0.769984
v 3.668985 1.384100 -0.786324
v 3.710525 1.364370 -0.793794
v 3.656605 1.509640 -0.725434
v 3.647855 1.504170 -0.711884
v 3.553165 1.300780 -0.746074
v 3.568085 1.300980 -0.738614
v 3.592395 1.300840 -0.752014
v 3.589595 1.325500 -0.747294
v 3.584085 1.413200 -0.744874
v 3.574815 1.459050 -0.734834
v 3.563175 1.463130 -0.736674
v 3.558985 1.461230 -0.743164
v 3.562105 1.406510 -0.704964
v 3.543865 1.430570 -0.663464
v 3.538765 1.416710 -0.693234
v 3.545225 1.402240 -0.713034
v 3.576875 1.440840 -0.787654
v 3.573855 1.401470 -0.791884
v 3.477725 1.233270 -0.668864
v 3.519705 1.231720 -0.719394
v 3.512005 1.238650 -0.683284
v 3.467895 1.229620 -0.629204
v 3.560145 1.220500 -0.742004
v 3.548115 1.214380 -0.747854
v 3.547265 0.961590 -0.753664
v 3.548415 1.217490 -0.748854
v 3.544875 1.150320 -0.757074
v 3.542025 0.961560 -0.762744
v 3.567825 1.481520 -0.815024
v 3.583985 1.485820 -0.814694
v 3.581055 1.458110 -0.787554
v 3.569255 1.459210 -0.790034
v 3.566635 0.959470 -0.739304
v 3.568445 1.149770 -0.737974
v 3.557135 1.150800 -0.741844
v 3.563325 0.756530 -0.805854
v 3.576345 0.754990 -0.807454
v 3.443995 1.565080 -0.859894
v 3.396005 1.567700 -0.899474
v 3.456485 1.563030 -0.872084
v 3.341605 1.340940 -0.818484
v 3.409515 1.334670 -0.807954
v 3.377765 1.335040 -0.792384
v 3.340065 1.331750 -0.798254
v 3.682665 1.265520 -0.628904
v 3.705225 1.250310 -0.586024
v 3.678825 1.260920 -0.598014
v 3.665605 1.265670 -0.622054
v 3.566905 1.230380 -0.792884
v 3.553315 1.217680 -0.786744
v 3.555865 1.243770 -0.788554
v 3.567205 1.270560 -0.794104
v 3.588065 1.270560 -0.789454
v 3.577125 1.243720 -0.792234
v 3.599395 1.150340 -0.759854
v 3.603245 0.756310 -0.774174
v 3.602085 0.756270 -0.785584
v 3.550825 0.614780 -0.813934
v 3.568735 0.541820 -0.813594
v 3.551845 0.541550 -0.801994
v 3.541485 0.614710 -0.804284
v 3.624685 1.587360 -0.794744
v 3.654075 1.633690 -0.828824
v 3.614835 1.590830 -0.808464
v 3.622875 1.451570 -0.847364
v 3.654835 1.461790 -0.863224
v 3.617905 1.443480 -0.811074
v 3.606825 1.437410 -0.822744
v 3.683005 1.559080 -0.759314
v 3.727045 1.575610 -0.739144
v 3.677985 1.558920 -0.738804
v 3.635785 1.535800 -0.762644
v 3.543365 1.268910 -0.760464
v 3.541835 1.323980 -0.764624
v 3.571085 1.323000 -0.807514
v 3.558655 1.300560 -0.793924
v 3.548125 1.341240 -0.811254
v 3.565655 1.342670 -0.814614
v 3.770815 1.157770 -0.725374
v 3.776025 1.157640 -0.706434
v 3.719685 1.196130 -0.719044
v 3.722025 1.190620 -0.736304
v 3.719615 1.175180 -0.481914
v 3.694375 1.231690 -0.532304
v 3.709115 1.218930 -0.540244
v 3.729545 1.174840 -0.500984
v 3.465715 1.570570 -0.813974
v 3.433555 1.588320 -0.850114
v 3.477275 1.570300 -0.828384
v 3.507625 1.545690 -0.791944
v 3.405235 1.143890 -0.781264
v 3.441165 1.181810 -0.777614
v 3.438375 1.187350 -0.760344
v 3.397035 1.142960 -0.764544
v 3.542555 1.174830 -0.768054
v 3.540895 1.220550 -0.760654
v 3.543195 1.265600 -0.772124
v 3.540725 1.200050 -0.768414
v 3.473875 1.334970 -0.763964
v 3.476305 1.326540 -0.782664
v 3.507695 1.308080 -0.779654
v 3.539875 1.292390 -0.759684
v 3.554905 1.266450 -0.787554
v 3.539155 1.285530 -0.772294
v 3.516925 1.307220 -0.796194
v 3.546035 1.264950 -0.773614
v 3.550075 1.300100 -0.785304
v 3.640575 1.509600 -0.697094
v 3.597615 1.493210 -0.720274
v 3.823995 1.495790 -0.649064
v 3.864095 1.478200 -0.635334
v 3.852295 1.472790 -0.624514
v 3.778725 1.499310 -0.650624
v 3.418485 1.850960 -0.957994
v 3.494955 1.735930 -0.856514
v 3.483195 1.741900 -0.844464
v 3.409395 1.864090 -0.954224
v 3.554665 1.511350 -0.766474
v 3.542665 1.600430 -0.772774
v 3.558185 1.556390 -0.782094
v 3.558495 1.516290 -0.780684
v 3.724055 1.195900 -0.753694
v 3.780295 1.157410 -0.741024
v 3.605085 1.227600 -0.773724
v 3.600095 1.224640 -0.754894
v 3.983175 1.358420 -0.747514
v 3.972145 1.355300 -0.761614
v 4.002165 1.317410 -0.756384
v 4.009485 1.322090 -0.745274
v 3.758545 1.475060 -0.767594
v 3.796515 1.480380 -0.755644
v 3.728855 1.484360 -0.751914
v 3.718825 1.474610 -0.765634
v 3.656995 1.744230 -0.959134
v 3.608605 1.666640 -0.861584
v 3.593055 1.671580 -0.868054
v 3.648765 1.753850 -0.965474
v 3.584445 1.527460 -0.767934
v 3.569045 1.492940 -0.774824
v 3.572745 1.558890 -0.785994
v 3.595215 1.589320 -0.785384
v 3.506075 1.609230 -0.953944
v 3.519045 1.597900 -0.909754
v 3.503385 1.602840 -0.903624
v 3.480225 1.619150 -0.990574
v 3.554035 1.513240 -0.789484
v 3.563025 1.537680 -0.809504
v 3.568785 1.485840 -0.782524
v 3.557695 1.489320 -0.781614
v 3.361625 1.442800 -0.708304
v 3.314315 1.451300 -0.713464
v 3.411195 1.436650 -0.738074
v 3.407025 1.431140 -0.719434
v 3.545645 1.411450 -0.757394
v 3.547345 1.438430 -0.758844
v 3.545465 1.373020 -0.754994
v 3.546215 1.352000 -0.765714
v 3.547145 1.300800 -0.766854
v 3.723115 1.689670 -0.889654
v 3.686505 1.669020 -0.861704
v 3.675055 1.675250 -0.873994
v 3.714085 1.696410 -0.902904
v 3.608525 1.577990 -0.784644
v 3.580305 1.514290 -0.785094
v 3.600145 1.577010 -0.799154
v 3.638695 1.828550 -0.651864
v 3.604705 1.744170 -0.699554
v 3.612815 1.739080 -0.717074
v 3.664305 1.863760 -0.642284
v 3.538615 1.609730 -0.775594
v 3.513835 1.666300 -0.764724
v 3.540285 1.606220 -0.757004
v 3.582005 1.150800 -0.738224
v 3.570245 0.754550 -0.747674
v 3.590215 0.541890 -0.761474
v 3.606895 0.541540 -0.772834
v 3.603565 0.614740 -0.754634
v 3.565985 1.344210 -0.787394
v 3.591505 1.396940 -0.782294
v 3.588155 1.411510 -0.780724
v 3.594395 1.410890 -0.767034
v 3.594595 1.390500 -0.764744
v 3.575785 1.210530 -0.662124
v 3.572545 1.225990 -0.594434
v 3.556025 1.218030 -0.604414
v 3.558185 1.206470 -0.654784
v 3.555735 1.198310 -0.489734
v 3.573355 1.203910 -0.486984
v 3.576575 1.116990 -0.361644
v 3.558305 1.111990 -0.361604
v 3.676025 1.294760 -0.859024
v 3.728255 1.290230 -0.898964
v 3.713315 1.292520 -0.862894
v 3.685935 1.291810 -0.844984
v 3.840835 1.223190 -0.963264
v 3.855365 1.223240 -0.951514
v 3.820355 1.252750 -0.919944
v 3.806765 1.251030 -0.933714
v 3.663425 1.348030 -0.806624
v 3.705225 1.366220 -0.803104
v 3.606485 1.326880 -0.769394
v 3.633175 1.333780 -0.795554
v 3.594435 1.293610 -0.780624
v 3.507385 1.424880 -0.570674
v 3.474995 1.372960 -0.478604
v 3.474445 1.396130 -0.526894
v 3.490615 1.419240 -0.573064
v 3.512305 1.433440 -0.678564
v 3.528255 1.428600 -0.671284
v 3.501465 1.440680 -0.655324
v 3.661005 1.611250 -0.639534
v 3.626835 1.586580 -0.674714
v 3.645145 1.586720 -0.685234
v 3.674075 1.607370 -0.654404
v 3.436325 1.780700 -0.695114
v 3.487335 1.711460 -0.728324
v 3.456035 1.756260 -0.731714
v 3.430075 1.790150 -0.711794
v 3.307485 1.730030 -0.823384
v 3.431175 1.667270 -0.797894
v 3.429525 1.673460 -0.781184
v 3.302805 1.740020 -0.814204
v 3.549005 1.540170 -0.790234
v 3.553305 1.506340 -0.770514
v 3.531805 1.570980 -0.777134
v 3.537305 1.572060 -0.792964
v 3.374885 1.561700 -0.942624
v 3.318525 1.559530 -1.010134
v 3.446225 1.567250 -0.905384
v 3.628945 1.416560 -0.733454
v 3.671495 1.440100 -0.680574
v 3.615465 1.421770 -0.721224
v 3.592105 1.389960 -0.751674
v 3.613525 1.382750 -0.678504
v 3.635115 1.396990 -0.620014
v 3.617365 1.389590 -0.622454
v 3.601095 1.378950 -0.665874
v 3.658335 1.371450 -0.525234
v 3.674445 1.376660 -0.529294
v 3.722215 1.296670 -0.424324
v 3.706575 1.292040 -0.417674
v 3.484805 1.671560 -0.473124
v 3.523355 1.576700 -0.605464
v 3.539965 1.582770 -0.602764
v 3.493445 1.683190 -0.467494
v 3.794125 1.823320 -0.568464
v 3.689995 1.728450 -0.658784
v 3.699385 1.734530 -0.672734
v 3.802845 1.834950 -0.573964
v 3.603135 1.596850 -0.734854
v 3.590955 1.598770 -0.723324
v 3.579925 1.558640 -0.733744
v 3.592755 1.556390 -0.745204
v 3.501245 1.527800 -0.696354
v 3.520925 1.512090 -0.724944
v 3.531255 1.510350 -0.710354
v 3.514915 1.523700 -0.686704
v 3.567345 1.485300 -0.735464
v 3.556885 1.480490 -0.741454
v 3.344805 1.613640 -0.924004
v 3.442525 1.550880 -0.842524
v 3.432555 1.557000 -0.830304
v 3.335735 1.623600 -0.918864
v 3.558425 1.416510 -0.776184
v 3.562045 1.366770 -0.773764
v 3.552855 1.367870 -0.767754
v 3.549355 1.415060 -0.770014
v 3.566765 1.440640 -1.124994
v 3.570575 1.481730 -1.001434
v 3.550415 1.489920 -1.004234
v 3.552315 1.448050 -1.130924
v 3.568705 1.495420 -0.866964
v 3.588545 1.500950 -0.862674
v 3.578275 0.686350 -0.818714
v 3.580905 0.613470 -0.822064
v 3.563195 0.615070 -0.819914
v 3.561445 0.688200 -0.816684
v 3.613155 0.614690 -0.764144
v 3.617315 0.614780 -0.779364
v 3.613185 0.687920 -0.775694
v 3.609385 0.687840 -0.760774
v 3.697055 1.357340 -0.818774
v 3.816995 1.312320 -0.856864
v 3.859425 1.268230 -0.869424
v 3.876255 1.268570 -0.856034
v 3.821975 1.325080 -0.840884
v 3.205905 1.276070 -0.829714
v 3.138435 1.228940 -0.865474
v 3.200295 1.291230 -0.848174
v 3.518365 1.565850 -0.722604
v 3.505945 1.560120 -0.734584
v 3.544165 1.501370 -0.747274
v 3.555545 1.500710 -0.737474
v 3.235025 1.693820 -0.637904
v 3.380555 1.643230 -0.689574
v 3.389335 1.650530 -0.675174
v 3.235135 1.703760 -0.627494
v 3.444275 1.454790 -0.999034
v 3.431085 1.440810 -0.983794
v 3.402565 1.426010 -1.026164
v 3.412275 1.438920 -1.045214
v 3.546515 1.418250 -0.851454
v 3.575645 1.373070 -0.806074
v 3.313405 1.321330 -0.629374
v 3.356205 1.356160 -0.658564
v 3.367365 1.349200 -0.640024
v 3.330515 1.318860 -0.615934
v 3.337575 1.398750 -0.890364
v 3.381865 1.430790 -0.872734
v 3.373415 1.424350 -0.854494
v 3.336075 1.396430 -0.870204
v 3.493675 1.441890 -0.820384
v 3.525505 1.426190 -0.806524
v 3.486825 1.437800 -0.805124
v 3.516145 1.274870 -0.854904
v 3.543875 1.257810 -0.827314
v 3.389715 1.227950 -0.991174
v 3.426545 1.262770 -0.954724
v 3.410465 1.255820 -0.940234
v 3.379785 1.225470 -0.971814
v 3.586075 1.684490 -0.726474
v 3.573385 1.618610 -0.746564
v 3.587675 1.653200 -0.752464
v 3.445865 1.656540 -0.731114
v 3.487695 1.620950 -0.750424
v 3.489615 1.619500 -0.728924
v 3.453405 1.649420 -0.712924
v 3.539695 1.550330 -0.752694
v 3.522445 1.579030 -0.766774
v 3.544015 1.521980 -0.776064
v 3.557315 1.489460 -0.760064
v 3.580865 1.828550 -0.601044
v 3.572065 1.744170 -0.658934
v 3.587205 1.739080 -0.670914
v 3.599395 1.863760 -0.580934
v 3.580425 1.580620 -0.732804
v 3.580745 1.653200 -0.713834
v 3.565325 1.618610 -0.715024
v 3.568655 1.542260 -0.727474
v 3.550895 1.485140 -0.758554
v 3.547105 1.511250 -0.762274
v 3.548675 1.507810 -0.774464
v 3.553125 1.469130 -0.771154
v 3.358725 1.079790 -0.534244
v 3.391805 1.156950 -0.582064
v 3.404265 1.147180 -0.568104
v 3.379135 1.086890 -0.530904
v 3.555635 1.364080 -0.775074
v 3.565325 1.360900 -0.780544
v 3.562395 1.397200 -0.793214
v 3.551265 1.401960 -0.785904
v 3.524985 1.487620 -0.893434
v 3.540935 1.481130 -0.898814
v 3.516085 1.531710 -1.021424
v 3.505905 1.541300 -1.021984
v 3.751865 1.261790 -0.540714
v 3.744765 1.260200 -0.521154
v 3.674095 1.317480 -0.596504
v 3.685915 1.313430 -0.609694
v 3.646575 1.326660 -0.654264
v 3.661295 1.330050 -0.663874
v 3.679325 1.431830 -0.695014
v 3.770065 1.390410 -0.623134
v 3.801475 1.349860 -0.597244
v 3.799865 1.350230 -0.577334
v 3.760375 1.402230 -0.610944
v 3.593015 1.499730 -0.764104
v 3.591245 1.500370 -0.751084
v 3.587585 1.458380 -0.755034
v 3.589865 1.459570 -0.767724
v 3.942525 1.205380 -0.627384
v 3.945425 1.210840 -0.607394
v 3.824525 1.297530 -0.649844
v 3.824265 1.291700 -0.667314
v 3.584735 1.589600 -0.619074
v 3.568005 1.583050 -0.618104
v 3.563025 1.617180 -0.491914
v 3.572875 1.625360 -0.488504
v 3.587905 1.528050 -0.725594
v 3.571935 1.500970 -0.740934
v 3.570935 1.540360 -0.704684
v 3.585855 1.569860 -0.666694
v 3.618345 1.229830 -0.736874
v 3.664275 1.264810 -0.659344
v 3.385355 1.596610 -0.850664
v 3.389105 1.599290 -0.868744
v 3.524915 1.331710 -0.383454
v 3.519985 1.349760 -0.423304
v 3.536525 1.361240 -0.420584
v 3.547355 1.318120 -0.339624
v 3.578915 1.301110 -0.738644
v 3.579785 1.324980 -0.736324
v 3.585305 1.300830 -0.785704
v 3.616665 1.275930 -0.821994
v 3.771335 1.582640 -0.758004
v 3.775175 1.585300 -0.739944
v 3.628385 1.708360 -0.764614
v 3.652115 1.763050 -0.744434
v 3.619795 1.709700 -0.745064
v 3.597315 1.644910 -0.766504
v 3.574915 1.564050 -0.768654
v 3.568285 1.567020 -0.750914
v 3.581835 1.515330 -0.752614
v 3.587875 1.520920 -0.768804
v 3.487895 1.153070 -1.071854
v 3.482245 1.113480 -1.105224
v 3.497985 1.129940 -1.115954
v 3.503375 1.162820 -1.089274
v 3.773075 1.258590 -0.543794
v 3.797935 1.223650 -0.518274
v 3.780525 1.222740 -0.513174
v 3.590945 1.515960 -0.840944
v 3.599225 1.490570 -0.820644
v 3.626715 1.553620 -0.873874
v 3.611085 1.559130 -0.879894
v 3.585985 1.333460 -0.776174
v 3.593815 1.436310 -0.778764
v 3.578335 1.397040 -0.783294
v 3.577035 1.334040 -0.784334
v 3.416425 1.510040 -0.744074
v 3.415255 1.503800 -0.760824
v 3.369215 1.523610 -0.762134
v 3.367895 1.530310 -0.746154
v 3.556065 1.347050 -0.768334
v 3.551675 1.378210 -0.769844
v 3.549395 1.377060 -0.757524
v 3.557775 1.329610 -0.755134
v 3.514475 1.204080 -1.042654
v 3.497065 1.197670 -1.029514
v 3.539785 1.238600 -0.953644
v 3.530585 1.238980 -0.920664
v 3.508785 1.225740 -0.984814
v 3.529775 1.230820 -0.988534
v 3.729555 1.394340 -1.028674
v 3.746265 1.394390 -1.023894
v 3.727965 1.421550 -0.984564
v 3.711325 1.419950 -0.991414
v 3.672655 1.453380 -0.922774
v 3.673095 1.446320 -0.962614
v 3.698975 1.421910 -1.006934
v 3.537215 0.687920 -0.786744
v 3.537375 0.614780 -0.789624
v 3.538405 0.614690 -0.773734
v 3.538435 0.687840 -0.771104
v 3.847355 1.219700 -0.820654
v 3.857995 1.217620 -0.805224
v 3.828215 1.269700 -0.799504
v 3.821635 1.264610 -0.814654
v 3.755765 1.334150 -0.802074
v 3.767055 1.334080 -0.787734
v 3.418085 1.157220 -0.559144
v 3.369895 1.032000 -0.487834
v 3.283265 1.598880 -0.733394
v 3.270125 1.610370 -0.751624
v 3.322905 1.599530 -0.756944
v 3.331665 1.589520 -0.737694
v 3.458925 1.522660 -0.747524
v 3.403345 1.557010 -0.761984
v 3.481365 1.502220 -0.768874
v 3.447605 1.518020 -0.670834
v 3.462935 1.514620 -0.658284
v 3.492775 1.495470 -0.688234
v 3.481625 1.495000 -0.706164
v 3.556925 1.384910 -0.760404
v 3.552675 1.412120 -0.757734
v 3.559655 1.411560 -0.747344
v 3.565375 1.369810 -0.749554
v 3.706675 1.577520 -0.874844
v 3.676915 1.567800 -0.873354
v 3.763845 1.568060 -0.945274
v 3.812805 1.569260 -0.966154
v 3.618955 1.526530 -0.820154
v 3.652215 1.556330 -0.824054
v 3.599745 1.506300 -0.783244
v 3.603485 1.502540 -0.804814
v 3.537475 1.225980 -0.597014
v 3.555425 1.219800 -0.560304
v 3.537655 1.226570 -0.559144
v 3.598955 1.627960 -0.617264
v 3.581065 1.604940 -0.662934
v 3.602015 1.605410 -0.665574
v 3.616755 1.624560 -0.625944
v 3.582985 1.553150 -0.727094
v 3.566645 1.553630 -0.723414
v 3.562595 1.527560 -0.735814
v 3.577345 1.499660 -0.748494
v 3.562895 1.292490 -0.735334
v 3.568685 1.203270 -0.736964
v 3.540075 1.338810 -0.651064
v 3.522755 1.368500 -0.538674
v 3.511805 1.361810 -0.595424
v 3.522935 1.343450 -0.660814
v 3.640005 1.388780 -0.781154
v 3.640805 1.393110 -0.764844
v 3.140875 1.399770 -0.648994
v 3.140485 1.396810 -0.663374
v 3.181045 1.417960 -0.669654
v 3.183025 1.421360 -0.652224
v 3.318895 1.447450 -0.698034
v 3.505435 1.220630 -0.789054
v 3.538895 1.200020 -0.768724
v 3.501145 1.215380 -0.771814
v 3.504755 1.411120 -0.960134
v 3.501065 1.406580 -0.922554
v 3.449385 1.405130 -1.027794
v 3.465525 1.408000 -1.038364
v 3.497775 1.401960 -0.885144
v 3.513425 1.399350 -0.892254
v 3.509025 1.389330 -0.853014
v 3.585185 1.516030 -0.655564
v 3.596505 1.543010 -0.549274
v 3.574625 1.536920 -0.596414
v 3.568885 1.520370 -0.658464
v 3.510335 1.537060 -0.650644
v 3.476865 1.529470 -0.600474
v 3.480045 1.532250 -0.635114
v 3.497115 1.531400 -0.660024
v 3.402765 1.484660 -0.556464
v 3.428525 1.516700 -0.596574
v 3.444815 1.510260 -0.584794
v 3.422265 1.482340 -0.551144
v 3.722325 1.319410 -0.686164
v 3.718825 1.311420 -0.705404
v 3.759305 1.313180 -0.690314
v 3.757215 1.320070 -0.673864
v 3.578785 1.758830 -0.898824
v 3.584635 1.728790 -0.850154
v 3.563705 1.728980 -0.852914
v 3.559365 1.754130 -0.894974
v 3.566675 1.664750 -0.788584
v 3.583425 1.665660 -0.788014
v 3.584225 1.635470 -0.775014
v 3.567065 1.634260 -0.775984
v 3.870345 1.033340 -0.705054
v 3.874415 1.031060 -0.685314
v 3.842205 1.087660 -0.692244
v 3.842065 1.082170 -0.709974
v 3.743665 1.101190 -0.442954
v 3.752025 1.094380 -0.457044
v 3.756945 1.056430 -0.447764
v 3.752195 1.028610 -0.433414
v 3.604145 1.396970 -0.609454
v 3.632715 1.391210 -0.584884
v 3.617915 1.397520 -0.577444
v 3.656435 1.444660 -0.772434
v 3.723285 1.480600 -0.796244
v 3.714345 1.477380 -0.813924
v 3.650355 1.443770 -0.791164
v 3.594705 1.413250 -0.786234
v 3.591685 1.375940 -0.770834
v 3.603255 1.408300 -0.775154
v 3.765935 1.582390 -0.720534
v 3.721045 1.561740 -0.730864
v 3.723185 1.567970 -0.747524
v 3.770355 1.589130 -0.735954
v 3.606435 1.469730 -0.755804
v 3.594255 1.430030 -0.759884
v 3.604845 1.474120 -0.769914
v 3.635785 1.499830 -0.767394
v 3.339795 1.008010 -0.789774
v 3.328205 0.956970 -0.811714
v 3.355355 1.065780 -0.803804
v 3.356315 1.060410 -0.786754
v 3.757675 1.700850 -0.915754
v 3.812745 1.706720 -0.955524
v 3.821405 1.705890 -0.947324
v 3.737255 1.694760 -0.877854
v 3.627465 1.211590 -0.757404
v 3.640045 1.221810 -0.737134
v 3.599305 1.200010 -0.745674
v 3.602535 1.199110 -0.759514
v 3.893205 1.426440 -0.768124
v 3.901715 1.433620 -0.753724
v 3.828125 1.472400 -0.756014
v 3.821615 1.464460 -0.769704
v 3.584265 1.324830 -0.805604
v 3.579775 1.291290 -0.794434
v 3.565615 1.299620 -0.794074
v 3.590585 1.292780 -0.784374
v 3.593685 1.313700 -0.801014
v 3.593995 1.310520 -0.781654
v 3.535465 1.537450 -0.648954
v 3.550185 1.479450 -0.698144
v 3.554045 1.535740 -0.653424
v 3.577035 1.407290 -0.735684
v 3.564175 1.404640 -0.735884
v 3.569235 1.360990 -0.745414
v 3.580865 1.357010 -0.746714
v 3.553315 1.348730 -0.781374
v 3.550375 1.300830 -0.775104
v 3.575375 1.394090 -0.757034
v 3.587485 1.397470 -0.763304
v 3.591275 1.335530 -0.750824
v 3.609035 1.541390 -0.679504
v 3.590705 1.481520 -0.721334
v 3.576615 1.505930 -0.704564
v 3.590555 1.546770 -0.674784
v 3.483255 1.675360 -0.584184
v 3.503685 1.655560 -0.625474
v 3.519385 1.661800 -0.619534
v 3.497225 1.682070 -0.576304
v 3.463855 1.685880 -0.545474
v 3.432115 1.690870 -0.485404
v 3.420735 1.689970 -0.488924
v 3.465345 1.680250 -0.588484
v 3.283375 1.332290 -0.829114
v 3.291655 1.319190 -0.808064
v 3.244535 1.299840 -0.819264
v 3.231455 1.311360 -0.840584
v 3.511885 1.528920 -0.792664
v 3.467005 1.558820 -0.839084
v 3.828525 1.546540 -0.999074
v 3.800575 1.560700 -0.975814
v 3.818995 1.546050 -1.009914
v 3.703925 1.569990 -0.917524
v 3.759975 1.568430 -0.965384
v 3.510805 1.435740 -0.630054
v 3.519765 1.434820 -0.604114
v 3.583425 1.642450 -0.965344
v 3.580395 1.629140 -0.919384
v 3.563625 1.635460 -0.918934
v 3.567525 1.648930 -0.967384
v 3.586515 1.647830 -1.008534
v 3.592795 1.646060 -1.076184
v 3.604655 1.644650 -1.077264
v 3.601645 1.645710 -0.968314
v 3.716195 1.240800 -1.095314
v 3.746345 1.172100 -1.153624
v 3.728255 1.239790 -1.084994
v 3.582665 1.418970 -1.178114
v 3.589535 1.479100 -1.005504
v 3.418995 1.668540 -0.542174
v 3.487125 1.616990 -0.648514
v 3.502115 1.622140 -0.640874
v 3.425895 1.676860 -0.534334
v 3.508655 1.594450 -0.683284
v 3.533435 1.559640 -0.721714
v 3.527145 1.594960 -0.681354
v 3.690885 1.647700 -0.983614
v 3.684055 1.659570 -0.990494
v 3.539405 1.567100 -0.729114
v 3.566055 1.504640 -0.740444
v 3.553355 1.566180 -0.719834
v 3.545235 1.591120 -0.704834
v 3.505725 1.630230 -0.676884
v 3.529575 1.592290 -0.713634
v 3.581775 1.487660 -0.805434
v 3.627065 1.548100 -0.850814
v 3.587125 1.560470 -0.810004
v 3.567465 1.507600 -0.789454
v 3.570685 1.560050 -0.813194
v 3.572425 1.580480 -0.830154
v 3.595575 1.610420 -0.871534
v 3.590275 1.580930 -0.828064
v 3.705295 1.623630 -0.620544
v 3.694885 1.627660 -0.605324
v 3.487475 1.609940 -1.066354
v 3.522145 1.613110 -0.962994
v 3.494095 1.613370 -0.995564
v 3.476705 1.610620 -1.061234
v 3.808405 1.492220 -0.619444
v 3.708145 1.514590 -0.659414
v 3.740765 1.507400 -0.664754
v 3.919085 1.194580 -0.872214
v 3.906845 1.187770 -0.883104
v 3.916905 1.149820 -0.886174
v 3.930075 1.122000 -0.878764
v 3.324525 1.311420 -1.162784
v 3.364965 1.389380 -1.109644
v 3.336045 1.343630 -1.127684
v 3.654715 1.318580 -0.956864
v 3.673355 1.321520 -0.958034
v 3.699355 1.290770 -1.028784
v 3.684385 1.298340 -1.031984
v 3.253295 1.534550 -1.037504
v 3.257655 1.537000 -1.051484
v 3.310335 1.554600 -0.995554
v 3.538375 1.693560 -0.836774
v 3.519345 1.692970 -0.827534
v 3.509515 1.744560 -0.869924
v 3.607585 1.418090 -0.792774
v 3.585725 1.399020 -0.789994
v 3.450545 1.451160 -0.802744
v 3.394915 1.443560 -0.826024
v 3.429525 1.446340 -0.829504
v 3.457235 1.445490 -0.817504
v 3.570405 0.685790 -0.741464
v 3.545285 0.687890 -0.759404
v 3.545525 0.614740 -0.762084
v 3.571795 0.612930 -0.744634
v 3.352495 1.189070 -1.001814
v 3.360505 1.189380 -1.020694
v 3.343945 1.153820 -1.039184
v 3.333245 1.151230 -1.025154
v 3.312955 1.086930 -1.055774
v 3.321495 1.086110 -1.065244
v 3.295855 1.282450 -0.594874
v 3.278845 1.282770 -0.606334
v 3.257545 1.247210 -0.593604
v 3.269265 1.244620 -0.580424
v 3.235345 1.180320 -0.566354
v 3.227675 1.179500 -0.576534
v 3.700165 1.672320 -0.854134
v 3.709745 1.667240 -0.840284
v 3.831385 1.745160 -0.905134
v 3.829495 1.754870 -0.915414
v 3.527675 1.576130 -0.746524
v 3.588245 1.304980 -0.818154
v 3.582955 1.291750 -0.801344
v 3.578085 1.319290 -0.842634
v 3.589565 1.556120 -0.503264
v 3.619905 1.541430 -0.415914
v 3.636565 1.549470 -0.417294
v 3.656335 1.516540 -0.312274
v 3.655905 1.502080 -0.271484
v 3.597305 0.615070 -0.815784
v 3.593795 0.688200 -0.812254
v 3.604715 0.687930 -0.802784
v 3.608645 0.614780 -0.806514
v 3.588275 0.756530 -0.802454
v 3.558965 1.031480 -0.284494
v 3.559095 1.072330 -0.318804
v 3.576925 1.072630 -0.315124
v 3.571725 1.033320 -0.280494
v 3.823865 1.311330 -0.578554
v 3.836305 1.275840 -0.568114
v 3.834265 1.282140 -0.552974
v 3.820585 1.315290 -0.561534
v 3.865605 1.194260 -0.988374
v 3.893555 1.145090 -1.025024
v 3.879265 1.196070 -0.977174
v 3.492905 1.079810 -1.144614
v 3.480305 1.069700 -1.133204
v 3.481415 1.020170 -1.154104
v 3.757365 1.490700 -0.830354
v 3.767675 1.493960 -0.815044
v 3.797905 1.496070 -0.845604
v 3.867925 1.492900 -0.857834
v 3.861985 1.494310 -0.868154
v 3.452545 1.345810 -0.463524
v 3.461675 1.371480 -0.489794
v 3.464125 1.350010 -0.454394
v 3.540935 1.452980 -0.759794
v 3.540715 1.459100 -0.771834
v 3.550685 1.463750 -0.761684
v 3.550135 1.433740 -0.761284
v 3.718595 1.566630 -0.711234
v 3.765885 1.587490 -0.702124
v 3.808085 1.593570 -0.710614
v 3.873865 1.599440 -0.693624
v 3.873075 1.598610 -0.681724
v 3.400485 1.448850 -0.520854
v 3.381785 1.449180 -0.524524
v 3.383165 1.414050 -0.499074
v 3.359505 1.354900 -0.474954
v 3.349175 1.354130 -0.480934
v 3.555065 1.773930 -0.940824
v 3.572565 1.778820 -0.946584
v 3.551235 1.784450 -0.983964
v 3.546675 1.789440 -1.051744
v 3.558215 1.788540 -1.054734
v 3.302185 1.362940 -0.885804
v 3.302215 1.363270 -0.904864
v 3.277495 1.328140 -0.898654
v 3.249315 1.268990 -0.917284
v 3.253205 1.268230 -0.928554
v 3.413795 1.508510 -0.780564
v 3.365635 1.528490 -0.780204
v 3.325935 1.534120 -0.763584
v 3.256545 1.538220 -0.779144
v 3.258105 1.539110 -0.767324
v 3.430135 1.528680 -0.625944
v 3.414555 1.532130 -0.635834
v 3.399145 1.534640 -0.595704
v 3.339925 1.532300 -0.556364
v 3.349515 1.533650 -0.549304
v 3.510735 1.390250 -0.744474
v 3.508595 1.395260 -0.760854
v 3.632435 1.638620 -0.582634
v 3.616955 1.642070 -0.572604
v 3.646975 1.644580 -0.541844
v 3.668395 1.643590 -0.477374
v 3.657965 1.642240 -0.471614
v 3.567595 1.684490 -0.691364
v 3.609625 1.635040 -0.816054
v 3.577925 1.587030 -0.796644
v 3.594025 1.634520 -0.830264
v 3.540845 1.374480 -0.527894
v 3.536435 1.374840 -0.477494
v 3.519565 1.367180 -0.484024
v 3.503885 1.374450 -0.533524
v 3.590545 1.386660 -0.751834
v 3.586045 1.463200 -0.738804
v 3.734845 1.217980 -0.352614
v 3.722625 1.255560 -0.381704
v 3.739235 1.255850 -0.385044
v 3.747285 1.219690 -0.353834
v 4.013555 1.124870 -0.602544
v 4.015775 1.127790 -0.587884
v 3.986855 1.166470 -0.595044
v 3.982015 1.165720 -0.613964
v 3.338985 0.990340 -0.496974
v 3.361285 1.033230 -0.503814
v 3.351385 0.988010 -0.488494
v 3.741505 1.367720 -1.058844
v 3.751995 1.322500 -1.099924
v 3.757295 1.369390 -1.054234
v 3.566545 1.687400 -0.724434
v 3.554085 1.620560 -0.745854
v 3.751245 1.797220 -0.583514
v 3.809605 1.837280 -0.537534
v 3.349305 1.712530 -0.831774
v 3.281425 1.737190 -0.842284
v 3.540205 1.517390 -0.987014
v 3.523205 1.536040 -1.052814
v 3.601775 1.206150 -0.773774
v 3.627745 1.216570 -0.775404
v 3.547405 1.512820 -0.705884
v 3.673305 1.464860 -0.765664
v 3.368005 1.375620 -1.174384
v 3.378145 1.378220 -1.186384
v 3.421475 1.402710 -1.119174
v 3.407265 1.397410 -1.108184
v 3.570635 1.242180 -0.858634
v 3.587855 1.214450 -0.822574
v 3.567105 1.214890 -0.827504
v 3.553225 1.233580 -0.856474
v 3.523695 1.247290 -0.887144
v 3.489585 1.231830 -0.976624
v 3.540655 1.241580 -0.889334
v 3.480555 1.645460 -0.518374
v 3.463165 1.685530 -0.446134
v 3.614885 1.554440 -0.721644
v 3.588815 1.446710 -0.766264
v 3.590375 1.511890 -0.760214
v 3.583385 1.483410 -0.753754
v 3.584485 1.444700 -0.756304
v 3.890695 0.984380 -0.703304
v 3.878615 1.031050 -0.721484
v 3.897165 0.985520 -0.720204
v 3.550875 1.601200 -0.762324
v 3.551525 1.669250 -0.781884
v 3.565965 1.603210 -0.769754
v 3.581985 1.504930 -0.743894
v 3.584405 1.447120 -0.752434
v 3.574445 1.461070 -0.745214
v 3.239525 1.600610 -0.728404
v 3.234745 1.611280 -0.746634
v 3.534945 1.459600 -0.847384
v 3.558025 1.421100 -0.814874
v 3.549485 1.458000 -0.859264
v 3.426155 1.654170 -0.584204
v 3.392025 1.674400 -0.524684
v 3.600435 1.527690 -0.764434
v 3.632835 1.589500 -0.778674
v 3.607605 1.559150 -0.786464
v 3.579345 1.493040 -0.774524
v 3.578965 1.445690 -0.779394
v 3.582205 1.488270 -0.761684
v 3.613865 1.523990 -0.779404
v 3.655515 1.551470 -0.778834
v 3.603335 1.195170 -0.759774
v 3.596595 1.222480 -0.749804
v 3.801995 1.723740 -0.870514
v 3.865755 1.756600 -0.908454
v 3.142905 1.219310 -0.852544
v 3.428475 1.620200 -0.707324
v 3.484265 1.583660 -0.727204
v 3.445285 1.622670 -0.695954
v 3.545125 1.632220 -0.797204
v 3.588205 1.574090 -0.710854
v 3.719695 1.828190 -0.758284
v 3.776245 1.873940 -0.740274
v 3.684815 1.805010 -0.743864
v 3.686585 1.795350 -0.761274
v 3.604525 1.578320 -0.644714
v 3.641115 1.626990 -0.560124
v 3.632585 1.596370 -0.619324
v 3.620745 1.572520 -0.650734
v 3.565275 1.289380 -0.735064
v 3.560105 1.315390 -0.723484
v 3.569285 1.313890 -0.732094
v 3.574145 1.172060 -0.793124
v 3.550985 1.214640 -0.818784
v 3.574055 1.171560 -0.791024
v 3.769145 1.274230 -0.904474
v 3.756395 1.279660 -0.920944
v 3.801105 1.253110 -0.954304
v 3.548575 1.582140 -0.731654
v 3.547795 1.620560 -0.723094
v 3.475045 1.523440 -0.816954
v 3.511605 1.481060 -0.788564
v 3.470485 1.523860 -0.800634
v 3.700045 1.673910 -0.847284
v 3.600905 1.795630 -0.671394
v 3.621245 1.837350 -0.646914
v 3.865205 1.174650 -0.826474
v 3.864605 1.175720 -0.843314
v 3.573685 1.367100 -0.695334
v 3.590455 1.363030 -0.697684
v 3.578725 1.324270 -0.739714
v 3.785815 1.351740 -0.829474
v 3.754495 1.354310 -0.838154
v 3.780245 1.341880 -0.845954
v 3.771825 1.635640 -0.528034
v 3.734495 1.632270 -0.588564
v 3.779195 1.636370 -0.537404
v 3.569005 1.454670 -0.787944
v 3.569885 1.486620 -0.791804
v 3.576955 1.478910 -0.795924
v 3.558195 1.463490 -0.785564
v 3.626215 1.635310 -0.736034
v 3.659245 1.687490 -0.706694
v 3.616995 1.631210 -0.721874
v 3.491985 1.523620 -0.826894
v 3.545835 1.456280 -0.784254
v 3.420055 1.276660 -0.902744
v 3.456005 1.279730 -0.891394
v 3.478635 1.278800 -0.867614
v 3.557255 1.540040 -0.757484
v 3.548755 1.576740 -0.777614
v 3.573795 1.468770 -0.811714
v 3.566895 1.483550 -0.695694
v 3.547065 1.322850 -0.784044
v 3.484875 1.713960 -0.750604
v 3.516875 1.661860 -0.745984
v 3.328965 0.905950 -0.796834
v 3.322885 0.904890 -0.782344
v 3.328595 0.854370 -0.790064
v 3.285235 1.599570 -0.899134
v 3.288465 1.598410 -0.910594
v 3.471355 1.639830 -0.790254
v 3.516115 1.597450 -0.780894
v 3.476295 1.640360 -0.772304
v 3.882495 1.583360 -0.753844
v 3.884135 1.582290 -0.742034
v 3.562405 1.498200 -0.699374
v 3.576065 1.477530 -0.719954
v 3.580145 1.496560 -0.696814
v 3.730905 1.319480 -0.717084
v 3.672825 1.299860 -0.723964
v 3.669115 1.304100 -0.742314
v 3.608995 1.265020 -0.732304
v 3.585995 1.509470 -0.771504
v 3.579755 1.467000 -0.784124
v 3.558795 1.501210 -0.783744
v 3.589165 1.378340 -0.786004
v 3.520165 1.230090 -0.747904
v 3.576205 1.633050 -0.831724
v 3.588045 1.516370 -0.751904
v 3.573025 1.510710 -0.745464
v 3.364875 1.704630 -0.697154
v 3.330035 1.727750 -0.667014
v 3.295025 1.741400 -0.669614
v 3.811785 1.149320 -0.484494
v 3.798855 1.185950 -0.496254
v 3.814005 1.190140 -0.500114
v 3.831005 1.120470 -0.481214
v 3.542115 1.425950 -0.809144
v 3.567855 1.514390 -0.745874
v 3.548555 1.563410 -0.714264
v 3.557925 1.511520 -0.749784
v 3.572515 1.446740 -0.747684
v 3.570895 1.482780 -0.749364
v 3.560355 1.484810 -0.752344
v 3.499935 1.559910 -0.749904
v 3.541295 1.495640 -0.761414
v 3.555475 1.499690 -0.750174
v 3.568985 1.458050 -0.740014
v 3.493615 1.589460 -0.713034
v 3.565705 1.689690 -0.805614
v 3.528145 1.464150 -0.719704
v 3.912085 1.425200 -0.608844
v 3.927715 1.403260 -0.596934
v 3.878275 1.451340 -0.602824
v 3.885175 1.450210 -0.615484
v 3.580575 1.503120 -0.784724
v 3.567675 1.466340 -0.788324
v 3.385985 1.596240 -0.909204
v 3.331225 1.620810 -0.951874
v 3.537355 1.601870 -0.917304
v 3.410495 1.871520 -0.992154
v 3.455675 1.816040 -0.935224
v 3.648845 1.263950 -0.650714
v 3.653515 1.273640 -0.609004
v 3.568325 0.988950 -0.254354
v 3.558305 0.994130 -0.260134
v 3.684335 1.619640 -0.940674
v 3.719295 1.663830 -1.004324
v 3.678545 1.897090 -0.595364
v 3.665665 1.899500 -0.594614
v 3.590925 1.897100 -0.532634
v 3.579095 1.899500 -0.537784
v 3.563065 1.837350 -0.604504
v 3.680205 1.755710 -0.975794
v 3.656085 1.721800 -0.920374
v 3.351485 1.065740 -0.769744
v 3.332475 1.005090 -0.771904
v 3.587885 1.501220 -0.909744
v 3.570375 1.491850 -0.960184
v 3.274195 1.449180 -0.703814
v 3.274865 1.444270 -0.687904
v 3.226375 1.433880 -0.677714
v 3.176055 1.422080 -0.685584
v 3.548845 1.505300 -0.908954
v 3.551935 1.498080 -0.966414
v 3.441375 1.334290 -0.786184
v 3.438905 1.339970 -0.766704
v 3.344055 1.338280 -0.777404
v 3.544155 1.378090 -0.769494
v 3.547205 1.370150 -0.755424
v 3.902515 0.936930 -0.704044
v 3.908545 0.937780 -0.717584
v 3.918015 0.836890 -0.711844
v 3.562005 1.635080 -0.809224
v 3.553255 1.597190 -0.787694
v 3.738885 1.367020 -0.815414
v 3.728375 1.359060 -0.829764
v 3.733055 1.426760 -0.632654
v 3.723655 1.429050 -0.661174
v 3.742845 1.417610 -0.645544
v 3.496085 1.449680 -0.922364
v 3.497925 1.441290 -0.888934
v 3.459415 1.447660 -0.942214
v 3.477515 1.456900 -0.950944
v 3.758245 1.155990 -0.321934
v 3.743045 1.183630 -0.331744
v 3.272115 1.678510 -0.668534
v 3.196255 1.697560 -0.638064
v 3.547115 1.171410 -0.720694
v 3.555605 1.149500 -0.744884
v 3.568485 1.142430 -0.738504
v 3.561045 1.189150 -0.691124
v 3.374445 1.576350 -0.760014
v 3.377395 1.574310 -0.741154
v 3.538365 1.309470 -0.719514
v 3.554625 1.304390 -0.712704
v 3.465595 1.479720 -0.743154
v 3.504725 1.439370 -0.756234
v 3.457535 1.478660 -0.760004
v 3.376275 1.839020 -0.667064
v 3.377775 1.835550 -0.654694
v 3.558175 1.482150 -0.781964
v 3.554585 1.508320 -0.785554
v 3.591625 1.217680 -0.741184
v 3.874955 1.131010 -0.831354
v 3.875205 1.131800 -0.845184
v 3.885775 1.038660 -0.843704
v 3.582585 1.382830 -0.789294
v 3.506825 1.335580 -0.378764
v 3.501725 1.356690 -0.424464
v 3.613735 1.542000 -0.378924
v 3.480055 1.639810 -0.809484
v 3.520745 1.598860 -0.798244
v 3.642045 1.448850 -0.806194
v 3.592805 1.368350 -0.772464
v 3.225715 1.436660 -0.659774
v 3.281435 1.448910 -0.672724
v 3.547945 1.606120 -0.531724
v 3.548665 1.618250 -0.463204
v 3.574755 0.540460 -0.758384
v 3.653125 1.643000 -0.835754
v 3.614075 1.602540 -0.808994
v 3.636255 1.643890 -0.843774
v 3.661875 1.642860 -0.816524
v 3.624195 1.603800 -0.794164
v 3.522085 1.630420 -0.663534
v 3.540765 1.631470 -0.663824
v 3.485135 1.660260 -0.632384
v 3.377785 1.404930 -1.062754
v 3.355745 1.378070 -1.097024
v 3.391435 1.421040 -1.074474
v 3.385445 1.370060 -0.676154
v 3.423995 1.373110 -0.675404
v 3.397765 1.366390 -0.659204
v 3.698175 1.440830 -0.661224
v 3.703815 1.433420 -0.676774
v 3.541005 0.687860 -0.801234
v 3.547555 0.756270 -0.793864
v 3.544615 0.756310 -0.782704
v 3.442355 1.376010 -0.708044
v 3.451655 1.372190 -0.693094
v 3.579845 1.338820 -0.779174
v 3.586355 1.336780 -0.769404
v 3.549075 1.487510 -0.773704
v 3.535295 1.515780 -0.786434
v 3.558295 1.389960 -0.739454
v 3.533085 1.437790 -0.640514
v 3.577975 1.610760 -0.877174
v 3.560855 1.613150 -0.869834
v 3.566215 1.439900 -0.749714
v 3.574665 1.315240 -0.775884
v 3.577125 1.361720 -0.781214
v 3.563075 1.316720 -0.775974
v 3.571235 1.391470 -0.739074
v 3.581895 1.390610 -0.743174
v 3.602055 1.470630 -0.742454
v 3.581095 1.361660 -0.751614
v 3.585885 1.363880 -0.760494
v 3.610375 1.320130 -0.832154
v 3.521035 1.533200 -0.767784
v 3.483075 1.562310 -0.785044
v 3.573605 1.388040 -0.743954
v 3.569285 1.414910 -0.741194
v 3.471315 1.368230 -0.727494
v 3.503135 1.351160 -0.747744
v 3.531325 1.581890 -0.869294
v 3.542305 1.554930 -0.823244
v 3.517695 1.583390 -0.856594
v 3.574635 1.456180 -0.736834
v 3.581085 1.478170 -0.735924
v 3.594985 1.498260 -0.702764
v 3.551585 1.406800 -0.742004
v 3.558905 1.356200 -0.751904
v 3.792005 1.312450 -0.661584
v 3.792725 1.305190 -0.678524
v 3.605715 1.366960 -0.702744
v 3.552395 1.582600 -0.870594
v 3.559785 1.556280 -0.827354
v 3.595235 1.562160 -0.797634
v 3.569525 1.329280 -0.748194
v 3.560585 1.394710 -0.756134
v 3.679765 1.535720 -0.739974
v 3.675075 1.536530 -0.758114
v 3.579605 1.563160 -0.771354
v 3.570525 1.563990 -0.756894
v 3.563415 1.542490 -0.771484
v 3.551155 1.563060 -0.756864
v 3.546525 1.539230 -0.769604
v 3.550315 1.369610 -0.757404
v 3.544655 1.417620 -0.760454
v 3.488095 1.437560 -0.618574
v 3.600455 0.687890 -0.751374
v 3.600185 1.632350 -0.920134
v 3.601055 1.555410 -0.710174
v 3.585105 1.508920 -0.749654
v 3.563765 1.494880 -0.747224
v 3.582855 1.457550 -0.746194
v 3.559885 1.403900 -1.218254
v 3.543575 1.364320 -1.301714
v 3.563455 1.383170 -1.259664
v 3.574735 1.403250 -1.220894
v 3.441475 1.212570 -0.621744
v 3.413745 1.196940 -0.612824
v 3.441505 1.229490 -0.652164
v 3.457565 1.225830 -0.643454
v 3.153525 1.596530 -0.731564
v 3.591195 1.215690 -0.783874
v 3.410335 1.443570 -0.859464
v 3.403675 1.440160 -0.841174
v 3.446985 1.529480 -0.621994
v 3.463665 1.526060 -0.611964
v 3.536205 1.415780 -0.771284
v 3.462825 1.478470 -0.780444
v 3.574755 1.442140 -0.750974
v 3.552745 1.480670 -0.762074
v 3.556735 1.442310 -0.760824
v 3.537825 1.218890 -0.521424
v 3.555635 1.211800 -0.524004
v 3.537725 1.203940 -0.486104
v 3.090275 1.132470 -0.878354
v 3.112615 1.188600 -0.873464
v 3.609225 0.541550 -0.795044
v 3.595085 0.541820 -0.810804
v 3.582385 0.540850 -0.815254
v 3.546575 1.459050 -0.746474
v 3.466855 1.532620 -0.733354
v 3.157705 1.589380 -0.719144
v 3.068925 1.550480 -0.704344
v 3.112835 1.579880 -0.721414
v 3.512565 1.317710 -0.349244
v 3.535315 1.290910 -0.322094
v 3.672475 1.570430 -0.842964
v 3.658125 1.561540 -0.857114
v 3.692205 1.509620 -0.686754
v 3.594615 1.491520 -0.776614
v 3.738925 1.287380 -0.881454
v 3.577355 1.488130 -0.765954
v 3.569855 1.445730 -0.783414
v 3.467245 1.018570 -1.155794
v 3.475405 0.963720 -1.170494
v 3.449375 1.276670 -0.929374
v 3.435095 1.273000 -0.914044
v 3.631625 1.390450 -0.545544
v 3.645935 1.383860 -0.554224
v 3.644235 1.376690 -0.515594
v 3.655545 1.689210 -0.687944
v 3.515975 1.546070 -0.807854
v 3.573235 1.218910 -0.521224
v 3.776335 1.874640 -0.751834
v 3.719065 1.836700 -0.773114
v 3.777375 1.882930 -0.761534
v 3.592125 1.200140 -0.806154
v 3.657655 1.458110 -0.897864
v 3.657165 1.456030 -0.933874
v 3.584765 1.149430 -0.740634
v 3.578255 1.193380 -0.689704
v 3.678665 1.306920 -0.995944
v 3.714565 1.295350 -1.024194
v 3.670175 1.635000 -0.818574
v 3.651485 1.629090 -0.565044
v 3.660795 1.637170 -0.567914
v 3.645725 1.605380 -0.626004
v 3.551395 1.486090 -0.811634
v 3.627305 1.460200 -0.881284
v 3.640905 1.457460 -0.872844
v 3.595835 1.316610 -0.842354
v 3.662015 1.390470 -0.558254
v 3.572825 1.448640 -0.717284
v 3.555955 1.795630 -0.635524
v 3.550625 1.744310 -0.668194
v 3.562695 1.556600 -0.768134
v 3.583015 1.598280 -0.767184
v 3.578615 1.553810 -0.764164
v 3.744015 1.132950 -0.472784
v 3.733615 1.137210 -0.457324
v 3.889865 1.226340 -0.878244
v 3.903065 1.230600 -0.865094
v 3.536305 1.234520 -0.711764
v 3.426065 1.190600 -0.599884
v 3.440105 1.197220 -0.589894
v 3.757185 1.169280 -1.146924
v 3.612595 1.548350 -0.455804
v 3.603495 1.547660 -0.507504
v 3.627715 1.556490 -0.462374
v 3.581065 1.434070 -0.788574
v 3.608595 1.468260 -0.794164
v 3.581405 1.744310 -0.698134
v 3.550845 0.756290 -0.761654
v 3.545575 0.756260 -0.770704
v 3.944495 1.400190 -0.750624
v 3.934645 1.392470 -0.765504
v 3.540735 1.207200 -0.753674
v 3.606525 1.486160 -0.728394
v 3.624435 1.547850 -0.686044
v 3.619685 1.249130 -0.778844
v 3.769585 1.223520 -0.499434
v 3.474905 1.687250 -0.445434
v 3.454815 1.712630 -0.388074
v 3.815145 1.839010 -0.547904
v 3.858885 1.864390 -0.505674
v 3.585165 1.487160 -0.755804
v 3.577585 1.455840 -0.749044
v 3.588675 1.459270 -0.756044
v 3.475075 1.215870 -0.756684
v 3.475375 1.207700 -0.774274
v 3.501555 1.220640 -0.754174
v 3.549195 0.541540 -0.779294
v 3.571835 1.309470 -0.708924
v 3.556455 1.343410 -0.650724
v 3.608385 1.402940 -0.756754
v 3.633445 1.414360 -0.748654
v 3.816325 1.124250 -0.732984
v 3.810005 1.122910 -0.716704
v 3.281315 1.739520 -0.830624
v 3.224065 1.754350 -0.845734
v 3.675725 1.219470 -0.764654
v 3.677275 1.212060 -0.746474
v 3.646085 1.217150 -0.753604
v 3.644465 1.221820 -0.771954
v 3.590325 1.442900 -0.828554
v 3.503485 1.548930 -1.107044
v 3.512465 1.538740 -1.048144
v 3.377405 1.104840 -0.784194
v 3.844985 1.275690 -0.579644
v 3.852705 1.211710 -0.565954
v 3.843805 1.240930 -0.562024
v 3.864765 1.510310 -1.041034
v 3.852385 1.528210 -1.019244
v 3.792065 1.302090 -0.808824
v 3.800455 1.303580 -0.794164
v 3.913845 1.780720 -0.943774
v 3.858115 1.758040 -0.917384
v 3.568995 1.566810 -0.658994
v 3.345345 0.946100 -0.479404
v 3.334955 0.913690 -0.479954
v 3.607355 1.551830 -0.410234
v 3.597955 1.557100 -0.453974
v 3.569705 1.454870 -0.746204
v 4.051245 1.057940 -0.581904
v 4.039725 1.083770 -0.580304
v 4.035855 1.087520 -0.593914
v 3.671415 1.219620 -0.730924
v 3.402865 1.676330 -0.520334
v 3.368055 1.690130 -0.471344
v 3.556165 1.485520 -0.773694
v 3.555925 1.444940 -0.758254
v 3.634515 1.536310 -0.744734
v 3.537035 1.241980 -0.854454
v 3.701425 1.314570 -0.618234
v 3.391785 1.581030 -0.727634
v 3.338415 1.597710 -0.723364
v 3.409355 1.557450 -0.743194
v 3.638115 1.547690 -0.838594
v 3.887235 1.144740 -1.036194
v 3.836955 1.223720 -0.983294
v 3.288215 1.322670 -0.788884
v 3.237325 1.298650 -0.802634
v 3.137095 1.221410 -0.840714
v 3.758155 1.333860 -0.818934
v 3.819325 1.269530 -0.830144
v 3.505415 1.706630 -0.721764
v 3.544725 1.635100 -0.745344
v 3.425775 1.808750 -0.670984
v 3.560115 1.367070 -0.802744
v 3.551455 1.373250 -0.788014
v 3.444855 1.318840 -0.442574
v 3.431085 1.297160 -0.431244
v 3.438915 1.349280 -0.469824
v 3.478965 1.215850 -0.791474
v 3.553185 1.458240 -0.766084
v 3.559515 1.455250 -0.778124
v 3.516195 1.464690 -0.733124
v 3.580715 1.442870 -0.766964
v 4.040355 1.256800 -0.741134
v 4.031655 1.281380 -0.740054
v 4.023445 1.283050 -0.750824
v 3.578375 1.607720 -0.768574
v 3.572015 1.610620 -0.749964
v 3.725055 1.479370 -0.781124
v 3.790425 1.475030 -0.784934
v 3.820995 1.466930 -0.785404
v 3.891075 1.427740 -0.783904
v 3.540985 1.210600 -0.667074
v 3.543475 1.193530 -0.695844
v 3.723775 1.516980 -0.687764
v 3.501375 1.372280 -0.482834
v 3.550245 1.385480 -0.775514
v 3.658325 1.303970 -0.712464
v 3.639835 1.282540 -0.738524
v 3.632795 1.287020 -0.727184
v 3.582315 1.201230 -0.737914
v 3.656095 1.325880 -0.615574
v 3.742455 1.322190 -1.107224
v 3.718915 1.394870 -1.044364
v 3.203525 1.700840 -0.628654
v 3.137005 1.712060 -0.609394
v 3.554645 1.628670 -0.403224
v 3.464175 1.112380 -1.102254
v 3.476265 1.198320 -1.028174
v 3.386875 1.398610 -1.107654
v 3.344155 1.364120 -1.192304
v 3.565485 1.573210 -0.752154
v 3.593245 1.406220 -0.735864
v 3.577025 1.442870 -0.774024
v 3.284035 1.605210 -0.718974
v 3.158995 1.596400 -0.709614
v 3.116405 1.577690 -0.705334
v 3.555805 1.443010 -0.771364
v 3.477845 1.556380 -0.850874
v 3.581915 1.382820 -0.670064
v 3.340675 1.376860 -1.094304
v 3.385415 1.423840 -1.021134
v 3.324185 1.344360 -1.123474
v 3.309715 1.302630 -1.152864
v 3.774285 1.089290 -1.202394
v 3.691525 1.358200 -0.835574
v 3.724915 1.358910 -0.847814
v 3.771305 1.343690 -0.861784
v 3.361875 1.447320 -0.691564
v 3.414705 1.434240 -0.704504
v 3.517645 1.395050 -0.729534
v 3.561145 1.244880 -0.891404
v 3.714695 1.682200 -1.029704
v 3.707865 1.664990 -1.007594
v 3.742565 1.693590 -1.057524
v 3.293115 1.555740 -0.987634
v 3.226525 1.523970 -1.043954
v 3.541225 1.072880 -0.310374
v 3.538625 1.117250 -0.354924
v 3.621205 1.331600 -0.809944
v 3.550865 1.453330 -0.759664
v 3.565275 1.460750 -0.739684
v 3.606555 1.408620 -0.761184
v 3.502345 1.437760 -0.854644
v 3.448535 1.451800 -0.925714
v 3.894445 1.457870 -0.624594
v 3.798485 1.312240 -0.693564
v 3.764905 1.320000 -0.707104
v 3.549245 1.687400 -0.698364
v 3.812165 1.124480 -0.698694
v 3.656665 1.759220 -0.780194
v 3.564205 0.929850 -0.229414
v 3.551595 0.964420 -0.242234
v 3.663565 1.468730 -0.780104
v 3.611675 1.537710 -0.749184
v 3.549145 1.486360 -0.752164
v 3.715915 1.433270 -0.688864
v 3.750445 1.419280 -0.660664
v 3.689405 1.432630 -0.708034
v 3.548705 1.502860 -0.860984
v 3.676275 1.258350 -0.565624
v 3.691395 1.248490 -0.574234
v 3.588815 1.269000 -0.743934
v 3.589725 1.313880 -0.746434
v 3.605795 1.323480 -0.731734
v 3.572855 1.226620 -0.557834
v 3.724285 1.220530 -0.343114
v 3.692155 1.296930 -0.404814
v 3.576985 1.429200 -0.754304
v 3.589165 1.433630 -0.761774
v 4.019465 1.126560 -0.612954
v 3.988455 1.165840 -0.629024
v 3.478075 1.334950 -0.800394
v 3.443835 1.337550 -0.805444
v 3.596725 0.756330 -0.795084
v 3.587555 1.511690 -0.767674
v 3.609085 1.600390 -0.750434
v 3.759355 1.124330 -0.307374
v 3.734465 1.180030 -0.321624
v 3.112655 1.181160 -0.856004
v 3.516805 1.537890 -0.658834
v 3.503605 1.584320 -0.608314
v 3.638765 1.689640 -0.675124
v 3.679155 1.736070 -0.642024
v 3.506165 1.443960 -0.739444
v 3.526665 1.418880 -0.739284
v 3.552245 1.380010 -0.745994
v 3.665245 1.311620 -1.002964
v 3.561205 1.486400 -0.790424
v 3.546505 1.536540 -0.806714
v 3.648535 1.397570 -0.589124
v 3.297345 1.238740 -1.187674
v 3.535685 1.400690 -0.730524
v 3.433395 1.672470 -0.817514
v 3.453765 1.556250 -0.855914
v 3.415785 1.442890 -0.973924
v 3.775595 1.279440 -0.885554
v 3.625305 1.518920 -0.826494
v 3.644925 1.561810 -0.865814
v 3.823425 1.902350 -0.744534
v 3.570665 1.457700 -0.859384
v 3.559965 1.485350 -0.904974
v 3.893115 0.984690 -0.683804
v 3.910945 0.888000 -0.695404
v 3.905435 0.936130 -0.688124
v 3.566385 1.314570 -0.781404
v 3.580765 1.312030 -0.773394
v 3.463775 1.064840 -1.136744
v 3.539565 1.504520 -0.776694
v 3.640155 1.574270 -0.718674
v 3.651675 1.587670 -0.702704
v 3.613815 1.548520 -0.545604
v 3.598735 1.520360 -0.660814
v 3.611675 0.687860 -0.790444
v 3.101845 1.373040 -0.647924
v 3.522785 1.369240 -0.819854
v 3.452375 1.411610 -0.975734
v 3.442295 1.187320 -0.795074
v 3.400955 1.142940 -0.799194
v 3.576955 1.610300 -0.786594
v 3.624425 1.705200 -0.781604
v 3.574575 1.565700 -0.785954
v 3.553285 1.319010 -0.770764
v 3.554905 1.301220 -0.766504
v 3.570995 1.297160 -0.769744
v 3.547805 1.269130 -0.277474
v 3.423485 1.618700 -0.727184
v 3.476385 1.583520 -0.743244
v 3.589675 1.328150 -0.868954
v 3.646635 1.288950 -0.841844
v 3.574485 1.558560 -0.791364
v 3.573455 1.510540 -0.784164
v 3.615875 0.614710 -0.794124
v 3.829945 1.297220 -0.682434
v 3.945655 1.210200 -0.644034
v 3.676175 1.635410 -0.798334
v 3.721575 1.673560 -0.824194
v 3.874375 1.174940 -0.810664
v 3.885305 1.085950 -0.826914
v 3.883255 1.130250 -0.818754
v 3.300715 1.024110 -1.077904
v 3.211275 1.117510 -0.558554
v 3.368385 1.646260 -0.705894
v 3.608585 1.454870 -0.856164
v 3.573085 1.540730 -0.782334
v 3.548155 1.410930 -1.220504
v 3.558105 1.451430 -0.780664
v 3.569015 1.449640 -0.780214
v 3.675015 1.561100 -0.776114
v 3.493785 1.594460 -0.698264
v 3.469565 1.621290 -0.657564
v 3.594475 1.460090 -0.781644
v 3.586765 1.514720 -0.784534
v 3.588595 1.489580 -0.768514
v 3.459325 1.602610 -1.123274
v 3.557085 1.459240 -0.778724
v 3.569255 1.455770 -0.783694
v 3.335395 0.799670 -0.806464
v 3.330925 0.855550 -0.811444
v 3.705975 1.369270 -0.809454
v 3.661115 1.390970 -0.801354
v 3.631995 1.393140 -0.796294
v 3.934635 1.596250 -0.678354
v 3.863295 1.703530 -0.992544
v 3.644065 1.286970 -0.753674
v 3.821675 1.634370 -0.489954
v 3.561025 1.500720 -0.743564
v 3.553035 1.539510 -0.706284
v 3.562255 1.473510 -0.748394
v 3.195385 1.535360 -0.770364
v 3.403155 1.687120 -0.429694
v 3.542055 1.785680 -1.114394
v 3.483845 1.695550 -0.441924
v 3.341435 1.296710 -0.459254
v 3.230445 1.210810 -0.932014
v 3.822075 1.847300 -0.554554
v 3.947505 1.576590 -0.751774
v 3.837945 1.556610 -0.989994
v 3.363535 1.227810 -0.961754
v 3.335735 1.189230 -0.993564
v 3.306155 1.111770 -1.040774
v 3.317505 1.153730 -1.017654
v 3.337275 1.321190 -0.598064
v 3.300745 1.282620 -0.576844
v 3.248755 1.205160 -0.556814
v 3.273625 1.247120 -0.563544
v 3.558835 1.539210 -0.775614
v 3.582385 1.457690 -0.739154
v 3.561725 1.429690 -0.752784
v 3.695695 1.779020 -1.025124
v 3.669225 1.757060 -0.979484
v 3.660725 1.764000 -0.984454
v 3.226765 1.593700 -0.927134
v 3.577715 1.321140 -0.773404
v 3.583485 1.317040 -0.756604
v 3.777535 1.394920 -0.639194
v 3.818525 1.343150 -0.606394
v 3.552615 1.538810 -0.737994
v 3.533755 1.575280 -0.760704
v 3.514665 1.601930 -0.764104
v 3.586435 1.581450 -0.808454
v 3.602385 1.607100 -0.821134
v 3.685775 1.901690 -0.604544
v 3.601525 1.901690 -0.537564
v 3.549225 1.694280 -0.802134
v 3.547955 1.730040 -0.842854
v 3.595965 1.558120 -0.737384
v 3.603275 1.578940 -0.718334
v 3.614735 1.607640 -0.679184
v 3.554675 1.565080 -0.808984
v 3.555625 1.585360 -0.829374
v 3.460365 1.653780 -0.697224
v 3.330005 1.737540 -0.656234
v 3.239895 1.768220 -0.642434
v 3.300965 1.742190 -0.659204
v 3.302825 1.749130 -0.649414
v 3.569765 1.570690 -0.717574
v 3.561085 1.595720 -0.699134
v 3.564835 1.346950 -0.768534
v 3.556315 1.350820 -0.755814
v 3.510455 1.497700 -0.682364
v 3.541235 1.469000 -0.709134
v 3.555505 1.448190 -0.723774
v 3.358105 0.990010 -0.473964
v 3.910935 1.097140 -1.054744
v 3.545305 1.361730 -0.585704
v 3.494185 0.885830 -1.180074
v 3.492875 0.974030 -1.176224
v 3.688945 1.635880 -0.416874
v 3.549825 1.552710 -0.737344
v 3.535135 1.578810 -0.729394
v 3.502255 1.617940 -0.715904
v 3.303145 1.525950 -0.505364
v 3.542885 1.760360 -0.891774
v 3.539035 1.780640 -0.940204
v 3.922235 1.486080 -0.889814
v 3.598295 1.637830 -1.139994
v 3.548565 1.564920 -0.664244
v 3.548245 1.584430 -0.616894
v 3.511505 1.690600 -0.810994
v 3.386905 1.839100 -0.648504
v 3.612085 1.329500 -0.912924
v 3.283225 1.638190 -0.984844
v 3.325275 1.623130 -0.942844
v 3.317875 1.630570 -0.936894
v 3.594975 1.313660 -0.767374
v 3.330535 0.955990 -0.793414
v 3.324075 0.955980 -0.775334
v 3.787525 1.189360 -0.486214
v 3.813265 1.120280 -0.471324
v 3.278415 1.746970 -0.821384
v 3.625715 1.673070 -0.852654
v 3.807125 1.317210 -0.873154
v 3.861595 1.260940 -0.890154
v 3.723215 1.223820 -0.553034
v 3.750295 1.167550 -0.502804
v 3.765415 1.094230 -0.464784
v 3.767335 1.024710 -0.447804
v 3.901795 1.187620 -0.897734
v 3.918845 1.118100 -0.896384
v 3.747665 1.240970 -1.085924
v 3.762955 1.207720 -1.116434
v 3.772535 1.171030 -1.146944
v 3.810345 1.600930 -0.725114
v 3.747955 1.708210 -0.926754
v 3.670625 1.535640 -0.720964
v 3.552115 1.453960 -0.772464
v 3.477425 1.693210 -0.539914
v 3.536755 1.791780 -0.981564
v 3.325825 1.398610 -0.855684
v 3.290845 1.363120 -0.872634
v 3.266725 1.330460 -0.886494
v 3.326555 1.541460 -0.748934
v 3.434565 1.484520 -0.538314
v 3.411255 1.449030 -0.507204
v 3.393045 1.416370 -0.486174
v 3.502875 1.546040 -1.047084
v 3.595585 1.462540 -0.744794
v 3.631935 1.630870 -0.633104
v 3.647825 1.645120 -0.587174
v 3.475775 1.520930 -0.647494
v 3.440685 1.535180 -0.613864
v 3.205865 1.708470 -0.619344
v 3.556785 1.202410 -0.741634
v 3.572235 1.314330 -0.745224
v 3.592565 1.460180 -0.768044
v 3.854475 1.765020 -0.926424
v 3.756195 1.278070 -1.131994
v 3.648525 1.561960 -0.871264
v 3.328845 1.345460 -1.236344
v 3.570815 1.489200 -0.782914
v 3.544575 1.034220 -0.279544
v 3.545635 0.990220 -0.253724
v 3.706925 1.483700 -0.828974
v 3.400115 1.262690 -0.924364
v 3.380965 1.356080 -0.626824
v 3.405995 1.370050 -0.642284
v 3.098145 1.373830 -0.667764
v 3.432495 1.266550 -0.404894
v 3.454505 1.397490 -0.526394
v 3.475955 1.426730 -0.585644
v 3.410085 1.541810 -0.585924
v 3.660425 1.651740 -0.547694
v 3.336875 0.871630 -0.465044
v 3.752575 1.497180 -0.845664
v 3.791825 1.503210 -0.858954
v 3.571835 1.654970 -1.008594
v 3.575715 1.397830 -0.794254
v 3.371245 1.909320 -1.033854
v 3.402985 1.872650 -0.982904
v 3.385335 1.893590 -0.997634
v 3.197405 1.506990 -1.076124
v 3.555495 1.503860 -0.756354
v 3.554735 1.460390 -0.753544
v 3.583655 1.690850 -0.806344
v 3.972165 1.352650 -0.776644
v 3.410495 1.682560 -0.514154
v 3.854695 1.175590 -0.552004
v 3.895825 1.491590 -1.054744
v 3.532115 1.636100 -0.784184
v 3.569145 0.964080 -0.243914
v 3.463945 1.449050 -0.832474
v 3.483705 1.534950 -0.669464
v 3.461225 1.516620 -0.578384
v 3.370245 1.430710 -0.837164
v 3.580135 1.463630 -0.782524
v 3.529895 1.538620 -0.745994
v 3.549795 1.512520 -0.758794
v 3.576035 1.509880 -0.742154
v 3.584185 1.464050 -0.770474
v 3.501845 1.485380 -0.776294
v 3.518455 1.458600 -0.765054
v 3.485585 1.238640 -0.706424
v 3.326195 0.906670 -0.811764
v 3.571025 1.574630 -0.705604
v 3.960015 1.377500 -0.598264
v 3.518885 1.560800 -0.732244
v 3.348365 0.913310 -0.464734
v 3.569815 1.627910 -0.463284
v 3.938565 1.407310 -0.612094
v 3.559585 1.455130 -0.750354
v 3.877915 1.516600 -1.027444
v 3.844905 1.215330 -0.547974
v 3.744635 1.638330 -0.599244
v 3.789295 1.640280 -0.542714
v 3.685345 1.612550 -0.666894
v 3.532995 1.482040 -0.703554
v 3.465255 1.613960 -1.061024
v 3.483585 1.408780 -0.915754
v 3.561045 1.590300 -0.803954
v 3.555025 1.561610 -0.790334
v 4.042955 1.082200 -0.601274
v 4.065515 1.023380 -0.589984
v 3.566885 1.437240 -0.792044
v 3.566425 1.335090 -0.786434
v 3.604905 1.633790 -0.708514
v 3.777475 1.131270 -1.172494
v 4.003465 1.316910 -0.767624
v 4.026705 1.276550 -0.758774
v 4.049255 1.222970 -0.747444
v 3.532745 1.540430 -0.797504
v 3.587285 1.498670 -0.757754
v 3.421485 1.590900 -0.815534
v 3.340775 1.606910 -0.855294
v 3.466315 1.572600 -0.795374
v 3.277885 1.603150 -0.890364
v 3.724165 1.577910 -0.775664
v 3.814045 1.591730 -0.771684
v 3.586765 1.462260 -0.779384
v 3.590465 1.503000 -0.776134
v 3.846255 1.087490 -0.726264
v 3.552125 1.460180 -0.768164
v 3.885715 1.586710 -0.764834
v 3.448415 1.297340 -0.421014
v 3.549135 1.558920 -0.762184
v 3.751005 1.290140 -0.866494
v 3.605045 1.431510 -0.778804
v 3.554745 1.506640 -0.785424
v 3.057235 1.344590 -0.654054
v 3.688445 1.455950 -0.914354
v 3.579365 1.502540 -0.738764
v 3.580545 1.460450 -0.738024
v 3.564415 1.311890 -0.751154
v 3.491545 1.282620 -0.879594
v 3.568875 1.511880 -0.792944
v 3.588475 1.385520 -0.773774
v 3.588585 1.315330 -0.747734
v 3.237585 1.178190 -0.553584
v 3.300855 1.084800 -1.051134
v 3.808455 1.711500 -0.966024
v 3.879195 1.604220 -0.703624
v 3.572505 1.357220 -0.742134
v 3.366105 1.352940 -0.464784
v 3.440615 1.695600 -0.477894
v 3.240585 1.267030 -0.908864
v 3.254825 1.543840 -0.756464
v 3.535505 1.794160 -1.053674
v 3.591885 1.460610 -0.753834
v 3.556615 1.469420 -0.785354
v 3.557175 1.349460 -0.744404
v 3.560065 1.315220 -0.745404
v 3.560595 1.311430 -0.763534
v 3.904425 1.143270 -1.018284
v 3.561755 1.445720 -0.749884
v 3.563225 1.485590 -0.749914
v 3.355045 1.538020 -0.539364
v 3.558855 1.488780 -0.777644
v 3.553105 1.527500 -0.784684
v 3.679735 1.647960 -0.478244
v 3.582055 1.650390 -1.079944
v 3.860915 1.498630 -0.879484
v 3.352555 1.360690 -1.218114
v 3.593755 1.410180 -0.764614
v 3.527535 1.269050 -0.282884
v 3.539555 1.238170 -0.244654
v 3.763825 1.320800 -1.098104
v 3.570105 1.469280 -0.791344
v 3.559505 1.449200 -0.780854
v 3.551425 1.454060 -0.760234
v 3.541715 1.324740 -0.775474
v 3.560795 1.353150 -0.755664
v 3.224535 1.520870 -1.069174
v 3.665775 1.648660 -0.516994
v 3.590205 1.457000 -0.756834
v 3.571785 1.446490 -0.787324
v 3.560655 1.446570 -0.786124
v 3.584815 1.365440 -0.768864
v 3.580815 1.315010 -0.745704
v 3.833855 1.081480 -0.465964
v 3.638365 1.518590 -0.310084
v 3.695525 1.918890 -0.575344
v 3.597045 1.918890 -0.507114
v 3.572355 1.310820 -0.744254
v 3.357215 1.853100 -0.637024
v 3.763275 0.986020 -0.433494
v 3.932115 1.079410 -0.889664
v 3.572775 1.537460 -0.751604
v 3.581775 1.540230 -0.737424
v 3.663785 0.619930 -0.902424
v 3.643225 0.619930 -0.915004
v 3.644405 0.688070 -0.917334
v 3.665315 0.688070 -0.904534
v 3.573485 0.619930 -0.624514
v 3.549455 0.619930 -0.626424
v 3.550995 0.535810 -0.636134
v 3.573485 0.535810 -0.634354
v 3.508215 0.535810 -0.906254
v 3.488965 0.535810 -0.894464
v 3.483185 0.619930 -0.902424
v 3.503745 0.619930 -0.915004
v 3.710235 0.535810 -0.733704
v 3.715495 0.535810 -0.755644
v 3.725205 0.619930 -0.754114
v 3.719585 0.619930 -0.730664
v 3.421765 0.619930 -0.802174
v 3.427385 0.619930 -0.825614
v 3.436735 0.535810 -0.822574
v 3.431475 0.535810 -0.800634
v 3.524135 0.700460 -0.762104
v 3.531505 0.700390 -0.747634
v 3.573485 0.708430 -0.778144
v 3.614555 0.451100 -0.748304
v 3.573485 0.451100 -0.778144
v 3.621765 0.451100 -0.793824
v 3.451765 0.461230 -0.738594
v 3.459455 0.461230 -0.720044
v 3.445375 0.535810 -0.712864
v 3.436735 0.535810 -0.733704
v 3.666215 0.698690 -0.730894
v 3.711825 0.689450 -0.707654
v 3.697285 0.692760 -0.737914
v 3.672475 0.697030 -0.745974
v 3.663785 0.619930 -0.653854
v 3.643225 0.619930 -0.641274
v 3.638755 0.535810 -0.650034
v 3.658005 0.535810 -0.661814
v 3.638755 0.535810 -0.906254
v 3.617915 0.535810 -0.914894
v 3.620955 0.619930 -0.924244
v 3.666765 0.451080 -0.845914
v 3.609115 0.451080 -0.887794
v 3.595975 0.535810 -0.636134
v 3.617915 0.535810 -0.641384
v 3.620955 0.619930 -0.632034
v 3.597515 0.619930 -0.626424
v 3.537855 0.451080 -0.668484
v 3.510395 0.698150 -0.823984
v 3.489285 0.697710 -0.839314
v 3.480755 0.697410 -0.825384
v 3.504005 0.699580 -0.813544
v 3.549455 0.619930 -0.929854
v 3.573485 0.619930 -0.931764
v 3.573485 0.535810 -0.921934
v 3.550995 0.535810 -0.920154
v 3.676275 0.697480 -0.794424
v 3.702045 0.693060 -0.798504
v 3.697285 0.691980 -0.818364
v 3.672475 0.698600 -0.810304
v 3.725205 0.619930 -0.802174
v 3.727775 0.688070 -0.802574
v 3.729715 0.688070 -0.778144
v 3.727105 0.619930 -0.778144
v 3.434295 0.688070 -0.707214
v 3.436615 0.619930 -0.708404
v 3.449205 0.619930 -0.687844
v 3.447095 0.688070 -0.686314
v 3.468175 0.693810 -0.701624
v 3.496965 0.693840 -0.672824
v 3.499895 0.697550 -0.704554
v 3.489285 0.696320 -0.716964
v 3.491965 0.451080 -0.696624
v 3.482995 0.461230 -0.687644
v 3.469945 0.461230 -0.702914
v 3.480205 0.451080 -0.710374
v 3.689815 0.535810 -0.862654
v 3.675155 0.535810 -0.879804
v 3.682105 0.619930 -0.886754
v 3.697765 0.619930 -0.868434
v 3.688785 0.451080 -0.778144
v 3.701475 0.461230 -0.778144
v 3.699885 0.461230 -0.758124
v 3.687355 0.451080 -0.760104
v 3.643965 0.689470 -0.916474
v 3.621465 0.689570 -0.925814
v 3.613715 0.692730 -0.901944
v 3.632575 0.694580 -0.894114
v 3.541325 0.697580 -0.877124
v 3.533255 0.693780 -0.901944
v 3.514395 0.694670 -0.894114
v 3.526235 0.699160 -0.870874
v 3.593505 0.461230 -0.651734
v 3.591515 0.451080 -0.664274
v 3.609115 0.451080 -0.668484
v 3.613035 0.461230 -0.656414
v 3.695205 0.461230 -0.738594
v 3.445375 0.535810 -0.843414
v 3.436615 0.619930 -0.847874
v 3.491965 0.451080 -0.859664
v 3.482995 0.461230 -0.868634
v 3.498255 0.461230 -0.881684
v 3.505715 0.451080 -0.871414
v 3.710355 0.619930 -0.708404
v 3.701595 0.535810 -0.712864
v 3.419185 0.688070 -0.802574
v 3.424895 0.688070 -0.826414
v 3.480755 0.695810 -0.730894
v 3.457505 0.693770 -0.719044
v 3.677025 0.461230 -0.853364
v 3.631585 0.461230 -0.892164
v 3.613035 0.461230 -0.899864
v 3.515385 0.461230 -0.892164
v 3.521145 0.451080 -0.880864
v 3.625825 0.451080 -0.880864
v 3.664755 0.689160 -0.652524
v 3.649995 0.693880 -0.672824
v 3.632575 0.694440 -0.662164
v 3.643965 0.689490 -0.639804
v 3.573485 0.694680 -0.647964
v 3.597775 0.689420 -0.624794
v 3.593845 0.694230 -0.649574
v 3.471815 0.535810 -0.676474
v 3.488965 0.535810 -0.661814
v 3.483185 0.619930 -0.653854
v 3.464865 0.619930 -0.669524
v 3.505715 0.451080 -0.684864
v 3.498255 0.461230 -0.674594
v 3.464865 0.619930 -0.886754
v 3.471815 0.535810 -0.879804
v 3.502565 0.688070 -0.917334
v 3.525205 0.688070 -0.926724
v 3.526015 0.619930 -0.924244
v 3.417255 0.688070 -0.778144
v 3.419865 0.619930 -0.778144
v 3.421765 0.619930 -0.754114
v 3.419185 0.688070 -0.753704
v 3.424895 0.688070 -0.729864
v 3.427385 0.619930 -0.730664
v 3.675155 0.535810 -0.676474
v 3.689815 0.535810 -0.693624
v 3.697765 0.619930 -0.687844
v 3.682105 0.619930 -0.669524
v 3.648715 0.461230 -0.674594
v 3.641255 0.451080 -0.684864
v 3.655005 0.451080 -0.696624
v 3.663975 0.461230 -0.687644
v 3.721155 0.689340 -0.826124
v 3.726835 0.688780 -0.802424
v 3.683945 0.688070 -0.888604
v 3.699875 0.688070 -0.869974
v 3.429695 0.535810 -0.778144
v 3.447085 0.461230 -0.798164
v 3.445495 0.461230 -0.778144
v 3.543735 0.451100 -0.869694
v 3.477225 0.451100 -0.778144
v 3.478415 0.451100 -0.793194
v 3.715495 0.535810 -0.800634
v 3.710235 0.535810 -0.822574
v 3.719585 0.619930 -0.825614
v 3.717275 0.535810 -0.778144
v 3.512305 0.697080 -0.693934
v 3.514395 0.692630 -0.662164
v 3.526235 0.698510 -0.685414
v 3.526015 0.619930 -0.632034
v 3.503745 0.619930 -0.641274
v 3.508215 0.535810 -0.650034
v 3.529055 0.535810 -0.641384
v 3.666765 0.451080 -0.710374
v 3.677025 0.461230 -0.702914
v 3.676205 0.451080 -0.725804
v 3.533935 0.461230 -0.656414
v 3.555445 0.451080 -0.664274
v 3.553465 0.461230 -0.651734
v 3.573485 0.451080 -0.662844
v 3.573485 0.461230 -0.650154
v 3.605645 0.696910 -0.877124
v 3.597585 0.698680 -0.852314
v 3.608885 0.698080 -0.847624
v 3.620735 0.698180 -0.870874
v 3.597045 0.700020 -0.731904
v 3.610175 0.699680 -0.741444
v 3.457505 0.694990 -0.837234
v 3.435145 0.689450 -0.848624
v 3.425815 0.689730 -0.826124
v 3.449685 0.693640 -0.818364
v 3.420135 0.689200 -0.802424
v 3.418215 0.688790 -0.778144
v 3.443305 0.692810 -0.778144
v 3.444925 0.694270 -0.798504
v 3.597515 0.619930 -0.929854
v 3.595975 0.535810 -0.920154
v 3.597775 0.689350 -0.931484
v 3.593845 0.693120 -0.906704
v 3.463025 0.688070 -0.888604
v 3.481655 0.688070 -0.904534
v 3.434295 0.688070 -0.849064
v 3.447095 0.688070 -0.869974
v 3.449205 0.619930 -0.868434
v 3.529055 0.535810 -0.914894
v 3.553465 0.461230 -0.904544
v 3.555445 0.451080 -0.892004
v 3.537855 0.451080 -0.887794
v 3.533935 0.461230 -0.899864
v 3.469945 0.461230 -0.853364
v 3.480205 0.451080 -0.845914
v 3.470765 0.451080 -0.830484
v 3.459455 0.461230 -0.836244
v 3.459615 0.451080 -0.796174
v 3.458185 0.451080 -0.778144
v 3.628625 0.699210 -0.723004
v 3.622835 0.700590 -0.762104
v 3.605645 0.698390 -0.679154
v 3.597585 0.699300 -0.703974
v 3.585685 0.699680 -0.701114
v 3.589765 0.697490 -0.675354
v 3.573485 0.689630 -0.622874
v 3.687515 0.461230 -0.836244
v 3.676205 0.451080 -0.830484
v 3.641255 0.451080 -0.871414
v 3.648715 0.461230 -0.881684
v 3.663975 0.461230 -0.868634
v 3.655005 0.451080 -0.859664
v 3.522235 0.700250 -0.786254
v 3.521595 0.700870 -0.778144
v 3.565365 0.699980 -0.829394
v 3.557445 0.700180 -0.827494
v 3.431475 0.535810 -0.755644
v 3.447085 0.461230 -0.758124
v 3.457155 0.535810 -0.693624
v 3.665525 0.694590 -0.686104
v 3.683265 0.689170 -0.668354
v 3.699105 0.689330 -0.686874
v 3.678795 0.693810 -0.701624
v 3.463025 0.688070 -0.667674
v 3.447865 0.689910 -0.686874
v 3.463705 0.689460 -0.668354
v 3.699105 0.689600 -0.869404
v 3.678795 0.693980 -0.854654
v 3.689465 0.692960 -0.837234
v 3.711825 0.689340 -0.848624
v 3.463835 0.451080 -0.742514
v 3.470765 0.451080 -0.725804
v 3.459615 0.451080 -0.760104
v 3.687515 0.461230 -0.720044
v 3.683135 0.451080 -0.742514
v 3.502995 0.688950 -0.916474
v 3.525505 0.689150 -0.925814
v 3.468175 0.693840 -0.854654
v 3.447865 0.689370 -0.869404
v 3.702045 0.694840 -0.757774
v 3.676275 0.697010 -0.761864
v 3.727775 0.688070 -0.753704
v 3.505425 0.451100 -0.846204
v 3.457155 0.535810 -0.862654
v 3.502995 0.689520 -0.639804
v 3.482215 0.689400 -0.652524
v 3.549195 0.689140 -0.624794
v 3.553125 0.693790 -0.649574
v 3.533255 0.693200 -0.654334
v 3.525505 0.689600 -0.630474
v 3.710355 0.619930 -0.847874
v 3.701595 0.535810 -0.843414
v 3.722065 0.688070 -0.826414
v 3.699885 0.461230 -0.798164
v 3.695205 0.461230 -0.817694
v 3.658005 0.535810 -0.894474
v 3.549045 0.688070 -0.932434
v 3.573485 0.688070 -0.934374
v 3.573485 0.695150 -0.908314
v 3.557205 0.697270 -0.880934
v 3.573485 0.697140 -0.882224
v 3.647075 0.697250 -0.704554
v 3.619325 0.698960 -0.715044
v 3.634665 0.697990 -0.693934
v 3.620735 0.699810 -0.685414
v 3.538085 0.699690 -0.847624
v 3.549385 0.699450 -0.852314
v 3.624735 0.700750 -0.770024
v 3.624735 0.699880 -0.786254
v 3.647655 0.700810 -0.802244
v 3.666215 0.699000 -0.825384
v 3.642965 0.700720 -0.813544
v 3.510395 0.699730 -0.732304
v 3.504005 0.700910 -0.742734
v 3.470695 0.698120 -0.794424
v 3.496465 0.699430 -0.790344
v 3.499315 0.700270 -0.802234
v 3.474495 0.697410 -0.810304
v 3.649995 0.693880 -0.883454
v 3.634665 0.699800 -0.862344
v 3.647075 0.697840 -0.851734
v 3.665525 0.693840 -0.870184
v 3.481445 0.691420 -0.870184
v 3.496965 0.693680 -0.883454
v 3.482215 0.690010 -0.903754
v 3.463705 0.689630 -0.887924
v 3.591515 0.451080 -0.892004
v 3.593505 0.461230 -0.904544
v 3.463835 0.451080 -0.813764
v 3.451765 0.461230 -0.817694
v 3.487715 0.451100 -0.821844
v 3.481935 0.451100 -0.807884
v 3.625825 0.451080 -0.675414
v 3.631585 0.461230 -0.664114
v 3.683135 0.451080 -0.813764
v 3.502565 0.688070 -0.638944
v 3.481655 0.688070 -0.651744
v 3.573485 0.461230 -0.906124
v 3.665315 0.688070 -0.651744
v 3.644405 0.688070 -0.638944
v 3.621765 0.688070 -0.629554
v 3.597925 0.688070 -0.623844
v 3.425815 0.688950 -0.730164
v 3.449685 0.695630 -0.737914
v 3.597925 0.688070 -0.932434
v 3.621765 0.688070 -0.926724
v 3.712675 0.688070 -0.849064
v 3.549045 0.688070 -0.623844
v 3.525205 0.688070 -0.629554
v 3.518345 0.698040 -0.723004
v 3.536795 0.700660 -0.741444
v 3.538085 0.699920 -0.708654
v 3.527645 0.697900 -0.715044
v 3.573485 0.688070 -0.621914
v 3.722065 0.688070 -0.729864
v 3.712675 0.688070 -0.707214
v 3.699875 0.688070 -0.686314
v 3.683945 0.688070 -0.667674
v 3.515385 0.461230 -0.664114
v 3.619325 0.698760 -0.841234
v 3.499895 0.698080 -0.851734
v 3.512305 0.697660 -0.862344
v 3.518345 0.698710 -0.833284
v 3.496465 0.699310 -0.765944
v 3.470695 0.697710 -0.761864
v 3.474495 0.697590 -0.745974
v 3.499315 0.700610 -0.754044
v 3.687355 0.451080 -0.796174
v 3.573485 0.451080 -0.893434
v 3.420135 0.689350 -0.753854
v 3.444925 0.694700 -0.757774
v 3.565365 0.700710 -0.726894
v 3.573485 0.697460 -0.674064
v 3.589515 0.699930 -0.728784
v 3.703655 0.695480 -0.778144
v 3.615465 0.701440 -0.808644
v 3.657685 0.697390 -0.839314
v 3.581605 0.700260 -0.829394
v 3.613715 0.692350 -0.654334
v 3.621465 0.689580 -0.630474
v 3.650505 0.699270 -0.790344
v 3.650505 0.699550 -0.765944
v 3.589765 0.698010 -0.880934
v 3.585685 0.699640 -0.855164
v 3.561285 0.699170 -0.701114
v 3.557205 0.698140 -0.675354
v 3.495495 0.698520 -0.778144
v 3.469405 0.699050 -0.778144
v 3.726835 0.688700 -0.753854
v 3.728755 0.689390 -0.778144
v 3.435145 0.689120 -0.707654
v 3.542985 0.701140 -0.820124
v 3.527255 0.699800 -0.801694
v 3.721155 0.689600 -0.730164
v 3.549925 0.700100 -0.731904
v 3.549195 0.689270 -0.931484
v 3.573485 0.689500 -0.933414
v 3.608885 0.698950 -0.708654
v 3.657685 0.697460 -0.716964
v 3.683265 0.689400 -0.887924
v 3.523345 0.451100 -0.770204
v 3.664755 0.688970 -0.903754
v 3.573485 0.700280 -0.856124
v 3.541325 0.698960 -0.679154
v 3.549385 0.700750 -0.703974
v 3.522235 0.700990 -0.770024
v 3.647655 0.699440 -0.754044
v 3.622835 0.700240 -0.794174
v 3.750415 0.625800 -0.687994
v 3.748565 0.552650 -0.688934
v 3.760385 0.552650 -0.717414
v 3.763645 0.698000 -0.716354
v 3.379405 0.552650 -0.808874
v 3.382765 0.481600 -0.808344
v 3.380375 0.481600 -0.778144
v 3.376965 0.552650 -0.778144
v 3.725505 0.619910 -0.802214
v 3.715785 0.535760 -0.800684
v 3.717575 0.535760 -0.778144
v 3.727405 0.619910 -0.778144
v 3.436345 0.619910 -0.708264
v 3.445105 0.535760 -0.712724
v 3.436445 0.535760 -0.733614
v 3.427095 0.619910 -0.730574
v 3.735845 0.201600 -0.778144
v 3.746585 0.271600 -0.778144
v 3.744445 0.271600 -0.751064
v 3.733835 0.201600 -0.752744
v 3.419065 0.201600 -0.727964
v 3.428825 0.201600 -0.704434
v 3.419255 0.271600 -0.699554
v 3.408855 0.271600 -0.724644
v 3.506015 0.249000 -0.910554
v 3.486125 0.249000 -0.898374
v 3.491625 0.189030 -0.890804
v 3.510265 0.189030 -0.902214
v 3.703685 0.359000 -0.683544
v 3.683845 0.308970 -0.667774
v 3.687275 0.359000 -0.664344
v 3.643355 0.619910 -0.915274
v 3.663955 0.619910 -0.902664
v 3.665725 0.698200 -0.905094
v 3.644725 0.698200 -0.917944
v 3.634215 0.552650 -0.965034
v 3.604225 0.552650 -0.972224
v 3.604545 0.625800 -0.974264
v 3.635275 0.698000 -0.968304
v 3.550945 0.535760 -0.920444
v 3.549405 0.619910 -0.930154
v 3.525915 0.619910 -0.924534
v 3.528955 0.535760 -0.915174
v 3.638895 0.535760 -0.649764
v 3.643355 0.619910 -0.641004
v 3.663955 0.619910 -0.653614
v 3.658175 0.535760 -0.661564
v 3.608075 0.054780 -0.884604
v 3.624305 0.054780 -0.877874
v 3.631735 0.129960 -0.892454
v 3.613135 0.129960 -0.900174
v 3.459165 0.129960 -0.719894
v 3.469675 0.129960 -0.702724
v 3.482915 0.054780 -0.712344
v 3.473745 0.054780 -0.727324
v 3.526695 0.368940 -0.922144
v 3.573485 0.368940 -0.778144
v 3.526695 0.368940 -0.824934
v 3.481735 0.308970 -0.651864
v 3.486125 0.249000 -0.657904
v 3.468405 0.249000 -0.673054
v 3.463125 0.308970 -0.667774
v 3.448955 0.619910 -0.687664
v 3.456915 0.535760 -0.693444
v 3.528255 0.450800 -0.801184
v 3.459515 0.450800 -0.760094
v 3.573485 0.450800 -0.778144
v 3.525915 0.619910 -0.631754
v 3.528955 0.535760 -0.641104
v 3.508075 0.535760 -0.649764
v 3.503605 0.619910 -0.641004
v 3.484275 0.552650 -0.603054
v 3.485825 0.481600 -0.606094
v 3.513815 0.481600 -0.594484
v 3.512755 0.552650 -0.591244
v 3.557815 0.045990 -0.877094
v 3.573485 0.045990 -0.778144
v 3.580625 0.045990 -0.823224
v 3.640955 0.249000 -0.645734
v 3.660845 0.249000 -0.657904
v 3.655345 0.189030 -0.665474
v 3.636705 0.189030 -0.654064
v 3.680245 0.341600 -0.925084
v 3.684105 0.411600 -0.930404
v 3.706555 0.411600 -0.911214
v 3.701905 0.341600 -0.906564
v 3.676895 -0.000000 -0.830824
v 3.688115 -0.000000 -0.759984
v 3.573485 -0.000000 -0.778144
v 3.708385 0.368940 -0.846874
v 3.680545 0.368940 -0.885194
v 3.665235 0.308970 -0.904414
v 3.660845 0.249000 -0.898374
v 3.678565 0.249000 -0.883224
v 3.683845 0.308970 -0.888504
v 3.686525 -0.000000 -0.741414
v 3.623655 0.201600 -0.623724
v 3.626975 0.271600 -0.613504
v 3.600565 0.271600 -0.607184
v 3.598885 0.201600 -0.617784
v 3.484275 0.552650 -0.953224
v 3.485825 0.481600 -0.950194
v 3.459975 0.481600 -0.934374
v 3.457975 0.552650 -0.937124
v 3.464655 0.619910 -0.886974
v 3.471605 0.535760 -0.880024
v 3.488795 0.535760 -0.894714
v 3.483005 0.619910 -0.902664
v 3.442125 0.201600 -0.873574
v 3.428825 0.201600 -0.851844
v 3.419255 0.271600 -0.856724
v 3.433445 0.271600 -0.879884
v 3.460435 0.000000 -0.814874
v 3.491425 0.000000 -0.860204
v 3.621055 0.619910 -0.631754
v 3.618015 0.535760 -0.641104
v 3.596025 0.535760 -0.635834
v 3.597565 0.619910 -0.626124
v 3.713895 0.625800 -0.637724
v 3.691015 0.698000 -0.616384
v 3.688995 0.552650 -0.619154
v 3.712435 0.552650 -0.639194
v 3.676305 0.450800 -0.830524
v 3.573485 0.450800 -0.893544
v 3.701855 0.535760 -0.843554
v 3.710625 0.619910 -0.848014
v 3.698015 0.619910 -0.868614
v 3.690055 0.535760 -0.862834
v 3.610415 0.045990 -0.804974
v 3.616895 0.045990 -0.792244
v 3.705935 0.189030 -0.735104
v 3.711025 0.189030 -0.756354
v 3.700205 0.129960 -0.758064
v 3.695515 0.129960 -0.738494
v 3.482915 0.054780 -0.843944
v 3.494335 0.054780 -0.857294
v 3.482765 0.129960 -0.868864
v 3.469675 0.129960 -0.853564
v 3.546655 0.045990 -0.815064
v 3.514595 0.045990 -0.859204
v 3.494905 0.271600 -0.932364
v 3.499775 0.201600 -0.922794
v 3.478045 0.201600 -0.909494
v 3.471735 0.271600 -0.918184
v 3.573485 0.201600 -0.940504
v 3.573485 0.271600 -0.951244
v 3.600565 0.271600 -0.949104
v 3.598885 0.201600 -0.938494
v 3.484485 0.368940 -0.655644
v 3.423945 0.368940 -0.754454
v 3.422065 0.368940 -0.778144
v 3.417395 0.308970 -0.778144
v 3.424865 0.249000 -0.778144
v 3.426705 0.249000 -0.801384
v 3.419325 0.308970 -0.802554
v 3.730335 0.700000 -0.802984
v 3.732305 0.700000 -0.778144
v 3.769025 0.700000 -0.809114
v 3.724535 0.700000 -0.827214
v 3.686995 0.481600 -0.934374
v 3.688995 0.552650 -0.937124
v 3.712435 0.552650 -0.917084
v 3.710025 0.481600 -0.914684
v 3.445105 0.535760 -0.843554
v 3.436345 0.619910 -0.848014
v 3.427095 0.619910 -0.825704
v 3.436445 0.535760 -0.822664
v 3.480125 0.450800 -0.845974
v 3.463735 0.450800 -0.813804
v 3.455955 0.698000 -0.939904
v 3.483335 0.625800 -0.955074
v 3.389825 0.481600 -0.837814
v 3.386585 0.552650 -0.838864
v 3.546405 0.271600 -0.607184
v 3.545075 0.341600 -0.598764
v 3.517355 0.341600 -0.605404
v 3.519995 0.271600 -0.613504
v 3.554895 0.000000 -0.660754
v 3.519525 0.000000 -0.672244
v 3.503615 0.000000 -0.681984
v 3.652065 0.271600 -0.623914
v 3.655935 0.341600 -0.616324
v 3.629615 0.341600 -0.605404
v 3.721365 0.132650 -0.754714
v 3.723215 0.132650 -0.778144
v 3.434535 0.552650 -0.639194
v 3.414505 0.552650 -0.662634
v 3.417255 0.481600 -0.664634
v 3.436945 0.481600 -0.641604
v 3.422435 0.700000 -0.729064
v 3.416635 0.700000 -0.753294
v 3.375495 0.700000 -0.778144
v 3.457105 0.700000 -0.617964
v 3.744445 0.271600 -0.805214
v 3.733835 0.201600 -0.803534
v 3.727905 0.201600 -0.828314
v 3.738115 0.271600 -0.831634
v 3.749885 0.700000 -0.688264
v 3.761785 0.700000 -0.716954
v 3.769025 0.700000 -0.747174
v 3.512305 0.700000 -0.589844
v 3.524405 0.700000 -0.627094
v 3.501385 0.700000 -0.636644
v 3.645585 0.700000 -0.636644
v 3.622565 0.700000 -0.627094
v 3.573485 0.700000 -0.582834
v 3.514595 0.045990 -0.697084
v 3.507685 0.054780 -0.687574
v 3.522665 0.054780 -0.678404
v 3.527995 0.045990 -0.688874
v 3.573485 0.054780 -0.666194
v 3.555975 0.054780 -0.667584
v 3.553415 0.129960 -0.651414
v 3.573485 0.129960 -0.649824
v 3.708385 0.368940 -0.709404
v 3.716875 0.359000 -0.705084
v 3.695985 0.368940 -0.689144
v 3.729575 0.308970 -0.778144
v 3.722105 0.249000 -0.778144
v 3.720265 0.249000 -0.754894
v 3.727635 0.308970 -0.753724
v 3.457105 0.700000 -0.938314
v 3.444995 0.700000 -0.871494
v 3.461195 0.700000 -0.890434
v 3.512305 0.700000 -0.966444
v 3.397085 0.700000 -0.868024
v 3.414665 0.700000 -0.778144
v 3.604455 0.700000 -0.973674
v 3.573485 0.700000 -0.936964
v 3.598325 0.700000 -0.934994
v 3.663365 0.700000 -0.954534
v 3.710625 0.619910 -0.708264
v 3.701855 0.535760 -0.712724
v 3.690055 0.535760 -0.693444
v 3.698015 0.619910 -0.687664
v 3.666835 0.700000 -0.649654
v 3.713475 0.700000 -0.638154
v 3.442125 0.201600 -0.682704
v 3.458685 0.201600 -0.663344
v 3.451095 0.271600 -0.655744
v 3.433445 0.271600 -0.676394
v 3.493805 0.065800 -0.668474
v 3.511955 0.065800 -0.657374
v 3.505515 0.132650 -0.644734
v 3.485475 0.132650 -0.657004
v 3.657525 -0.000000 -0.862184
v 3.669645 -0.000000 -0.848004
v 3.667385 -0.000000 -0.846364
v 3.638845 0.368940 -0.767784
v 3.724895 0.368940 -0.778144
v 3.596735 0.249000 -0.631364
v 3.595265 0.189030 -0.640604
v 3.573485 0.189030 -0.638874
v 3.573485 0.249000 -0.629524
v 3.484485 0.368940 -0.900634
v 3.478885 0.359000 -0.908344
v 3.500425 0.359000 -0.921534
v 3.504745 0.368940 -0.913044
v 3.550235 0.249000 -0.924914
v 3.551705 0.189030 -0.915684
v 3.573485 0.189030 -0.917404
v 3.573485 0.249000 -0.926764
v 3.521095 0.450800 -0.675324
v 3.505655 0.450800 -0.684774
v 3.498105 0.461080 -0.674384
v 3.515265 0.461080 -0.663884
v 3.549405 0.619910 -0.626124
v 3.550945 0.535760 -0.635834
v 3.622565 0.700000 -0.929184
v 3.645585 0.700000 -0.919644
v 3.666835 0.700000 -0.906624
v 3.733665 0.700000 -0.894514
v 3.713475 0.700000 -0.918134
v 3.444995 0.700000 -0.684784
v 3.431985 0.700000 -0.706044
v 3.757145 0.481600 -0.837814
v 3.760385 0.552650 -0.838864
v 3.767565 0.552650 -0.808884
v 3.764205 0.481600 -0.808344
v 3.633155 0.481600 -0.594484
v 3.661145 0.481600 -0.606094
v 3.662695 0.552650 -0.603054
v 3.634215 0.552650 -0.591244
v 3.543275 0.481600 -0.587424
v 3.542745 0.552650 -0.584064
v 3.641315 0.450800 -0.684774
v 3.625875 0.450800 -0.675324
v 3.631705 0.461080 -0.663884
v 3.648865 0.461080 -0.674384
v 3.719875 0.619910 -0.730574
v 3.710525 0.535760 -0.733614
v 3.402525 0.271600 -0.751064
v 3.394105 0.341600 -0.749734
v 3.391855 0.341600 -0.778144
v 3.400385 0.271600 -0.778144
v 3.440085 0.132650 -0.846114
v 3.452345 0.132650 -0.866154
v 3.463825 0.065800 -0.857814
v 3.452715 0.065800 -0.839674
v 3.596025 0.535760 -0.920444
v 3.597565 0.619910 -0.930154
v 3.573485 0.619910 -0.932064
v 3.573485 0.535760 -0.922234
v 3.655075 0.450800 -0.859734
v 3.666845 0.450800 -0.845974
v 3.677235 0.461080 -0.853524
v 3.664165 0.461080 -0.868814
v 3.623655 0.201600 -0.932564
v 3.626975 0.271600 -0.942774
v 3.652065 0.271600 -0.932364
v 3.647195 0.201600 -0.922794
v 3.643345 -0.000000 -0.874304
v 3.610215 -0.000000 -0.891184
v 3.627445 -0.000000 -0.884034
v 3.679355 0.132650 -0.672274
v 3.669325 0.065800 -0.682304
v 3.683145 0.065800 -0.698464
v 3.694625 0.132650 -0.690124
v 3.729715 0.481600 -0.664634
v 3.732465 0.552650 -0.662634
v 3.710025 0.481600 -0.641604
v 3.492425 0.045990 -0.837034
v 3.473745 0.054780 -0.828954
v 3.478195 0.045990 -0.809104
v 3.434215 0.189030 -0.778144
v 3.435945 0.189030 -0.799924
v 3.429485 0.368940 -0.824924
v 3.506015 0.249000 -0.645734
v 3.527555 0.249000 -0.636794
v 3.530445 0.189030 -0.645694
v 3.510265 0.189030 -0.654064
v 3.421465 0.619910 -0.802214
v 3.431175 0.535760 -0.800684
v 3.416635 0.700000 -0.802984
v 3.422435 0.700000 -0.827214
v 3.646875 0.045990 -0.740744
v 3.662755 0.045990 -0.732654
v 3.668775 0.045990 -0.747174
v 3.573485 0.045990 -0.732494
v 3.687805 0.129960 -0.719894
v 3.697565 0.189030 -0.714924
v 3.573485 0.481600 -0.971254
v 3.543275 0.481600 -0.968864
v 3.542745 0.552650 -0.972224
v 3.573485 0.552650 -0.974654
v 3.411725 0.698000 -0.660614
v 3.395345 0.698000 -0.687374
v 3.396555 0.625800 -0.687994
v 3.387605 0.411600 -0.748704
v 3.382765 0.481600 -0.747934
v 3.385275 0.411600 -0.778144
v 3.671955 0.189030 -0.876614
v 3.686155 0.189030 -0.860004
v 3.693725 0.249000 -0.865494
v 3.654545 0.045990 -0.837034
v 3.664055 0.054780 -0.843944
v 3.652635 0.054780 -0.857294
v 3.644325 0.045990 -0.848984
v 3.714985 0.700000 -0.706044
v 3.724535 0.700000 -0.729064
v 3.604545 0.625800 -0.582014
v 3.604225 0.552650 -0.584064
v 3.635275 0.698000 -0.587984
v 3.604455 0.700000 -0.582604
v 3.634665 0.700000 -0.589844
v 3.431985 0.700000 -0.850234
v 3.413305 0.700000 -0.894514
v 3.396555 0.625800 -0.868294
v 3.411725 0.698000 -0.895664
v 3.414505 0.552650 -0.893644
v 3.398405 0.552650 -0.867354
v 3.618715 0.450800 -0.755094
v 3.683235 0.450800 -0.813804
v 3.719875 0.619910 -0.825704
v 3.710525 0.535760 -0.822664
v 3.757145 0.481600 -0.718464
v 3.764205 0.481600 -0.747934
v 3.767565 0.552650 -0.747404
v 3.769615 0.625800 -0.809204
v 3.773425 0.698000 -0.778144
v 3.769995 0.552650 -0.778144
v 3.431175 0.535760 -0.755604
v 3.421465 0.619910 -0.754064
v 3.459225 0.461080 -0.836354
v 3.451515 0.461080 -0.817774
v 3.470665 0.450800 -0.830524
v 3.626175 -0.000000 -0.674734
v 3.627445 -0.000000 -0.672244
v 3.694255 0.065800 -0.716604
v 3.706885 0.132650 -0.710164
v 3.548645 0.700000 -0.934994
v 3.687275 0.359000 -0.891934
v 3.662485 0.368940 -0.900634
v 3.668085 0.359000 -0.908344
v 3.598655 0.359000 -0.937084
v 3.597165 0.368940 -0.927674
v 3.573485 0.368940 -0.929554
v 3.573485 0.359000 -0.939084
v 3.589155 0.045990 -0.877094
v 3.573485 0.054780 -0.890084
v 3.555975 0.054780 -0.888694
v 3.553415 0.129960 -0.904864
v 3.573485 0.129960 -0.906454
v 3.425035 0.308970 -0.826374
v 3.432135 0.249000 -0.824064
v 3.441075 0.249000 -0.845604
v 3.434425 0.308970 -0.848994
v 3.466425 0.368940 -0.885194
v 3.459695 0.359000 -0.891934
v 3.703685 0.359000 -0.872734
v 3.695985 0.368940 -0.867144
v 3.732435 0.359000 -0.752964
v 3.723025 0.368940 -0.754454
v 3.734425 0.359000 -0.778144
v 3.533855 0.461080 -0.656174
v 3.537825 0.450800 -0.668384
v 3.503615 0.000000 -0.874304
v 3.573485 0.045990 -0.677944
v 3.557815 0.045990 -0.679184
v 3.589155 0.045990 -0.679184
v 3.590995 0.054780 -0.667584
v 3.608075 0.054780 -0.671674
v 3.604445 0.045990 -0.682844
v 3.705935 0.189030 -0.821174
v 3.714835 0.249000 -0.824064
v 3.705895 0.249000 -0.845604
v 3.697565 0.189030 -0.841364
v 3.679955 0.054780 -0.812734
v 3.684045 0.054780 -0.795654
v 3.700205 0.129960 -0.798214
v 3.695515 0.129960 -0.817794
v 3.433075 0.625800 -0.918554
v 3.434535 0.552650 -0.917084
v 3.451095 0.271600 -0.900534
v 3.458685 0.201600 -0.892944
v 3.695875 0.271600 -0.900534
v 3.688285 0.201600 -0.892944
v 3.668925 0.201600 -0.909494
v 3.675235 0.271600 -0.918184
v 3.653155 0.065800 -0.887804
v 3.628335 0.001460 -0.885794
v 3.635015 0.065800 -0.898904
v 3.475015 0.189030 -0.679674
v 3.460815 0.189030 -0.696284
v 3.453245 0.249000 -0.690784
v 3.414535 0.359000 -0.752964
v 3.412545 0.359000 -0.778144
v 3.425605 0.132650 -0.801564
v 3.439615 0.065800 -0.799344
v 3.437935 0.065800 -0.778144
v 3.423755 0.132650 -0.778144
v 3.477325 0.000000 -0.708274
v 3.467585 0.000000 -0.724184
v 3.470075 0.000000 -0.725454
v 3.745535 0.481600 -0.865804
v 3.748565 0.552650 -0.867354
v 3.761785 0.700000 -0.839324
v 3.749885 0.700000 -0.868024
v 3.549795 0.368940 -0.628604
v 3.548305 0.359000 -0.619194
v 3.523755 0.359000 -0.625074
v 3.526695 0.368940 -0.634134
v 3.598655 0.359000 -0.619194
v 3.597165 0.368940 -0.628604
v 3.620275 0.368940 -0.634134
v 3.623215 0.359000 -0.625074
v 3.462925 0.054780 -0.795654
v 3.461535 0.054780 -0.778144
v 3.473285 0.045990 -0.778144
v 3.484215 0.045990 -0.732654
v 3.680545 0.368940 -0.671084
v 3.524405 0.700000 -0.929184
v 3.542425 0.625800 -0.974264
v 3.573485 0.698000 -0.978084
v 3.658175 0.535760 -0.894714
v 3.638895 0.535760 -0.906514
v 3.631705 0.461080 -0.892404
v 3.618015 0.535760 -0.915174
v 3.613115 0.461080 -0.900114
v 3.639285 0.054780 -0.868704
v 3.664205 0.129960 -0.868864
v 3.648905 0.129960 -0.881944
v 3.596905 0.132650 -0.630264
v 3.594685 0.065800 -0.644264
v 3.615375 0.065800 -0.649224
v 3.619755 0.132650 -0.635734
v 3.531595 0.065800 -0.649224
v 3.527215 0.132650 -0.635734
v 3.705895 0.249000 -0.710674
v 3.686155 0.189030 -0.696284
v 3.693725 0.249000 -0.690784
v 3.639285 0.054780 -0.687574
v 3.624305 0.054780 -0.678404
v 3.631735 0.129960 -0.663824
v 3.648905 0.129960 -0.674334
v 3.459225 0.461080 -0.719924
v 3.469725 0.461080 -0.702754
v 3.480125 0.450800 -0.710304
v 3.470665 0.450800 -0.725754
v 3.445235 0.461080 -0.778144
v 3.446825 0.461080 -0.758074
v 3.668775 0.045990 -0.809104
v 3.672435 0.045990 -0.793814
v 3.654545 0.045990 -0.719244
v 3.664055 0.054780 -0.712344
v 3.673225 0.054780 -0.727324
v 3.537825 0.450800 -0.887894
v 3.555435 0.450800 -0.892114
v 3.553425 0.461080 -0.904794
v 3.533855 0.461080 -0.900114
v 3.448955 0.619910 -0.868614
v 3.456915 0.535760 -0.862834
v 3.699765 0.308970 -0.869884
v 3.712545 0.308970 -0.848994
v 3.716875 0.359000 -0.851204
v 3.629615 0.341600 -0.950874
v 3.655935 0.341600 -0.939954
v 3.633155 0.481600 -0.961794
v 3.662695 0.552650 -0.953224
v 3.661145 0.481600 -0.950194
v 3.628335 0.001460 -0.670494
v 3.635015 0.065800 -0.657374
v 3.661495 0.132650 -0.657004
v 3.653155 0.065800 -0.668474
v 3.502645 0.045990 -0.848984
v 3.538895 0.054780 -0.884604
v 3.542525 0.045990 -0.873434
v 3.695455 0.461080 -0.738514
v 3.700145 0.461080 -0.758074
v 3.687455 0.450800 -0.760094
v 3.683235 0.450800 -0.742474
v 3.609145 0.450800 -0.887894
v 3.625875 0.450800 -0.880954
v 3.573485 0.065800 -0.913694
v 3.552285 0.065800 -0.912014
v 3.550065 0.132650 -0.926024
v 3.573485 0.132650 -0.927874
v 3.505515 0.132650 -0.911544
v 3.511955 0.065800 -0.898904
v 3.493805 0.065800 -0.887804
v 3.485475 0.132650 -0.899274
v 3.701975 0.700000 -0.871494
v 3.714985 0.700000 -0.850234
v 3.491625 0.189030 -0.665474
v 3.502645 0.045990 -0.707294
v 3.494335 0.054780 -0.698994
v 3.525255 0.308970 -0.926584
v 3.502625 0.308970 -0.917204
v 3.527555 0.249000 -0.919484
v 3.523755 0.359000 -0.931204
v 3.597905 0.308970 -0.932294
v 3.573485 0.308970 -0.934224
v 3.640955 0.249000 -0.910554
v 3.619405 0.249000 -0.919484
v 3.616515 0.189030 -0.910594
v 3.636705 0.189030 -0.902214
v 3.679355 0.132650 -0.884014
v 3.669325 0.065800 -0.873984
v 3.661495 0.132650 -0.899274
v 3.683145 0.065800 -0.857814
v 3.694625 0.132650 -0.866154
v 3.706885 0.132650 -0.846114
v 3.694255 0.065800 -0.839674
v 3.414535 0.359000 -0.803314
v 3.423945 0.368940 -0.801824
v 3.430095 0.359000 -0.851204
v 3.438585 0.368940 -0.846874
v 3.420425 0.359000 -0.827874
v 3.682315 0.619910 -0.669304
v 3.675365 0.535760 -0.676264
v 3.685775 0.700000 -0.665844
v 3.459975 0.481600 -0.621914
v 3.457975 0.552650 -0.619154
v 3.523315 0.201600 -0.623724
v 3.494905 0.271600 -0.623914
v 3.499775 0.201600 -0.633484
v 3.688885 0.450800 -0.778144
v 3.701735 0.461080 -0.778144
v 3.700145 0.461080 -0.798204
v 3.687745 0.461080 -0.836354
v 3.426705 0.249000 -0.754894
v 3.432135 0.249000 -0.732214
v 3.441035 0.189030 -0.735104
v 3.435945 0.189030 -0.756354
v 3.434425 0.308970 -0.707284
v 3.430095 0.359000 -0.705084
v 3.443275 0.359000 -0.683544
v 3.447205 0.308970 -0.686394
v 3.642215 0.368940 -0.913044
v 3.573485 0.065800 -0.642584
v 3.573485 0.132650 -0.628404
v 3.550065 0.132650 -0.630264
v 3.552285 0.065800 -0.644264
v 3.610215 0.000000 -0.665094
v 3.389825 0.481600 -0.718464
v 3.401435 0.481600 -0.690474
v 3.398405 0.552650 -0.688934
v 3.386585 0.552650 -0.717414
v 3.593545 0.461080 -0.651484
v 3.613115 0.461080 -0.656174
v 3.609145 0.450800 -0.668384
v 3.591535 0.450800 -0.664164
v 3.525255 0.308970 -0.629694
v 3.502625 0.308970 -0.639074
v 3.573485 0.308970 -0.622054
v 3.597905 0.308970 -0.623984
v 3.644325 0.045990 -0.707294
v 3.652635 0.054780 -0.698994
v 3.618965 0.045990 -0.688874
v 3.469725 0.461080 -0.853524
v 3.482805 0.461080 -0.868814
v 3.491885 0.450800 -0.859734
v 3.459695 0.359000 -0.664344
v 3.466425 0.368940 -0.671084
v 3.478885 0.359000 -0.647934
v 3.500425 0.359000 -0.634754
v 3.504745 0.368940 -0.643244
v 3.411115 0.201600 -0.778144
v 3.402525 0.271600 -0.805214
v 3.413125 0.201600 -0.803534
v 3.408855 0.271600 -0.831634
v 3.419065 0.201600 -0.828314
v 3.704845 0.201600 -0.682704
v 3.713525 0.271600 -0.676394
v 3.695875 0.271600 -0.655744
v 3.688285 0.201600 -0.663344
v 3.746225 0.341600 -0.722014
v 3.752865 0.341600 -0.749734
v 3.759355 0.411600 -0.748704
v 3.752475 0.411600 -0.719984
v 3.573485 0.481600 -0.585034
v 3.603695 0.481600 -0.587424
v 3.573485 0.552650 -0.581624
v 3.573485 0.271600 -0.605034
v 3.573485 0.201600 -0.615774
v 3.481735 0.308970 -0.904414
v 3.463125 0.308970 -0.888504
v 3.468405 0.249000 -0.883224
v 3.453245 0.249000 -0.865494
v 3.460815 0.189030 -0.860004
v 3.475015 0.189030 -0.876604
v 3.379405 0.552650 -0.747404
v 3.385185 0.700000 -0.716954
v 3.397085 0.700000 -0.688264
v 3.464655 0.619910 -0.669304
v 3.471605 0.535760 -0.676264
v 3.480135 0.700000 -0.649654
v 3.461195 0.700000 -0.665844
v 3.723025 0.368940 -0.801824
v 3.732435 0.359000 -0.803314
v 3.573485 0.619910 -0.624214
v 3.573485 0.535760 -0.634054
v 3.548645 0.700000 -0.621284
v 3.573485 0.700000 -0.619324
v 3.573485 0.698000 -0.578194
v 3.542205 0.698000 -0.580674
v 3.542425 0.625800 -0.582014
v 3.454155 0.001460 -0.759244
v 3.439615 0.065800 -0.756934
v 3.452655 0.001460 -0.778144
v 3.444565 0.065800 -0.736254
v 3.452715 0.065800 -0.716604
v 3.440085 0.132650 -0.710164
v 3.431075 0.132650 -0.731874
v 3.478195 0.045990 -0.747174
v 3.462925 0.054780 -0.760624
v 3.467015 0.054780 -0.743544
v 3.500095 0.045990 -0.740744
v 3.513815 0.481600 -0.961794
v 3.512755 0.552650 -0.965034
v 3.546405 0.271600 -0.949104
v 3.548085 0.201600 -0.938494
v 3.523315 0.201600 -0.932554
v 3.519995 0.271600 -0.942774
v 3.446765 0.129960 -0.798214
v 3.445175 0.129960 -0.778144
v 3.459165 0.129960 -0.836384
v 3.727715 0.271600 -0.856724
v 3.718145 0.201600 -0.851844
v 3.704845 0.201600 -0.873574
v 3.713525 0.271600 -0.879884
v 3.741165 0.411600 -0.863574
v 3.725745 0.411600 -0.888764
v 3.729715 0.481600 -0.891644
v 3.663635 0.625800 -0.955074
v 3.675235 0.271600 -0.638094
v 3.680245 0.341600 -0.631204
v 3.686995 0.481600 -0.621914
v 3.677235 0.461080 -0.702754
v 3.687745 0.461080 -0.719924
v 3.676305 0.450800 -0.725754
v 3.666845 0.450800 -0.710304
v 3.467615 0.132650 -0.672274
v 3.452345 0.132650 -0.690124
v 3.621715 0.308970 -0.629694
v 3.644345 0.308970 -0.639074
v 3.619405 0.249000 -0.636794
v 3.646545 0.359000 -0.634754
v 3.642225 0.368940 -0.643244
v 3.662485 0.368940 -0.655644
v 3.668085 0.359000 -0.647934
v 3.709035 0.065800 -0.778144
v 3.707355 0.065800 -0.756934
v 3.702405 0.065800 -0.820024
v 3.715885 0.132650 -0.824414
v 3.721365 0.132650 -0.801564
v 3.707355 0.065800 -0.799344
v 3.463735 0.450800 -0.742474
v 3.491885 0.450800 -0.696544
v 3.451515 0.461080 -0.738514
v 3.507685 0.054780 -0.868704
v 3.498065 0.129960 -0.881944
v 3.533835 0.129960 -0.900174
v 3.593555 0.129960 -0.651414
v 3.483005 0.619910 -0.653614
v 3.488795 0.535760 -0.661564
v 3.685425 0.054780 -0.778144
v 3.684045 0.054780 -0.760624
v 3.701795 0.129960 -0.778144
v 3.672435 0.045990 -0.762464
v 3.618965 0.045990 -0.867404
v 3.632375 0.045990 -0.859204
v 3.450985 0.368940 -0.689144
v 3.438585 0.368940 -0.709404
v 3.727905 0.201600 -0.727964
v 3.738115 0.271600 -0.724644
v 3.727715 0.271600 -0.699554
v 3.718145 0.201600 -0.704434
v 3.682315 0.619910 -0.886974
v 3.675365 0.535760 -0.880024
v 3.685775 0.700000 -0.890434
v 3.429395 0.535760 -0.778144
v 3.419565 0.619910 -0.778144
v 3.725505 0.619910 -0.754064
v 3.715785 0.535760 -0.755604
v 3.730335 0.700000 -0.753294
v 3.699765 0.308970 -0.686394
v 3.712545 0.308970 -0.707284
v 3.717485 0.368940 -0.731354
v 3.726545 0.359000 -0.728404
v 3.503605 0.619910 -0.915274
v 3.508075 0.535760 -0.906514
v 3.480135 0.700000 -0.906624
v 3.501385 0.700000 -0.919644
v 3.445065 0.341600 -0.649724
v 3.426545 0.341600 -0.671384
v 3.466725 0.341600 -0.631204
v 3.491035 0.341600 -0.616324
v 3.488045 0.411600 -0.610464
v 3.462855 0.411600 -0.625874
v 3.720265 0.249000 -0.801384
v 3.711025 0.189030 -0.799924
v 3.717485 0.368940 -0.824934
v 3.726545 0.359000 -0.827874
v 3.446765 0.129960 -0.758064
v 3.451455 0.129960 -0.738494
v 3.538895 0.054780 -0.671674
v 3.533835 0.129960 -0.656104
v 3.515235 0.129960 -0.663824
v 3.498065 0.129960 -0.674334
v 3.593545 0.461080 -0.904794
v 3.677295 0.129960 -0.853564
v 3.687805 0.129960 -0.836384
v 3.673225 0.054780 -0.828964
v 3.615375 0.065800 -0.907054
v 3.619755 0.132650 -0.920544
v 3.641455 0.132650 -0.911544
v 3.596905 0.132650 -0.926024
v 3.594685 0.065800 -0.912014
v 3.443275 0.359000 -0.872734
v 3.450985 0.368940 -0.867144
v 3.648865 0.461080 -0.881894
v 3.417255 0.481600 -0.891644
v 3.401435 0.481600 -0.865804
v 3.419325 0.308970 -0.753724
v 3.429485 0.368940 -0.731354
v 3.420425 0.359000 -0.728404
v 3.644345 0.308970 -0.917204
v 3.646545 0.359000 -0.921534
v 3.620275 0.368940 -0.922144
v 3.623215 0.359000 -0.931204
v 3.550235 0.249000 -0.631364
v 3.549065 0.308970 -0.623984
v 3.573485 0.368940 -0.626724
v 3.573485 0.359000 -0.617194
v 3.444565 0.065800 -0.820024
v 3.431075 0.132650 -0.824414
v 3.467585 0.000000 -0.832094
v 3.458575 0.001460 -0.815474
v 3.465835 0.001460 -0.832994
v 3.466725 0.341600 -0.925074
v 3.462855 0.411600 -0.930404
v 3.488045 0.411600 -0.945824
v 3.491035 0.341600 -0.939954
v 3.440415 0.411600 -0.911214
v 3.421225 0.411600 -0.888764
v 3.436945 0.481600 -0.914674
v 3.536755 0.000000 -0.665094
v 3.655855 0.045990 -0.778144
v 3.619125 0.045990 -0.778144
v 3.482805 0.461080 -0.687464
v 3.621045 0.619910 -0.924534
v 3.621975 0.698200 -0.927384
v 3.573485 0.698200 -0.935064
v 3.548935 0.698200 -0.933124
v 3.664205 0.129960 -0.687414
v 3.677295 0.129960 -0.702724
v 3.564215 -0.000000 -0.836664
v 3.555325 -0.000000 -0.892764
v 3.531595 0.065800 -0.907054
v 3.527215 0.132650 -0.920544
v 3.548085 0.201600 -0.617784
v 3.732465 0.552650 -0.893654
v 3.735245 0.698000 -0.895664
v 3.751625 0.698000 -0.868904
v 3.750415 0.625800 -0.868294
v 3.766595 0.481600 -0.778144
v 3.745535 0.481600 -0.690474
v 3.741165 0.411600 -0.692704
v 3.735305 0.341600 -0.695694
v 3.603695 0.481600 -0.968864
v 3.573485 0.341600 -0.959764
v 3.573485 0.411600 -0.966344
v 3.602925 0.411600 -0.964014
v 3.601895 0.341600 -0.957514
v 3.383325 0.698000 -0.716354
v 3.376015 0.698000 -0.746864
v 3.377355 0.625800 -0.747074
v 3.544045 0.411600 -0.592264
v 3.515325 0.411600 -0.599144
v 3.463825 0.065800 -0.698464
v 3.477645 0.065800 -0.682304
v 3.451455 0.129960 -0.817794
v 3.467015 0.054780 -0.812734
v 3.441035 0.189030 -0.821174
v 3.449405 0.189030 -0.841364
v 3.690875 -0.000000 -0.796734
v 3.686525 -0.000000 -0.814874
v 3.692815 0.001460 -0.797044
v 3.712745 0.189030 -0.778144
v 3.530445 0.189030 -0.910594
v 3.515235 0.129960 -0.892454
v 3.522665 0.054780 -0.877874
v 3.405805 0.411600 -0.692704
v 3.421225 0.411600 -0.667514
v 3.377945 0.700000 -0.809114
v 3.702405 0.065800 -0.736254
v 3.715885 0.132650 -0.731874
v 3.692815 0.001460 -0.759244
v 3.694315 0.001460 -0.778144
v 3.714835 0.249000 -0.732214
v 3.551705 0.189030 -0.640604
v 3.542515 0.700000 -0.973674
v 3.573485 0.700000 -0.976134
v 3.502465 0.001460 -0.875894
v 3.488055 0.001460 -0.863574
v 3.477645 0.065800 -0.873984
v 3.467615 0.132650 -0.884004
v 3.701905 0.341600 -0.649724
v 3.658925 0.411600 -0.610464
v 3.631645 0.411600 -0.599144
v 3.602925 0.411600 -0.592264
v 3.573485 0.411600 -0.589934
v 3.517355 0.341600 -0.950874
v 3.515325 0.411600 -0.957134
v 3.544045 0.411600 -0.964014
v 3.545075 0.341600 -0.957514
v 3.573485 0.450800 -0.662734
v 3.555435 0.450800 -0.664164
v 3.553425 0.461080 -0.651484
v 3.573485 0.461080 -0.649894
v 3.573485 0.450800 -0.727374
v 3.400745 0.341600 -0.722014
v 3.394485 0.411600 -0.719984
v 3.459515 0.450800 -0.796194
v 3.446825 0.461080 -0.798204
v 3.755115 0.341600 -0.778144
v 3.769615 0.625800 -0.747074
v 3.433495 0.700000 -0.638154
v 3.432115 0.698000 -0.636764
v 3.455955 0.698000 -0.616384
v 3.573485 0.461080 -0.906384
v 3.482765 0.129960 -0.687414
v 3.498105 0.461080 -0.881894
v 3.515265 0.461080 -0.892404
v 3.663635 0.625800 -0.601214
v 3.604755 0.698000 -0.580674
v 3.573485 -0.000000 -0.897004
v 3.592075 -0.000000 -0.895534
v 3.700435 0.698200 -0.685904
v 3.713295 0.698200 -0.706904
v 3.665725 0.698200 -0.651184
v 3.684435 0.698200 -0.667184
v 3.478045 0.201600 -0.646784
v 3.471735 0.271600 -0.638094
v 3.641705 -0.000000 -0.684244
v 3.669645 -0.000000 -0.708274
v 3.657525 -0.000000 -0.694094
v 3.447205 0.308970 -0.869884
v 3.621715 0.308970 -0.926584
v 3.596735 0.249000 -0.924914
v 3.593555 0.129960 -0.904864
v 3.595265 0.189030 -0.915684
v 3.441075 0.249000 -0.710674
v 3.678565 0.249000 -0.673054
v 3.433495 0.700000 -0.918134
v 3.594205 0.045990 -0.818804
v 3.566345 0.045990 -0.823224
v 3.527995 0.045990 -0.867404
v 3.664165 0.461080 -0.687464
v 3.542525 0.045990 -0.682844
v 3.613135 0.129960 -0.656104
v 3.662755 0.045990 -0.823624
v 3.725745 0.411600 -0.667514
v 3.752475 0.411600 -0.836304
v 3.631645 0.411600 -0.957134
v 3.621975 0.698200 -0.628894
v 3.598035 0.698200 -0.623164
v 3.644725 0.698200 -0.638334
v 3.446535 0.698200 -0.685904
v 3.462535 0.698200 -0.667184
v 3.481245 0.698200 -0.651184
v 3.502245 0.698200 -0.638334
v 3.590995 0.054780 -0.888694
v 3.679955 0.054780 -0.743544
v 3.383325 0.698000 -0.839924
v 3.376015 0.698000 -0.809414
v 3.385185 0.700000 -0.839324
v 3.573485 0.698200 -0.621214
v 3.573485 0.700000 -0.580154
v 3.542515 0.700000 -0.582604
v 3.433075 0.625800 -0.637724
v 3.413305 0.700000 -0.661764
v 3.714855 0.698000 -0.919514
v 3.721935 0.308970 -0.826374
v 3.727635 0.308970 -0.802554
v 3.679385 -0.000000 -0.724184
v 3.701975 0.700000 -0.684784
v 3.598035 0.698200 -0.933124
v 3.542205 0.698000 -0.975614
v 3.733665 0.700000 -0.661764
v 3.714855 0.698000 -0.636764
v 3.735245 0.698000 -0.660614
v 3.641455 0.132650 -0.644734
v 3.647195 0.201600 -0.633484
v 3.425605 0.132650 -0.754714
v 3.413125 0.201600 -0.752744
v 3.573485 0.341600 -0.596514
v 3.601895 0.341600 -0.598764
v 3.524995 0.698200 -0.628894
v 3.548935 0.698200 -0.623164
v 3.549065 0.308970 -0.932294
v 3.549795 0.368940 -0.927674
v 3.548305 0.359000 -0.937084
v 3.658925 0.411600 -0.945824
v 3.655345 0.189030 -0.890804
v 3.616515 0.189030 -0.645694
v 3.511695 0.698000 -0.968304
v 3.691005 0.698000 -0.939904
v 3.689855 0.700000 -0.938314
v 3.664255 0.698000 -0.956284
v 3.373535 0.698000 -0.778144
v 3.440415 0.411600 -0.645064
v 3.771475 0.700000 -0.778144
v 3.770955 0.698000 -0.809414
v 3.763645 0.698000 -0.839924
v 3.641315 0.450800 -0.871504
v 3.505655 0.450800 -0.871504
v 3.521095 0.450800 -0.880954
v 3.665235 0.308970 -0.651864
v 3.425035 0.308970 -0.729904
v 3.721935 0.308970 -0.729904
v 3.511695 0.698000 -0.587984
v 3.483605 0.700000 -0.601744
v 3.482715 0.698000 -0.600004
v 3.752865 0.341600 -0.806554
v 3.759355 0.411600 -0.807584
v 3.761695 0.411600 -0.778144
v 3.426545 0.341600 -0.884894
v 3.411665 0.341600 -0.860594
v 3.405805 0.411600 -0.863574
v 3.445065 0.341600 -0.906564
v 3.411665 0.341600 -0.695694
v 3.524995 0.698200 -0.927384
v 3.502245 0.698200 -0.917944
v 3.481245 0.698200 -0.905094
v 3.462535 0.698200 -0.889094
v 3.424245 0.698200 -0.729644
v 3.433675 0.698200 -0.706904
v 3.446535 0.698200 -0.870374
v 3.433675 0.698200 -0.849374
v 3.424245 0.698200 -0.826634
v 3.418505 0.698200 -0.802684
v 3.700435 0.698200 -0.870374
v 3.684435 0.698200 -0.889094
v 3.416565 0.698200 -0.778144
v 3.418505 0.698200 -0.753594
v 3.722725 0.698200 -0.729644
v 3.728465 0.698200 -0.753594
v 3.730405 0.698200 -0.778144
v 3.728465 0.698200 -0.802684
v 3.722725 0.698200 -0.826634
v 3.713295 0.698200 -0.849374
v 3.454625 0.000000 -0.778144
v 3.456095 0.000000 -0.759544
v 3.432115 0.698000 -0.919514
v 3.770955 0.698000 -0.746864
v 3.573485 0.001460 -0.657314
v 3.536145 0.001460 -0.663224
v 3.689865 0.700000 -0.617964
v 3.663365 0.700000 -0.601744
v 3.664255 0.698000 -0.600004
v 3.536145 0.001460 -0.893054
v 3.554895 -0.000000 -0.895534
v 3.519525 -0.000000 -0.884034
v 3.518635 0.001460 -0.885794
v 3.634665 0.700000 -0.966444
v 3.604755 0.698000 -0.975614
v 3.655075 0.450800 -0.696544
v 3.671955 0.189030 -0.679674
v 3.449405 0.189030 -0.714924
v 3.688395 0.001460 -0.815474
v 3.746225 0.341600 -0.834264
v 3.735305 0.341600 -0.860594
v 3.720425 0.341600 -0.671384
v 3.706555 0.411600 -0.645064
v 3.720425 0.341600 -0.884894
v 3.387605 0.411600 -0.807584
v 3.394105 0.341600 -0.806554
v 3.400745 0.341600 -0.834264
v 3.394485 0.411600 -0.836304
v 3.477325 0.000000 -0.848004
v 3.475735 0.001460 -0.849164
v 3.598325 0.700000 -0.621284
v 3.573485 0.000000 -0.659274
v 3.592075 0.000000 -0.660754
v 3.592385 0.001460 -0.658814
v 3.488055 0.001460 -0.692704
v 3.502465 0.001460 -0.680384
v 3.395345 0.698000 -0.868904
v 3.482715 0.698000 -0.956274
v 3.483605 0.700000 -0.954534
v 3.644505 0.001460 -0.875894
v 3.536085 0.045990 -0.704744
v 3.668925 0.201600 -0.646784
v 3.684105 0.411600 -0.625874
v 3.530075 0.045990 -0.792244
v 3.554585 0.001460 -0.897474
v 3.573485 0.001460 -0.898964
v 3.475735 0.001460 -0.707124
v 3.465835 0.001460 -0.723294
v 3.458575 0.001460 -0.740804
v 3.460435 0.000000 -0.741414
v 3.688395 0.001460 -0.740804
v 3.681135 0.001460 -0.723294
v 3.713895 0.625800 -0.918554
v 3.518635 0.001460 -0.670494
v 3.658915 0.001460 -0.863574
v 3.671235 0.001460 -0.849164
v 3.751625 0.698000 -0.687374
v 3.671235 0.001460 -0.707124
v 3.658915 0.001460 -0.692704
v 3.695455 0.461080 -0.817774
v 3.644505 0.001460 -0.680384
v 3.454155 0.001460 -0.797044
v 3.456095 0.000000 -0.796734
v 3.610825 0.001460 -0.893054
v 3.592385 0.001460 -0.897474
v 3.377355 0.625800 -0.809204
v 3.483335 0.625800 -0.601214
v 3.609375 0.450800 -0.742244
v 3.377945 0.700000 -0.747174
v 3.692345 -0.000000 -0.778144
v 3.681135 0.001460 -0.832994
v 3.679385 -0.000000 -0.832094
v 3.543735 0.450800 -0.869694
v 3.610825 0.001460 -0.663224
v 3.532815 0.045990 -0.757424
v 3.640125 0.045990 -0.826564
v 3.457415 0.000000 -0.778144
v 3.479585 0.000000 -0.846364
v 3.541215 0.045990 -0.810414
v 3.618565 0.045990 -0.785284
v 3.598945 0.045990 -0.856484
v 3.689545 -0.000000 -0.778144
v 3.640125 0.045990 -0.729724
vt 0.707500 0.486200
vt 0.723400 0.489000
vt 0.540000 0.483700
vt 0.540000 0.480800
vt 0.621700 0.474900
vt 0.706100 0.471600
vt 0.707500 0.477600
vt 0.670800 0.362100
vt 0.693200 0.359900
vt 0.691800 0.364900
vt 0.294900 0.804000
vt 0.291200 0.798400
vt 0.303800 0.799100
vt 0.313500 0.801600
vt 0.958000 0.720000
vt 0.969900 0.711400
vt 0.985200 0.713200
vt 0.689500 0.388300
vt 0.698500 0.386500
vt 0.709500 0.387300
vt 0.721300 0.389400
vt 0.936000 0.113400
vt 0.946300 0.110800
vt 0.943300 0.117000
vt 0.924200 0.114700
vt 0.611600 0.534000
vt 0.592800 0.528500
vt 0.611800 0.528200
vt 0.943300 0.480200
vt 0.943300 0.470500
vt 0.957900 0.474400
vt 0.959100 0.478600
vt 0.960800 0.123100
vt 0.962400 0.116300
vt 0.981900 0.120100
vt 0.988800 0.127100
vt 0.759000 0.438400
vt 0.757400 0.430500
vt 0.768900 0.433600
vt 0.767700 0.440600
vt 0.720100 0.544200
vt 0.742800 0.550000
vt 0.719000 0.549900
vt 0.586400 0.344600
vt 0.661500 0.345700
vt 0.670900 0.350800
vt 0.504700 0.348700
vt 0.691400 0.347600
vt 0.684200 0.344300
vt 0.693400 0.345400
vt 0.376300 0.447900
vt 0.388700 0.447800
vt 0.391100 0.454600
vt 0.362400 0.455100
vt 0.774500 0.958400
vt 0.759300 0.951700
vt 0.789200 0.951200
vt 0.795400 0.958400
vt 0.977200 0.473200
vt 0.975300 0.477700
vt 0.984700 0.720500
vt 0.982600 0.724800
vt 0.990600 0.722800
vt 0.988200 0.729500
vt 0.589700 0.958200
vt 0.577300 0.958000
vt 0.574900 0.951200
vt 0.603700 0.951200
vt 0.464100 0.799800
vt 0.462100 0.793100
vt 0.475900 0.791700
vt 0.487700 0.797700
vt 0.942700 0.716600
vt 0.914900 0.705800
vt 0.943500 0.710800
vt 0.289800 0.801800
vt 0.268900 0.796800
vt 0.288700 0.795600
vt 0.019500 0.887000
vt 0.005900 0.892100
vt 0.015100 0.882000
vt 0.731100 0.625800
vt 0.733000 0.619300
vt 0.745700 0.619900
vt 0.758600 0.628400
vt 0.506700 0.530400
vt 0.488300 0.536700
vt 0.487500 0.530600
vt 0.504500 0.524700
vt 0.781600 0.981700
vt 0.769300 0.973900
vt 0.790400 0.975200
vt 0.797200 0.983400
vt 0.747000 0.820300
vt 0.760000 0.828500
vt 0.732400 0.826500
vt 0.734300 0.819800
vt 0.769000 0.367300
vt 0.770300 0.361100
vt 0.782000 0.360700
vt 0.794400 0.367500
vt 0.787400 0.674300
vt 0.769200 0.674400
vt 0.770000 0.667900
vt 0.786800 0.667900
vt 0.239400 0.756200
vt 0.245300 0.759900
vt 0.223400 0.768200
vt 0.221900 0.761900
vt 0.259000 0.801500
vt 0.259100 0.795600
vt 0.914200 0.717000
vt 0.923800 0.719500
vt 0.303800 0.789200
vt 0.322000 0.792900
vt 0.323600 0.797500
vt 0.563200 0.533300
vt 0.583300 0.533400
vt 0.582100 0.535800
vt 0.098100 0.834600
vt 0.081600 0.827300
vt 0.093400 0.825300
vt 0.101300 0.827900
vt 0.648300 0.526400
vt 0.648300 0.532900
vt 0.632600 0.531700
vt 0.632500 0.525300
vt 0.945500 0.084200
vt 0.971500 0.081400
vt 0.959300 0.089600
vt 0.931700 0.092900
vt 0.689600 0.395900
vt 0.721100 0.399500
vt 0.709600 0.400100
vt 0.687200 0.400700
vt 0.622200 0.613400
vt 0.724100 0.615100
vt 0.697300 0.617400
vt 0.622100 0.617000
vt 0.746000 0.384300
vt 0.745600 0.390700
vt 0.734800 0.389200
vt 0.736000 0.384500
vt 0.586600 0.401000
vt 0.585700 0.393300
vt 0.661500 0.392600
vt 0.661900 0.397100
vt 0.504800 0.352300
vt 0.504200 0.357500
vt 0.806300 0.353500
vt 0.830900 0.350700
vt 0.806400 0.360500
vt 0.886200 0.185900
vt 0.913200 0.190100
vt 0.900500 0.196300
vt 0.885500 0.193900
vt 0.746100 0.966000
vt 0.726800 0.965200
vt 0.736200 0.958500
vt 0.747100 0.958700
vt 0.693400 0.353700
vt 0.688300 0.348300
vt 0.698700 0.349300
vt 0.709400 0.353800
vt 0.709400 0.362100
vt 0.698700 0.357800
vt 0.696800 0.481900
vt 0.540000 0.476200
vt 0.540000 0.471700
vt 0.448400 0.347300
vt 0.419400 0.354400
vt 0.419300 0.347700
vt 0.448400 0.343600
vt 0.741800 0.913000
vt 0.766300 0.920700
vt 0.741800 0.919900
vt 0.786700 0.585300
vt 0.800300 0.589600
vt 0.775300 0.594300
vt 0.775300 0.587900
vt 0.659000 0.797200
vt 0.676500 0.805300
vt 0.657000 0.805400
vt 0.640200 0.795900
vt 0.922900 0.119100
vt 0.944400 0.123800
vt 0.730300 0.355400
vt 0.721300 0.350400
vt 0.737500 0.346200
vt 0.738100 0.353200
vt 0.979900 0.021900
vt 0.982000 0.029400
vt 0.959500 0.024400
vt 0.960500 0.017600
vt 0.397700 0.741200
vt 0.426300 0.754800
vt 0.419900 0.760200
vt 0.397400 0.749700
vt 0.557700 0.198100
vt 0.576900 0.198900
vt 0.558600 0.205400
vt 0.539800 0.204000
vt 0.536000 0.543100
vt 0.556900 0.542800
vt 0.558300 0.549900
vt 0.534100 0.550200
vt 0.621800 0.626100
vt 0.706900 0.622100
vt 0.697000 0.625900
vt 0.903800 0.116500
vt 0.921000 0.123500
vt 0.895300 0.118400
vt 0.938800 0.207600
vt 0.939800 0.200100
vt 0.952300 0.201300
vt 0.965100 0.209300
vt 0.920400 0.129600
vt 0.928800 0.124700
vt 0.936000 0.135300
vt 0.920600 0.124100
vt 0.933800 0.130600
vt 0.219700 0.755700
vt 0.238200 0.749800
vt 0.155300 0.795000
vt 0.140300 0.802600
vt 0.140400 0.796300
vt 0.168200 0.782400
vt 0.481600 0.450500
vt 0.420800 0.455400
vt 0.419000 0.450300
vt 0.484200 0.445700
vt 0.906900 0.981300
vt 0.942300 0.983800
vt 0.924800 0.987500
vt 0.908800 0.986900
vt 0.961300 0.010600
vt 0.983700 0.015700
vt 0.899000 0.961800
vt 0.905900 0.962200
vt 0.903000 0.970200
vt 0.897800 0.969200
vt 0.377200 0.724700
vt 0.381300 0.730600
vt 0.362700 0.735900
vt 0.360400 0.730800
vt 0.779900 0.543200
vt 0.795100 0.548000
vt 0.768100 0.549400
vt 0.764100 0.544000
vt 0.418700 0.564000
vt 0.377900 0.578500
vt 0.375300 0.572400
vt 0.418100 0.559900
vt 0.838400 0.330000
vt 0.824700 0.323900
vt 0.850900 0.325400
vt 0.863000 0.334300
vt 0.747700 0.865700
vt 0.729400 0.865800
vt 0.728700 0.859100
vt 0.764500 0.859800
vt 0.899400 0.504400
vt 0.908700 0.509000
vt 0.888000 0.509100
vt 0.889800 0.504900
vt 0.861600 0.648300
vt 0.843700 0.642400
vt 0.883400 0.640800
vt 0.880200 0.647700
vt 0.947400 0.468000
vt 0.958100 0.468600
vt 0.932100 0.467100
vt 0.923700 0.471300
vt 0.903300 0.471800
vt 0.627000 0.327100
vt 0.608600 0.326900
vt 0.608000 0.320200
vt 0.627400 0.320700
vt 0.406000 0.795100
vt 0.381100 0.790500
vt 0.406600 0.789300
vt 0.714700 0.578500
vt 0.674200 0.572700
vt 0.671400 0.565200
vt 0.732000 0.574900
vt 0.620600 0.496700
vt 0.643100 0.501100
vt 0.619200 0.504100
vt 0.504900 0.382700
vt 0.661900 0.387200
vt 0.504200 0.391900
vt 0.419600 0.384000
vt 0.419400 0.377300
vt 0.448500 0.378600
vt 0.609800 0.528600
vt 0.953200 0.707600
vt 0.958900 0.708600
vt 0.958300 0.714000
vt 0.950100 0.714400
vt 0.761700 0.753400
vt 0.734800 0.752100
vt 0.738800 0.745600
vt 0.758800 0.746400
vt 0.693100 0.745500
vt 0.692000 0.752500
vt 0.642100 0.753700
vt 0.642100 0.746500
vt 0.760500 0.814500
vt 0.786700 0.813800
vt 0.773400 0.822000
vt 0.760400 0.821300
vt 0.838000 0.819500
vt 0.839900 0.826700
vt 0.821300 0.828600
vt 0.820100 0.821000
vt 0.901900 0.542200
vt 0.917200 0.548700
vt 0.875700 0.549300
vt 0.889000 0.542700
vt 0.982100 0.115800
vt 0.044600 0.812800
vt 0.008000 0.799900
vt 0.027200 0.799700
vt 0.045600 0.806100
vt 0.087600 0.814800
vt 0.084700 0.821100
vt 0.078300 0.810500
vt 0.672700 0.812900
vt 0.692200 0.812100
vt 0.690400 0.820300
vt 0.673600 0.820700
vt 0.688700 0.528800
vt 0.661100 0.515600
vt 0.678900 0.514200
vt 0.692400 0.522100
vt 0.035200 0.910000
vt 0.084400 0.920100
vt 0.083800 0.926800
vt 0.033300 0.913700
vt 0.292800 0.825600
vt 0.279400 0.817700
vt 0.305100 0.820400
vt 0.305500 0.826700
vt 0.849100 0.356600
vt 0.884000 0.359100
vt 0.818700 0.366700
vt 0.215800 0.917800
vt 0.188900 0.915400
vt 0.216000 0.910600
vt 0.949500 0.719600
vt 0.919100 0.751900
vt 0.894200 0.751200
vt 0.897800 0.745000
vt 0.916200 0.745500
vt 0.855800 0.745600
vt 0.854900 0.752200
vt 0.809100 0.754200
vt 0.808900 0.747400
vt 0.160900 0.873700
vt 0.213500 0.889000
vt 0.212500 0.895600
vt 0.158600 0.877100
vt 0.601100 0.873700
vt 0.655700 0.868800
vt 0.657100 0.875400
vt 0.600200 0.877700
vt 0.183900 0.959500
vt 0.184200 0.964400
vt 0.167800 0.967100
vt 0.167500 0.962000
vt 0.532600 0.703700
vt 0.546100 0.700900
vt 0.545000 0.708000
vt 0.533800 0.710200
vt 0.868800 0.954500
vt 0.867700 0.963400
vt 0.864300 0.960300
vt 0.867500 0.953300
vt 0.211900 0.979000
vt 0.161600 0.984500
vt 0.160800 0.978200
vt 0.212900 0.975000
vt 0.915600 0.182800
vt 0.896700 0.176700
vt 0.898500 0.173500
vt 0.916500 0.179300
vt 0.869200 0.388200
vt 0.820100 0.388000
vt 0.821400 0.380000
vt 0.871800 0.382500
vt 0.766600 0.385400
vt 0.764600 0.393200
vt 0.476900 0.358200
vt 0.447900 0.359300
vt 0.448500 0.352200
vt 0.477600 0.351500
vt 0.483600 0.480200
vt 0.483700 0.474200
vt 0.512800 0.475600
vt 0.512700 0.481600
vt 0.916100 0.541700
vt 0.511100 0.129900
vt 0.487900 0.138800
vt 0.481900 0.132600
vt 0.511600 0.121500
vt 0.076400 0.980100
vt 0.041000 0.975600
vt 0.076200 0.970300
vt 0.409100 0.635600
vt 0.406700 0.642400
vt 0.379800 0.633400
vt 0.379800 0.627500
vt 0.495100 0.846400
vt 0.556500 0.846800
vt 0.557800 0.853400
vt 0.493700 0.850300
vt 0.547400 0.804200
vt 0.545300 0.796500
vt 0.565600 0.796500
vt 0.569800 0.804000
vt 0.476000 0.805100
vt 0.454500 0.804600
vt 0.302300 0.440500
vt 0.322900 0.439700
vt 0.322800 0.448300
vt 0.305300 0.448700
vt 0.095700 0.863500
vt 0.078400 0.871300
vt 0.075500 0.863800
vt 0.090400 0.857500
vt 0.032500 0.888800
vt 0.019800 0.894100
vt 0.030100 0.882700
vt 0.589600 0.965300
vt 0.574000 0.965600
vt 0.663500 0.966800
vt 0.642900 0.967300
vt 0.643200 0.958600
vt 0.660700 0.958600
vt 0.959900 0.055600
vt 0.933700 0.047600
vt 0.947500 0.045300
vt 0.981600 0.059400
vt 0.978500 0.440500
vt 0.996800 0.439600
vt 0.994300 0.447800
vt 0.978600 0.448300
vt 0.963500 0.796900
vt 0.974100 0.804000
vt 0.951100 0.804500
vt 0.939100 0.796400
vt 0.908100 0.770400
vt 0.874400 0.772700
vt 0.872600 0.766600
vt 0.922400 0.763500
vt 0.809500 0.767100
vt 0.838400 0.768000
vt 0.824400 0.773600
vt 0.794100 0.771200
vt 0.785000 0.429800
vt 0.795300 0.431300
vt 0.794000 0.436100
vt 0.778600 0.434800
vt 0.068100 0.945000
vt 0.098800 0.958200
vt 0.094900 0.963100
vt 0.070900 0.953100
vt 0.633400 0.666800
vt 0.632100 0.662900
vt 0.646600 0.664100
vt 0.648500 0.668500
vt 0.691800 0.648400
vt 0.689700 0.654700
vt 0.640900 0.644800
vt 0.640600 0.640800
vt 0.693900 0.981300
vt 0.690000 0.974000
vt 0.731100 0.973200
vt 0.731800 0.980200
vt 0.755500 0.980400
vt 0.754400 0.987400
vt 0.190900 0.921600
vt 0.344500 0.681800
vt 0.328400 0.671500
vt 0.328500 0.663600
vt 0.349200 0.676900
vt 0.928100 0.061200
vt 0.928300 0.066300
vt 0.911600 0.064800
vt 0.912100 0.059700
vt 0.928000 0.159100
vt 0.929200 0.167100
vt 0.881100 0.150200
vt 0.881000 0.143200
vt 0.606100 0.921200
vt 0.606700 0.914600
vt 0.656900 0.914300
vt 0.658200 0.918300
vt 0.563600 0.921000
vt 0.557800 0.914400
vt 0.572200 0.914500
vt 0.587100 0.921000
vt 0.796100 0.965300
vt 0.760200 0.965700
vt 0.590400 0.185200
vt 0.594500 0.191300
vt 0.474200 0.418200
vt 0.490100 0.416200
vt 0.489000 0.422800
vt 0.456800 0.427100
vt 0.913900 0.722300
vt 0.923300 0.723900
vt 0.592600 0.536300
vt 0.092400 0.893700
vt 0.069300 0.884500
vt 0.070900 0.878800
vt 0.095900 0.886700
vt 0.694200 0.797800
vt 0.695700 0.805000
vt 0.855800 0.709700
vt 0.877600 0.717700
vt 0.856400 0.717500
vt 0.830600 0.708900
vt 0.798400 0.708100
vt 0.799600 0.715100
vt 0.779000 0.714500
vt 0.781300 0.708000
vt 0.420700 0.694400
vt 0.400200 0.696600
vt 0.401700 0.688900
vt 0.418400 0.686800
vt 0.800900 0.893000
vt 0.784100 0.896400
vt 0.786600 0.889900
vt 0.805500 0.885800
vt 0.900900 0.939600
vt 0.891500 0.934600
vt 0.918200 0.928200
vt 0.919200 0.934700
vt 0.829100 0.928900
vt 0.869900 0.933000
vt 0.853400 0.936300
vt 0.828700 0.932500
vt 0.542800 0.885800
vt 0.542100 0.892500
vt 0.523800 0.892400
vt 0.523500 0.886000
vt 0.958200 0.640700
vt 0.970600 0.640100
vt 0.970100 0.645000
vt 0.951200 0.646000
vt 0.737100 0.436200
vt 0.740900 0.445500
vt 0.716400 0.451400
vt 0.713400 0.443000
vt 0.510000 0.976900
vt 0.498700 0.969400
vt 0.525600 0.969000
vt 0.524500 0.977400
vt 0.867400 0.562900
vt 0.870800 0.568900
vt 0.854700 0.575100
vt 0.851900 0.568500
vt 0.821800 0.577500
vt 0.833000 0.566200
vt 0.852600 0.560700
vt 0.512900 0.622800
vt 0.483800 0.622900
vt 0.484000 0.616600
vt 0.513100 0.616600
vt 0.960200 0.598100
vt 0.960300 0.591900
vt 0.981100 0.592600
vt 0.978300 0.598300
vt 0.805100 0.667800
vt 0.808500 0.674200
vt 0.857500 0.797200
vt 0.887400 0.796700
vt 0.890800 0.803600
vt 0.830300 0.804100
vt 0.683700 0.771200
vt 0.679300 0.763500
vt 0.700400 0.763600
vt 0.703100 0.771500
vt 0.753800 0.773000
vt 0.732400 0.764900
vt 0.763600 0.765400
vt 0.861400 0.858700
vt 0.860800 0.866600
vt 0.844000 0.866800
vt 0.841900 0.858700
vt 0.602900 0.581100
vt 0.613500 0.583300
vt 0.612900 0.587400
vt 0.596400 0.584800
vt 0.806700 0.693700
vt 0.797300 0.686500
vt 0.842200 0.686800
vt 0.862500 0.693000
vt 0.979500 0.265600
vt 0.989800 0.271700
vt 0.964100 0.272200
vt 0.968200 0.264500
vt 0.735800 0.738200
vt 0.721200 0.745300
vt 0.720800 0.738300
vt 0.645000 0.928700
vt 0.664500 0.928200
vt 0.662600 0.936400
vt 0.645800 0.936500
vt 0.238300 0.848800
vt 0.238300 0.855300
vt 0.227900 0.856500
vt 0.217000 0.850300
vt 0.718300 0.394800
vt 0.682800 0.392500
vt 0.580700 0.424200
vt 0.536000 0.417300
vt 0.558600 0.413000
vt 0.584600 0.417400
vt 0.739700 0.668200
vt 0.758300 0.668000
vt 0.757400 0.674400
vt 0.739100 0.674000
vt 0.770800 0.653100
vt 0.771800 0.647500
vt 0.788100 0.648400
vt 0.787500 0.655300
vt 0.844200 0.648700
vt 0.086000 0.800500
vt 0.070900 0.798000
vt 0.072700 0.792400
vt 0.087700 0.793600
vt 0.785000 0.629900
vt 0.772200 0.622000
vt 0.818800 0.621900
vt 0.819800 0.629500
vt 0.759400 0.614300
vt 0.759200 0.621200
vt 0.745900 0.612800
vt 0.723000 0.709900
vt 0.680500 0.707000
vt 0.700500 0.701600
vt 0.725200 0.703700
vt 0.522500 0.719300
vt 0.499100 0.724400
vt 0.509600 0.715300
vt 0.521300 0.712900
vt 0.465700 0.716500
vt 0.484200 0.712100
vt 0.485600 0.720000
vt 0.469800 0.723400
vt 0.840400 0.135700
vt 0.839000 0.128100
vt 0.855100 0.134100
vt 0.854300 0.140600
vt 0.726700 0.942800
vt 0.707200 0.943800
vt 0.708900 0.935600
vt 0.725700 0.935000
vt 0.503100 0.599700
vt 0.503500 0.606300
vt 0.491400 0.606700
vt 0.491000 0.599800
vt 0.636000 0.982700
vt 0.635000 0.974800
vt 0.657600 0.977600
vt 0.655400 0.984700
vt 0.406200 0.594900
vt 0.403500 0.600500
vt 0.388400 0.596800
vt 0.377300 0.591100
vt 0.895000 0.738200
vt 0.881600 0.745100
vt 0.881100 0.738500
vt 0.479100 0.559900
vt 0.505700 0.569400
vt 0.502100 0.576500
vt 0.476700 0.567400
vt 0.941900 0.943500
vt 0.926200 0.940000
vt 0.939900 0.938000
vt 0.816900 0.423800
vt 0.799000 0.419700
vt 0.799900 0.413000
vt 0.818600 0.417600
vt 0.633100 0.573500
vt 0.617300 0.571900
vt 0.634900 0.567900
vt 0.645100 0.568900
vt 0.537400 0.772200
vt 0.517100 0.763500
vt 0.560400 0.766600
vt 0.558300 0.773400
vt 0.644200 0.327400
vt 0.671200 0.328400
vt 0.671900 0.333100
vt 0.628500 0.334300
vt 0.922800 0.009200
vt 0.927800 0.017200
vt 0.911600 0.013800
vt 0.912900 0.008300
vt 0.833500 0.543000
vt 0.836900 0.548700
vt 0.807600 0.547800
vt 0.805000 0.542400
vt 0.731000 0.360600
vt 0.717600 0.358800
vt 0.720900 0.353200
vt 0.982000 0.114300
vt 0.991100 0.108900
vt 0.988800 0.116400
vt 0.348800 0.706800
vt 0.325700 0.701000
vt 0.348100 0.699500
vt 0.297000 0.690300
vt 0.296000 0.695400
vt 0.278600 0.693400
vt 0.277000 0.688800
vt 0.922400 0.477600
vt 0.903400 0.475100
vt 0.160200 0.949800
vt 0.161500 0.954600
vt 0.136900 0.956100
vt 0.218800 0.963200
vt 0.195000 0.955900
vt 0.204700 0.950300
vt 0.220900 0.955900
vt 0.192700 0.834400
vt 0.209900 0.828300
vt 0.212800 0.834300
vt 0.194500 0.840500
vt 0.176400 0.840200
vt 0.150700 0.848600
vt 0.148400 0.844400
vt 0.188700 0.828200
vt 0.112600 0.972700
vt 0.114500 0.982900
vt 0.094700 0.980500
vt 0.091100 0.970100
vt 0.768300 0.354400
vt 0.794000 0.354400
vt 0.875700 0.687000
vt 0.861200 0.686900
vt 0.875500 0.681200
vt 0.816800 0.680000
vt 0.846200 0.679700
vt 0.068300 0.814200
vt 0.057900 0.817700
vt 0.509200 0.823200
vt 0.490900 0.822000
vt 0.490700 0.815300
vt 0.510000 0.816900
vt 0.526300 0.824400
vt 0.553300 0.826900
vt 0.553700 0.831600
vt 0.510300 0.830400
vt 0.563200 0.686400
vt 0.525400 0.686000
vt 0.564000 0.680200
vt 0.890200 0.395200
vt 0.821400 0.395600
vt 0.905300 0.522700
vt 0.954200 0.511100
vt 0.956400 0.517500
vt 0.905100 0.526900
vt 0.970000 0.507100
vt 0.987700 0.503000
vt 0.974700 0.512800
vt 0.515100 0.756500
vt 0.514500 0.749600
vt 0.577300 0.747300
vt 0.581100 0.751900
vt 0.854700 0.167100
vt 0.829800 0.156500
vt 0.854300 0.161500
vt 0.243800 0.817000
vt 0.224700 0.814100
vt 0.241700 0.810200
vt 0.766000 0.687900
vt 0.757400 0.688600
vt 0.750900 0.682900
vt 0.776300 0.680600
vt 0.977600 0.707200
vt 0.985400 0.390200
vt 0.964300 0.382400
vt 0.985200 0.383700
vt 0.455400 0.818800
vt 0.471800 0.828000
vt 0.454500 0.825900
vt 0.655300 0.820900
vt 0.653500 0.813800
vt 0.792700 0.870900
vt 0.749400 0.872800
vt 0.764900 0.865600
vt 0.792000 0.866200
vt 0.151100 0.782300
vt 0.190300 0.764700
vt 0.182800 0.775500
vt 0.635900 0.204000
vt 0.633200 0.208900
vt 0.618100 0.204900
vt 0.607000 0.199700
vt 0.481700 0.913800
vt 0.518500 0.906200
vt 0.500700 0.914300
vt 0.525000 0.518600
vt 0.530700 0.523400
vt 0.557700 0.510300
vt 0.554300 0.505300
vt 0.580900 0.495900
vt 0.581500 0.502200
vt 0.909900 0.348000
vt 0.912700 0.353100
vt 0.882100 0.352800
vt 0.954000 0.825500
vt 0.955300 0.818100
vt 0.974100 0.812100
vt 0.976200 0.818500
vt 0.083900 0.943200
vt 0.073000 0.940100
vt 0.074400 0.936500
vt 0.096200 0.936200
vt 0.039400 0.871600
vt 0.061400 0.862100
vt 0.052900 0.873000
vt 0.041800 0.877600
vt 0.476800 0.391800
vt 0.477700 0.401800
vt 0.448500 0.401700
vt 0.447800 0.391300
vt 0.993600 0.280700
vt 0.992300 0.289400
vt 0.971800 0.282200
vt 0.972100 0.274000
vt 0.955800 0.269600
vt 0.953700 0.276300
vt 0.927100 0.267900
vt 0.928100 0.263200
vt 0.325500 0.770400
vt 0.324200 0.779000
vt 0.303700 0.771900
vt 0.304000 0.763700
vt 0.287700 0.759200
vt 0.285600 0.766000
vt 0.259000 0.757600
vt 0.260100 0.752800
vt 0.708600 0.415000
vt 0.709900 0.421600
vt 0.657700 0.438500
vt 0.655300 0.435100
vt 0.991500 0.799900
vt 0.974000 0.795900
vt 0.992100 0.791300
vt 0.467700 0.539900
vt 0.461500 0.543300
vt 0.454500 0.540500
vt 0.471500 0.530100
vt 0.663000 0.701100
vt 0.626600 0.706900
vt 0.626000 0.713500
vt 0.583500 0.714000
vt 0.567500 0.711000
vt 0.448500 0.365800
vt 0.477600 0.364400
vt 0.477500 0.368800
vt 0.448400 0.370300
vt 0.540100 0.465000
vt 0.169500 0.819100
vt 0.185800 0.819100
vt 0.185900 0.826200
vt 0.170300 0.824200
vt 0.313100 0.664000
vt 0.298900 0.659900
vt 0.301400 0.653900
vt 0.314600 0.657300
vt 0.976300 0.935200
vt 0.949500 0.934100
vt 0.977300 0.928200
vt 0.379600 0.695300
vt 0.380100 0.701400
vt 0.360400 0.709800
vt 0.519300 0.583000
vt 0.523400 0.576900
vt 0.535400 0.589100
vt 0.563200 0.593900
vt 0.560900 0.598000
vt 0.867400 0.588200
vt 0.882400 0.587300
vt 0.881400 0.594100
vt 0.867500 0.594300
vt 0.786800 0.771500
vt 0.787200 0.766700
vt 0.968200 0.469700
vt 0.956200 0.469600
vt 0.957800 0.464300
vt 0.967200 0.462300
vt 0.798000 0.427500
vt 0.816900 0.431100
vt 0.833700 0.427700
vt 0.859800 0.434500
vt 0.859500 0.439200
vt 0.323300 0.847500
vt 0.322100 0.855500
vt 0.303200 0.848900
vt 0.303500 0.841300
vt 0.932800 0.967400
vt 0.909300 0.958000
vt 0.909000 0.953900
vt 0.946800 0.966800
vt 0.744000 0.934600
vt 0.745800 0.941700
vt 0.761300 0.934200
vt 0.788300 0.934300
vt 0.789200 0.939000
vt 0.333800 0.737800
vt 0.332900 0.745900
vt 0.319600 0.739600
vt 0.319700 0.732100
vt 0.305700 0.734500
vt 0.282200 0.727100
vt 0.281900 0.722600
vt 0.541200 0.900300
vt 0.522100 0.899500
vt 0.506500 0.892300
vt 0.478700 0.897600
vt 0.479500 0.892900
vt 0.879100 0.866100
vt 0.880600 0.858900
vt 0.896300 0.865600
vt 0.924000 0.859500
vt 0.923300 0.864200
vt 0.922700 0.646500
vt 0.923200 0.640000
vt 0.627400 0.936500
vt 0.625800 0.929300
vt 0.610200 0.936400
vt 0.583200 0.935600
vt 0.582500 0.930900
vt 0.850600 0.773600
vt 0.964300 0.670900
vt 0.941800 0.662200
vt 0.965800 0.662700
vt 0.531700 0.424500
vt 0.511700 0.422800
vt 0.514200 0.416100
vt 0.533900 0.409800
vt 0.948200 0.719400
vt 0.978300 0.726700
vt 0.958600 0.722900
vt 0.808000 0.798700
vt 0.823700 0.797600
vt 0.822200 0.804100
vt 0.807500 0.803700
vt 0.961800 0.620700
vt 0.963000 0.614900
vt 0.978400 0.617800
vt 0.978100 0.625300
vt 0.032500 0.937200
vt 0.049600 0.946000
vt 0.031600 0.942100
vt 0.294700 0.745900
vt 0.276700 0.741700
vt 0.295400 0.739600
vt 0.767400 0.468300
vt 0.792200 0.480200
vt 0.765500 0.475800
vt 0.617200 0.865600
vt 0.587900 0.869600
vt 0.051800 0.906700
vt 0.024800 0.902500
vt 0.654500 0.654400
vt 0.628400 0.647600
vt 0.912600 0.002600
vt 0.923000 0.002000
vt 0.561000 0.706100
vt 0.548400 0.713700
vt 0.746000 0.544000
vt 0.885500 0.618400
vt 0.888000 0.624100
vt 0.856400 0.627900
vt 0.854900 0.620900
vt 0.470300 0.976900
vt 0.454500 0.979000
vt 0.458900 0.971700
vt 0.471600 0.970100
vt 0.486800 0.962600
vt 0.524900 0.960700
vt 0.485600 0.969300
vt 0.178900 0.872000
vt 0.150100 0.865100
vt 0.709200 0.821100
vt 0.127800 0.908800
vt 0.153800 0.911200
vt 0.142400 0.913800
vt 0.127000 0.912800
vt 0.616500 0.982000
vt 0.635000 0.989200
vt 0.616900 0.988700
vt 0.477800 0.593400
vt 0.504900 0.593600
vt 0.478600 0.599400
vt 0.284700 0.881900
vt 0.261700 0.882000
vt 0.267300 0.878300
vt 0.283200 0.877800
vt 0.666200 0.771400
vt 0.665100 0.764000
vt 0.710100 0.652300
vt 0.723100 0.661500
vt 0.705400 0.658100
vt 0.919000 0.512700
vt 0.892700 0.520300
vt 0.937700 0.280600
vt 0.962300 0.286300
vt 0.950200 0.289400
vt 0.923900 0.284600
vt 0.905000 0.286500
vt 0.922000 0.279500
vt 0.631500 0.789300
vt 0.648100 0.789500
vt 0.623200 0.795300
vt 0.886100 0.967300
vt 0.890500 0.961700
vt 0.888000 0.972900
vt 0.897000 0.971300
vt 0.894900 0.974300
vt 0.675700 0.439600
vt 0.647200 0.447400
vt 0.041500 0.982200
vt 0.576800 0.846700
vt 0.600400 0.846900
vt 0.581600 0.853300
vt 0.929500 0.823100
vt 0.681400 0.937400
vt 0.821700 0.202100
vt 0.844200 0.209300
vt 0.807800 0.207800
vt 0.808500 0.200900
vt 0.890500 0.711000
vt 0.894300 0.717900
vt 0.828300 0.950800
vt 0.862000 0.965300
vt 0.838400 0.962000
vt 0.825900 0.957200
vt 0.951700 0.123100
vt 0.958200 0.119500
vt 0.958300 0.131000
vt 0.951600 0.133900
vt 0.725600 0.387200
vt 0.726800 0.392300
vt 0.670200 0.356600
vt 0.687100 0.347400
vt 0.670000 0.356600
vt 0.801100 0.821600
vt 0.800900 0.813300
vt 0.823100 0.813100
vt 0.809600 0.779800
vt 0.824900 0.780600
vt 0.145300 0.986700
vt 0.127000 0.989300
vt 0.141900 0.980900
vt 0.609300 0.334700
vt 0.611600 0.523600
vt 0.837400 0.482100
vt 0.818600 0.473700
vt 0.854800 0.472500
vt 0.855700 0.480200
vt 0.942200 0.597900
vt 0.941700 0.604600
vt 0.821600 0.334300
vt 0.805900 0.327900
vt 0.821600 0.327400
vt 0.268400 0.791300
vt 0.951000 0.548600
vt 0.940200 0.541500
vt 0.950900 0.541700
vt 0.610200 0.815900
vt 0.638000 0.821000
vt 0.611000 0.820600
vt 0.850300 0.412300
vt 0.860900 0.419400
vt 0.856800 0.420100
vt 0.848900 0.417100
vt 0.968100 0.479200
vt 0.974000 0.235400
vt 0.994700 0.247100
vt 0.972300 0.241000
vt 0.946400 0.175200
vt 0.965100 0.174300
vt 0.932200 0.184100
vt 0.629800 0.951000
vt 0.616600 0.958200
vt 0.603600 0.958100
vt 0.592900 0.504000
vt 0.607500 0.495900
vt 0.881300 0.943100
vt 0.327400 0.694300
vt 0.975700 0.233300
vt 0.990500 0.223800
vt 0.988800 0.233300
vt 0.662100 0.506700
vt 0.641400 0.508500
vt 0.496800 0.769400
vt 0.496400 0.775200
vt 0.476300 0.772100
vt 0.631900 0.169900
vt 0.634300 0.174000
vt 0.025200 0.953200
vt 0.002000 0.944400
vt 0.025500 0.945800
vt 0.738400 0.799400
vt 0.739100 0.804100
vt 0.741700 0.704000
vt 0.748800 0.710700
vt 0.739500 0.710700
vt 0.843800 0.123400
vt 0.820700 0.120700
vt 0.819200 0.113400
vt 0.107100 0.910500
vt 0.092800 0.909500
vt 0.094700 0.903200
vt 0.107800 0.903200
vt 0.378300 0.795500
vt 0.362500 0.787600
vt 0.277300 0.823000
vt 0.623400 0.537800
vt 0.987800 0.080900
vt 0.979500 0.073300
vt 0.989000 0.075400
vt 0.881000 0.333800
vt 0.862100 0.327400
vt 0.880500 0.326700
vt 0.151400 0.962200
vt 0.148600 0.967900
vt 0.943500 0.441000
vt 0.926200 0.446900
vt 0.913700 0.440700
vt 0.754900 0.889400
vt 0.770300 0.890600
vt 0.769400 0.896800
vt 0.741300 0.891700
vt 0.725300 0.655200
vt 0.932600 0.240800
vt 0.952100 0.248500
vt 0.950600 0.254500
vt 0.931400 0.244800
vt 0.905700 0.239000
vt 0.920000 0.239600
vt 0.920800 0.243800
vt 0.528600 0.921900
vt 0.552500 0.921800
vt 0.551200 0.927700
vt 0.525200 0.926900
vt 0.827900 0.160700
vt 0.811300 0.155300
vt 0.903300 0.463500
vt 0.934100 0.462300
vt 0.602000 0.853500
vt 0.690100 0.935000
vt 0.825200 0.868300
vt 0.154200 0.758000
vt 0.142800 0.755200
vt 0.170100 0.751600
vt 0.169000 0.757200
vt 0.962600 0.387600
vt 0.947900 0.382500
vt 0.196300 0.986700
vt 0.223600 0.982800
vt 0.730200 0.873600
vt 0.887700 0.662000
vt 0.900400 0.667900
vt 0.871500 0.668100
vt 0.837200 0.661200
vt 0.760300 0.958700
vt 0.745000 0.952000
vt 0.152600 0.822800
vt 0.154700 0.818800
vt 0.805300 0.452400
vt 0.776400 0.451800
vt 0.789200 0.446100
vt 0.839800 0.445800
vt 0.885900 0.466900
vt 0.885000 0.472000
vt 0.259000 0.905900
vt 0.297800 0.907500
vt 0.296300 0.912500
vt 0.259500 0.913900
vt 0.430000 0.565600
vt 0.407800 0.574800
vt 0.560400 0.780200
vt 0.536300 0.779300
vt 0.783300 0.393600
vt 0.803600 0.387300
vt 0.827200 0.642800
vt 0.826200 0.649000
vt 0.806500 0.649000
vt 0.787500 0.641800
vt 0.783600 0.378000
vt 0.806400 0.380100
vt 0.925900 0.198700
vt 0.924900 0.206500
vt 0.887100 0.202200
vt 0.934100 0.472800
vt 0.930900 0.467200
vt 0.941900 0.476200
vt 0.726600 0.364400
vt 0.718200 0.363100
vt 0.597600 0.982300
vt 0.597900 0.987700
vt 0.557800 0.985400
vt 0.929200 0.829900
vt 0.915200 0.823300
vt 0.931500 0.548200
vt 0.929300 0.541400
vt 0.158200 0.919700
vt 0.168900 0.924900
vt 0.159200 0.926100
vt 0.510600 0.804300
vt 0.499200 0.797400
vt 0.525300 0.796600
vt 0.524200 0.804500
vt 0.781800 0.801800
vt 0.794000 0.798600
vt 0.513100 0.839900
vt 0.480600 0.841000
vt 0.748900 0.578600
vt 0.735600 0.576700
vt 0.735100 0.570400
vt 0.761700 0.571400
vt 0.720900 0.764500
vt 0.721300 0.772100
vt 0.608000 0.423500
vt 0.605300 0.430000
vt 0.562400 0.886200
vt 0.577700 0.891900
vt 0.558900 0.892700
vt 0.711900 0.539900
vt 0.710500 0.544900
vt 0.783800 0.439100
vt 0.794200 0.440600
vt 0.688500 0.383400
vt 0.924700 0.597400
vt 0.924200 0.602900
vt 0.887600 0.597200
vt 0.647800 0.537400
vt 0.636600 0.537400
vt 0.625200 0.535200
vt 0.472400 0.411000
vt 0.490500 0.409000
vt 0.612600 0.701900
vt 0.544000 0.970100
vt 0.546800 0.978300
vt 0.118200 0.926900
vt 0.103900 0.915500
vt 0.120100 0.920000
vt 0.454500 0.565400
vt 0.457900 0.561000
vt 0.473400 0.573400
vt 0.941500 0.710700
vt 0.945900 0.705600
vt 0.804700 0.655900
vt 0.827500 0.655500
vt 0.641300 0.907800
vt 0.668500 0.909000
vt 0.419000 0.390100
vt 0.520400 0.178500
vt 0.543400 0.169400
vt 0.525400 0.184000
vt 0.573000 0.325700
vt 0.589800 0.335000
vt 0.572500 0.332800
vt 0.225700 0.822500
vt 0.231100 0.827500
vt 0.206500 0.821200
vt 0.536200 0.914700
vt 0.519000 0.912900
vt 0.537300 0.906800
vt 0.336500 0.440000
vt 0.349400 0.448300
vt 0.337100 0.448300
vt 0.176000 0.917600
vt 0.178900 0.923600
vt 0.477500 0.343400
vt 0.540000 0.626600
vt 0.512700 0.628500
vt 0.540200 0.622100
vt 0.362400 0.441200
vt 0.362400 0.448200
vt 0.025400 0.832100
vt 0.040300 0.838200
vt 0.010700 0.835400
vt 0.009900 0.831500
vt 0.889400 0.501400
vt 0.901200 0.497100
vt 0.939200 0.464200
vt 0.294500 0.799500
vt 0.072400 0.823000
vt 0.474100 0.821000
vt 0.471100 0.814200
vt 0.259000 0.874700
vt 0.614000 0.659200
vt 0.632500 0.658300
vt 0.614600 0.663800
vt 0.295100 0.794300
vt 0.294800 0.790100
vt 0.633500 0.578800
vt 0.590100 0.575200
vt 0.591000 0.571700
vt 0.477900 0.542000
vt 0.459000 0.550200
vt 0.954000 0.679800
vt 0.967500 0.679700
vt 0.967100 0.684500
vt 0.523400 0.210900
vt 0.529100 0.201100
vt 0.544600 0.195000
vt 0.792300 0.844400
vt 0.786800 0.838600
vt 0.803000 0.842700
vt 0.802800 0.846800
vt 0.376300 0.440700
vt 0.391300 0.440600
vt 0.712500 0.866000
vt 0.693700 0.865200
vt 0.709200 0.859400
vt 0.874000 0.953300
vt 0.873800 0.962400
vt 0.196000 0.930400
vt 0.216100 0.932600
vt 0.203800 0.936900
vt 0.194600 0.935100
vt 0.323700 0.788400
vt 0.296800 0.700400
vt 0.276700 0.697500
vt 0.868100 0.145500
vt 0.868400 0.138800
vt 0.028600 0.859700
vt 0.005700 0.869800
vt 0.024600 0.855500
vt 0.710700 0.874200
vt 0.693400 0.872300
vt 0.727500 0.918700
vt 0.728600 0.912100
vt 0.134400 0.947500
vt 0.160400 0.943900
vt 0.397400 0.618000
vt 0.360400 0.603400
vt 0.397900 0.610500
vt 0.911600 0.037800
vt 0.912000 0.043500
vt 0.737600 0.461700
vt 0.746600 0.461900
vt 0.743600 0.469100
vt 0.734100 0.467500
vt 0.387500 0.772900
vt 0.368700 0.772000
vt 0.369400 0.767900
vt 0.388500 0.769100
vt 0.375900 0.760200
vt 0.360400 0.756000
vt 0.387700 0.756000
vt 0.727100 0.473000
vt 0.719000 0.476400
vt 0.063700 0.805100
vt 0.477700 0.379900
vt 0.491200 0.829900
vt 0.709500 0.813900
vt 0.725400 0.819700
vt 0.214900 0.855600
vt 0.200300 0.847500
vt 0.906400 0.386700
vt 0.939900 0.381400
vt 0.922900 0.388700
vt 0.907300 0.392700
vt 0.922100 0.087700
vt 0.911700 0.082600
vt 0.930500 0.079000
vt 0.932700 0.085900
vt 0.632300 0.766600
vt 0.365100 0.642500
vt 0.360400 0.637000
vt 0.372000 0.638100
vt 0.957500 0.108900
vt 0.973500 0.111100
vt 0.066800 0.875800
vt 0.063400 0.868800
vt 0.496500 0.710000
vt 0.498500 0.717400
vt 0.590100 0.898300
vt 0.560700 0.900900
vt 0.886100 0.993500
vt 0.887100 0.989600
vt 0.902500 0.990100
vt 0.919200 0.246800
vt 0.903900 0.245300
vt 0.705700 0.738300
vt 0.706800 0.745400
vt 0.691700 0.738300
vt 0.002000 0.991900
vt 0.022700 0.981100
vt 0.454500 0.476800
vt 0.454500 0.467900
vt 0.419400 0.364900
vt 0.419000 0.359900
vt 0.454500 0.949400
vt 0.496300 0.937500
vt 0.497400 0.945000
vt 0.455600 0.955500
vt 0.829100 0.791100
vt 0.867700 0.791400
vt 0.847000 0.795000
vt 0.460600 0.413300
vt 0.449800 0.422300
vt 0.788200 0.694700
vt 0.787400 0.686700
vt 0.202500 0.767600
vt 0.986100 0.704500
vt 0.989800 0.700900
vt 0.990600 0.712500
vt 0.786000 0.822000
vt 0.683000 0.563500
vt 0.666100 0.556500
vt 0.684900 0.560000
vt 0.698600 0.562700
vt 0.648800 0.891500
vt 0.648100 0.897100
vt 0.626300 0.893900
vt 0.629300 0.966800
vt 0.628900 0.958500
vt 0.867300 0.738800
vt 0.868400 0.745400
vt 0.854400 0.739000
vt 0.995400 0.254500
vt 0.542000 0.210800
vt 0.705700 0.752400
vt 0.975400 0.768500
vt 0.947000 0.775700
vt 0.946800 0.768900
vt 0.976200 0.763500
vt 0.932200 0.120100
vt 0.989400 0.781400
vt 0.979700 0.772400
vt 0.996900 0.772600
vt 0.995300 0.780700
vt 0.810600 0.580500
vt 0.820500 0.570000
vt 0.735700 0.565900
vt 0.762600 0.565700
vt 0.542700 0.514000
vt 0.560800 0.515900
vt 0.769600 0.913900
vt 0.860000 0.969500
vt 0.858900 0.973200
vt 0.835700 0.967200
vt 0.734400 0.380000
vt 0.744800 0.377700
vt 0.985500 0.639600
vt 0.994900 0.645600
vt 0.797400 0.576800
vt 0.798900 0.583000
vt 0.476500 0.535100
vt 0.867400 0.751900
vt 0.313500 0.692000
vt 0.894700 0.779800
vt 0.874200 0.781200
vt 0.911300 0.777600
vt 0.460100 0.598100
vt 0.476600 0.606200
vt 0.459000 0.604400
vt 0.435700 0.610400
vt 0.435500 0.618000
vt 0.418900 0.606700
vt 0.420600 0.600600
vt 0.469000 0.147400
vt 0.465100 0.140900
vt 0.974100 0.088100
vt 0.911600 0.089700
vt 0.912900 0.096400
vt 0.524900 0.680800
vt 0.642800 0.706800
vt 0.663700 0.706800
vt 0.644300 0.713200
vt 0.454800 0.743200
vt 0.454500 0.738200
vt 0.468800 0.738400
vt 0.480200 0.746900
vt 0.815500 0.482400
vt 0.793800 0.472500
vt 0.504900 0.399600
vt 0.540300 0.617300
vt 0.398900 0.718600
vt 0.401700 0.725800
vt 0.899000 0.113000
vt 0.903300 0.111700
vt 0.028600 0.963100
vt 0.027200 0.956200
vt 0.057100 0.956000
vt 0.059300 0.962900
vt 0.422200 0.729000
vt 0.421500 0.735900
vt 0.409200 0.735800
vt 0.875400 0.985900
vt 0.876800 0.994100
vt 0.855000 0.990200
vt 0.856000 0.983300
vt 0.149900 0.869800
vt 0.127000 0.861800
vt 0.589400 0.874000
vt 0.565200 0.874900
vt 0.139700 0.962100
vt 0.127000 0.963800
vt 0.128800 0.959500
vt 0.098100 0.787600
vt 0.097900 0.794600
vt 0.087500 0.786600
vt 0.454800 0.617800
vt 0.454500 0.626800
vt 0.419400 0.400300
vt 0.603800 0.436900
vt 0.580600 0.430700
vt 0.231200 0.912300
vt 0.228200 0.918300
vt 0.218900 0.923300
vt 0.998000 0.018900
vt 0.995500 0.025400
vt 0.024800 0.907100
vt 0.002000 0.901100
vt 0.942000 0.006300
vt 0.942700 0.013500
vt 0.930300 0.010700
vt 0.929600 0.003400
vt 0.646900 0.544900
vt 0.631600 0.536500
vt 0.649100 0.538300
vt 0.606800 0.639800
vt 0.630200 0.643400
vt 0.576000 0.774400
vt 0.591500 0.775600
vt 0.591100 0.782300
vt 0.298900 0.664500
vt 0.273400 0.659000
vt 0.285000 0.657500
vt 0.897400 0.683500
vt 0.888100 0.686900
vt 0.819800 0.667600
vt 0.822000 0.674000
vt 0.623800 0.451400
vt 0.646800 0.442800
vt 0.590400 0.914400
vt 0.014900 0.939700
vt 0.002000 0.935600
vt 0.625300 0.701600
vt 0.643100 0.700900
vt 0.199100 0.852700
vt 0.935200 0.612500
vt 0.945500 0.611900
vt 0.947000 0.617300
vt 0.940300 0.019700
vt 0.894600 0.524500
vt 0.871100 0.528900
vt 0.936800 0.801500
vt 0.921700 0.793200
vt 0.639700 0.803100
vt 0.622500 0.800500
vt 0.472800 0.963700
vt 0.730200 0.987100
vt 0.726400 0.778000
vt 0.705100 0.777500
vt 0.531500 0.933000
vt 0.521200 0.941200
vt 0.777100 0.695200
vt 0.776600 0.687200
vt 0.947800 0.938600
vt 0.990300 0.943500
vt 0.847500 0.185600
vt 0.866300 0.190000
vt 0.864900 0.197600
vt 0.844700 0.192200
vt 0.832200 0.181400
vt 0.804800 0.177000
vt 0.807100 0.172300
vt 0.804900 0.960400
vt 0.803200 0.957100
vt 0.807200 0.661300
vt 0.831900 0.661200
vt 0.644300 0.597900
vt 0.662600 0.600300
vt 0.630300 0.604200
vt 0.620300 0.598200
vt 0.419000 0.436200
vt 0.423800 0.430000
vt 0.460500 0.432100
vt 0.474300 0.438700
vt 0.363700 0.560600
vt 0.370000 0.557300
vt 0.373000 0.566500
vt 0.367300 0.570600
vt 0.749100 0.348900
vt 0.746700 0.342200
vt 0.027000 0.976100
vt 0.018300 0.970700
vt 0.039100 0.973800
vt 0.037700 0.979200
vt 0.096500 0.801400
vt 0.260200 0.816000
vt 0.259000 0.820800
vt 0.498000 0.510700
vt 0.471200 0.509400
vt 0.471300 0.504400
vt 0.498500 0.503600
vt 0.903900 0.281600
vt 0.956900 0.342600
vt 0.966600 0.342200
vt 0.967300 0.346400
vt 0.815800 0.708100
vt 0.816900 0.715500
vt 0.766600 0.537800
vt 0.792600 0.536300
vt 0.804800 0.536100
vt 0.832700 0.536700
vt 0.763700 0.739600
vt 0.773300 0.747600
vt 0.775100 0.740600
vt 0.194100 0.777000
vt 0.513800 0.408800
vt 0.937000 0.475200
vt 0.814900 0.125300
vt 0.807600 0.114900
vt 0.804800 0.119400
vt 0.681900 0.387100
vt 0.741500 0.973000
vt 0.072200 0.991300
vt 0.073300 0.986600
vt 0.097900 0.985200
vt 0.111600 0.991900
vt 0.482000 0.845500
vt 0.454500 0.843700
vt 0.692300 0.912200
vt 0.685900 0.891100
vt 0.701600 0.888900
vt 0.685500 0.898300
vt 0.546100 0.962000
vt 0.127000 0.797700
vt 0.811800 0.958700
vt 0.814500 0.952600
vt 0.858300 0.613500
vt 0.896000 0.613000
vt 0.604400 0.602600
vt 0.593400 0.594600
vt 0.226400 0.908200
vt 0.665000 0.560300
vt 0.012500 0.794600
vt 0.683400 0.777000
vt 0.633600 0.775500
vt 0.633400 0.771700
vt 0.616500 0.775400
vt 0.920200 0.798300
vt 0.794400 0.360700
vt 0.920600 0.739000
vt 0.929600 0.746300
vt 0.931200 0.739800
vt 0.601900 0.791300
vt 0.599400 0.796800
vt 0.583200 0.796500
vt 0.567800 0.789700
vt 0.609700 0.859100
vt 0.608400 0.863600
vt 0.590800 0.863400
vt 0.486200 0.683200
vt 0.911400 0.128800
vt 0.901300 0.126600
vt 0.906900 0.122900
vt 0.916100 0.534700
vt 0.930200 0.534200
vt 0.949500 0.534600
vt 0.860400 0.654800
vt 0.882000 0.654100
vt 0.924100 0.652900
vt 0.540000 0.629500
vt 0.483900 0.977300
vt 0.602100 0.746700
vt 0.590700 0.745200
vt 0.616600 0.740200
vt 0.884600 0.345700
vt 0.919100 0.342200
vt 0.680900 0.504300
vt 0.681500 0.496500
vt 0.705300 0.504300
vt 0.702700 0.512400
vt 0.639500 0.738600
vt 0.886300 0.535800
vt 0.872500 0.543100
vt 0.874800 0.535700
vt 0.360400 0.634300
vt 0.364300 0.624900
vt 0.459200 0.555500
vt 0.486900 0.791300
vt 0.522300 0.789300
vt 0.185000 0.756100
vt 0.184300 0.762200
vt 0.169500 0.762400
vt 0.870700 0.132800
vt 0.857300 0.127400
vt 0.851500 0.781000
vt 0.996300 0.032500
vt 0.876100 0.703500
vt 0.906900 0.706300
vt 0.129100 0.821200
vt 0.142800 0.816100
vt 0.742200 0.538200
vt 0.688400 0.400600
vt 0.989300 0.086100
vt 0.164000 0.915600
vt 0.152600 0.915400
vt 0.977200 0.465900
vt 0.179000 0.930400
vt 0.161400 0.932500
vt 0.191800 0.928100
vt 0.764500 0.377300
vt 0.725500 0.951200
vt 0.725500 0.958100
vt 0.618900 0.526300
vt 0.621300 0.532400
vt 0.970300 0.128900
vt 0.797900 0.988200
vt 0.789300 0.989000
vt 0.720200 0.752300
vt 0.420100 0.674300
vt 0.402100 0.664000
vt 0.442400 0.672200
vt 0.440700 0.679900
vt 0.806300 0.740200
vt 0.174100 0.950500
vt 0.175900 0.955300
vt 0.490800 0.146300
vt 0.490600 0.141500
vt 0.511600 0.140900
vt 0.511600 0.147400
vt 0.940500 0.193100
vt 0.926800 0.191100
vt 0.965700 0.715400
vt 0.966400 0.721100
vt 0.966300 0.463700
vt 0.963900 0.469000
vt 0.504800 0.362200
vt 0.504700 0.365600
vt 0.942500 0.231700
vt 0.926600 0.229100
vt 0.924800 0.222800
vt 0.960100 0.229700
vt 0.385500 0.666100
vt 0.360400 0.663900
vt 0.384200 0.660800
vt 0.799100 0.978300
vt 0.945000 0.482900
vt 0.945800 0.488100
vt 0.926100 0.487500
vt 0.966300 0.473800
vt 0.534500 0.955500
vt 0.504600 0.947200
vt 0.535400 0.947100
vt 0.214700 0.881200
vt 0.510500 0.161000
vt 0.480300 0.153800
vt 0.511200 0.152600
vt 0.653900 0.861100
vt 0.578600 0.885200
vt 0.986800 0.652300
vt 0.971300 0.649600
vt 0.540800 0.508300
vt 0.951600 0.110200
vt 0.884000 0.410600
vt 0.883000 0.416400
vt 0.862700 0.416400
vt 0.862800 0.412600
vt 0.908900 0.502400
vt 0.916400 0.501500
vt 0.916200 0.508500
vt 0.880900 0.751500
vt 0.630800 0.538800
vt 0.454500 0.927700
vt 0.108300 0.824100
vt 0.111800 0.833100
vt 0.115100 0.828500
vt 0.100400 0.923200
vt 0.085300 0.912300
vt 0.143400 0.994300
vt 0.162300 0.991400
vt 0.545500 0.789300
vt 0.798800 0.829200
vt 0.492700 0.741800
vt 0.517000 0.743500
vt 0.844200 0.204700
vt 0.863000 0.207600
vt 0.705300 0.666500
vt 0.687200 0.662300
vt 0.616600 0.974200
vt 0.578100 0.978900
vt 0.597300 0.976000
vt 0.820300 0.935300
vt 0.820300 0.929500
vt 0.666500 0.898500
vt 0.668500 0.891900
vt 0.756100 0.357900
vt 0.984400 0.475700
vt 0.992300 0.488100
vt 0.701600 0.827800
vt 0.693800 0.826900
vt 0.677900 0.713500
vt 0.724100 0.715500
vt 0.512700 0.469800
vt 0.755500 0.650300
vt 0.995400 0.685700
vt 0.992400 0.692800
vt 0.983200 0.688700
vt 0.976700 0.679800
vt 0.731700 0.611900
vt 0.276600 0.709400
vt 0.289700 0.704700
vt 0.276600 0.714300
vt 0.259000 0.704500
vt 0.799700 0.613900
vt 0.608800 0.770100
vt 0.606600 0.777100
vt 0.591100 0.768500
vt 0.816800 0.700900
vt 0.854600 0.702900
vt 0.799100 0.701200
vt 0.364400 0.687200
vt 0.377300 0.693400
vt 0.363900 0.693500
vt 0.615500 0.667700
vt 0.608400 0.667100
vt 0.606800 0.660700
vt 0.849700 0.887100
vt 0.879300 0.885200
vt 0.861300 0.894600
vt 0.829900 0.891700
vt 0.577700 0.838600
vt 0.599700 0.839800
vt 0.482100 0.525800
vt 0.772700 0.754400
vt 0.732800 0.812500
vt 0.747100 0.813100
vt 0.898400 0.828400
vt 0.898900 0.821900
vt 0.883300 0.818700
vt 0.879800 0.824000
vt 0.483700 0.463400
vt 0.483600 0.468300
vt 0.454600 0.461700
vt 0.512800 0.464900
vt 0.883200 0.137200
vt 0.929300 0.152500
vt 0.727000 0.416300
vt 0.746400 0.409800
vt 0.731200 0.423600
vt 0.711200 0.429400
vt 0.943200 0.591700
vt 0.907200 0.593200
vt 0.925100 0.592400
vt 0.946300 0.158500
vt 0.943800 0.164500
vt 0.903900 0.261500
vt 0.284200 0.893100
vt 0.259000 0.891900
vt 0.284600 0.889100
vt 0.554200 0.839100
vt 0.457600 0.964600
vt 0.932100 0.691600
vt 0.915700 0.681500
vt 0.933100 0.684600
vt 0.196700 0.791300
vt 0.199100 0.785400
vt 0.206200 0.790200
vt 0.206400 0.793900
vt 0.772200 0.581700
vt 0.785100 0.578800
vt 0.600200 0.557200
vt 0.601000 0.563900
vt 0.590600 0.561300
vt 0.590100 0.555500
vt 0.907500 0.382100
vt 0.874800 0.503500
vt 0.873600 0.507700
vt 0.897400 0.124500
vt 0.592600 0.522400
vt 0.655800 0.790600
vt 0.969800 0.498700
vt 0.951700 0.503700
vt 0.941700 0.670400
vt 0.930100 0.661200
vt 0.508900 0.922700
vt 0.727400 0.395900
vt 0.717000 0.393900
vt 0.071900 0.786400
vt 0.757000 0.702900
vt 0.778800 0.701800
vt 0.768800 0.708100
vt 0.817600 0.866300
vt 0.689200 0.988400
vt 0.861200 0.813400
vt 0.858800 0.817900
vt 0.902100 0.111100
vt 0.454500 0.765600
vt 0.476800 0.763600
vt 0.786100 0.661400
vt 0.767900 0.661500
vt 0.756200 0.661500
vt 0.512800 0.485300
vt 0.884000 0.440600
vt 0.696100 0.329200
vt 0.964000 0.254500
vt 0.958000 0.252800
vt 0.961400 0.244500
vt 0.968400 0.245200
vt 0.809300 0.108900
vt 0.585600 0.820500
vt 0.786900 0.556000
vt 0.808500 0.556000
vt 0.787000 0.560400
vt 0.272500 0.873600
vt 0.283300 0.873500
vt 0.877500 0.957300
vt 0.454500 0.893200
vt 0.127000 0.856500
vt 0.813300 0.934200
vt 0.148500 0.873300
vt 0.886100 0.950800
vt 0.259000 0.721300
vt 0.589400 0.877800
vt 0.764300 0.800200
vt 0.876200 0.692200
vt 0.662300 0.951200
vt 0.679100 0.952000
vt 0.676800 0.959100
vt 0.810700 0.915400
vt 0.802000 0.910100
vt 0.828800 0.909400
vt 0.828000 0.915700
vt 0.303800 0.456100
vt 0.287000 0.455600
vt 0.289100 0.448500
vt 0.293300 0.898600
vt 0.310400 0.892100
vt 0.310200 0.898900
vt 0.592600 0.496700
vt 0.185500 0.952600
vt 0.174300 0.944400
vt 0.448100 0.555800
vt 0.427900 0.561500
vt 0.426800 0.557800
vt 0.656100 0.160900
vt 0.003600 0.833100
vt 0.002000 0.826400
vt 0.038400 0.828300
vt 0.147800 0.934300
vt 0.127000 0.936900
vt 0.129100 0.929500
vt 0.145200 0.927700
vt 0.325700 0.675100
vt 0.792500 0.777600
vt 0.306800 0.813800
vt 0.317400 0.815200
vt 0.332700 0.818500
vt 0.315600 0.821900
vt 0.572900 0.569400
vt 0.547900 0.561500
vt 0.574700 0.563900
vt 0.545600 0.175900
vt 0.360400 0.676000
vt 0.395500 0.672000
vt 0.383000 0.679400
vt 0.361800 0.679900
vt 0.209300 0.798400
vt 0.245900 0.785400
vt 0.232900 0.797600
vt 0.210700 0.803200
vt 0.689200 0.928400
vt 0.705400 0.929000
vt 0.549900 0.729900
vt 0.527300 0.725500
vt 0.552000 0.723300
vt 0.682200 0.944000
vt 0.666000 0.943000
vt 0.958700 0.235900
vt 0.002000 0.858600
vt 0.024800 0.850900
vt 0.268700 0.790900
vt 0.259200 0.791300
vt 0.987200 0.377300
vt 0.455000 0.812100
vt 0.978800 0.455200
vt 0.924600 0.450900
vt 0.889300 0.442500
vt 0.914300 0.445400
vt 0.913500 0.449300
vt 0.856100 0.155000
vt 0.246700 0.823000
vt 0.360400 0.772300
vt 0.361900 0.767200
vt 0.368300 0.774400
vt 0.840800 0.873500
vt 0.824600 0.874900
vt 0.817200 0.846700
vt 0.827100 0.838900
vt 0.719500 0.628400
vt 0.716900 0.622700
vt 0.962000 0.688700
vt 0.957800 0.691600
vt 0.935200 0.689100
vt 0.654300 0.844000
vt 0.673300 0.843100
vt 0.671100 0.849100
vt 0.653500 0.849800
vt 0.629400 0.212000
vt 0.627000 0.215700
vt 0.607000 0.211900
vt 0.554700 0.426300
vt 0.727500 0.604700
vt 0.674000 0.594400
vt 0.709100 0.595900
vt 0.198500 0.989700
vt 0.240600 0.989700
vt 0.216800 0.994300
vt 0.483600 0.628700
vt 0.483500 0.632600
vt 0.557800 0.935000
vt 0.965300 0.790900
vt 0.915600 0.023400
vt 0.936500 0.025500
vt 0.914200 0.030800
vt 0.948700 0.863100
vt 0.724900 0.928400
vt 0.744200 0.928200
vt 0.584900 0.606700
vt 0.578700 0.829100
vt 0.588600 0.906200
vt 0.607400 0.906700
vt 0.587300 0.543700
vt 0.584400 0.550200
vt 0.562200 0.545000
vt 0.561100 0.537700
vt 0.420700 0.703400
vt 0.419200 0.707000
vt 0.399700 0.709800
vt 0.388800 0.705000
vt 0.500700 0.519400
vt 0.246400 0.978200
vt 0.222700 0.978600
vt 0.223000 0.974900
vt 0.557800 0.962700
vt 0.561000 0.957200
vt 0.871100 0.548600
vt 0.516700 0.770800
vt 0.516700 0.778000
vt 0.840000 0.982200
vt 0.837700 0.987900
vt 0.822400 0.986400
vt 0.811800 0.982100
vt 0.247300 0.749400
vt 0.247500 0.754100
vt 0.023600 0.910800
vt 0.986000 0.670100
vt 0.984300 0.662200
vt 0.380400 0.585800
vt 0.623600 0.753900
vt 0.625100 0.746800
vt 0.983800 0.542500
vt 0.966200 0.542100
vt 0.964400 0.534700
vt 0.987100 0.535000
vt 0.692700 0.956700
vt 0.710200 0.957400
vt 0.711900 0.964900
vt 0.689200 0.964200
vt 0.646800 0.563500
vt 0.619300 0.560400
vt 0.632400 0.558100
vt 0.647600 0.558200
vt 0.497300 0.995300
vt 0.469700 0.992900
vt 0.482600 0.989700
vt 0.497700 0.989500
vt 0.587300 0.507300
vt 0.306200 0.868200
vt 0.318900 0.882000
vt 0.290900 0.870500
vt 0.291600 0.864400
vt 0.834600 0.422000
vt 0.643800 0.321600
vt 0.268900 0.787000
vt 0.294500 0.786000
vt 0.799900 0.562600
vt 0.808000 0.566700
vt 0.799900 0.567900
vt 0.526600 0.994400
vt 0.513200 0.988700
vt 0.530000 0.986300
vt 0.390700 0.754000
vt 0.360400 0.743000
vt 0.378100 0.742100
vt 0.779000 0.423600
vt 0.782600 0.416000
vt 0.753400 0.409700
vt 0.477100 0.430800
vt 0.490500 0.431300
vt 0.491200 0.434400
vt 0.476100 0.434000
vt 0.178800 0.845500
vt 0.760700 0.928400
vt 0.089000 0.850500
vt 0.103600 0.845200
vt 0.104200 0.852100
vt 0.577000 0.453900
vt 0.549600 0.447500
vt 0.576700 0.447400
vt 0.507000 0.886500
vt 0.469800 0.730500
vt 0.454500 0.732900
vt 0.455200 0.726100
vt 0.973600 0.043300
vt 0.949300 0.038300
vt 0.974700 0.038200
vt 0.630600 0.639600
vt 0.014900 0.956100
vt 0.016500 0.961900
vt 0.003000 0.962100
vt 0.002000 0.956300
vt 0.591800 0.326900
vt 0.646400 0.943200
vt 0.627100 0.942800
vt 0.860300 0.873200
vt 0.879700 0.872500
vt 0.481600 0.849300
vt 0.682400 0.397300
vt 0.260000 0.692200
vt 0.904300 0.222600
vt 0.915000 0.227500
vt 0.903900 0.227400
vt 0.955900 0.194700
vt 0.645200 0.439200
vt 0.051800 0.988700
vt 0.788100 0.679900
vt 0.914500 0.615200
vt 0.699300 0.913900
vt 0.701600 0.909600
vt 0.186000 0.812000
vt 0.170600 0.813300
vt 0.153100 0.813800
vt 0.753400 0.449200
vt 0.777500 0.447200
vt 0.499200 0.582400
vt 0.561700 0.700900
vt 0.407900 0.443100
vt 0.405800 0.449600
vt 0.792000 0.754600
vt 0.793300 0.748000
vt 0.641500 0.951300
vt 0.324600 0.455700
vt 0.336300 0.455700
vt 0.755700 0.642300
vt 0.006200 0.971200
vt 0.734000 0.772600
vt 0.719700 0.893500
vt 0.719400 0.885200
vt 0.027000 0.791800
vt 0.050600 0.800300
vt 0.004500 0.785600
vt 0.997000 0.454500
vt 0.896100 0.871500
vt 0.610600 0.942200
vt 0.797600 0.795600
vt 0.769500 0.793800
vt 0.785700 0.791000
vt 0.730000 0.688300
vt 0.740500 0.692900
vt 0.729900 0.693900
vt 0.855600 0.410600
vt 0.929200 0.752700
vt 0.517300 0.589100
vt 0.533000 0.594400
vt 0.526400 0.818600
vt 0.513300 0.611900
vt 0.540500 0.613700
vt 0.484200 0.611900
vt 0.731300 0.668500
vt 0.731700 0.663200
vt 0.646800 0.658800
vt 0.519500 0.454700
vt 0.494800 0.451200
vt 0.504800 0.449200
vt 0.936400 0.342700
vt 0.738700 0.662600
vt 0.278400 0.812100
vt 0.261100 0.811000
vt 0.329400 0.792400
vt 0.337600 0.797800
vt 0.401200 0.669600
vt 0.689900 0.942200
vt 0.865000 0.539600
vt 0.850000 0.544000
vt 0.895100 0.528400
vt 0.899300 0.663300
vt 0.923100 0.665800
vt 0.259000 0.653500
vt 0.910400 0.687200
vt 0.616800 0.428600
vt 0.614300 0.433300
vt 0.536500 0.532500
vt 0.534100 0.539600
vt 0.955000 0.993500
vt 0.941000 0.989700
vt 0.956500 0.988300
vt 0.142700 0.823100
vt 0.044200 0.883700
vt 0.520100 0.706500
vt 0.488500 0.726400
vt 0.558600 0.952000
vt 0.071500 0.858100
vt 0.946800 0.387400
vt 0.423000 0.578700
vt 0.436800 0.585800
vt 0.423000 0.583500
vt 0.484000 0.517200
vt 0.471200 0.517100
vt 0.473300 0.513500
vt 0.484000 0.513600
vt 0.259000 0.675300
vt 0.283300 0.681800
vt 0.259100 0.680000
vt 0.913100 0.993000
vt 0.912700 0.989400
vt 0.360400 0.792800
vt 0.717800 0.360100
vt 0.420200 0.626900
vt 0.420100 0.633600
vt 0.411400 0.631000
vt 0.976700 0.002800
vt 0.998000 0.008500
vt 0.973900 0.008600
vt 0.413800 0.780300
vt 0.404800 0.770900
vt 0.415500 0.775400
vt 0.958100 0.075600
vt 0.659300 0.587400
vt 0.497100 0.763500
vt 0.402500 0.455100
vt 0.681800 0.930200
vt 0.264500 0.855500
vt 0.259000 0.853000
vt 0.268300 0.850800
vt 0.268700 0.852400
vt 0.127000 0.759800
vt 0.986400 0.495900
vt 0.447100 0.578400
vt 0.448100 0.585400
vt 0.595300 0.886400
vt 0.988200 0.130400
vt 0.986500 0.133900
vt 0.970600 0.131800
vt 0.230800 0.893900
vt 0.232600 0.901200
vt 0.673600 0.867000
vt 0.677900 0.873300
vt 0.607200 0.840200
vt 0.637300 0.842900
vt 0.623100 0.844900
vt 0.668200 0.917400
vt 0.102400 0.930300
vt 0.142300 0.762700
vt 0.619300 0.544900
vt 0.592600 0.544400
vt 0.604900 0.541400
vt 0.619500 0.540100
vt 0.002000 0.888000
vt 0.740800 0.717000
vt 0.944600 0.352600
vt 0.961100 0.356600
vt 0.943400 0.356700
vt 0.898000 0.691000
vt 0.274900 0.651900
vt 0.824600 0.861100
vt 0.382600 0.735600
vt 0.638500 0.826900
vt 0.609900 0.825000
vt 0.674300 0.827300
vt 0.326800 0.707800
vt 0.769500 0.799200
vt 0.793100 0.861800
vt 0.772800 0.614600
vt 0.863400 0.320700
vt 0.852000 0.318300
vt 0.962500 0.624900
vt 0.944900 0.620200
vt 0.921500 0.615700
vt 0.747500 0.695000
vt 0.626700 0.523100
vt 0.716200 0.482100
vt 0.868400 0.943600
vt 0.828300 0.936700
vt 0.868200 0.937800
vt 0.465500 0.160200
vt 0.465100 0.153500
vt 0.481300 0.160900
vt 0.319300 0.756500
vt 0.318600 0.761700
vt 0.306100 0.761700
vt 0.719900 0.616800
vt 0.365100 0.583500
vt 0.360400 0.578100
vt 0.259000 0.863700
vt 0.275700 0.862500
vt 0.562300 0.710800
vt 0.529100 0.566600
vt 0.545200 0.569800
vt 0.541300 0.574900
vt 0.128700 0.803200
vt 0.405000 0.648000
vt 0.418600 0.647500
vt 0.417000 0.653900
vt 0.421600 0.641100
vt 0.111700 0.838200
vt 0.349000 0.714300
vt 0.863000 0.181600
vt 0.804600 0.952200
vt 0.980800 0.353100
vt 0.964700 0.349600
vt 0.981000 0.348700
vt 0.943400 0.345100
vt 0.684900 0.858700
vt 0.686900 0.865000
vt 0.216700 0.846300
vt 0.240500 0.843700
vt 0.728500 0.408800
vt 0.797900 0.567900
vt 0.786700 0.564100
vt 0.570300 0.185800
vt 0.604000 0.173700
vt 0.552200 0.193100
vt 0.742600 0.906300
vt 0.768900 0.906200
vt 0.615800 0.768900
vt 0.525000 0.215700
vt 0.631500 0.165400
vt 0.675400 0.790700
vt 0.711200 0.792300
vt 0.915100 0.703600
vt 0.913200 0.055100
vt 0.929400 0.056400
vt 0.657500 0.991100
vt 0.886100 0.986100
vt 0.886500 0.981900
vt 0.739700 0.795100
vt 0.949600 0.723000
vt 0.828000 0.588600
vt 0.853600 0.588300
vt 0.842500 0.592500
vt 0.461000 0.592700
vt 0.786400 0.829600
vt 0.823800 0.975200
vt 0.811800 0.974700
vt 0.813400 0.969900
vt 0.826700 0.969700
vt 0.933400 0.630600
vt 0.921500 0.630200
vt 0.923100 0.625400
vt 0.936300 0.625200
vt 0.650200 0.210400
vt 0.648500 0.215700
vt 0.718900 0.538700
vt 0.966800 0.709900
vt 0.964000 0.377300
vt 0.655600 0.529900
vt 0.657300 0.525500
vt 0.970700 0.706700
vt 0.945400 0.748100
vt 0.322900 0.799200
vt 0.565200 0.859300
vt 0.419800 0.715000
vt 0.422200 0.721800
vt 0.272600 0.668200
vt 0.294500 0.668200
vt 0.283400 0.674600
vt 0.979400 0.604600
vt 0.738700 0.644200
vt 0.571800 0.907400
vt 0.824000 0.584300
vt 0.829000 0.151200
vt 0.812200 0.150700
vt 0.911100 0.497100
vt 0.002000 0.791000
vt 0.259000 0.695300
vt 0.603400 0.965100
vt 0.547000 0.556900
vt 0.529100 0.561200
vt 0.984100 0.728300
vt 0.613900 0.797200
vt 0.615200 0.792300
vt 0.588500 0.320200
vt 0.599600 0.566400
vt 0.938800 0.650500
vt 0.937100 0.645300
vt 0.684500 0.544900
vt 0.660400 0.532800
vt 0.683600 0.538300
vt 0.128800 0.955100
vt 0.841400 0.812100
vt 0.282500 0.898000
vt 0.799900 0.914500
vt 0.776600 0.907900
vt 0.674600 0.858700
vt 0.234800 0.886400
vt 0.038300 0.833800
vt 0.883700 0.501500
vt 0.873600 0.501700
vt 0.876000 0.498600
vt 0.780700 0.408800
vt 0.716600 0.487600
vt 0.466100 0.129600
vt 0.466000 0.124000
vt 0.478900 0.123900
vt 0.479800 0.130800
vt 0.672400 0.324100
vt 0.540000 0.467900
vt 0.862000 0.430500
vt 0.781100 0.839400
vt 0.938100 0.032500
vt 0.262100 0.835800
vt 0.284100 0.848200
vt 0.259000 0.839000
vt 0.360400 0.777000
vt 0.384400 0.776500
vt 0.382600 0.780300
vt 0.151100 0.853100
vt 0.548400 0.452200
vt 0.524700 0.446200
vt 0.478400 0.888500
vt 0.789400 0.929900
vt 0.989200 0.122200
vt 0.903300 0.484100
vt 0.655100 0.534600
vt 0.483900 0.680400
vt 0.483900 0.685700
vt 0.454500 0.679700
vt 0.483700 0.484000
vt 0.293400 0.677700
vt 0.293500 0.681800
vt 0.285100 0.679600
vt 0.077600 0.894100
vt 0.068500 0.889500
vt 0.868700 0.555500
vt 0.201600 0.843900
vt 0.993300 0.384400
vt 0.993500 0.391500
vt 0.995300 0.377700
vt 0.246700 0.847000
vt 0.246700 0.853800
vt 0.559800 0.732900
vt 0.562300 0.726600
vt 0.362800 0.722500
vt 0.362700 0.715800
vt 0.374700 0.715600
vt 0.375200 0.722800
vt 0.864200 0.164800
vt 0.866100 0.158400
vt 0.976000 0.789300
vt 0.417300 0.787200
vt 0.416800 0.793200
vt 0.583000 0.574900
vt 0.584900 0.570200
vt 0.513000 0.599300
vt 0.513500 0.606400
vt 0.514900 0.592700
vt 0.316200 0.828800
vt 0.996100 0.622700
vt 0.993900 0.630600
vt 0.586400 0.366200
vt 0.949100 0.378100
vt 0.710400 0.950800
vt 0.966100 0.548700
vt 0.959100 0.650300
vt 0.945500 0.649900
vt 0.944000 0.642600
vt 0.926200 0.934900
vt 0.948900 0.929000
vt 0.929300 0.781400
vt 0.983700 0.066300
vt 0.922500 0.790000
vt 0.938200 0.792200
vt 0.996900 0.765500
vt 0.924700 0.868600
vt 0.823000 0.319800
vt 0.838400 0.317600
vt 0.805900 0.324200
vt 0.667000 0.594400
vt 0.582000 0.940000
vt 0.974800 0.461700
vt 0.613600 0.438700
vt 0.696800 0.838600
vt 0.554800 0.822600
vt 0.560500 0.602500
vt 0.360400 0.653900
vt 0.398300 0.644700
vt 0.382100 0.652400
vt 0.903800 0.620500
vt 0.957900 0.715000
vt 0.434200 0.419200
vt 0.812500 0.886500
vt 0.276000 0.737000
vt 0.259000 0.740000
vt 0.530000 0.557400
vt 0.688300 0.383400
vt 0.144400 0.921500
vt 0.770600 0.438700
vt 0.772600 0.430500
vt 0.944100 0.128100
vt 0.942900 0.131400
vt 0.591200 0.587200
vt 0.590100 0.581700
vt 0.663200 0.557200
vt 0.926900 0.348600
vt 0.954200 0.704600
vt 0.520400 0.207100
vt 0.879100 0.975200
vt 0.843600 0.912600
vt 0.845400 0.906200
vt 0.325000 0.896100
vt 0.326200 0.889000
vt 0.120100 0.909600
vt 0.119800 0.904100
vt 0.112700 0.789000
vt 0.111500 0.795900
vt 0.482300 0.703400
vt 0.482000 0.710300
vt 0.462900 0.710000
vt 0.461500 0.703100
vt 0.672200 0.980200
vt 0.671600 0.987300
vt 0.111100 0.802900
vt 0.550600 0.909800
vt 0.552500 0.918800
vt 0.755800 0.712800
vt 0.957800 0.270600
vt 0.910400 0.796000
vt 0.912500 0.803000
vt 0.837800 0.669000
vt 0.838900 0.453700
vt 0.996100 0.350700
vt 0.995000 0.356700
vt 0.547500 0.571700
vt 0.564700 0.574300
vt 0.547600 0.574900
vt 0.234300 0.916600
vt 0.891600 0.789800
vt 0.913200 0.789300
vt 0.989900 0.509300
vt 0.593800 0.452600
vt 0.594100 0.445700
vt 0.300000 0.854000
vt 0.286600 0.843500
vt 0.851800 0.817200
vt 0.853600 0.824000
vt 0.806200 0.320600
vt 0.993400 0.598000
vt 0.146400 0.882600
vt 0.145500 0.889300
vt 0.127000 0.884400
vt 0.129400 0.878000
vt 0.829200 0.994100
vt 0.811800 0.990900
vt 0.830700 0.990700
vt 0.591600 0.568300
vt 0.264400 0.779000
vt 0.259000 0.773700
vt 0.276200 0.769300
vt 0.279500 0.773900
vt 0.260300 0.688800
vt 0.726600 0.886400
vt 0.744100 0.885200
vt 0.231200 0.967900
vt 0.233500 0.961400
vt 0.708900 0.384500
vt 0.535400 0.940200
vt 0.583900 0.706800
vt 0.879100 0.557600
vt 0.882400 0.563300
vt 0.753700 0.581000
vt 0.765200 0.587400
vt 0.752200 0.585600
vt 0.896300 0.463500
vt 0.196700 0.803100
vt 0.311300 0.906600
vt 0.127000 0.948600
vt 0.259800 0.730500
vt 0.270500 0.729500
vt 0.259000 0.734800
vt 0.495400 0.429400
vt 0.507900 0.434300
vt 0.495600 0.433100
vt 0.960900 0.778900
vt 0.970000 0.778300
vt 0.976800 0.781400
vt 0.946700 0.974300
vt 0.604300 0.556600
vt 0.360400 0.591100
vt 0.454500 0.989100
vt 0.471700 0.986000
vt 0.172400 0.751800
vt 0.181300 0.752800
vt 0.181600 0.754300
vt 0.937800 0.639600
vt 0.982800 0.344200
vt 0.785000 0.742000
vt 0.994100 0.937800
vt 0.590100 0.600000
vt 0.793400 0.766000
vt 0.964800 0.204300
vt 0.903900 0.254500
vt 0.918600 0.249000
vt 0.920200 0.254500
vt 0.114500 0.985300
vt 0.996800 0.652200
vt 0.933500 0.134000
vt 0.622200 0.790600
vt 0.498400 0.517200
vt 0.486900 0.515900
vt 0.419000 0.424000
vt 0.319400 0.874300
vt 0.742500 0.207400
vt 0.742500 0.199200
vt 0.769600 0.199600
vt 0.769600 0.208000
vt 0.190200 0.698500
vt 0.190200 0.708000
vt 0.156700 0.707400
vt 0.156700 0.698500
vt 0.709000 0.145400
vt 0.709000 0.137800
vt 0.742500 0.135500
vt 0.742500 0.143700
vt 0.288700 0.618600
vt 0.288700 0.609900
vt 0.322200 0.610500
vt 0.322200 0.619800
vt 0.869100 0.276200
vt 0.869100 0.285500
vt 0.835600 0.284300
vt 0.835600 0.275600
vt 0.076900 0.539100
vt 0.071400 0.542500
vt 0.063600 0.523300
vt 0.868600 0.068300
vt 0.855600 0.052800
vt 0.875700 0.051400
vt 0.805900 0.250900
vt 0.805900 0.243500
vt 0.835600 0.240600
vt 0.835600 0.248900
vt 0.022400 0.519700
vt 0.002100 0.517900
vt 0.013400 0.510800
vt 0.023500 0.513300
vt 0.190200 0.662600
vt 0.190200 0.670700
vt 0.156700 0.672500
vt 0.156700 0.664900
vt 0.709000 0.197400
vt 0.709000 0.189100
vt 0.742500 0.190300
vt 0.898100 0.035600
vt 0.879900 0.013900
vt 0.156700 0.689500
vt 0.156700 0.680800
vt 0.190200 0.679600
vt 0.190200 0.688900
vt 0.831300 0.091700
vt 0.094600 0.521100
vt 0.105000 0.520400
vt 0.104900 0.526900
vt 0.094600 0.526000
vt 0.742500 0.161900
vt 0.742500 0.171400
vt 0.709000 0.171400
vt 0.709000 0.162500
vt 0.032400 0.496100
vt 0.024500 0.489300
vt 0.030300 0.483600
vt 0.037000 0.491600
vt 0.322200 0.591400
vt 0.349300 0.591200
vt 0.349300 0.600900
vt 0.322200 0.600900
vt 0.896200 0.238400
vt 0.869100 0.238900
vt 0.869100 0.230700
vt 0.896200 0.230100
vt 0.083000 0.571300
vt 0.067300 0.575000
vt 0.073000 0.563700
vt 0.079200 0.561700
vt 0.816300 0.076400
vt 0.811900 0.079000
vt 0.808400 0.071900
vt 0.813000 0.070000
vt 0.288700 0.567300
vt 0.288700 0.560500
vt 0.322200 0.557700
vt 0.322200 0.565000
vt 0.900100 0.063900
vt 0.905000 0.065100
vt 0.902500 0.072700
vt 0.897800 0.070700
vt 0.069000 0.461800
vt 0.078600 0.463400
vt 0.076200 0.473000
vt 0.068200 0.471700
vt 0.095400 0.496700
vt 0.103300 0.490000
vt 0.108000 0.496600
vt 0.099100 0.502000
vt 0.851100 0.103500
vt 0.851600 0.098500
vt 0.858800 0.098600
vt 0.859100 0.103600
vt 0.259000 0.616700
vt 0.835600 0.292600
vt 0.869100 0.294400
vt 0.832000 0.013500
vt 0.829400 0.009200
vt 0.836500 0.005600
vt 0.838400 0.010300
vt 0.322200 0.628700
vt 0.288700 0.626900
vt 0.896200 0.276300
vt 0.896200 0.285800
vt 0.085000 0.558800
vt 0.090300 0.567700
vt 0.259000 0.571000
vt 0.679300 0.194500
vt 0.679300 0.187200
vt 0.844100 0.003200
vt 0.845300 0.008100
vt 0.889000 0.014400
vt 0.885700 0.018200
vt 0.882600 0.009600
vt 0.006300 0.546500
vt 0.015600 0.542700
vt 0.019200 0.550000
vt 0.010700 0.555100
vt 0.036200 0.567200
vt 0.023100 0.569900
vt 0.029700 0.562400
vt 0.156700 0.738900
vt 0.156700 0.732100
vt 0.190200 0.734400
vt 0.190200 0.741700
vt 0.820400 0.082300
vt 0.816600 0.085500
vt 0.742500 0.128200
vt 0.709000 0.131000
vt 0.769600 0.143200
vt 0.769600 0.152200
vt 0.742500 0.152500
vt 0.896200 0.266600
vt 0.869100 0.266600
vt 0.869100 0.257000
vt 0.896200 0.256900
vt 0.896200 0.247400
vt 0.869100 0.247700
vt 0.288700 0.641400
vt 0.288700 0.634600
vt 0.322200 0.636900
vt 0.322200 0.644200
vt 0.874700 0.100000
vt 0.872800 0.095400
vt 0.879200 0.092100
vt 0.881800 0.096500
vt 0.023900 0.476000
vt 0.017000 0.482800
vt 0.349300 0.557000
vt 0.349300 0.564400
vt 0.835600 0.266600
vt 0.805900 0.274600
vt 0.805900 0.266600
vt 0.852900 0.014600
vt 0.818400 0.043500
vt 0.820300 0.037800
vt 0.288700 0.592000
vt 0.288700 0.583200
vt 0.322200 0.582000
vt 0.259000 0.608900
vt 0.259000 0.600900
vt 0.288700 0.600900
vt 0.066500 0.564600
vt 0.059100 0.574900
vt 0.060000 0.564600
vt 0.190200 0.717400
vt 0.190200 0.726200
vt 0.156700 0.724500
vt 0.156700 0.716200
vt 0.885100 0.088000
vt 0.888300 0.091800
vt 0.890200 0.082900
vt 0.828600 0.096000
vt 0.837700 0.095000
vt 0.835700 0.099700
vt 0.844500 0.097300
vt 0.843300 0.102200
vt 0.073700 0.483100
vt 0.071100 0.493200
vt 0.066300 0.492400
vt 0.067300 0.482000
vt 0.045900 0.533900
vt 0.043500 0.528000
vt 0.115200 0.527800
vt 0.125200 0.528700
vt 0.123600 0.538300
vt 0.113900 0.535800
vt 0.120500 0.547500
vt 0.116000 0.556100
vt 0.107600 0.550800
vt 0.111300 0.543500
vt 0.742500 0.181000
vt 0.709000 0.180400
vt 0.087800 0.466400
vt 0.083900 0.475600
vt 0.769600 0.127500
vt 0.769600 0.134900
vt 0.896200 0.294800
vt 0.896200 0.303200
vt 0.869100 0.302500
vt 0.709000 0.153700
vt 0.860000 0.002100
vt 0.859600 0.007100
vt 0.852400 0.007000
vt 0.852000 0.002000
vt 0.822800 0.013800
vt 0.826100 0.017700
vt 0.821000 0.022700
vt 0.817100 0.019400
vt 0.808700 0.032900
vt 0.813400 0.034900
vt 0.811100 0.041700
vt 0.806200 0.040500
vt 0.033400 0.530300
vt 0.043600 0.518300
vt 0.031900 0.549900
vt 0.039900 0.543300
vt 0.043300 0.546700
vt 0.036500 0.554600
vt 0.030900 0.575700
vt 0.905200 0.041400
vt 0.900300 0.042500
vt 0.902800 0.033700
vt 0.890700 0.023300
vt 0.894600 0.020100
vt 0.899200 0.026600
vt 0.894900 0.029200
vt 0.082600 0.531400
vt 0.081200 0.534300
vt 0.077200 0.507700
vt 0.079500 0.510000
vt 0.835600 0.257700
vt 0.805900 0.258600
vt 0.127000 0.734500
vt 0.127000 0.728400
vt 0.835600 0.233000
vt 0.013200 0.535000
vt 0.003400 0.537200
vt 0.002000 0.527600
vt 0.012000 0.526900
vt 0.869100 0.223400
vt 0.896200 0.222600
vt 0.086800 0.580600
vt 0.077500 0.583500
vt 0.040500 0.466000
vt 0.044200 0.475300
vt 0.037000 0.478900
vt 0.031800 0.470300
vt 0.804800 0.056400
vt 0.809800 0.056000
vt 0.810900 0.063100
vt 0.806000 0.064300
vt 0.809900 0.048800
vt 0.804800 0.048400
vt 0.894000 0.086200
vt 0.894500 0.077100
vt 0.898800 0.079800
vt 0.116600 0.491500
vt 0.111000 0.483600
vt 0.115300 0.519700
vt 0.125300 0.519000
vt 0.016000 0.503100
vt 0.025500 0.507100
vt 0.349300 0.610700
vt 0.835900 0.020000
vt 0.679300 0.148300
vt 0.679300 0.141500
vt 0.805900 0.296500
vt 0.805900 0.289700
vt 0.835600 0.300200
vt 0.058300 0.584900
vt 0.068000 0.584900
vt 0.039500 0.580200
vt 0.043400 0.571000
vt 0.051100 0.573600
vt 0.048700 0.583300
vt 0.322200 0.573200
vt 0.288700 0.574900
vt 0.349300 0.581700
vt 0.127000 0.714200
vt 0.127000 0.706500
vt 0.127000 0.668500
vt 0.127000 0.662500
vt 0.156700 0.658000
vt 0.259000 0.593000
vt 0.259000 0.585200
vt 0.259000 0.577800
vt 0.709000 0.205100
vt 0.259000 0.636900
vt 0.259000 0.624000
vt 0.769600 0.161700
vt 0.769600 0.171400
vt 0.091100 0.479400
vt 0.090800 0.492100
vt 0.085600 0.488200
vt 0.023300 0.532600
vt 0.034900 0.534900
vt 0.025200 0.538800
vt 0.028100 0.544600
vt 0.090200 0.507300
vt 0.087400 0.503400
vt 0.835600 0.307100
vt 0.805900 0.302600
vt 0.869100 0.309800
vt 0.044600 0.515200
vt 0.048100 0.509800
vt 0.043700 0.499500
vt 0.042300 0.487800
vt 0.047700 0.496700
vt 0.075300 0.552100
vt 0.079600 0.549900
vt 0.101800 0.539500
vt 0.092200 0.535400
vt 0.093800 0.530800
vt 0.103800 0.533300
vt 0.060000 0.471600
vt 0.060800 0.482000
vt 0.054300 0.483000
vt 0.052000 0.472800
vt 0.769600 0.215400
vt 0.742500 0.214600
vt 0.114100 0.511700
vt 0.111700 0.503900
vt 0.120900 0.500200
vt 0.123800 0.509400
vt 0.873500 0.010600
vt 0.875500 0.005900
vt 0.816700 0.028500
vt 0.812400 0.025800
vt 0.826700 0.027700
vt 0.823100 0.032500
vt 0.865900 0.097500
vt 0.867000 0.102400
vt 0.906400 0.049300
vt 0.901400 0.049600
vt 0.217300 0.726700
vt 0.217300 0.735000
vt 0.217300 0.742400
vt 0.679300 0.163500
vt 0.679300 0.155700
vt 0.679300 0.179400
vt 0.679300 0.171400
vt 0.217300 0.661900
vt 0.217300 0.670300
vt 0.217300 0.679300
vt 0.217300 0.688800
vt 0.679300 0.207400
vt 0.679300 0.201400
vt 0.709000 0.211900
vt 0.103400 0.570600
vt 0.096900 0.563000
vt 0.769600 0.181100
vt 0.769600 0.190600
vt 0.349300 0.572700
vt 0.217300 0.708200
vt 0.217300 0.717700
vt 0.070600 0.553500
vt 0.068300 0.543400
vt 0.060900 0.554200
vt 0.065800 0.554300
vt 0.217300 0.698500
vt 0.349300 0.620100
vt 0.349300 0.629100
vt 0.349300 0.637500
vt 0.349300 0.644900
vt 0.127000 0.721600
vt 0.127000 0.675400
vt 0.127000 0.690500
vt 0.127000 0.682700
vt 0.805900 0.282300
vt 0.835600 0.226100
vt 0.061500 0.492300
vt 0.104000 0.514000
vt 0.102000 0.507800
vt 0.093900 0.516300
vt 0.087100 0.543700
vt 0.094900 0.550500
vt 0.090300 0.555000
vt 0.083600 0.547100
vt 0.906300 0.057200
vt 0.901300 0.056800
vt 0.866700 0.008300
vt 0.867900 0.003400
vt 0.110300 0.563800
vt 0.102700 0.557300
vt 0.055600 0.542300
vt 0.041700 0.558400
vt 0.047800 0.536600
vt 0.019700 0.495900
vt 0.055900 0.504200
vt 0.048100 0.484900
vt 0.071700 0.504300
vt 0.822200 0.091200
vt 0.024000 0.556600
vt 0.016300 0.563000
vt 0.896200 0.310600
vt 0.040200 0.502900
vt 0.035100 0.511200
vt 0.079800 0.485200
vt 0.075800 0.494700
vt 0.051500 0.551900
vt 0.047500 0.561400
vt 0.090000 0.539800
vt 0.098800 0.545300
vt 0.006800 0.499200
vt 0.011200 0.490600
vt 0.770100 0.181100
vt 0.770200 0.190500
vt 0.738800 0.332400
vt 0.748400 0.333500
vt 0.748400 0.334000
vt 0.738700 0.332900
vt 0.082800 0.515600
vt 0.084200 0.525100
vt 0.120900 0.547600
vt 0.116400 0.556300
vt 0.259000 0.630900
vt 0.003700 0.508400
vt 0.061800 0.543900
vt 0.104200 0.476700
vt 0.096400 0.470900
vt 0.190200 0.655300
vt 0.217300 0.654500
vt 0.037000 0.539300
vt 0.022300 0.526200
vt 0.679300 0.135400
vt 0.127000 0.698500
vt 0.805900 0.236700
vt 0.805900 0.230600
vt 0.049700 0.463100
vt 0.835500 0.051000
vt 0.059300 0.461700
vt 0.080100 0.497000
vt 0.053600 0.563500
vt 0.056100 0.553400
vt 0.079200 0.536900
vt 0.770200 0.171400
vt 0.770100 0.161800
vt 0.712000 0.323700
vt 0.704500 0.318900
vt 0.704900 0.318300
vt 0.712200 0.323100
vt 0.720500 0.327100
vt 0.720300 0.327700
vt 0.349600 0.591300
vt 0.349800 0.600900
vt 0.504500 0.880000
vt 0.494800 0.878900
vt 0.494900 0.878300
vt 0.504500 0.879500
vt 0.896900 0.230300
vt 0.896600 0.238600
vt 0.729300 0.330800
vt 0.729400 0.330100
vt 0.033500 0.515800
vt 0.050400 0.507500
vt 0.259000 0.564900
vt 0.896700 0.256900
vt 0.896500 0.266600
vt 0.896500 0.247500
vt 0.779600 0.334000
vt 0.769800 0.333700
vt 0.769900 0.332900
vt 0.779600 0.333100
vt 0.770400 0.135100
vt 0.769900 0.143400
vt 0.896600 0.276300
vt 0.896800 0.285700
vt 0.896700 0.294700
vt 0.349600 0.610600
vt 0.760200 0.332600
vt 0.760300 0.332000
vt 0.349900 0.620000
vt 0.770000 0.152300
vt 0.349800 0.572900
vt 0.349800 0.581800
vt 0.485400 0.876800
vt 0.476400 0.873600
vt 0.476600 0.873000
vt 0.485500 0.876200
vt 0.770100 0.199500
vt 0.548500 0.869900
vt 0.541000 0.873800
vt 0.540800 0.873200
vt 0.548200 0.869300
vt 0.554600 0.864600
vt 0.554800 0.865100
vt 0.095500 0.576300
vt 0.468400 0.869000
vt 0.468200 0.869600
vt 0.460800 0.864800
vt 0.461100 0.864300
vt 0.217900 0.670400
vt 0.217900 0.679400
vt 0.789900 0.323500
vt 0.780200 0.323500
vt 0.780200 0.322900
vt 0.789900 0.322800
vt 0.217900 0.717600
vt 0.217900 0.726500
vt 0.349900 0.629000
vt 0.217700 0.708200
vt 0.217900 0.698500
vt 0.560000 0.859600
vt 0.559700 0.859100
vt 0.454500 0.859200
vt 0.454900 0.858700
vt 0.217800 0.688800
vt 0.789200 0.333100
vt 0.798400 0.331900
vt 0.798500 0.332400
vt 0.789200 0.333600
vt 0.792000 0.322800
vt 0.798300 0.317900
vt 0.798500 0.318500
vt 0.792200 0.323400
vt 0.250500 0.434300
vt 0.221300 0.433900
vt 0.221300 0.422600
vt 0.279200 0.423000
vt 0.506900 0.291100
vt 0.478600 0.290900
vt 0.478600 0.278900
vt 0.506900 0.278900
vt 0.190200 0.613000
vt 0.156700 0.612400
vt 0.156700 0.603400
vt 0.190200 0.603400
vt 0.065200 0.762200
vt 0.031700 0.760500
vt 0.031700 0.752100
vt 0.065200 0.753400
vt 0.081600 0.398400
vt 0.109500 0.398400
vt 0.109500 0.409200
vt 0.081600 0.408500
vt 0.367200 0.258900
vt 0.367200 0.249600
vt 0.395100 0.247600
vt 0.395100 0.257600
vt 0.364300 0.414300
vt 0.364300 0.422200
vt 0.340400 0.420000
vt 0.340400 0.412600
vt 0.356500 0.129100
vt 0.336500 0.122900
vt 0.356500 0.121500
vt 0.767800 0.239000
vt 0.767800 0.230800
vt 0.798900 0.230100
vt 0.798900 0.238500
vt 0.454700 0.082400
vt 0.454700 0.070500
vt 0.483800 0.070600
vt 0.512600 0.082800
vt 0.734300 0.275800
vt 0.767800 0.276400
vt 0.767800 0.285700
vt 0.734300 0.284500
vt 0.288800 0.531900
vt 0.322200 0.533600
vt 0.322200 0.541800
vt 0.288800 0.539500
vt 0.287000 0.373700
vt 0.287000 0.367200
vt 0.316900 0.364300
vt 0.316900 0.371700
vt 0.156900 0.530100
vt 0.156900 0.537000
vt 0.127000 0.533100
vt 0.127000 0.527200
vt 0.735200 0.002000
vt 0.739400 0.062100
vt 0.725900 0.039500
vt 0.673700 0.231400
vt 0.649800 0.233200
vt 0.649800 0.226100
vt 0.673700 0.224000
vt 0.065200 0.770400
vt 0.031700 0.768100
vt 0.072600 0.642200
vt 0.083000 0.672300
vt 0.052900 0.637600
vt 0.322200 0.486900
vt 0.288800 0.488100
vt 0.288800 0.479800
vt 0.322200 0.478000
vt 0.221900 0.314400
vt 0.193700 0.313800
vt 0.193700 0.302700
vt 0.221900 0.303100
vt 0.374700 0.532300
vt 0.404800 0.506100
vt 0.395500 0.521700
vt 0.649800 0.294800
vt 0.649800 0.302700
vt 0.626000 0.300500
vt 0.626000 0.293100
vt 0.370700 0.100700
vt 0.398600 0.102300
vt 0.398600 0.111200
vt 0.370700 0.109400
vt 0.369400 0.165500
vt 0.380500 0.139200
vt 0.415400 0.169500
vt 0.798100 0.048600
vt 0.791100 0.031100
vt 0.388100 0.350900
vt 0.364300 0.352700
vt 0.364300 0.345600
vt 0.388100 0.343500
vt 0.385000 0.133200
vt 0.082200 0.258900
vt 0.110100 0.257600
vt 0.110100 0.268100
vt 0.082200 0.268800
vt 0.454700 0.022800
vt 0.426500 0.023400
vt 0.426500 0.013100
vt 0.454700 0.012300
vt 0.767800 0.310100
vt 0.734300 0.307300
vt 0.734300 0.300500
vt 0.767800 0.302800
vt 0.367200 0.316900
vt 0.367200 0.308200
vt 0.395100 0.310200
vt 0.395100 0.319400
vt 0.445800 0.205700
vt 0.425800 0.214500
vt 0.322200 0.524800
vt 0.288800 0.523500
vt 0.288800 0.514800
vt 0.322200 0.515400
vt 0.251000 0.223000
vt 0.279800 0.232100
vt 0.221900 0.232900
vt 0.221900 0.223600
vt 0.035000 0.595300
vt 0.082400 0.602400
vt 0.156700 0.629400
vt 0.190200 0.631200
vt 0.190200 0.639400
vt 0.156700 0.637100
vt 0.409200 0.523700
vt 0.414500 0.521500
vt 0.288800 0.149700
vt 0.288800 0.158100
vt 0.265300 0.158800
vt 0.265300 0.151000
vt 0.127000 0.480800
vt 0.127000 0.475500
vt 0.156900 0.470800
vt 0.156900 0.476900
vt 0.387200 0.510500
vt 0.366100 0.515800
vt 0.342900 0.027000
vt 0.315000 0.028900
vt 0.315000 0.020300
vt 0.342900 0.017800
vt 0.315000 0.058300
vt 0.342900 0.058300
vt 0.342900 0.069000
vt 0.315000 0.068400
vt 0.693300 0.100800
vt 0.679400 0.056900
vt 0.681000 0.047500
vt 0.228200 0.507000
vt 0.204300 0.507000
vt 0.204300 0.497700
vt 0.228200 0.497200
vt 0.544800 0.048100
vt 0.540400 0.056900
vt 0.531400 0.040000
vt 0.550500 0.040000
vt 0.426500 0.103400
vt 0.454700 0.104200
vt 0.454700 0.113600
vt 0.426500 0.112600
vt 0.031700 0.708400
vt 0.065200 0.706600
vt 0.065200 0.715500
vt 0.031700 0.716700
vt 0.098700 0.640800
vt 0.095500 0.654800
vt 0.512600 0.011500
vt 0.483800 0.022400
vt 0.478600 0.302700
vt 0.506900 0.303100
vt 0.110100 0.289700
vt 0.137900 0.290200
vt 0.137900 0.301200
vt 0.110100 0.300200
vt 0.446400 0.133800
vt 0.455900 0.145100
vt 0.459200 0.151800
vt 0.110100 0.247600
vt 0.137900 0.246100
vt 0.137900 0.256600
vt 0.054200 0.407700
vt 0.054200 0.398400
vt 0.506900 0.223600
vt 0.506900 0.232900
vt 0.478600 0.233700
vt 0.478600 0.224600
vt 0.647400 0.121200
vt 0.653100 0.113200
vt 0.672000 0.110100
vt 0.618000 0.157100
vt 0.109500 0.387600
vt 0.081600 0.388300
vt 0.081600 0.378500
vt 0.109500 0.377100
vt 0.520500 0.087500
vt 0.520400 0.075100
vt 0.522200 0.062900
vt 0.593500 0.159200
vt 0.594600 0.143700
vt 0.604500 0.143600
vt 0.551300 0.122100
vt 0.558300 0.129000
vt 0.569800 0.152700
vt 0.407600 0.466300
vt 0.407900 0.461700
vt 0.414900 0.462700
vt 0.413800 0.467300
vt 0.572500 0.267900
vt 0.572500 0.261000
vt 0.602500 0.259900
vt 0.602500 0.267900
vt 0.941300 0.428900
vt 0.941100 0.434400
vt 0.931100 0.433300
vt 0.931900 0.427900
vt 0.336500 0.166800
vt 0.312700 0.166800
vt 0.312700 0.157500
vt 0.336500 0.157100
vt 0.665800 0.038800
vt 0.660300 0.065300
vt 0.657100 0.055900
vt 0.649600 0.020200
vt 0.677500 0.073700
vt 0.657600 0.104300
vt 0.616700 0.003800
vt 0.622600 0.022000
vt 0.613200 0.019000
vt 0.592100 0.002100
vt 0.190200 0.575600
vt 0.156700 0.577400
vt 0.156700 0.569700
vt 0.190200 0.567400
vt 0.545400 0.114100
vt 0.526400 0.111400
vt 0.367200 0.240900
vt 0.367200 0.233200
vt 0.395100 0.230200
vt 0.395100 0.238400
vt 0.028200 0.310600
vt 0.028200 0.303400
vt 0.054800 0.306000
vt 0.054800 0.313900
vt 0.369300 0.180100
vt 0.368200 0.172800
vt 0.369300 0.172700
vt 0.763700 0.072400
vt 0.797900 0.076700
vt 0.649800 0.277200
vt 0.626000 0.276600
vt 0.626000 0.267900
vt 0.649800 0.267900
vt 0.951500 0.581000
vt 0.951800 0.586500
vt 0.941800 0.586500
vt 0.942100 0.581000
vt 0.364300 0.396700
vt 0.340400 0.396100
vt 0.340400 0.387400
vt 0.364300 0.387400
vt 0.042600 0.682400
vt 0.049700 0.683400
vt 0.049400 0.688500
vt 0.041400 0.687300
vt 0.322200 0.496200
vt 0.288800 0.496900
vt 0.603400 0.017600
vt 0.593500 0.017600
vt 0.583700 0.019300
vt 0.557200 0.013800
vt 0.568200 0.008100
vt 0.632500 0.134200
vt 0.640400 0.128300
vt 0.193100 0.374700
vt 0.221300 0.374300
vt 0.221300 0.386200
vt 0.193100 0.386400
vt 0.193700 0.255200
vt 0.193700 0.244000
vt 0.221900 0.243400
vt 0.221900 0.254700
vt 0.193700 0.290900
vt 0.221900 0.291100
vt 0.008400 0.648700
vt 0.010600 0.655600
vt 0.005900 0.657500
vt 0.003400 0.650000
vt 0.190200 0.584500
vt 0.156700 0.585700
vt 0.395100 0.268100
vt 0.422900 0.267600
vt 0.422900 0.278900
vt 0.395100 0.278900
vt 0.339800 0.306000
vt 0.339800 0.313900
vt 0.313200 0.310600
vt 0.313200 0.303400
vt 0.734300 0.257800
vt 0.767800 0.257200
vt 0.767800 0.266800
vt 0.734300 0.266800
vt 0.048900 0.591900
vt 0.041800 0.593000
vt 0.040600 0.588100
vt 0.048500 0.586800
vt 0.315000 0.078200
vt 0.342900 0.079500
vt 0.342900 0.089500
vt 0.315000 0.087600
vt 0.371500 0.187200
vt 0.379100 0.199900
vt 0.374800 0.193800
vt 0.054200 0.440600
vt 0.027600 0.436600
vt 0.027600 0.430100
vt 0.054200 0.433400
vt 0.193100 0.443600
vt 0.221300 0.444400
vt 0.221300 0.453700
vt 0.193100 0.452800
vt 0.365100 0.503300
vt 0.360400 0.503000
vt 0.361400 0.496100
vt 0.367900 0.491200
vt 0.180500 0.507000
vt 0.180500 0.498300
vt 0.688300 0.030200
vt 0.649800 0.241100
vt 0.649800 0.249700
vt 0.626000 0.250800
vt 0.626000 0.242800
vt 0.065200 0.724800
vt 0.031700 0.725500
vt 0.660500 0.094800
vt 0.662000 0.085000
vt 0.436800 0.513500
vt 0.443700 0.515100
vt 0.441800 0.521000
vt 0.416500 0.492200
vt 0.265300 0.143600
vt 0.288800 0.141600
vt 0.426500 0.058300
vt 0.426500 0.046200
vt 0.454700 0.046000
vt 0.454700 0.058300
vt 0.564800 0.232100
vt 0.564800 0.242800
vt 0.536000 0.243000
vt 0.450800 0.267200
vt 0.478600 0.266900
vt 0.450800 0.278900
vt 0.312700 0.208600
vt 0.288800 0.206000
vt 0.288800 0.199400
vt 0.312700 0.201600
vt 0.414500 0.544800
vt 0.415600 0.549300
vt 0.408700 0.550500
vt 0.408300 0.545800
vt 0.536000 0.086100
vt 0.535900 0.076200
vt 0.251000 0.266500
vt 0.221900 0.266700
vt 0.279800 0.254300
vt 0.558400 0.148100
vt 0.548300 0.141000
vt 0.661900 0.075100
vt 0.675400 0.061500
vt 0.536000 0.314800
vt 0.564800 0.325700
vt 0.506900 0.324900
vt 0.506900 0.314400
vt 0.033200 0.633100
vt 0.028600 0.598700
vt 0.190200 0.622300
vt 0.156700 0.621100
vt 0.193100 0.422200
vt 0.193100 0.410400
vt 0.221300 0.410700
vt 0.250500 0.386100
vt 0.279200 0.398400
vt 0.221300 0.398400
vt 0.031700 0.743400
vt 0.065200 0.744000
vt 0.102600 0.649100
vt 0.100200 0.656700
vt 0.097700 0.647900
vt 0.419400 0.123500
vt 0.419500 0.122400
vt 0.027600 0.422900
vt 0.054200 0.425500
vt 0.631500 0.026400
vt 0.958000 0.314000
vt 0.958300 0.308500
vt 0.967800 0.308500
vt 0.968100 0.314000
vt 0.408000 0.377400
vt 0.412000 0.378000
vt 0.412000 0.387400
vt 0.408000 0.387400
vt 0.384300 0.540300
vt 0.376200 0.540200
vt 0.371200 0.535300
vt 0.316900 0.395400
vt 0.316900 0.387400
vt 0.228200 0.487800
vt 0.204300 0.488700
vt 0.204300 0.480100
vt 0.228200 0.478800
vt 0.960900 0.580000
vt 0.961800 0.585400
vt 0.948100 0.312900
vt 0.949000 0.307500
vt 0.356500 0.156800
vt 0.360400 0.157400
vt 0.360400 0.166800
vt 0.356500 0.166800
vt 0.033800 0.684900
vt 0.035700 0.680200
vt 0.418700 0.216700
vt 0.433500 0.472000
vt 0.430500 0.475600
vt 0.425400 0.471900
vt 0.427800 0.467900
vt 0.434900 0.480000
vt 0.438500 0.476900
vt 0.442600 0.482500
vt 0.438700 0.485000
vt 0.288800 0.183900
vt 0.312700 0.185100
vt 0.312700 0.193600
vt 0.288800 0.192000
vt 0.235400 0.180600
vt 0.235400 0.173800
vt 0.265300 0.174800
vt 0.265300 0.182600
vt 0.536000 0.334800
vt 0.506900 0.334200
vt 0.395100 0.327600
vt 0.367200 0.324600
vt 0.342900 0.107000
vt 0.315000 0.103900
vt 0.315000 0.096200
vt 0.342900 0.098800
vt 0.261000 0.090000
vt 0.235400 0.080100
vt 0.261000 0.082700
vt 0.204300 0.548800
vt 0.180500 0.546100
vt 0.180500 0.539500
vt 0.204300 0.541700
vt 0.252100 0.516400
vt 0.248100 0.517000
vt 0.248100 0.507000
vt 0.252100 0.507000
vt 0.339800 0.288200
vt 0.313200 0.287300
vt 0.313200 0.278900
vt 0.339800 0.278900
vt 0.462600 0.166200
vt 0.462500 0.173600
vt 0.461400 0.173500
vt 0.193100 0.363500
vt 0.221300 0.362900
vt 0.538600 0.030000
vt 0.547300 0.021100
vt 0.967800 0.321900
vt 0.968100 0.327400
vt 0.958000 0.327400
vt 0.958300 0.321900
vt 0.889300 0.413500
vt 0.892600 0.409200
vt 0.898800 0.414500
vt 0.895800 0.419100
vt 0.366700 0.483200
vt 0.370700 0.477500
vt 0.374300 0.480500
vt 0.387400 0.465100
vt 0.394100 0.462900
vt 0.389300 0.469400
vt 0.921300 0.431200
vt 0.922800 0.425900
vt 0.639600 0.032200
vt 0.483800 0.045900
vt 0.512600 0.058300
vt 0.734300 0.233100
vt 0.734300 0.240800
vt 0.704500 0.243600
vt 0.734300 0.249100
vt 0.704500 0.251000
vt 0.287000 0.361300
vt 0.287000 0.355900
vt 0.316900 0.351300
vt 0.316900 0.357400
vt 0.054800 0.269600
vt 0.028200 0.270500
vt 0.028200 0.262200
vt 0.054800 0.260500
vt 0.028200 0.295600
vt 0.054800 0.297300
vt 0.312700 0.139900
vt 0.288800 0.134200
vt 0.312700 0.132000
vt 0.572500 0.294100
vt 0.572500 0.288200
vt 0.602500 0.291100
vt 0.602500 0.297900
vt 0.072900 0.684600
vt 0.065300 0.687100
vt 0.064000 0.682200
vt 0.070900 0.679900
vt 0.092000 0.670400
vt 0.086400 0.676100
vt 0.428400 0.543900
vt 0.426000 0.539900
vt 0.431000 0.536200
vt 0.434100 0.539700
vt 0.444600 0.508900
vt 0.449300 0.509200
vt 0.448200 0.516100
vt 0.091900 0.613300
vt 0.087600 0.607500
vt 0.091400 0.604100
vt 0.096200 0.610600
vt 0.031700 0.693900
vt 0.065200 0.691100
vt 0.065200 0.698400
vt 0.031700 0.700700
vt 0.336500 0.203300
vt 0.336500 0.195000
vt 0.992600 0.418700
vt 0.989800 0.414200
vt 0.994700 0.408800
vt 0.997800 0.413000
vt 0.370700 0.080600
vt 0.370700 0.091100
vt 0.426500 0.082000
vt 0.454700 0.093800
vt 0.426500 0.093100
vt 0.002600 0.257100
vt 0.028200 0.254400
vt 0.054800 0.236800
vt 0.054800 0.243900
vt 0.028200 0.247200
vt 0.028200 0.240800
vt 0.365100 0.509600
vt 0.360500 0.510000
vt 0.367100 0.529700
vt 0.371000 0.527200
vt 0.005600 0.618500
vt 0.009200 0.611300
vt 0.013600 0.614000
vt 0.010300 0.620400
vt 0.064400 0.587900
vt 0.072000 0.590300
vt 0.070100 0.595000
vt 0.063200 0.592900
vt 0.261000 0.058300
vt 0.261000 0.049800
vt 0.287600 0.048900
vt 0.287600 0.058300
vt 0.287600 0.031200
vt 0.261000 0.033800
vt 0.261000 0.026600
vt 0.287600 0.023200
vt 0.565500 0.027000
vt 0.557500 0.032900
vt 0.626000 0.235400
vt 0.626000 0.228700
vt 0.401400 0.466400
vt 0.401000 0.461700
vt 0.388100 0.406600
vt 0.388100 0.415600
vt 0.364300 0.405700
vt 0.931900 0.585400
vt 0.932800 0.580000
vt 0.388100 0.377700
vt 0.388100 0.387400
vt 0.364300 0.360600
vt 0.364300 0.369200
vt 0.340400 0.370300
vt 0.340400 0.362300
vt 0.287600 0.100400
vt 0.261000 0.096400
vt 0.287600 0.093300
vt 0.027600 0.366700
vt 0.054200 0.363400
vt 0.054200 0.371400
vt 0.027600 0.373900
vt 0.248100 0.496900
vt 0.252100 0.497500
vt 0.980300 0.580100
vt 0.978300 0.575000
vt 0.985900 0.571200
vt 0.988400 0.576000
vt 0.322200 0.549100
vt 0.288800 0.546400
vt 0.540800 0.105300
vt 0.193700 0.324100
vt 0.221900 0.324900
vt 0.082200 0.298900
vt 0.110100 0.310200
vt 0.082200 0.308200
vt 0.017700 0.608100
vt 0.013800 0.604800
vt 0.019400 0.599100
vt 0.033000 0.590600
vt 0.204300 0.516200
vt 0.204300 0.525200
vt 0.180500 0.524100
vt 0.180500 0.515600
vt 0.228200 0.535200
vt 0.248100 0.536000
vt 0.248100 0.544600
vt 0.228200 0.543500
vt 0.779000 0.016600
vt 0.028200 0.278900
vt 0.054800 0.278900
vt 0.054800 0.288200
vt 0.028200 0.287300
vt 0.426800 0.123600
vt 0.478600 0.255200
vt 0.478600 0.244000
vt 0.506900 0.243400
vt 0.506900 0.254700
vt 0.014400 0.671100
vt 0.009600 0.664700
vt 0.014000 0.661900
vt 0.018300 0.667700
vt 0.673700 0.248700
vt 0.673700 0.239700
vt 0.673700 0.267900
vt 0.673700 0.277700
vt 0.444600 0.502600
vt 0.449200 0.502200
vt 0.445800 0.488700
vt 0.448100 0.495300
vt 0.441500 0.490500
vt 0.103800 0.641200
vt 0.103800 0.633200
vt 0.098700 0.633600
vt 0.929600 0.321000
vt 0.931600 0.315900
vt 0.940000 0.318900
vt 0.938500 0.324200
vt 0.948100 0.326300
vt 0.949000 0.320900
vt 0.367200 0.278900
vt 0.395100 0.289700
vt 0.367200 0.289000
vt 0.395100 0.300200
vt 0.367200 0.298900
vt 0.081600 0.436400
vt 0.109500 0.438900
vt 0.109500 0.447100
vt 0.081600 0.444100
vt 0.137400 0.420800
vt 0.137400 0.409700
vt 0.165200 0.410100
vt 0.165200 0.421600
vt 0.193700 0.278900
vt 0.193700 0.266900
vt 0.221900 0.278900
vt 0.110100 0.278900
vt 0.082200 0.278900
vt 0.388100 0.424000
vt 0.388100 0.431400
vt 0.364300 0.429300
vt 0.204300 0.465100
vt 0.204300 0.472200
vt 0.180500 0.474400
vt 0.180500 0.467800
vt 0.506900 0.266700
vt 0.659300 0.131200
vt 0.650700 0.140100
vt 0.065200 0.777700
vt 0.031700 0.775000
vt 0.614300 0.141900
vt 0.623700 0.138800
vt 0.799400 0.067400
vt 0.360400 0.176200
vt 0.356500 0.176800
vt 0.322200 0.505800
vt 0.288800 0.505800
vt 0.584700 0.142200
vt 0.575300 0.139200
vt 0.279800 0.278900
vt 0.279800 0.291400
vt 0.251000 0.291300
vt 0.287600 0.271400
vt 0.313200 0.270500
vt 0.287600 0.278900
vt 0.313200 0.262200
vt 0.313200 0.254400
vt 0.339800 0.251900
vt 0.339800 0.260500
vt 0.383700 0.472300
vt 0.375600 0.472500
vt 0.381200 0.468300
vt 0.392000 0.475900
vt 0.426500 0.034500
vt 0.454700 0.034100
vt 0.342900 0.047500
vt 0.315000 0.048200
vt 0.315000 0.038300
vt 0.342900 0.037000
vt 0.156900 0.499000
vt 0.156900 0.507000
vt 0.127000 0.507000
vt 0.127000 0.500000
vt 0.156900 0.483800
vt 0.127000 0.486700
vt 0.109500 0.367100
vt 0.081600 0.369100
vt 0.081600 0.360400
vt 0.109500 0.357900
vt 0.165200 0.364400
vt 0.165200 0.354400
vt 0.193100 0.353200
vt 0.483800 0.094100
vt 0.110100 0.238400
vt 0.137900 0.236400
vt 0.193700 0.233700
vt 0.193700 0.224600
vt 0.221900 0.334200
vt 0.193700 0.333200
vt 0.156700 0.562800
vt 0.190200 0.560100
vt 0.002000 0.634000
vt 0.003200 0.626100
vt 0.008200 0.627300
vt 0.007100 0.634400
vt 0.339800 0.236800
vt 0.339800 0.243900
vt 0.673700 0.287100
vt 0.673700 0.296100
vt 0.649800 0.286200
vt 0.903500 0.424000
vt 0.906000 0.419100
vt 0.914000 0.423000
vt 0.912000 0.428100
vt 0.027600 0.398400
vt 0.027600 0.406900
vt 0.027600 0.381700
vt 0.054200 0.380000
vt 0.054200 0.389100
vt 0.027600 0.390000
vt 0.077200 0.676600
vt 0.056900 0.683400
vt 0.080000 0.680900
vt 0.316900 0.423500
vt 0.287000 0.418900
vt 0.287000 0.413600
vt 0.316900 0.417500
vt 0.287000 0.401200
vt 0.287000 0.394400
vt 0.316900 0.403200
vt 0.602500 0.275900
vt 0.572500 0.274900
vt 0.288800 0.465300
vt 0.322200 0.462500
vt 0.322200 0.469800
vt 0.288800 0.472100
vt 0.002000 0.764400
vt 0.002000 0.757600
vt 0.235400 0.166800
vt 0.235400 0.159800
vt 0.265300 0.166800
vt 0.443000 0.529100
vt 0.439000 0.534700
vt 0.439000 0.526600
vt 0.388100 0.547400
vt 0.395900 0.545000
vt 0.394800 0.549500
vt 0.401700 0.550600
vt 0.402100 0.545900
vt 0.923900 0.312100
vt 0.921500 0.316900
vt 0.914400 0.312000
vt 0.917200 0.307500
vt 0.081600 0.418400
vt 0.109500 0.419700
vt 0.109500 0.429700
vt 0.081600 0.427800
vt 0.190200 0.646700
vt 0.156700 0.643900
vt 0.574300 0.022400
vt 0.031700 0.734400
vt 0.065200 0.734400
vt 0.190200 0.593800
vt 0.156700 0.594400
vt 0.537400 0.066400
vt 0.336500 0.130300
vt 0.336500 0.138600
vt 0.950700 0.428900
vt 0.951100 0.434300
vt 0.767800 0.294600
vt 0.734300 0.292800
vt 0.652600 0.047100
vt 0.646700 0.039100
vt 0.422900 0.227800
vt 0.422900 0.236400
vt 0.137900 0.321400
vt 0.137900 0.311700
vt 0.165800 0.312900
vt 0.165800 0.322900
vt 0.704500 0.282600
vt 0.704500 0.274800
vt 0.315000 0.012600
vt 0.342900 0.009600
vt 0.312700 0.176000
vt 0.288800 0.175500
vt 0.978500 0.427800
vt 0.976600 0.422700
vt 0.983700 0.418800
vt 0.986100 0.423700
vt 0.156900 0.514900
vt 0.156900 0.522700
vt 0.127000 0.520700
vt 0.127000 0.513900
vt 0.572500 0.254200
vt 0.602500 0.252200
vt 0.602500 0.244800
vt 0.572500 0.247700
vt 0.572500 0.241700
vt 0.602500 0.237900
vt 0.079200 0.593900
vt 0.265300 0.202900
vt 0.235400 0.198300
vt 0.235400 0.193000
vt 0.265300 0.196800
vt 0.265300 0.190000
vt 0.235400 0.187000
vt 0.261000 0.074900
vt 0.287600 0.076700
vt 0.287600 0.085300
vt 0.287600 0.067600
vt 0.261000 0.066700
vt 0.971300 0.583200
vt 0.969900 0.578000
vt 0.700700 0.016000
vt 0.127000 0.633400
vt 0.127000 0.626600
vt 0.704500 0.236800
vt 0.478600 0.324100
vt 0.478600 0.313800
vt 0.228200 0.516700
vt 0.903900 0.300200
vt 0.907400 0.296300
vt 0.911700 0.302200
vt 0.908500 0.306400
vt 0.388100 0.359200
vt 0.892200 0.565500
vt 0.895400 0.561300
vt 0.901000 0.566600
vt 0.898100 0.571100
vt 0.649800 0.258700
vt 0.673700 0.258200
vt 0.693600 0.257900
vt 0.697600 0.258500
vt 0.697600 0.267900
vt 0.693600 0.267900
vt 0.313200 0.295600
vt 0.339800 0.297300
vt 0.439700 0.210000
vt 0.446300 0.206300
vt 0.440100 0.210700
vt 0.370700 0.015800
vt 0.398600 0.014200
vt 0.398600 0.024300
vt 0.370700 0.025400
vt 0.450800 0.331900
vt 0.450800 0.322900
vt 0.478600 0.333200
vt 0.451600 0.139100
vt 0.002000 0.734400
vt 0.002000 0.742400
vt 0.429900 0.527200
vt 0.418800 0.517800
vt 0.259000 0.475800
vt 0.259000 0.469700
vt 0.259000 0.482700
vt 0.259000 0.490100
vt 0.767800 0.247900
vt 0.798900 0.247500
vt 0.798900 0.266800
vt 0.798900 0.276600
vt 0.127000 0.603400
vt 0.127000 0.611400
vt 0.265300 0.130700
vt 0.265300 0.136800
vt 0.235400 0.140600
vt 0.235400 0.135300
vt 0.406200 0.191200
vt 0.397300 0.212000
vt 0.261000 0.041600
vt 0.287600 0.039800
vt 0.259000 0.513800
vt 0.259000 0.521600
vt 0.082200 0.289000
vt 0.221300 0.352500
vt 0.279200 0.351600
vt 0.279200 0.362300
vt 0.250500 0.362500
vt 0.193100 0.398400
vt 0.193100 0.433300
vt 0.165200 0.432400
vt 0.137400 0.431200
vt 0.426500 0.070300
vt 0.370700 0.058300
vt 0.398600 0.058300
vt 0.398600 0.070000
vt 0.370700 0.069600
vt 0.564800 0.254300
vt 0.564800 0.266500
vt 0.536000 0.266500
vt 0.165800 0.290600
vt 0.165800 0.302100
vt 0.313200 0.247200
vt 0.313200 0.240800
vt 0.156900 0.491200
vt 0.127000 0.493200
vt 0.180500 0.489800
vt 0.180500 0.481800
vt 0.371800 0.151000
vt 0.369500 0.158000
vt 0.002000 0.390900
vt 0.288800 0.166800
vt 0.340400 0.404600
vt 0.316900 0.410600
vt 0.287000 0.407700
vt 0.450800 0.244900
vt 0.450800 0.234900
vt 0.675700 0.098300
vt 0.027600 0.415100
vt 0.054200 0.416800
vt 0.002000 0.405900
vt 0.002000 0.398400
vt 0.312700 0.148500
vt 0.626000 0.259300
vt 0.639500 0.013100
vt 0.628500 0.007500
vt 0.235400 0.030000
vt 0.235400 0.024300
vt 0.261000 0.020100
vt 0.287600 0.016100
vt 0.110100 0.230200
vt 0.137900 0.227800
vt 0.165800 0.244900
vt 0.165800 0.255800
vt 0.165800 0.267200
vt 0.165800 0.278900
vt 0.370700 0.035900
vt 0.398600 0.035100
vt 0.398600 0.046500
vt 0.370700 0.047000
vt 0.023400 0.672800
vt 0.029300 0.677000
vt 0.026600 0.681400
vt 0.020100 0.676700
vt 0.039900 0.653100
vt 0.422900 0.256600
vt 0.450800 0.255800
vt 0.092300 0.661300
vt 0.096700 0.663900
vt 0.137400 0.398400
vt 0.250500 0.410800
vt 0.521800 0.673400
vt 0.534200 0.673400
vt 0.534200 0.674500
vt 0.521800 0.674500
vt 0.704500 0.266800
vt 0.704500 0.258800
vt 0.572500 0.236400
vt 0.602500 0.231800
vt 0.002000 0.698300
vt 0.002000 0.704400
vt 0.704500 0.296800
vt 0.704500 0.290000
vt 0.251000 0.243000
vt 0.460800 0.647300
vt 0.468100 0.654200
vt 0.467500 0.655200
vt 0.460200 0.648100
vt 0.390300 0.209600
vt 0.384300 0.205200
vt 0.221400 0.566700
vt 0.221400 0.575000
vt 0.353400 0.542500
vt 0.353400 0.550000
vt 0.054800 0.321000
vt 0.082200 0.316900
vt 0.082200 0.324600
vt 0.110100 0.319400
vt 0.412100 0.123400
vt 0.397600 0.125600
vt 0.404700 0.123400
vt 0.228200 0.470400
vt 0.228200 0.463000
vt 0.259000 0.497800
vt 0.259000 0.505800
vt 0.109500 0.349700
vt 0.081600 0.352700
vt 0.193100 0.344100
vt 0.221300 0.343100
vt 0.388100 0.368200
vt 0.364300 0.378200
vt 0.316900 0.379500
vt 0.340400 0.378800
vt 0.204300 0.533800
vt 0.312700 0.125000
vt 0.671500 0.049800
vt 0.483800 0.002400
vt 0.454700 0.003000
vt 0.734200 0.122100
vt 0.762000 0.118000
vt 0.753000 0.120800
vt 0.743600 0.122200
vt 0.400800 0.523800
vt 0.391100 0.518000
vt 0.368100 0.521700
vt 0.363800 0.523500
vt 0.361600 0.516900
vt 0.127000 0.587600
vt 0.127000 0.580200
vt 0.127000 0.573400
vt 0.002000 0.718700
vt 0.002000 0.711300
vt 0.002000 0.726400
vt 0.259000 0.535800
vt 0.259000 0.529000
vt 0.127000 0.567300
vt 0.887600 0.559300
vt 0.891100 0.555500
vt 0.421500 0.464800
vt 0.419800 0.469100
vt 0.572500 0.281700
vt 0.602500 0.283700
vt 0.420400 0.542800
vt 0.422200 0.547100
vt 0.363500 0.489400
vt 0.683600 0.084700
vt 0.680700 0.075700
vt 0.165200 0.442400
vt 0.165200 0.375300
vt 0.398600 0.081400
vt 0.353400 0.525100
vt 0.353400 0.515600
vt 0.353400 0.534200
vt 0.096400 0.771100
vt 0.096400 0.778600
vt 0.353400 0.469100
vt 0.353400 0.477500
vt 0.127000 0.595400
vt 0.287000 0.387400
vt 0.287000 0.380500
vt 0.381900 0.544300
vt 0.235400 0.153000
vt 0.235400 0.146600
vt 0.446100 0.522800
vt 0.601500 0.640400
vt 0.595900 0.648200
vt 0.595200 0.647300
vt 0.600800 0.639600
vt 0.353400 0.505800
vt 0.280600 0.278900
vt 0.280600 0.291200
vt 0.536000 0.223000
vt 0.640700 0.147400
vt 0.629700 0.153100
vt 0.786200 0.529800
vt 0.798600 0.529800
vt 0.798600 0.530900
vt 0.786200 0.530900
vt 0.336500 0.186000
vt 0.336500 0.176500
vt 0.356500 0.195900
vt 0.356500 0.204400
vt 0.391000 0.128900
vt 0.537600 0.095900
vt 0.221400 0.559200
vt 0.798900 0.257000
vt 0.512600 0.045800
vt 0.513400 0.045900
vt 0.513400 0.058300
vt 0.958800 0.562600
vt 0.971100 0.563400
vt 0.971100 0.564500
vt 0.958600 0.563700
vt 0.279200 0.445200
vt 0.054800 0.251900
vt 0.082200 0.249600
vt 0.339800 0.269600
vt 0.367200 0.268800
vt 0.137900 0.278900
vt 0.137900 0.267600
vt 0.353400 0.486500
vt 0.353400 0.496100
vt 0.388100 0.397200
vt 0.412000 0.396900
vt 0.408000 0.397500
vt 0.398600 0.092300
vt 0.340400 0.354900
vt 0.340400 0.348300
vt 0.626000 0.285100
vt 0.398600 0.005300
vt 0.426500 0.003900
vt 0.512600 0.033700
vt 0.719600 0.496000
vt 0.725200 0.503700
vt 0.724500 0.504500
vt 0.718900 0.496800
vt 0.512600 0.105000
vt 0.762200 0.525700
vt 0.774000 0.528400
vt 0.773800 0.529500
vt 0.761900 0.526800
vt 0.564800 0.278900
vt 0.565500 0.278900
vt 0.565500 0.291200
vt 0.564800 0.291400
vt 0.165800 0.331900
vt 0.137900 0.330000
vt 0.280000 0.386100
vt 0.280000 0.398400
vt 0.279200 0.386000
vt 0.834000 0.522800
vt 0.822800 0.526800
vt 0.822500 0.525700
vt 0.833600 0.521800
vt 0.085700 0.598500
vt 0.704500 0.230700
vt 0.734300 0.226300
vt 0.056500 0.586700
vt 0.056100 0.591800
vt 0.099900 0.617700
vt 0.102400 0.625300
vt 0.097500 0.626500
vt 0.095200 0.619700
vt 0.693600 0.222600
vt 0.693600 0.230300
vt 0.228200 0.550900
vt 0.408000 0.349800
vt 0.408000 0.342200
vt 0.336500 0.210700
vt 0.057400 0.688400
vt 0.693600 0.297000
vt 0.693600 0.305600
vt 0.673700 0.304400
vt 0.693600 0.287700
vt 0.693600 0.278000
vt 0.248100 0.526700
vt 0.228200 0.526100
vt 0.336500 0.147600
vt 0.356500 0.147000
vt 0.356500 0.137700
vt 0.248100 0.477900
vt 0.248100 0.487200
vt 0.408000 0.358400
vt 0.408000 0.367700
vt 0.279800 0.303500
vt 0.497900 0.669300
vt 0.509600 0.672000
vt 0.509400 0.673100
vt 0.497600 0.670400
vt 0.137400 0.387100
vt 0.165200 0.386700
vt 0.165200 0.398400
vt 0.422900 0.321400
vt 0.422900 0.311700
vt 0.450800 0.312900
vt 0.422900 0.330000
vt 0.450800 0.226000
vt 0.422900 0.246100
vt 0.798900 0.286100
vt 0.798900 0.295200
vt 0.798900 0.303500
vt 0.798900 0.311000
vt 0.096400 0.753700
vt 0.096400 0.762800
vt 0.096400 0.697700
vt 0.096400 0.706100
vt 0.096400 0.715100
vt 0.096400 0.724700
vt 0.221400 0.640100
vt 0.221400 0.647500
vt 0.096400 0.734400
vt 0.096400 0.744200
vt 0.221400 0.584100
vt 0.221400 0.593600
vt 0.221400 0.603400
vt 0.221400 0.613200
vt 0.156900 0.543100
vt 0.127000 0.538500
vt 0.221400 0.622700
vt 0.221400 0.631700
vt 0.455500 0.194500
vt 0.458900 0.188000
vt 0.459600 0.188300
vt 0.456100 0.195000
vt 0.739200 0.846500
vt 0.751500 0.846500
vt 0.751600 0.847700
vt 0.739100 0.847700
vt 0.852300 0.510600
vt 0.859600 0.503600
vt 0.860200 0.504500
vt 0.852900 0.511500
vt 0.002000 0.286300
vt 0.002600 0.278900
vt 0.002600 0.293800
vt 0.983400 0.562900
vt 0.995300 0.561100
vt 0.995500 0.562200
vt 0.983500 0.564000
vt 0.403700 0.216100
vt 0.396900 0.213000
vt 0.411200 0.216600
vt 0.411200 0.217400
vt 0.235400 0.036400
vt 0.750800 0.522900
vt 0.751200 0.521800
vt 0.740700 0.517700
vt 0.741200 0.516800
vt 0.007200 0.641600
vt 0.002100 0.642100
vt 0.279200 0.373800
vt 0.811000 0.529500
vt 0.810800 0.528400
vt 0.602500 0.304000
vt 0.572500 0.299400
vt 0.649800 0.309800
vt 0.626000 0.307100
vt 0.180500 0.532100
vt 0.368700 0.157800
vt 0.371100 0.150700
vt 0.370700 0.007200
vt 0.922300 0.583300
vt 0.923800 0.578000
vt 0.137400 0.376100
vt 0.137400 0.365600
vt 0.137400 0.440900
vt 0.165200 0.451400
vt 0.137400 0.449500
vt 0.137400 0.355900
vt 0.137400 0.347300
vt 0.165200 0.345500
vt 0.450800 0.290600
vt 0.422900 0.290200
vt 0.422900 0.301200
vt 0.450800 0.302100
vt 0.339800 0.321000
vt 0.313200 0.317100
vt 0.426200 0.216300
vt 0.433100 0.213300
vt 0.433400 0.214100
vt 0.566400 0.134800
vt 0.440400 0.129400
vt 0.433800 0.125900
vt 0.434200 0.125200
vt 0.440800 0.128700
vt 0.028200 0.317100
vt 0.462200 0.158700
vt 0.460000 0.151500
vt 0.558200 0.669400
vt 0.569200 0.665500
vt 0.569600 0.666500
vt 0.558500 0.670400
vt 0.715200 0.842500
vt 0.727000 0.845200
vt 0.726800 0.846300
vt 0.714900 0.843600
vt 0.703800 0.839700
vt 0.704200 0.838600
vt 0.775800 0.843600
vt 0.763900 0.846300
vt 0.763800 0.845200
vt 0.775500 0.842500
vt 0.110100 0.327600
vt 0.754000 0.003600
vt 0.763000 0.006600
vt 0.374200 0.194200
vt 0.370800 0.187500
vt 0.684000 0.038600
vt 0.992600 0.566500
vt 0.995500 0.571100
vt 0.959900 0.427800
vt 0.960800 0.433200
vt 0.778200 0.108300
vt 0.794900 0.085700
vt 0.790500 0.094000
vt 0.412200 0.474200
vt 0.082200 0.240900
vt 0.165800 0.234900
vt 0.054200 0.356300
vt 0.027600 0.360300
vt 0.388000 0.499300
vt 0.082200 0.233200
vt 0.396600 0.213700
vt 0.389900 0.210300
vt 0.165800 0.226000
vt 0.353400 0.461700
vt 0.127000 0.639500
vt 0.673700 0.311900
vt 0.463300 0.166100
vt 0.463300 0.173700
vt 0.512600 0.070700
vt 0.513400 0.070600
vt 0.340400 0.426600
vt 0.288800 0.127600
vt 0.462000 0.181100
vt 0.461300 0.180900
vt 0.384500 0.132600
vt 0.390600 0.128300
vt 0.483800 0.114100
vt 0.279800 0.266500
vt 0.280600 0.266600
vt 0.452200 0.138600
vt 0.456600 0.144700
vt 0.368500 0.180300
vt 0.367400 0.172800
vt 0.946400 0.561400
vt 0.946700 0.560400
vt 0.865900 0.496700
vt 0.865200 0.495900
vt 0.397400 0.124900
vt 0.404600 0.122600
vt 0.127000 0.619200
vt 0.002000 0.750200
vt 0.704500 0.302900
vt 0.002000 0.770500
vt 0.096400 0.690300
vt 0.767800 0.223500
vt 0.798900 0.222600
vt 0.002600 0.250600
vt 0.412000 0.121500
vt 0.451700 0.201000
vt 0.451100 0.200500
vt 0.235400 0.073100
vt 0.383800 0.205800
vt 0.378500 0.200400
vt 0.025900 0.594300
vt 0.250500 0.342500
vt 0.551800 0.121600
vt 0.558800 0.128400
vt 0.594600 0.142900
vt 0.604400 0.142800
vt 0.356500 0.186600
vt 0.408000 0.407200
vt 0.408000 0.416500
vt 0.693600 0.238900
vt 0.408000 0.425100
vt 0.408000 0.432700
vt 0.248100 0.461700
vt 0.536000 0.291300
vt 0.564800 0.303500
vt 0.251000 0.314800
vt 0.279800 0.325700
vt 0.251000 0.334800
vt 0.250500 0.454300
vt 0.002600 0.312900
vt 0.002600 0.307200
vt 0.287600 0.244900
vt 0.032800 0.639400
vt 0.566800 0.134100
vt 0.575600 0.138500
vt 0.486400 0.666500
vt 0.486800 0.665400
vt 0.536800 0.086000
vt 0.538400 0.095700
vt 0.603300 0.018300
vt 0.593500 0.018400
vt 0.565500 0.266600
vt 0.579700 0.661400
vt 0.579200 0.660400
vt 0.631100 0.027100
vt 0.622400 0.022700
vt 0.715900 0.117600
vt 0.356500 0.212100
vt 0.693600 0.313200
vt 0.697600 0.277400
vt 0.248100 0.552200
vt 0.907700 0.571200
vt 0.905200 0.576000
vt 0.693600 0.248100
vt 0.374600 0.144000
vt 0.375300 0.144400
vt 0.379100 0.137900
vt 0.248100 0.469300
vt 0.367500 0.165300
vt 0.368200 0.165400
vt 0.085400 0.617300
vt 0.259000 0.541900
vt 0.564800 0.222600
vt 0.279800 0.335200
vt 0.287600 0.264100
vt 0.454500 0.640300
vt 0.455200 0.639600
vt 0.002000 0.383600
vt 0.279200 0.410900
vt 0.280000 0.410700
vt 0.546600 0.673100
vt 0.546400 0.672000
vt 0.632100 0.133600
vt 0.639900 0.127700
vt 0.614100 0.141200
vt 0.623400 0.138100
vt 0.583900 0.020000
vt 0.574600 0.023100
vt 0.651900 0.047500
vt 0.646100 0.039600
vt 0.646800 0.120700
vt 0.652500 0.112800
vt 0.541500 0.105000
vt 0.546000 0.113700
vt 0.656900 0.104000
vt 0.659800 0.094600
vt 0.659600 0.065500
vt 0.656400 0.056200
vt 0.661300 0.085000
vt 0.661200 0.075200
vt 0.551100 0.040500
vt 0.545400 0.048400
vt 0.541100 0.057200
vt 0.538100 0.066600
vt 0.565900 0.027600
vt 0.558000 0.033500
vt 0.419600 0.121600
vt 0.427000 0.122800
vt 0.397700 0.489400
vt 0.279200 0.342200
vt 0.512600 0.114500
vt 0.512600 0.022100
vt 0.279800 0.315000
vt 0.279800 0.222600
vt 0.279200 0.454700
vt 0.564800 0.315000
vt 0.412800 0.537900
vt 0.771400 0.011000
vt 0.770500 0.113800
vt 0.716800 0.006200
vt 0.725900 0.003400
vt 0.584900 0.141400
vt 0.707500 0.113200
vt 0.699900 0.107600
vt 0.679300 0.066300
vt 0.613000 0.019800
vt 0.536700 0.076200
vt 0.639100 0.032800
vt 0.418700 0.217400
vt 0.724800 0.120600
vt 0.539500 0.132300
vt 0.677600 0.086100
vt 0.525900 0.051100
vt 0.579900 0.004100
vt 0.604500 0.002000
vt 0.522500 0.099700
vt 0.569400 0.153700
vt 0.581200 0.157400
vt 0.658400 0.028900
vt 0.532100 0.122400
vt 0.666500 0.121200
vt 0.693900 0.022600
vt 0.454500 0.194000
vt 0.785600 0.023400
vt 0.605800 0.159100
vt 0.799500 0.057900
vt 0.744700 0.002100
vt 0.687800 0.093100
vt 0.784900 0.101600
vt 0.708400 0.010500
vt 0.795300 0.039500
vt 0.287600 0.286400
vt 0.287600 0.293800
vt 0.235400 0.065800
vt 0.235400 0.058300
vt 0.002600 0.271400
vt 0.002600 0.264100
vt 0.235400 0.092300
vt 0.235400 0.086500
vt 0.002000 0.364400
vt 0.002000 0.370200
vt 0.287600 0.312900
vt 0.287600 0.307200
vt 0.432700 0.212300
vt 0.002000 0.426700
vt 0.002000 0.432400
vt 0.002600 0.244900
vt 0.287600 0.257100
vt 0.287600 0.250600
vt 0.235400 0.050700
vt 0.235400 0.043400
vt 0.002600 0.300700
vt 0.002000 0.376600
vt 0.287600 0.300700
vt 0.386700 0.507700
vt 0.416800 0.519800
vt 0.002000 0.420200
vt 0.002000 0.413300
vt 0.392600 0.536500
vt 0.376200 0.145000
vt 0.512600 0.094400
vt 0.279800 0.242800
vt 0.512600 0.002000
vt 0.564800 0.335200
vt 0.279200 0.434500
vt 0.437500 0.508400
vn 0.8638 -0.0432 0.5019
vn 0.3750 0.0561 0.9253
vn 0.5365 0.0383 0.8430
vn 0.8739 0.0608 0.4822
vn 0.9199 0.0203 -0.3915
vn 0.6110 -0.0143 -0.7915
vn 0.9311 -0.0627 -0.3594
vn 0.4170 -0.0273 -0.9085
vn 0.5923 -0.0457 -0.8044
vn -0.8245 -0.0065 0.5658
vn -0.3319 0.0483 0.9421
vn -0.2559 0.0235 0.9664
vn -0.8253 -0.0231 0.5642
vn 0.9196 0.0305 0.3916
vn 0.9128 -0.0100 -0.4082
vn 0.9749 -0.0195 -0.2216
vn 0.8189 -0.0655 0.5702
vn 0.8260 -0.1087 0.5531
vn 0.5342 -0.0599 0.8432
vn 0.4459 -0.0604 0.8930
vn -0.8412 -0.1014 0.5311
vn -0.9699 -0.2267 0.0893
vn -0.9688 -0.1115 0.2212
vn -0.8433 -0.0538 0.5347
vn 0.2526 -0.1626 -0.9538
vn 0.0610 -0.0815 -0.9948
vn 0.0316 -0.3496 -0.9364
vn -0.8811 0.0542 -0.4699
vn -0.9915 0.0307 -0.1266
vn -0.9264 -0.0581 -0.3719
vn -0.7693 -0.0165 -0.6386
vn 0.9265 -0.0917 0.3650
vn 0.9049 0.0061 -0.4256
vn 0.9982 -0.0018 -0.0605
vn 0.9586 0.0202 0.2840
vn 0.6379 -0.7267 -0.2551
vn 0.5761 -0.7246 -0.3783
vn 0.7128 -0.7008 -0.0291
vn 0.7304 -0.6814 0.0470
vn 0.6770 -0.7359 0.0118
vn 0.3512 -0.8453 0.4026
vn 0.6564 -0.7049 0.2687
vn -0.8810 0.0189 -0.4727
vn -0.8163 0.0121 -0.5775
vn -0.3499 -0.1617 -0.9227
vn -0.6043 0.0851 -0.7922
vn -0.5680 0.0762 -0.8195
vn -0.7185 -0.0384 -0.6945
vn -0.8666 0.2386 -0.4382
vn -0.3055 -0.9412 0.1445
vn -0.4267 -0.8632 0.2697
vn -0.3132 -0.7796 0.5423
vn 0.0412 -0.9611 0.2730
vn -0.0122 -0.9140 0.4055
vn -0.2807 -0.9033 0.3246
vn -0.1462 -0.8086 0.5699
vn 0.1565 -0.9005 0.4057
vn -0.9900 -0.0810 -0.1158
vn -0.8232 -0.0615 -0.5644
vn 0.9992 -0.0051 0.0394
vn 0.9083 0.0414 0.4163
vn 0.5871 -0.7760 0.2302
vn 0.7972 -0.5978 -0.0838
vn 0.6308 -0.7181 -0.2941
vn 0.4059 -0.9096 0.0885
vn -0.1995 -0.9411 -0.2731
vn -0.3463 -0.8692 -0.3529
vn -0.5484 -0.8222 -0.1523
vn -0.2601 -0.9612 0.0923
vn -0.6012 -0.6814 -0.4175
vn -0.6113 -0.6872 -0.3925
vn -0.6679 -0.7264 -0.1617
vn -0.4402 -0.8865 -0.1426
vn 0.9962 -0.0508 -0.0714
vn 0.9231 -0.0440 -0.3820
vn 0.9743 -0.0344 -0.2227
vn -0.6165 -0.0804 0.7832
vn -0.2566 -0.0200 0.9663
vn 0.0110 -0.0104 0.9999
vn -0.4596 -0.8693 -0.1816
vn -0.5975 -0.6490 -0.4710
vn -0.5602 -0.8259 0.0644
vn 0.0613 -0.7212 -0.6900
vn -0.2133 -0.7729 -0.5976
vn -0.1827 -0.8908 -0.4161
vn 0.0772 -0.9420 -0.3266
vn 0.2848 -0.9382 0.1967
vn 0.3989 -0.9163 0.0361
vn 0.0626 -0.9946 -0.0827
vn 0.0122 -0.9985 0.0533
vn 0.0539 -0.9864 0.1552
vn -0.1846 -0.9649 0.1867
vn -0.0224 -0.9291 0.3690
vn 0.2152 -0.9399 0.2651
vn 0.2368 -0.9546 -0.1809
vn 0.1827 -0.9773 0.1075
vn 0.4783 -0.8762 0.0600
vn 0.3490 -0.8629 -0.3655
vn -0.1903 -0.7171 -0.6705
vn -0.4566 -0.7856 -0.4176
vn -0.2895 -0.8989 -0.3290
vn -0.0563 -0.9420 -0.3310
vn -0.4010 -0.8328 0.3816
vn -0.1833 -0.9105 0.3707
vn -0.3113 -0.9459 0.0910
vn -0.4759 -0.8685 0.1387
vn 0.3159 -0.9293 -0.1914
vn 0.1965 -0.9750 0.1035
vn -0.7640 -0.0598 0.6425
vn -0.2416 -0.0615 0.9684
vn 0.7396 -0.0446 0.6716
vn 0.9171 0.0180 0.3983
vn 0.8261 -0.0259 0.5629
vn 0.1237 -0.0178 0.9922
vn 0.0930 -0.1397 0.9858
vn -0.6362 -0.0790 0.7675
vn -0.8572 -0.0462 0.5130
vn -0.0414 -0.8732 0.4856
vn -0.0731 -0.9297 0.3610
vn -0.2491 -0.8693 0.4269
vn -0.2694 -0.8626 0.4283
vn -0.2531 -0.0301 -0.9670
vn -0.2167 -0.0275 -0.9759
vn -0.2224 0.0353 -0.9743
vn -0.2461 0.0278 -0.9688
vn 0.0803 -0.9928 -0.0886
vn -0.1023 -0.9828 0.1539
vn 0.2016 -0.9620 0.1842
vn 0.3978 -0.9076 -0.1343
vn -0.5228 0.0141 0.8524
vn -0.6888 0.0339 0.7242
vn -0.7459 -0.0198 0.6658
vn -0.6005 0.0669 0.7968
vn -0.9598 -0.0158 0.2803
vn -0.9757 -0.0062 0.2190
vn -0.0761 -0.8716 -0.4843
vn 0.2364 -0.8527 -0.4659
vn 0.1095 -0.7298 -0.6749
vn -0.1948 -0.7372 -0.6470
vn -0.1584 -0.0300 0.9869
vn -0.1612 -0.0162 0.9868
vn -0.5063 -0.0175 0.8622
vn -0.2861 0.0940 -0.9536
vn 0.1351 0.1064 -0.9851
vn -0.1564 -0.9877 0.0058
vn -0.1455 -0.9700 0.1950
vn -0.0805 -0.9940 -0.0742
vn 0.1848 -0.9058 -0.3813
vn -0.0058 -0.9988 -0.0493
vn -0.0134 -0.9990 0.0422
vn 0.1942 -0.9790 -0.0624
vn -0.0841 -0.9933 -0.0792
vn -0.2662 -0.8834 -0.3856
vn -0.3538 -0.9250 -0.1387
vn -0.2221 -0.9730 0.0628
vn -0.1378 -0.0246 -0.9901
vn -0.3917 -0.0255 -0.9197
vn -0.3798 -0.0310 -0.9245
vn -0.1069 -0.1091 -0.9883
vn 0.2276 -0.2125 -0.9503
vn 0.2350 -0.0325 -0.9715
vn 0.9970 -0.0095 0.0765
vn 0.9943 0.0773 0.0733
vn 0.9489 0.0924 -0.3017
vn -0.5858 -0.0449 -0.8092
vn -0.3358 -0.1185 -0.9344
vn -0.8389 -0.1678 -0.5178
vn -0.8657 -0.0607 -0.4969
vn -0.6288 0.6481 0.4297
vn -0.4152 0.7276 0.5461
vn -0.5280 0.6521 0.5440
vn 0.1479 -0.9546 -0.2585
vn 0.2100 -0.9773 0.0275
vn 0.4619 -0.8770 -0.1323
vn 0.1871 -0.8588 -0.4770
vn 0.3674 -0.9251 -0.0958
vn 0.2519 -0.9481 0.1941
vn 0.3874 -0.9182 0.0823
vn 0.5504 -0.8322 -0.0675
vn -0.8879 -0.0062 0.4600
vn -0.9706 -0.0088 0.2406
vn -0.0252 -0.4693 -0.8827
vn -0.2874 -0.3181 -0.9034
vn -0.4049 -0.6031 -0.6872
vn -0.1275 -0.4783 -0.8689
vn -0.5929 -0.8021 -0.0717
vn -0.6425 -0.7480 0.1664
vn -0.5190 -0.8319 0.1962
vn -0.4923 -0.8685 -0.0580
vn -0.7384 -0.5640 -0.3698
vn -0.6978 -0.6643 -0.2679
vn -0.5207 -0.7167 -0.4639
vn -0.5296 -0.6565 -0.5371
vn -0.3972 -0.9153 -0.0673
vn -0.1731 -0.9414 -0.2893
vn -0.3398 -0.9075 -0.2469
vn -0.5469 -0.8213 -0.1623
vn 0.7608 -0.6433 0.0858
vn 0.6675 -0.7407 0.0760
vn 0.6067 -0.7226 0.3312
vn 0.7400 -0.6024 0.2993
vn -0.9936 -0.0756 -0.0845
vn -0.9984 0.0294 -0.0480
vn -0.9946 -0.0875 0.0552
vn -0.9742 -0.0983 -0.2034
vn -0.9995 0.0184 -0.0271
vn -0.3488 -0.8826 0.3152
vn -0.3776 -0.9245 -0.0524
vn -0.5513 -0.8341 -0.0180
vn -0.7828 -0.5461 0.2984
vn -0.8398 -0.4486 -0.3058
vn -0.8475 -0.5256 0.0736
vn -0.5734 -0.7937 -0.2031
vn -0.8199 -0.0301 -0.5717
vn -0.9350 -0.0105 -0.3546
vn -0.8436 -0.0674 -0.5328
vn 0.0304 -0.9381 0.3450
vn 0.2025 -0.8719 0.4458
vn -0.0535 -0.7828 -0.6200
vn -0.2225 -0.7373 -0.6379
vn -0.3199 -0.8305 -0.4561
vn -0.1514 -0.9684 -0.1984
vn -0.6913 -0.6912 -0.2105
vn -0.4858 -0.6955 -0.5293
vn -0.6737 -0.6648 -0.3227
vn -0.8159 -0.5780 -0.0146
vn -0.9505 -0.0087 -0.3108
vn -0.7962 -0.2653 -0.5438
vn -0.6627 -0.1232 -0.7386
vn -0.7150 -0.0493 -0.6974
vn -0.4109 -0.8579 -0.3087
vn -0.5519 -0.7740 -0.3104
vn 0.9736 0.1387 0.1816
vn 0.8427 0.5374 0.0310
vn 0.9306 0.3305 0.1573
vn 0.9519 0.0733 0.2976
vn -0.6402 -0.4721 0.6060
vn -0.7074 -0.6015 0.3711
vn -0.8011 -0.5215 0.2938
vn -0.6918 -0.3891 0.6083
vn -0.0560 -0.9822 0.1794
vn -0.1095 -0.7767 0.6203
vn 0.0851 -0.8526 0.5156
vn 0.1557 -0.9783 0.1364
vn -0.0861 -0.7909 -0.6058
vn 0.2769 -0.7743 -0.5691
vn 0.0325 -0.7496 -0.6611
vn -0.2885 -0.7003 -0.6529
vn 0.6413 -0.1883 -0.7438
vn 0.5133 -0.0340 -0.8575
vn 0.3517 -0.2910 -0.8897
vn 0.5055 -0.4807 -0.7165
vn -0.0559 -0.9841 -0.1688
vn -0.1525 -0.9516 -0.2669
vn -0.3424 -0.9198 -0.1919
vn -0.3371 -0.9400 0.0528
vn -0.3211 -0.5020 -0.8031
vn -0.1441 -0.6342 -0.7596
vn -0.2866 -0.3779 -0.8804
vn -0.3917 -0.3411 -0.8545
vn -0.1527 -0.9854 0.0749
vn -0.0791 -0.9753 -0.2063
vn -0.3637 -0.8787 -0.3094
vn -0.3033 -0.9527 -0.0186
vn -0.9895 0.0938 0.1104
vn -0.9776 -0.1871 0.0962
vn -0.9560 -0.0471 0.2895
vn -0.9788 -0.0131 -0.2045
vn -0.9972 -0.0377 -0.0640
vn 0.2155 -0.9366 -0.2762
vn 0.3151 -0.8772 -0.3623
vn 0.1365 -0.8308 -0.5395
vn 0.0193 -0.8796 -0.4754
vn 0.7743 -0.4661 -0.4280
vn 0.7383 -0.2161 -0.6389
vn 0.6198 -0.4523 -0.6413
vn 0.6211 -0.5885 0.5176
vn 0.7113 -0.5146 0.4788
vn 0.7226 -0.4855 0.4921
vn 0.7468 -0.6158 0.2511
vn 0.9356 0.3525 -0.0175
vn 0.8854 0.4638 -0.0298
vn 0.9414 0.3372 -0.0104
vn 0.2757 -0.0151 0.9611
vn -0.1508 0.0273 0.9882
vn 0.3819 -0.1744 0.9076
vn 0.8552 -0.1642 0.4916
vn 0.5222 -0.0810 0.8489
vn -0.1752 -0.0530 -0.9831
vn -0.3077 -0.0633 -0.9494
vn 0.8126 0.0813 -0.5771
vn 0.8011 0.1613 -0.5765
vn 0.9958 0.0767 -0.0495
vn 0.9995 -0.0171 -0.0255
vn 0.3156 -0.8753 0.3664
vn 0.3723 -0.9228 0.0987
vn 0.3453 -0.9239 0.1650
vn 0.3330 -0.8922 0.3051
vn 0.3391 -0.8218 -0.4578
vn 0.3333 -0.8212 -0.4632
vn 0.2127 -0.7645 -0.6085
vn 0.2018 -0.7575 -0.6209
vn -0.0066 -0.9852 -0.1710
vn -0.2461 -0.9690 0.0207
vn -0.0528 -0.9965 0.0642
vn 0.1088 -0.9938 -0.0220
vn -0.5079 -0.8120 0.2876
vn -0.3606 -0.8091 0.4640
vn -0.2962 -0.8699 0.3944
vn -0.4166 -0.8776 0.2373
vn 0.3719 -0.9267 0.0534
vn 0.2648 -0.9042 0.3352
vn 0.6017 -0.7443 0.2899
vn 0.4662 -0.8827 0.0591
vn 0.8977 -0.0045 -0.4405
vn 0.3276 -0.9160 -0.2313
vn 0.4606 -0.7633 -0.4531
vn 0.0846 -0.8794 -0.4685
vn 0.1199 -0.9293 -0.3493
vn -0.3561 -0.9073 0.2237
vn -0.2154 -0.9368 0.2758
vn -0.3444 -0.9386 -0.0197
vn 0.1583 -0.9153 0.3703
vn 0.2693 -0.8530 0.4470
vn 0.4026 -0.8628 0.3057
vn 0.3270 -0.9175 0.2265
vn 0.7700 0.6335 0.0753
vn 0.8351 0.5498 -0.0196
vn 0.8155 0.5772 0.0420
vn 0.7610 0.6439 0.0797
vn -0.4334 -0.8385 0.3302
vn -0.5106 -0.8598 -0.0105
vn -0.5298 -0.8100 0.2516
vn -0.4406 -0.7199 0.5363
vn -0.8775 -0.3246 -0.3532
vn -0.9779 -0.1801 -0.1059
vn -0.9048 -0.4212 -0.0625
vn -0.8408 -0.4419 -0.3126
vn 0.0479 -0.9981 0.0376
vn 0.3155 -0.9409 -0.1233
vn 0.1303 -0.9789 -0.1573
vn 0.1891 -0.9214 0.3395
vn -0.1583 -0.8985 0.4093
vn 0.1091 -0.8655 0.4889
vn 0.9766 0.1006 0.1902
vn 0.9626 0.0732 0.2607
vn 0.4333 -0.8755 0.2141
vn 0.3813 -0.9229 -0.0544
vn 0.0613 -0.9869 0.1489
vn 0.0857 -0.9543 0.2862
vn -0.1964 -0.8782 -0.4362
vn 0.1253 -0.8212 -0.5567
vn -0.0420 -0.7644 -0.6433
vn -0.3315 -0.7786 -0.5328
vn 0.2580 -0.7785 0.5722
vn -0.1013 -0.7828 0.6140
vn 0.1705 -0.7438 0.6463
vn 0.4876 -0.6578 0.5740
vn 0.6278 -0.7784 0.0043
vn 0.5157 -0.7828 0.3483
vn 0.6586 -0.7437 0.1148
vn 0.7253 -0.6578 -0.2033
vn 0.7691 -0.4066 0.4931
vn 0.5919 -0.4246 0.6851
vn 0.5968 -0.2867 0.7495
vn 0.7868 -0.2786 0.5508
vn -0.3664 -0.9213 0.1304
vn -0.5076 -0.8305 0.2292
vn -0.2702 -0.8676 0.4174
vn -0.2240 -0.9412 0.2528
vn -0.5135 0.0498 0.8567
vn -0.7297 -0.0670 0.6804
vn -0.5282 -0.8461 0.0717
vn -0.4093 -0.8649 -0.2907
vn -0.5672 -0.8223 -0.0459
vn -0.6358 -0.7290 0.2536
vn -0.5278 -0.2057 -0.8241
vn -0.5532 -0.1904 -0.8110
vn -0.8128 -0.2190 -0.5399
vn -0.7178 -0.2742 -0.6399
vn -0.3397 -0.8833 0.3231
vn -0.2358 -0.9343 0.2673
vn -0.3998 -0.8805 0.2547
vn -0.5307 -0.7899 0.3071
vn -0.0538 -0.9911 -0.1218
vn 0.2875 -0.9477 -0.1388
vn 0.1322 0.1039 -0.9858
vn 0.1204 -0.0226 -0.9925
vn -0.2825 -0.0314 -0.9587
vn -0.3594 0.0984 -0.9280
vn 0.8631 -0.0544 0.5021
vn 0.9960 -0.0261 0.0850
vn 0.9925 0.0959 0.0752
vn 0.8713 0.0735 0.4851
vn 0.2151 -0.9669 0.1374
vn -0.5547 -0.7167 0.4227
vn -0.6283 -0.6565 0.4174
vn -0.5040 -0.5643 0.6538
vn -0.3961 -0.6642 0.6340
vn 0.6327 -0.6945 -0.3425
vn 0.6986 -0.4361 -0.5672
vn 0.5856 -0.5301 -0.6133
vn -0.4308 -0.5642 0.7043
vn -0.5976 -0.6174 0.5115
vn -0.7346 -0.4095 0.5410
vn -0.6284 -0.3224 0.7080
vn -0.0608 -0.8476 0.5272
vn -0.2643 -0.9081 0.3247
vn -0.1589 -0.8366 0.5242
vn 0.0130 -0.7309 0.6824
vn 0.5744 -0.7940 -0.1990
vn 0.3320 -0.9432 0.0140
vn 0.4661 -0.8808 0.0832
vn 0.6863 -0.7147 -0.1345
vn 0.0105 -0.7109 -0.7032
vn 0.0413 -0.6070 -0.7936
vn 0.0056 -0.6987 -0.7154
vn 0.0138 -0.7106 -0.7035
vn 0.3465 -0.7466 -0.5679
vn 0.2598 -0.8513 -0.4559
vn 0.4094 -0.8617 -0.2996
vn 0.4979 -0.7883 -0.3615
vn 0.6644 -0.7468 -0.0300
vn 0.5230 -0.8514 -0.0393
vn 0.4771 -0.8618 0.1720
vn 0.5782 -0.7882 0.2107
vn -0.1980 -0.9214 -0.3345
vn -0.3315 -0.8281 -0.4521
vn -0.2910 -0.9412 -0.1714
vn -0.0489 -0.9208 -0.3870
vn -0.1038 -0.8215 -0.5607
vn 0.6236 -0.7466 0.2316
vn 0.4967 -0.8515 0.1682
vn 0.3721 -0.8618 0.3446
vn 0.4495 -0.7883 0.4201
vn 0.7282 -0.4206 0.5411
vn 0.7773 -0.2102 0.5929
vn 0.8331 -0.2994 0.4651
vn -0.5884 -0.8058 -0.0670
vn -0.7054 -0.7084 0.0241
vn -0.6215 -0.7514 0.2215
vn -0.5270 -0.8289 0.1875
vn -0.8307 -0.3813 0.4057
vn -0.8214 -0.5481 0.1579
vn -0.9281 -0.3119 0.2035
vn -0.9394 -0.1558 0.3053
vn 0.3205 -0.5885 0.7423
vn 0.4190 -0.5145 0.7481
vn 0.4231 -0.4854 0.7651
vn 0.5530 -0.6158 0.5612
vn 0.6192 -0.1090 0.7776
vn 0.5425 -0.3032 0.7834
vn 0.4970 -0.2221 0.8388
vn 0.6093 -0.0773 0.7891
vn -0.9928 -0.1002 -0.0652
vn -0.9845 -0.1547 -0.0831
vn -0.9471 -0.1614 -0.2774
vn -0.9443 -0.0734 -0.3208
vn 0.3462 -0.5310 -0.7735
vn 0.3058 -0.6387 -0.7060
vn 0.5237 -0.6187 -0.5856
vn 0.4707 -0.5679 -0.6752
vn 0.5388 0.2008 0.8181
vn 0.2860 0.2028 0.9365
vn 0.3489 0.5017 0.7915
vn 0.5879 0.4884 0.6449
vn 0.4511 0.8328 0.3207
vn 0.2104 0.8918 0.4006
vn 0.4786 0.8557 0.1967
vn 0.6646 0.7348 0.1355
vn -0.3797 -0.8282 -0.4122
vn -0.5799 -0.7607 -0.2917
vn -0.4310 -0.8947 -0.1168
vn -0.2870 -0.9311 -0.2249
vn -0.0601 -0.9959 -0.0673
vn 0.0690 -0.9787 -0.1934
vn -0.0049 -0.9681 0.2504
vn -0.6605 -0.7168 -0.2235
vn -0.6975 -0.6564 -0.2874
vn -0.8240 -0.5642 -0.0518
vn -0.7471 -0.6642 0.0259
vn 0.9954 -0.0837 -0.0467
vn 0.9854 -0.0989 0.1388
vn 0.9824 -0.0935 0.1620
vn 0.9964 -0.0744 -0.0417
vn -0.6706 -0.6856 0.2832
vn -0.6837 -0.6753 0.2766
vn -0.5621 -0.7815 0.2708
vn -0.5478 -0.7887 0.2791
vn -0.3649 0.8791 -0.3067
vn -0.1654 0.9342 -0.3160
vn -0.4096 0.8893 -0.2032
vn -0.5844 0.7868 -0.1985
vn -0.3456 0.6639 -0.6631
vn -0.1325 0.6895 -0.7121
vn -0.0945 0.7839 -0.6136
vn -0.3244 0.8333 -0.4476
vn 0.2968 -0.9253 0.2360
vn 0.0825 -0.9869 0.1387
vn -0.1726 -0.9849 -0.0130
vn -0.0529 -0.9875 -0.1486
vn 0.4888 -0.7389 -0.4637
vn 0.5668 -0.7664 -0.3023
vn 0.5630 -0.7688 -0.3034
vn 0.6063 -0.6219 -0.4957
vn 0.7172 -0.0681 0.6935
vn 0.7445 -0.0914 0.6614
vn 0.4686 -0.0635 -0.8811
vn 0.2307 -0.6414 -0.7317
vn 0.2454 -0.6520 -0.7174
vn 0.1846 -0.7974 -0.5745
vn 0.1400 -0.9889 -0.0495
vn 0.0862 -0.9892 0.1189
vn 0.8635 -0.4843 0.1407
vn 0.7209 -0.5027 0.4770
vn 0.8074 -0.4464 0.3858
vn 0.8868 -0.4440 0.1280
vn 0.9782 0.1109 0.1756
vn 0.9398 0.0564 0.3371
vn 0.9257 0.1412 0.3508
vn 0.9759 0.1648 0.1432
vn 0.4860 -0.6344 0.6011
vn 0.4987 -0.5383 0.6794
vn 0.7710 -0.4357 0.4644
vn 0.7612 -0.5227 0.3839
vn -0.2017 -0.7327 -0.6499
vn -0.1868 -0.5685 -0.8012
vn -0.4358 -0.6292 -0.6436
vn -0.0083 0.6289 0.7774
vn -0.3442 0.5938 0.7273
vn -0.2750 0.7539 0.5967
vn -0.0051 0.7181 0.6960
vn -0.6471 0.1293 0.7514
vn -0.5852 0.3784 0.7172
vn -0.4468 0.0611 0.8926
vn -0.4385 0.1357 0.8884
vn 0.4327 0.8368 -0.3353
vn 0.4591 0.8841 -0.0873
vn 0.3269 0.9414 -0.0829
vn 0.3011 0.8838 -0.3580
vn 0.9800 0.1665 0.1092
vn 0.9702 0.1461 0.1932
vn 0.9475 0.2873 -0.1401
vn 0.9913 0.1283 -0.0305
vn 0.5740 -0.7028 0.4201
vn 0.3114 -0.7762 0.5482
vn 0.2629 -0.9603 0.0933
vn 0.0091 -0.9906 0.1365
vn 0.1048 -0.9298 0.3529
vn 0.2683 -0.9330 0.2399
vn -0.3549 -0.8119 0.4634
vn -0.1504 -0.8091 0.5681
vn -0.1062 -0.8806 0.4618
vn -0.2909 -0.8848 0.3639
vn -0.1473 -0.9657 0.2138
vn -0.4463 -0.8804 0.1605
vn -0.4767 -0.8347 0.2758
vn -0.9943 0.0575 -0.0896
vn -0.9917 -0.0749 -0.1044
vn -0.9499 -0.0860 0.3005
vn -0.9532 0.0422 0.2994
vn -0.8324 -0.4473 0.3272
vn -0.7749 -0.4183 0.4740
vn -0.6864 -0.5475 0.4786
vn -0.7952 -0.5631 0.2250
vn -0.5739 -0.8020 0.1655
vn -0.5259 -0.7481 0.4046
vn 0.6797 -0.6058 -0.4137
vn 0.7901 -0.4065 -0.4589
vn -0.1353 -0.9907 -0.0159
vn -0.1349 -0.8790 -0.4573
vn -0.2835 -0.8956 -0.3429
vn -0.2605 -0.9559 0.1359
vn -0.5110 -0.7386 0.4398
vn -0.5158 -0.8433 0.1510
vn -0.6257 -0.7777 0.0601
vn 0.3293 0.9305 -0.1603
vn 0.1641 0.9270 -0.3373
vn 0.2491 0.8705 -0.4245
vn 0.4135 0.8642 -0.2866
vn 0.8500 0.1243 -0.5118
vn 0.7580 0.4200 -0.4990
vn 0.6042 0.3862 -0.6970
vn 0.7273 0.0129 -0.6862
vn 0.2983 -0.9041 0.3059
vn 0.2599 -0.9604 0.1001
vn 0.0287 -0.9909 0.1313
vn 0.1628 -0.8520 0.4976
vn 0.6507 -0.7294 -0.2111
vn 0.5931 -0.8012 -0.0793
vn 0.9158 -0.3604 0.1773
vn 0.7404 -0.6464 -0.1842
vn -0.3596 -0.9289 0.0889
vn -0.3431 -0.9291 0.1380
vn -0.3642 -0.9272 -0.0872
vn -0.3638 -0.9270 -0.0909
vn 0.0080 -0.9305 0.3661
vn 0.0876 -0.8642 0.4954
vn 0.2816 -0.8705 0.4037
vn 0.2377 -0.9270 0.2901
vn 0.4217 -0.5110 0.7490
vn 0.1789 -0.5462 0.8183
vn 0.1145 -0.3814 0.9173
vn 0.4168 -0.1614 0.8946
vn 0.1882 0.0326 0.9816
vn -0.0895 -0.0707 0.9935
vn -0.3027 -0.0645 0.9509
vn -0.1521 0.0164 0.9882
vn -0.3936 -0.8795 0.2676
vn -0.2928 -0.9523 0.0867
vn -0.3668 -0.9127 0.1802
vn -0.3990 -0.8697 0.2907
vn 0.3145 -0.9239 -0.2180
vn 0.0840 -0.9962 -0.0219
vn 0.1829 -0.9593 0.2150
vn 0.4040 -0.9101 -0.0919
vn 0.5152 -0.8432 0.1536
vn 0.5048 -0.8626 -0.0340
vn 0.3800 -0.9196 -0.0994
vn 0.4064 -0.9044 0.1303
vn -0.0401 -0.9970 -0.0658
vn -0.3022 -0.8715 -0.3862
vn -0.2165 -0.8408 -0.4961
vn -0.2475 -0.8537 -0.4581
vn -0.3285 -0.8776 -0.3490
vn 0.1836 -0.9784 -0.0952
vn -0.0457 -0.9940 -0.0995
vn 0.0443 -0.9976 0.0523
vn 0.1720 -0.9848 -0.0224
vn -0.2468 -0.9471 -0.2050
vn -0.0633 -0.9556 -0.2877
vn -0.3495 -0.8757 -0.3333
vn 0.0468 -0.9444 0.3254
vn -0.0038 -0.9806 0.1961
vn -0.3080 -0.9144 0.2626
vn -0.2811 -0.8846 0.3721
vn 0.1439 -0.9613 0.2348
vn 0.3320 -0.9327 -0.1410
vn 0.0877 -0.9938 -0.0678
vn -0.0252 -0.9896 0.1413
vn 0.0974 -0.7468 -0.6579
vn 0.0612 -0.8515 -0.5208
vn 0.2598 -0.8619 -0.4355
vn 0.3172 -0.7882 -0.5274
vn -0.0524 -0.9207 0.3868
vn 0.0113 -0.9229 0.3848
vn -0.2103 -0.9094 0.3589
vn -0.2319 -0.9055 0.3555
vn 0.1163 -0.8821 -0.4565
vn 0.0653 -0.8027 -0.5928
vn -0.1557 -0.8153 -0.5577
vn -0.1425 -0.8840 -0.4451
vn -0.2144 -0.4686 -0.8570
vn 0.0467 -0.4860 -0.8727
vn 0.0733 -0.2974 -0.9519
vn -0.1144 -0.2810 -0.9529
vn -0.8850 -0.4523 -0.1108
vn -0.8984 -0.4183 0.1335
vn -0.8188 -0.5474 0.1727
vn -0.8200 -0.5629 -0.1033
vn -0.8628 -0.2898 -0.4142
vn -0.7118 -0.3174 -0.6266
vn -0.7087 -0.1967 -0.6776
vn -0.7588 -0.1913 -0.6226
vn -0.2961 -0.9289 0.2224
vn -0.0291 -0.9957 -0.0877
vn -0.3707 -0.9269 0.0589
vn -0.4977 0.8593 0.1176
vn -0.3712 0.9283 0.0211
vn -0.3002 0.9201 0.2514
vn -0.4255 0.8529 0.3024
vn -0.7425 0.3061 0.5959
vn -0.8775 0.2350 0.4179
vn -0.8104 0.3522 0.4681
vn 0.3502 -0.9366 -0.0103
vn 0.4801 -0.8771 0.0110
vn 0.5024 -0.8308 -0.2395
vn 0.3782 -0.8795 -0.2888
vn 0.8391 -0.5431 0.0311
vn 0.9523 -0.2987 0.0633
vn 0.7839 -0.5623 -0.2633
vn 0.6857 -0.7170 -0.1257
vn 0.9513 -0.2500 0.1804
vn 0.9876 -0.1114 -0.1105
vn 0.9216 -0.3695 -0.1192
vn 0.9283 -0.3578 0.1007
vn -0.0454 -0.9518 -0.3034
vn -0.1255 -0.9699 -0.2086
vn -0.0324 -0.9969 -0.0713
vn 0.3252 -0.9440 -0.0562
vn 0.3785 -0.9246 -0.0428
vn 0.1159 -0.9599 0.2552
vn 0.4329 -0.8864 0.1642
vn 0.4525 -0.8840 -0.1173
vn -0.5344 -0.7814 0.3224
vn -0.4676 -0.6456 0.6038
vn -0.3066 -0.7533 0.5818
vn -0.3413 -0.9072 0.2459
vn 0.0684 -0.4071 -0.9108
vn 0.2220 -0.4518 -0.8640
vn -0.1335 -0.2354 -0.9627
vn 0.8259 -0.0039 -0.5637
vn 0.9822 -0.1822 -0.0460
vn 0.9891 -0.0576 -0.1354
vn -0.1183 -0.7137 0.6904
vn -0.1420 -0.5695 0.8096
vn 0.1115 -0.6576 0.7451
vn 0.0505 -0.3136 0.9482
vn -0.2011 -0.3443 0.9171
vn -0.2132 -0.1486 0.9656
vn 0.0820 -0.0725 0.9940
vn -0.7851 -0.0720 -0.6152
vn -0.8128 -0.0345 -0.5815
vn -0.2452 -0.0495 -0.9682
vn -0.4607 -0.0362 -0.8868
vn -0.1061 -0.1388 -0.9846
vn -0.2689 0.6521 -0.7088
vn -0.2222 0.6250 -0.7483
vn -0.0090 0.5750 -0.8181
vn -0.0138 0.6418 -0.7668
vn -0.0613 -0.9414 0.3317
vn -0.1127 -0.8841 0.4535
vn 0.1239 -0.8369 0.5332
vn 0.1997 -0.8837 0.4233
vn 0.1820 -0.9534 0.2407
vn 0.2109 -0.9698 0.1224
vn 0.0691 -0.9967 0.0419
vn -0.2555 -0.9489 0.1852
vn 0.3437 -0.7276 -0.5937
vn 0.3190 -0.9290 -0.1876
vn 0.4839 -0.8340 -0.2652
vn 0.4819 -0.6126 -0.6265
vn -0.5833 -0.8004 -0.1380
vn -0.2990 -0.9474 -0.1138
vn -0.1002 -0.8451 0.5251
vn 0.0349 -0.9041 0.4259
vn -0.2777 -0.9000 0.3360
vn -0.0435 -0.9966 -0.0707
vn -0.1217 -0.9912 0.0515
vn -0.0478 -0.9950 -0.0877
vn 0.2792 -0.9513 -0.1307
vn -0.1067 -0.9709 -0.2143
vn -0.1055 -0.9319 -0.3470
vn -0.3342 -0.8798 -0.3379
vn -0.3555 -0.9111 -0.2088
vn -0.2744 -0.9602 -0.0516
vn -0.2547 -0.9657 0.0498
vn -0.1144 -0.9911 0.0681
vn 0.1071 -0.9809 -0.1626
vn -0.4881 -0.7167 0.4981
vn -0.5219 -0.6234 0.5823
vn -0.2085 -0.7453 0.6333
vn -0.0425 -0.9312 0.3621
vn -0.0810 -0.9560 0.2819
vn 0.1363 -0.8802 0.4547
vn -0.1639 -0.8990 0.4061
vn 0.0380 -0.8586 0.5113
vn 0.3052 -0.7837 0.5409
vn -0.2204 -0.8388 0.4979
vn -0.3230 -0.6994 0.6376
vn -0.0499 -0.7899 0.6112
vn 0.1077 0.7476 0.6553
vn 0.3337 0.6229 0.7076
vn -0.5010 -0.4749 0.7235
vn -0.3809 -0.2182 0.8985
vn -0.2696 -0.4574 0.8474
vn -0.2315 -0.6727 0.7028
vn -0.3671 -0.8027 0.4700
vn -0.3966 -0.6813 0.6152
vn 0.5632 -0.7830 -0.2641
vn 0.4127 -0.8389 -0.3548
vn 0.8119 -0.0665 -0.5800
vn 0.1628 -0.5394 -0.8262
vn -0.0284 -0.2495 -0.9679
vn -0.0994 -0.5210 -0.8478
vn -0.0879 -0.7471 -0.6589
vn 0.1268 -0.8718 -0.4731
vn 0.0949 -0.7559 -0.6477
vn 0.2040 -0.9611 0.1863
vn 0.0687 -0.9643 0.2559
vn -0.0219 -0.9955 0.0920
vn 0.0967 -0.9804 -0.1714
vn -0.2051 -0.9773 0.0525
vn -0.1517 -0.9807 0.1234
vn -0.3681 -0.9264 0.0792
vn -0.1516 -0.9661 0.2090
vn -0.1216 -0.9807 -0.1531
vn -0.5710 -0.2898 0.7681
vn -0.7506 -0.3176 0.5794
vn -0.8004 -0.1968 0.5663
vn -0.7563 -0.1914 0.6256
vn 0.9234 -0.3810 0.0466
vn 0.7913 -0.6087 0.0581
vn 0.5293 -0.6646 0.5274
vn 0.0037 -0.9795 0.2014
vn 0.1438 -0.9317 0.3335
vn -0.2090 -0.8459 0.4906
vn -0.4689 -0.8476 0.2484
vn 0.3646 -0.9295 0.0555
vn 0.4140 -0.9098 -0.0303
vn 0.1816 -0.9829 0.0307
vn -0.3432 -0.5847 -0.7351
vn -0.5315 -0.6117 -0.5859
vn -0.2199 -0.6941 -0.6855
vn 0.5765 -0.6733 -0.4630
vn 0.5046 -0.6597 -0.5570
vn 0.5194 -0.6723 -0.5275
vn 0.6734 -0.6135 -0.4126
vn -0.2031 -0.9612 0.1865
vn 0.2019 -0.9328 0.2986
vn 0.0834 -0.9938 0.0732
vn -0.1436 -0.9896 0.0023
vn -0.1488 0.0227 0.9886
vn -0.7380 0.0283 0.6742
vn -0.7201 -0.1029 0.6862
vn -0.1429 -0.1135 0.9832
vn 0.5278 -0.6916 0.4931
vn 0.7121 -0.6299 0.3101
vn 0.7213 -0.5113 0.4672
vn 0.5231 -0.5664 0.6368
vn 0.5207 -0.4133 0.7470
vn 0.6618 -0.4037 0.6317
vn 0.5847 -0.6917 -0.4239
vn 0.4398 -0.6299 -0.6401
vn 0.5965 -0.5113 -0.6187
vn 0.7250 -0.5664 -0.3918
vn 0.8327 -0.4133 -0.3686
vn 0.7460 -0.4038 -0.5296
vn -0.3067 0.8032 0.5107
vn -0.4467 0.8380 0.3134
vn -0.1988 0.8315 0.5188
vn -0.0660 0.7280 0.6824
vn -0.7631 -0.5821 0.2809
vn 0.0844 -0.9001 -0.4275
vn 0.1933 -0.7996 -0.5685
vn -0.4101 -0.7293 -0.5477
vn -0.1507 -0.8975 -0.4144
vn -0.4634 -0.8751 0.1395
vn -0.1556 -0.9681 -0.1966
vn 0.3948 -0.8739 -0.2835
vn 0.2913 -0.9019 -0.3190
vn -0.1232 -0.9656 -0.2289
vn 0.5039 -0.0017 -0.8637
vn 0.5176 0.1158 -0.8478
vn 0.7693 0.1147 -0.6285
vn 0.7606 -0.0005 -0.6493
vn 0.5257 0.1022 -0.8445
vn 0.3026 -0.5892 -0.7492
vn 0.1585 -0.6841 -0.7120
vn 0.1757 -0.6783 -0.7134
vn 0.3102 -0.5880 -0.7470
vn -0.8449 -0.4778 -0.2405
vn -0.8999 -0.3175 -0.2989
vn -0.9560 -0.2898 -0.0450
vn -0.8849 -0.4616 -0.0631
vn -0.5095 -0.7160 0.4773
vn -0.5849 -0.6265 0.5151
vn -0.3696 -0.7387 0.5637
vn 0.7508 -0.3196 0.5780
vn 0.4150 -0.4458 0.7931
vn 0.2816 -0.2954 0.9129
vn -0.1502 0.9710 0.1862
vn -0.1924 0.9809 -0.0295
vn 0.0677 0.9603 0.2707
vn 0.1096 0.9911 0.0755
vn 0.1515 0.9658 0.2103
vn 0.3899 -0.6832 -0.6175
vn 0.3235 -0.7832 -0.5310
vn 0.5915 -0.6478 -0.4801
vn -0.8047 -0.5816 0.1193
vn -0.7033 -0.6388 -0.3118
vn -0.9772 -0.0685 0.2011
vn -0.9990 0.0189 0.0416
vn 0.4079 -0.8745 0.2623
vn 0.2508 -0.9439 0.2149
vn 0.2044 -0.9518 -0.2286
vn 0.0804 -0.9700 -0.2296
vn 0.0342 -0.9969 -0.0704
vn 0.3728 -0.6915 -0.6187
vn 0.1834 -0.6270 -0.7571
vn 0.5868 -0.5452 -0.5988
vn 0.6053 -0.4414 -0.6624
vn 0.4795 -0.4259 -0.7673
vn -0.1220 -0.9414 -0.3145
vn 0.1200 -0.9489 -0.2918
vn -0.2812 -0.9534 -0.1092
vn -0.2435 -0.9699 0.0067
vn -0.0807 -0.9967 0.0008
vn 0.6785 -0.6916 0.2478
vn 0.7782 -0.6270 0.0355
vn 0.6998 -0.5452 0.4616
vn 0.7656 -0.4414 0.4680
vn 0.8449 -0.4259 0.3237
vn 0.4388 0.8821 0.1713
vn 0.2749 0.9490 0.1543
vn 0.1427 0.9533 -0.2661
vn 0.0091 0.9968 -0.0794
vn 0.0230 0.9699 -0.2423
vn 0.0751 0.9683 -0.2383
vn 0.2019 0.9779 -0.0552
vn -0.1619 0.9600 -0.2285
vn -0.1216 0.9922 -0.0292
vn -0.2160 0.9666 -0.1379
vn -0.3726 -0.9216 0.1085
vn -0.4518 -0.8664 -0.2125
vn 0.1850 -0.9683 0.1678
vn -0.0342 -0.9779 0.2064
vn 0.2751 -0.9600 -0.0516
vn 0.2155 -0.9666 -0.1387
vn 0.0773 -0.9922 -0.0983
vn 0.4059 -0.4206 0.8114
vn 0.5197 -0.6448 -0.5605
vn 0.3813 -0.5043 -0.7748
vn 0.3252 -0.6803 -0.6569
vn 0.2827 -0.9557 0.0822
vn 0.4617 -0.8788 -0.1205
vn 0.4271 -0.9001 -0.0865
vn 0.2476 -0.9571 0.1508
vn -0.2869 -0.9573 0.0346
vn 0.8560 -0.0106 0.5168
vn 0.8534 0.0056 0.5212
vn 0.7107 -0.0696 0.7000
vn -0.3394 -0.6066 -0.7189
vn -0.3180 -0.6876 -0.6527
vn -0.1168 -0.6784 -0.7254
vn -0.0246 -0.5863 -0.8097
vn -0.8282 -0.5125 0.2269
vn -0.8337 -0.5072 0.2187
vn -0.7781 -0.5872 0.2229
vn -0.7644 -0.6034 0.2270
vn 0.5183 -0.3234 -0.7917
vn 0.6802 -0.4297 -0.5939
vn 0.7201 -0.3100 -0.6207
vn -0.2833 -0.7160 0.6380
vn -0.3360 -0.6289 0.7011
vn -0.1198 -0.7387 0.6633
vn 0.0150 -0.2467 0.9690
vn 0.0387 -0.3635 0.9308
vn 0.0100 -0.2467 0.9690
vn 0.3398 -0.8242 0.4531
vn 0.4679 -0.8770 0.1098
vn -0.4059 -0.8988 -0.1654
vn -0.3315 -0.9268 0.1763
vn 0.0314 0.9318 0.3616
vn 0.2991 0.9411 0.1579
vn 0.4055 -0.8416 -0.3567
vn 0.3418 -0.9071 -0.2456
vn -0.3724 -0.8284 0.4184
vn -0.0540 -0.8190 0.5712
vn 0.2960 -0.9552 -0.0061
vn 0.3151 -0.9292 0.1933
vn 0.3928 -0.9097 0.1344
vn 0.3413 -0.9399 -0.0065
vn 0.1468 -0.9846 0.0950
vn 0.3374 -0.8387 -0.4276
vn 0.1417 -0.7360 -0.6620
vn -0.0317 -0.7615 -0.6473
vn -0.0753 -0.9215 -0.3811
vn -0.2765 -0.9559 0.0987
vn -0.1152 -0.9138 0.3894
vn -0.1030 -0.9945 -0.0210
vn -0.2696 -0.8242 0.4980
vn 0.0950 -0.8771 0.4709
vn 0.4930 -0.7489 0.4429
vn 0.9033 -0.0125 0.4288
vn 0.8379 -0.4452 0.3157
vn 0.8419 -0.0733 0.5346
vn 0.9171 -0.0002 0.3987
vn -0.9430 -0.3104 -0.1196
vn -0.8346 -0.4183 -0.3584
vn -0.8846 -0.2921 -0.3635
vn -0.4056 -0.0851 -0.9101
vn -0.4158 -0.4438 -0.7938
vn -0.1678 -0.1202 -0.9785
vn -0.3433 0.0872 -0.9352
vn -0.3297 0.2375 -0.9137
vn -0.4099 0.1594 -0.8981
vn -0.3112 0.0820 -0.9468
vn 0.0292 -0.9832 -0.1803
vn -0.0134 -0.8645 -0.5025
vn 0.4552 0.7564 0.4697
vn 0.3085 0.7244 0.6165
vn 0.2374 0.8208 0.5196
vn -0.2542 -0.9284 0.2712
vn 0.0338 -0.9460 0.3224
vn -0.8316 0.4320 0.3490
vn -0.7084 0.6405 0.2966
vn -0.6597 0.4777 0.5802
vn -0.8415 0.2344 0.4868
vn -0.9046 -0.0361 0.4248
vn -0.9482 0.1717 0.2672
vn 0.6066 -0.7468 -0.2726
vn 0.4648 -0.8455 -0.2630
vn 0.6337 -0.7666 -0.1037
vn 0.9891 0.0894 0.1171
vn 0.9973 0.0184 0.0707
vn 0.9189 0.1108 0.3787
vn 0.7576 0.2055 0.6195
vn 0.7455 0.2064 0.6337
vn -0.4723 0.8711 0.1347
vn -0.2390 0.9078 0.3446
vn 0.7702 -0.6309 -0.0939
vn -0.3439 -0.8641 0.3674
vn -0.4985 -0.7526 0.4302
vn -0.2698 -0.7851 0.5574
vn -0.6018 -0.4405 -0.6662
vn 0.3460 -0.7387 0.5784
vn 0.6507 -0.7502 -0.1170
vn 0.5760 -0.8168 -0.0309
vn 0.6614 -0.6446 0.3835
vn 0.7579 -0.6308 0.1663
vn -0.0086 0.7632 -0.6461
vn -0.3243 0.8826 -0.3403
vn -0.4138 0.8292 -0.3759
vn -0.2260 0.7518 -0.6194
vn -0.6270 -0.4109 0.6618
vn -0.6187 -0.4189 0.6646
vn -0.6345 -0.4036 0.6592
vn -0.6428 -0.3952 0.6562
vn 0.6113 0.0469 0.7900
vn 0.6066 0.2319 0.7604
vn 0.0340 -0.1401 -0.9895
vn -0.2368 -0.5924 -0.7700
vn 0.1441 -0.0328 -0.9890
vn -0.3415 -0.9198 0.1932
vn -0.4244 -0.9045 0.0421
vn -0.5468 -0.8345 0.0675
vn -0.4891 -0.1690 0.8557
vn -0.5096 -0.1681 0.8438
vn -0.4349 -0.2487 0.8655
vn -0.4276 -0.2549 0.8673
vn -0.4884 -0.7919 -0.3665
vn -0.5736 -0.6686 -0.4732
vn -0.6436 -0.7463 -0.1699
vn 0.4623 -0.8746 -0.1464
vn -0.4500 -0.0764 -0.8897
vn -0.0193 -0.4839 0.8749
vn 0.0409 -0.4559 0.8891
vn -0.0448 -0.5492 0.8345
vn -0.0470 -0.5589 0.8279
vn -0.9138 -0.3122 0.2597
vn -0.9515 -0.3061 0.0319
vn -0.1037 -0.7686 0.6313
vn 0.2195 -0.7494 0.6247
vn 0.1369 -0.8007 0.5832
vn 0.3342 0.0149 0.9424
vn -0.2774 -0.8017 0.5294
vn -0.2036 -0.9250 0.3209
vn -0.4059 -0.8301 0.3823
vn 0.0591 -0.9977 -0.0345
vn 0.2423 -0.9670 -0.0787
vn 0.1624 -0.9792 -0.1219
vn -0.1549 -0.2192 -0.9633
vn -0.3411 -0.1358 -0.9302
vn -0.4469 -0.1441 -0.8829
vn 0.1289 -0.3481 -0.9286
vn -0.7626 -0.0950 -0.6399
vn 0.7497 -0.5789 0.3205
vn 0.7234 -0.6577 0.2102
vn 0.6688 -0.5770 0.4688
vn -0.3374 -0.7504 -0.5683
vn -0.2087 -0.3987 -0.8930
vn 0.0691 -0.9326 0.3542
vn 0.0480 -0.9938 0.1000
vn -0.1332 -0.9896 -0.0539
vn 0.9641 0.2580 0.0632
vn 0.9654 0.2585 0.0345
vn -0.1572 0.5351 0.8300
vn 0.0221 -0.5791 0.8150
vn -0.8413 -0.4320 -0.3248
vn 0.8386 0.5439 -0.0293
vn 0.8877 0.4590 -0.0376
vn 0.9940 0.0142 0.1087
vn 0.9246 -0.0095 0.3808
vn 0.9528 0.0328 0.3017
vn -0.0474 -0.9767 0.2095
vn 0.0093 -0.9946 0.1033
vn -0.6192 -0.7846 -0.0317
vn -0.7700 -0.6347 -0.0648
vn -0.6580 -0.7278 0.1934
vn -0.0576 -0.9784 -0.1986
vn -0.0664 -0.9945 -0.0809
vn -0.1445 -0.8004 0.5818
vn 0.0635 -0.7266 0.6841
vn 0.0712 -0.8409 0.5365
vn 0.2322 -0.9054 -0.3554
vn 0.2863 -0.9011 -0.3257
vn 0.4128 -0.8656 -0.2832
vn 0.4809 -0.8388 -0.2552
vn 0.4828 -0.6589 0.5768
vn 0.1613 -0.6268 0.7623
vn 0.2822 -0.6399 0.7148
vn 0.5297 -0.6546 0.5393
vn 0.8940 -0.1567 -0.4197
vn 0.8259 -0.0306 -0.5630
vn -0.9293 -0.1391 -0.3422
vn 0.5596 -0.0220 -0.8285
vn 0.2215 -0.1000 -0.9700
vn -0.2183 -0.9479 0.2320
vn -0.3525 -0.9348 0.0437
vn -0.4066 -0.9133 0.0223
vn 0.1266 -0.6434 -0.7550
vn 0.8507 -0.1918 0.4893
vn 0.4881 -0.1807 0.8539
vn -0.5105 -0.8578 0.0604
vn -0.3170 -0.8280 0.4625
vn -0.3427 -0.9023 0.2617
vn -0.4435 -0.3562 -0.8225
vn -0.4093 -0.4812 -0.7752
vn -0.1294 -0.4268 -0.8950
vn -0.3873 -0.3547 -0.8510
vn 0.4195 0.7146 0.5598
vn -0.2470 -0.3771 0.8926
vn -0.1790 -0.6825 0.7086
vn -0.4838 -0.3816 0.7876
vn -0.6059 -0.0513 0.7939
vn -0.2785 -0.0373 0.9597
vn -0.5612 -0.1158 0.8196
vn -0.7092 -0.6374 0.3011
vn -0.8822 -0.3460 0.3193
vn -0.6294 -0.1739 0.7574
vn -0.4906 -0.0316 0.8708
vn -0.3956 -0.7114 0.5809
vn -0.1722 -0.6727 -0.7196
vn 0.3811 0.7352 -0.5606
vn -0.5314 -0.6347 -0.5611
vn -0.5574 -0.6662 -0.4954
vn -0.5453 -0.7950 -0.2658
vn -0.4382 -0.7291 -0.5258
vn 0.2870 -0.1869 -0.9395
vn 0.1193 -0.0380 -0.9921
vn -0.2368 -0.8933 -0.3821
vn -0.3735 -0.9275 -0.0153
vn 0.0655 -0.9445 -0.3219
vn -0.5067 -0.8021 -0.3161
vn -0.3447 -0.7455 -0.5704
vn -0.0937 -0.9669 0.2374
vn -0.4121 -0.9043 0.1115
vn 0.2901 -0.4065 -0.8664
vn 0.2508 -0.4710 -0.8457
vn -0.3597 0.8077 0.4672
vn -0.0601 0.8599 0.5068
vn -0.0727 -0.6292 0.7739
vn -0.0718 -0.6206 0.7808
vn -0.4168 -0.5491 0.7245
vn -0.4140 -0.6292 0.6578
vn -0.4168 -0.6205 0.6643
vn -0.4157 -0.5588 0.7176
vn 0.0479 -0.8854 -0.4623
vn 0.3481 -0.8177 -0.4585
vn 0.8650 -0.3754 0.3329
vn 0.9120 -0.2365 0.3353
vn 0.3083 -0.9497 0.0555
vn -0.2241 -0.9588 0.1747
vn 0.0712 -0.9593 -0.2734
vn 0.1430 -0.9886 -0.0462
vn 0.2670 -0.9637 0.0023
vn 0.3360 -0.8938 -0.2971
vn -0.4521 -0.8917 0.0221
vn -0.3686 -0.9146 0.1666
vn -0.0645 -0.9965 0.0537
vn -0.0926 -0.9610 0.2604
vn 0.0959 -0.9601 0.2628
vn -0.9809 -0.0728 -0.1803
vn -0.9605 -0.0763 0.2677
vn -0.9917 0.0472 -0.1193
vn 0.2037 -0.3901 -0.8980
vn 0.6095 -0.5469 -0.5740
vn -0.9730 -0.1934 -0.1258
vn -0.8957 -0.1726 -0.4097
vn -0.9823 -0.1428 -0.1209
vn -0.4901 -0.4281 -0.7593
vn -0.7112 -0.2603 -0.6531
vn 0.0307 -0.9044 0.4256
vn 0.0192 -0.9730 0.2302
vn -0.5939 -0.8018 0.0659
vn -0.3798 -0.9250 0.0106
vn -0.5438 -0.8302 -0.1230
vn 0.1237 -0.9542 -0.2725
vn -0.1896 -0.9710 -0.1457
vn 0.1095 -0.9918 -0.0653
vn 0.3102 -0.8992 -0.3086
vn -0.1975 -0.4225 -0.8846
vn -0.4471 -0.4809 -0.7542
vn -0.2668 -0.9521 0.1494
vn -0.0689 -0.9262 0.3708
vn -0.4287 -0.6920 0.5808
vn -0.5878 -0.6913 0.4202
vn -0.5335 -0.6918 0.4866
vn -0.3710 -0.7719 0.5163
vn -0.4443 -0.8939 -0.0596
vn -0.3561 -0.8726 0.3342
vn -0.3942 -0.8718 0.2908
vn -0.4304 -0.8574 0.2822
vn 0.5798 0.7517 -0.3142
vn 0.6899 0.7188 -0.0858
vn 0.5724 0.8154 -0.0866
vn 0.7119 0.6937 0.1094
vn 0.7073 0.6983 0.1101
vn -0.8420 -0.1272 -0.5242
vn -0.8641 -0.1829 -0.4689
vn 0.2128 0.2231 0.9513
vn -0.9449 -0.1948 0.2631
vn -0.9842 -0.1751 -0.0278
vn -0.9541 -0.1467 0.2613
vn 0.7080 -0.0301 -0.7056
vn 0.5652 0.1045 -0.8183
vn 0.5003 0.1573 -0.8515
vn -0.2943 -0.8635 -0.4097
vn -0.3155 -0.8985 -0.3052
vn -0.3148 -0.8927 -0.3223
vn -0.3051 -0.8586 -0.4120
vn -0.5839 -0.8075 -0.0839
vn -0.5878 -0.7664 -0.2591
vn -0.7289 -0.6388 -0.2464
vn -0.3546 0.7391 0.5728
vn -0.4768 0.7988 0.3669
vn -0.3365 0.8180 0.4665
vn 0.9775 -0.0056 -0.2107
vn 0.9515 -0.0207 -0.3070
vn 0.3042 -0.9395 0.1573
vn 0.1649 -0.9673 0.1928
vn -0.0396 0.9672 -0.2508
vn -0.2261 0.9627 -0.1489
vn -0.2293 -0.2067 0.9512
vn 0.4023 -0.8071 -0.4322
vn 0.5282 -0.6635 -0.5299
vn 0.2631 -0.7438 -0.6144
vn 0.5492 -0.7936 -0.2617
vn 0.6371 -0.6719 -0.3777
vn -0.1606 -0.8154 0.5563
vn 0.0432 -0.7516 0.6582
vn -0.3386 -0.8822 0.3273
vn 0.5759 -0.8017 0.1603
vn 0.5428 -0.7606 0.3562
vn 0.7411 -0.6691 -0.0559
vn -0.3005 -0.9326 -0.1997
vn 0.1532 -0.9487 -0.2768
vn 0.1073 -0.9938 -0.0280
vn 0.2694 -0.9497 -0.1600
vn -0.3358 -0.9044 0.2632
vn -0.1803 -0.9729 0.1446
vn -0.8335 0.0776 -0.5470
vn -0.8768 0.0700 -0.4757
vn -0.9949 0.0498 -0.0882
vn -0.1800 -0.9793 -0.0929
vn -0.0784 -0.9896 0.1204
vn -0.8113 0.2031 0.5482
vn -0.9274 0.2061 0.3121
vn -0.4566 -0.3995 -0.7949
vn -0.2871 -0.5306 -0.7975
vn -0.3044 -0.0449 0.9515
vn 0.1308 -0.9741 0.1844
vn -0.0933 -0.8789 -0.4678
vn -0.3138 -0.8115 -0.4930
vn -0.2547 0.2948 -0.9210
vn 0.0230 0.2113 0.9772
vn 0.0423 0.2303 0.9722
vn 0.2597 0.2031 0.9441
vn 0.0772 0.0323 0.9965
vn 0.4359 0.0100 0.8999
vn 0.9776 -0.1839 0.1024
vn 0.9820 -0.1889 0.0006
vn 0.9128 -0.1288 0.3875
vn 0.9645 -0.1504 0.2170
vn 0.3772 -0.8926 -0.2470
vn 0.5714 -0.7584 -0.3135
vn -0.7125 -0.0524 -0.6997
vn -0.6242 -0.7713 -0.1243
vn -0.6569 -0.7540 -0.0082
vn -0.5545 -0.8304 0.0544
vn 0.4563 0.0841 -0.8859
vn 0.3984 0.3839 -0.8330
vn -0.3882 -0.9213 -0.0231
vn -0.5432 -0.8394 0.0189
vn -0.1910 -0.9049 -0.3804
vn -0.1894 -0.7920 -0.5804
vn -0.3834 -0.8538 -0.3521
vn -0.0044 -0.0446 0.9990
vn 0.0800 -0.0646 0.9947
vn 0.0609 -0.0654 0.9960
vn 0.0047 -0.0554 0.9985
vn 0.3718 -0.6336 0.6785
vn 0.2790 -0.8064 0.5214
vn 0.0725 -0.6285 0.7744
vn 0.3718 -0.1262 0.9197
vn -0.4546 -0.3824 0.8044
vn -0.4962 -0.1144 0.8607
vn -0.4045 -0.8495 0.3388
vn -0.3898 -0.8542 0.3441
vn 0.5469 -0.7023 0.4557
vn 0.3816 -0.7805 0.4951
vn -0.0035 -0.8920 -0.4521
vn -0.0823 -0.7887 -0.6092
vn -0.5590 0.4592 0.6904
vn -0.0961 -0.1571 -0.9829
vn -0.0611 -0.0091 -0.9981
vn 0.5929 -0.8046 0.0320
vn 0.6376 -0.7463 -0.1913
vn 0.7498 -0.3761 0.5444
vn 0.7953 -0.3158 0.5175
vn 0.1302 -0.5217 0.8432
vn 0.0195 -0.3594 0.9330
vn 0.0528 -0.3899 0.9193
vn 0.1891 -0.4914 0.8502
vn -0.9568 -0.1928 -0.2178
vn -0.8658 -0.3828 -0.3223
vn 0.8205 -0.0770 -0.5665
vn -0.2138 -0.9297 -0.3000
vn 0.5338 0.0457 0.8444
vn 0.1356 -0.9365 -0.3233
vn 0.3914 -0.7473 0.5370
vn 0.7380 -0.5103 0.4415
vn 0.1196 -0.1052 0.9872
vn 0.3092 0.0907 0.9467
vn -0.2606 -0.8726 0.4131
vn -0.2608 -0.8516 0.4547
vn -0.0704 -0.8944 0.4417
vn 0.0301 -0.9180 0.3953
vn 0.3683 -0.8320 -0.4150
vn 0.2897 -0.7478 -0.5974
vn 0.0713 -0.9229 -0.3783
vn 0.2195 -0.9455 -0.2405
vn 0.1286 -0.8400 -0.5272
vn 0.3779 0.3044 -0.8744
vn 0.5911 0.2422 -0.7694
vn 0.7887 0.0801 -0.6095
vn 0.8866 -0.0631 -0.4582
vn 0.3148 -0.9487 -0.0280
vn 0.2833 -0.9497 0.1337
vn 0.0324 -0.9487 -0.3145
vn 0.1854 -0.9496 -0.2527
vn 0.6342 0.7617 0.1326
vn 0.5794 0.8029 0.1400
vn 0.5364 -0.0554 0.8422
vn 0.4888 -0.0435 0.8713
vn 0.6874 -0.1066 0.7184
vn -0.7300 -0.1294 0.6711
vn -0.6326 -0.0406 0.7734
vn -0.3825 -0.8848 -0.2660
vn -0.3855 -0.8848 -0.2617
vn -0.3546 -0.8255 -0.4391
vn -0.3491 -0.8245 -0.4454
vn 0.8639 -0.4688 -0.1843
vn 0.7026 -0.2356 -0.6714
vn 0.9415 -0.1195 -0.3152
vn 0.5463 -0.0901 -0.8328
vn 0.1115 -0.0905 -0.9896
vn -0.6613 -0.5275 0.5333
vn -0.4161 -0.6243 0.6611
vn 0.2521 -0.9677 -0.0043
vn 0.3650 -0.9092 -0.2003
vn 0.1828 -0.6981 -0.6923
vn -0.3635 -0.8051 -0.4687
vn -0.3413 -0.7943 -0.5026
vn 0.4567 -0.8876 0.0597
vn 0.3883 -0.9171 -0.0908
vn 0.0732 -0.9973 -0.0073
vn -0.9684 0.0099 -0.2492
vn -0.9676 -0.1986 -0.1561
vn 0.7917 -0.3950 -0.4661
vn 0.7214 -0.6518 -0.2341
vn 0.8537 -0.3518 -0.3838
vn 0.8309 -0.1631 -0.5319
vn -0.1941 -0.9718 0.1342
vn 0.7372 0.0076 -0.6756
vn 0.5802 0.1560 -0.7994
vn -0.0756 -0.3261 0.9423
vn -0.3982 -0.2164 0.8914
vn 0.3011 -0.9486 0.0977
vn 0.2085 -0.9496 0.2340
vn -0.4559 -0.8849 -0.0956
vn -0.1068 -0.9581 -0.2658
vn -0.4953 -0.8245 -0.2736
vn 0.5777 -0.7137 0.3960
vn -0.4938 -0.8231 -0.2803
vn 0.3950 -0.8795 -0.2656
vn 0.3874 -0.8802 -0.2741
vn 0.5856 -0.7584 -0.2864
vn 0.6467 -0.6624 -0.3781
vn 0.5378 -0.6685 -0.5137
vn 0.3033 -0.6040 -0.7370
vn 0.2853 -0.6086 -0.7404
vn -0.0235 -0.9965 0.0799
vn -0.2183 -0.9691 0.1150
vn 0.1974 -0.7827 0.5902
vn 0.3622 -0.6346 0.6827
vn 0.3265 -0.6548 0.6817
vn 0.1461 -0.7930 0.5914
vn -0.1921 -0.9493 0.2489
vn 0.0520 -0.8130 0.5800
vn -0.5167 0.7784 0.3566
vn -0.5199 0.8158 -0.2534
vn -0.6741 0.7231 -0.1507
vn -0.6146 0.7338 -0.2894
vn -0.4413 -0.6939 -0.5690
vn -0.3230 -0.8444 -0.4274
vn 0.8532 0.4067 0.3265
vn 0.9028 0.3795 0.2025
vn 0.6748 0.4403 0.5922
vn 0.6343 0.4416 0.6346
vn -0.0728 -0.9853 -0.1545
vn 0.0917 -0.9938 -0.0627
vn 0.1155 -0.9418 -0.3157
vn 0.9952 -0.0459 -0.0870
vn 0.2489 -0.8804 -0.4036
vn 0.1545 -0.4289 0.8900
vn -0.3650 -0.4559 0.8118
vn -0.4121 -0.4839 0.7720
vn -0.3592 -0.4465 0.8195
vn -0.3797 -0.3662 0.8496
vn -0.0885 -0.0385 -0.9953
vn 0.1266 -0.1193 -0.9848
vn 0.2264 -0.0883 -0.9700
vn -0.6844 -0.4775 -0.5509
vn -0.7898 -0.4615 -0.4041
vn -0.6713 -0.4775 0.5668
vn -0.5470 -0.4613 0.6985
vn 0.0145 -0.9465 0.3225
vn 0.4612 -0.7183 -0.5209
vn 0.5736 -0.7255 -0.3803
vn -0.2327 -0.6342 0.7373
vn -0.0622 -0.9963 -0.0598
vn -0.1086 -0.9894 0.0967
vn 0.4057 -0.9063 -0.1189
vn -0.3915 0.3568 0.8482
vn -0.5312 0.5503 0.6442
vn 0.0496 -0.4465 0.8934
vn 0.0448 -0.3662 0.9294
vn -0.7394 0.0198 0.6730
vn -0.9535 0.0350 0.2992
vn -0.5459 -0.5457 0.6357
vn -0.6216 -0.6481 0.4400
vn -0.9999 0.0099 -0.0044
vn -0.7651 0.3055 0.5668
vn -0.4678 0.6149 -0.6349
vn -0.5003 0.6466 -0.5759
vn 0.7876 -0.6020 -0.1315
vn 0.8278 -0.5546 -0.0847
vn 0.6994 -0.6643 -0.2638
vn -0.6366 -0.6098 -0.4722
vn 0.2976 -0.8083 0.5081
vn 0.3062 -0.8262 0.4728
vn 0.5859 -0.8083 -0.0583
vn 0.5574 -0.8263 -0.0807
vn 0.8156 0.0204 0.5783
vn 0.5611 0.0426 0.8267
vn 0.7665 0.0910 0.6357
vn 0.3507 -0.8606 0.3693
vn 0.4812 -0.8749 0.0543
vn 0.2161 -0.9761 0.0215
vn 0.1445 -0.9492 0.2797
vn -0.9101 -0.2096 0.3574
vn 0.2373 -0.8784 0.4148
vn 0.1957 -0.8604 0.4705
vn 0.1669 -0.8767 0.4511
vn 0.2363 -0.8731 0.4264
vn 0.5133 -0.7685 0.3820
vn 0.5809 -0.8139 0.0044
vn 0.2714 -0.9378 0.2166
vn -0.6597 -0.6835 -0.3124
vn -0.7143 -0.6945 -0.0869
vn -0.3595 -0.8605 0.3611
vn -0.3222 -0.8744 0.3627
vn -0.1662 -0.9278 -0.3341
vn -0.3262 -0.9448 -0.0300
vn 0.0706 -0.9974 0.0114
vn 0.1901 -0.9484 -0.2539
vn -0.0116 -0.6453 -0.7639
vn -0.0013 -0.6507 -0.7593
vn -0.0476 -0.7894 -0.6120
vn 0.4574 0.8853 0.0834
vn 0.4732 0.8732 0.1170
vn 0.8542 -0.5108 0.0967
vn -0.7735 -0.3473 -0.5301
vn -0.8798 -0.2104 -0.4262
vn -0.9169 -0.1973 -0.3470
vn -0.2650 -0.8135 0.5177
vn -0.2055 -0.7892 0.5787
vn -0.6720 -0.6881 0.2737
vn -0.6251 -0.6514 0.4300
vn -0.1232 0.8662 0.4842
vn -0.1403 0.8541 0.5009
vn -0.1604 0.8891 -0.4286
vn 0.7405 -0.1931 -0.6437
vn 0.6911 -0.2098 -0.6916
vn -0.6375 -0.7684 -0.0557
vn -0.5069 -0.8601 0.0571
vn -0.0058 0.0246 0.9997
vn -0.9007 -0.4077 0.1501
vn -0.8936 -0.4278 0.1362
vn -0.8860 -0.4414 0.1417
vn -0.3149 -0.9051 0.2855
vn 0.1763 -0.8964 0.4066
vn 0.1810 -0.9056 0.3837
vn -0.9871 -0.1168 0.1098
vn -0.9574 0.0243 0.2878
vn 0.5459 -0.8352 0.0666
vn 0.6234 -0.7722 0.1227
vn -0.4468 -0.8760 -0.1813
vn -0.1415 -0.9148 -0.3784
vn -0.2899 -0.7176 0.6332
vn -0.1562 -0.8206 0.5497
vn -0.4588 -0.7847 0.4169
vn 0.5047 -0.8256 -0.2523
vn -0.6929 -0.5901 0.4143
vn -0.6522 -0.7430 0.1504
vn 0.2699 -0.9394 0.2114
vn 0.4650 -0.8788 0.1073
vn 0.6160 -0.6825 0.3935
vn 0.5286 -0.8489 -0.0055
vn 0.3229 -0.8947 0.3087
vn -0.6337 -0.7721 -0.0480
vn -0.8216 -0.5701 -0.0061
vn 0.4714 0.4835 -0.7376
vn 0.4244 0.5497 -0.7195
vn 0.3793 0.3321 -0.8636
vn 0.4420 0.2461 -0.8626
vn 0.4100 0.5888 -0.6965
vn 0.4486 0.6711 -0.5902
vn 0.1834 0.6827 -0.7073
vn -0.7618 -0.5808 -0.2870
vn -0.7651 -0.5570 -0.3231
vn 0.4224 -0.5887 -0.6892
vn 0.3512 -0.5994 -0.7193
vn 0.1787 -0.6979 -0.6935
vn 0.4126 -0.8650 -0.2856
vn 0.1938 -0.9509 -0.2413
vn -0.9831 -0.0232 -0.1814
vn -0.8900 -0.0691 -0.4508
vn 0.5143 0.7432 -0.4280
vn -0.9896 0.0159 0.1429
vn -0.7843 -0.3060 0.5397
vn -0.7769 -0.3190 0.5428
vn -0.8591 -0.4153 0.2990
vn 0.9573 -0.2594 0.1279
vn 0.8933 -0.2749 0.3556
vn 0.0587 -0.9649 -0.2561
vn -0.1678 -0.9515 -0.2580
vn -0.3649 -0.9219 -0.1306
vn -0.5500 -0.8350 0.0162
vn -0.3972 -0.8623 0.3142
vn -0.3868 -0.8879 0.2491
vn -0.3356 -0.7790 0.5297
vn 0.1458 -0.8965 -0.4183
vn -0.2855 -0.9469 -0.1482
vn -0.2761 -0.9487 -0.1539
vn -0.8900 0.0649 -0.4513
vn 0.1540 -0.8635 0.4802
vn 0.1148 -0.8807 0.4595
vn 0.3639 -0.7590 0.5399
vn 0.3751 -0.7646 0.5241
vn 0.2456 0.0176 0.9692
vn -0.3587 -0.9324 0.0448
vn -0.4744 -0.5933 0.6503
vn -0.5410 -0.7431 0.3938
vn -0.0127 -0.8572 0.5148
vn -0.0008 -0.8653 0.5013
vn -0.4097 0.8989 -0.1552
vn 0.1520 -0.6006 0.7850
vn 0.0290 -0.7668 0.6412
vn 0.1210 -0.1686 -0.9782
vn -0.0319 -0.9662 0.2558
vn 0.2136 -0.9264 0.3102
vn 0.3294 0.1011 -0.9388
vn 0.3435 0.0653 -0.9369
vn 0.2287 -0.7090 0.6671
vn 0.8054 0.0983 -0.5845
vn -0.0499 -0.9187 0.3919
vn 0.2663 -0.8073 0.5267
vn 0.3981 -0.6814 0.6141
vn -0.9999 0.0089 0.0079
vn -0.1709 -0.9557 -0.2398
vn -0.2422 -0.8626 0.4440
vn 0.1964 -0.7661 0.6120
vn 0.2292 -0.9193 0.3199
vn 0.2149 -0.6601 0.7198
vn -0.1087 -0.4686 0.8767
vn -0.2323 -0.5873 0.7753
vn -0.8013 0.0064 -0.5982
vn -0.8131 0.0392 -0.5809
vn -0.8028 0.0086 -0.5962
vn 0.1450 -0.9875 -0.0612
vn -0.0939 -0.9933 0.0675
vn -0.4291 -0.8834 0.1882
vn -0.0931 -0.9676 0.2347
vn -0.2287 -0.9226 0.3108
vn -0.2539 -0.8805 0.4003
vn 0.1922 -0.9727 -0.1303
vn 0.3536 0.6821 0.6401
vn 0.1326 0.7897 0.5990
vn 0.1891 0.7896 0.5837
vn 0.0704 -0.9662 0.2479
vn 0.3207 -0.9278 0.1907
vn -0.3487 -0.6470 -0.6781
vn -0.3460 -0.6347 -0.6910
vn -0.3802 -0.7262 -0.5728
vn -0.3853 -0.7304 -0.5640
vn 0.4203 -0.8910 -0.1719
vn 0.6100 -0.7887 0.0763
vn 0.5051 -0.8503 -0.1478
vn -0.7871 -0.2547 0.5619
vn -0.7185 -0.2523 0.6482
vn -0.5693 0.8131 0.1216
vn -0.4641 -0.8797 -0.1039
vn -0.1693 -0.9791 0.1125
vn -0.2636 -0.6078 -0.7491
vn -0.1381 -0.8795 -0.4554
vn -0.1508 -0.8773 -0.4556
vn 0.0376 -0.9215 -0.3866
vn 0.0327 -0.9297 -0.3668
vn -0.3857 -0.3634 0.8480
vn -0.7436 -0.6513 0.1513
vn 0.8111 -0.5389 -0.2276
vn -0.2898 -0.4753 -0.8307
vn -0.3294 -0.4316 -0.8398
vn -0.3241 -0.4334 -0.8409
vn 0.3320 -0.8420 -0.4252
vn -0.0088 -0.9098 0.4149
vn 0.6724 -0.6708 0.3129
vn -0.9466 -0.1479 0.2864
vn -0.1090 -0.9933 -0.0398
vn -0.3957 -0.8835 -0.2507
vn 0.1281 -0.9900 0.0591
vn -0.3759 -0.9121 -0.1637
vn -0.5726 -0.8017 -0.1714
vn -0.4525 -0.8301 -0.3257
vn 0.0503 -0.5854 -0.8091
vn 0.7841 -0.0656 0.6171
vn 0.4506 -0.8884 0.0874
vn 0.3602 -0.9301 0.0711
vn 0.3769 -0.9208 -0.1007
vn 0.3817 -0.9205 -0.0838
vn -0.6063 -0.5596 -0.5650
vn -0.5655 -0.7269 -0.3896
vn -0.3363 0.2772 -0.9001
vn -0.5629 0.3116 -0.7655
vn -0.6777 -0.5817 -0.4499
vn -0.6684 -0.5743 -0.4727
vn -0.6563 -0.6925 -0.2993
vn -0.6590 -0.6932 -0.2920
vn -0.2789 -0.8860 -0.3705
vn 0.0215 -0.9862 -0.1642
vn 0.7854 -0.5782 0.2209
vn 0.7924 -0.6035 -0.0889
vn 0.7698 0.1048 -0.6296
vn 0.9908 -0.0933 0.0979
vn 0.8785 -0.3861 0.2814
vn -0.3962 -0.4401 -0.8058
vn -0.5894 -0.4607 -0.6636
vn -0.0466 -0.9043 0.4243
vn 0.6282 -0.5482 0.5522
vn -0.3483 -0.6958 0.6282
vn -0.3733 -0.7790 0.5038
vn 0.4248 -0.6957 0.5792
vn 0.3019 -0.7790 0.5495
vn 0.7019 0.6695 -0.2432
vn 0.7647 0.5673 -0.3057
vn 0.8693 0.3827 -0.3128
vn -0.3538 -0.9291 0.1076
vn -0.3085 -0.6513 -0.6933
vn -0.6706 -0.6364 -0.3811
vn -0.3090 -0.6157 -0.7248
vn 0.3081 -0.9206 -0.2399
vn 0.6348 -0.5466 0.5461
vn -0.3644 -0.8783 0.3096
vn -0.1118 -0.9230 0.3682
vn -0.3070 -0.9013 0.3057
vn -0.4371 -0.8572 -0.2722
vn -0.2008 -0.8422 -0.5004
vn 0.0297 -0.9714 0.2355
vn -0.2077 -0.9230 0.3239
vn -0.5764 0.6457 0.5009
vn -0.5181 0.7532 0.4053
vn 0.5171 -0.7956 -0.3157
vn 0.0317 0.8094 0.5864
vn -0.0516 0.8966 0.4399
vn -0.9433 -0.3072 0.1261
vn -0.9846 -0.1558 0.0793
vn -0.9656 -0.1988 0.1676
vn -0.3455 0.3216 0.8816
vn -0.4878 0.3208 0.8118
vn -0.0486 -0.4707 0.8810
vn -0.8237 -0.5622 0.0736
vn -0.8656 -0.4599 -0.1980
vn 0.5874 -0.7743 0.2353
vn 0.5743 -0.8005 0.1711
vn 0.2757 -0.9550 0.1092
vn 0.3692 -0.8836 0.2881
vn 0.9473 0.1101 -0.3009
vn 0.5371 -0.8422 0.0471
vn -0.5324 -0.7520 -0.3887
vn -0.4340 -0.5841 -0.6859
vn -0.6106 -0.2053 -0.7649
vn -0.2108 -0.9698 0.1230
vn 0.6607 -0.7266 -0.1885
vn 0.7862 -0.6046 -0.1278
vn 0.9570 -0.2662 -0.1157
vn 0.8777 -0.4640 -0.1202
vn 0.9954 0.0892 -0.0362
vn 0.4242 -0.5903 -0.6867
vn 0.4934 0.1470 0.8573
vn 0.3500 0.3474 0.8700
vn 0.1926 0.3677 0.9098
vn 0.6403 -0.6000 -0.4796
vn 0.5788 -0.6572 -0.4828
vn -0.4411 -0.8796 0.1783
vn -0.5523 -0.7858 0.2782
vn -0.2520 -0.9260 -0.2811
vn 0.1165 -0.9319 -0.3435
vn -0.4819 -0.1393 -0.8651
vn -0.2633 -0.0683 -0.9623
vn 0.9517 -0.0064 -0.3070
vn -0.3276 -0.8352 -0.4417
vn -0.3472 -0.8338 -0.4293
vn -0.5412 -0.7731 -0.3308
vn -0.5689 -0.7569 -0.3216
vn -0.6250 0.7617 0.1709
vn -0.5482 0.8329 0.0759
vn -0.8187 -0.3071 0.4851
vn -0.8825 -0.1591 0.4426
vn -0.8239 -0.1986 0.5308
vn 0.5396 -0.3713 0.7556
vn 0.8446 -0.3715 -0.3855
vn -0.3424 -0.9360 0.0816
vn -0.3345 -0.7454 -0.5766
vn -0.6831 -0.2172 -0.6973
vn -0.6135 -0.0663 -0.7869
vn -0.0277 -0.9319 -0.3615
vn 0.6433 -0.5075 0.5732
vn 0.6128 -0.4839 0.6247
vn -0.5271 -0.7523 0.3953
vn 0.0087 -0.0568 -0.9983
vn -0.0898 -0.0259 -0.9956
vn -0.0702 -0.0321 -0.9970
vn 0.0307 -0.0635 -0.9975
vn -0.9842 0.1480 -0.0975
vn 0.4048 -0.8650 -0.2965
vn -0.3997 -0.8229 0.4038
vn -0.3534 -0.8960 0.2688
vn 0.4994 -0.0388 0.8655
vn 0.2248 -0.3587 0.9060
vn -0.3562 -0.8466 0.3956
vn -0.3148 -0.9077 0.2776
vn -0.3293 -0.8892 0.3177
vn -0.3695 -0.8203 0.4365
vn 0.9789 0.1221 0.1641
vn 0.9891 0.1243 -0.0787
vn 0.9801 0.1122 0.1639
vn -0.1376 -0.9767 0.1647
vn 0.9330 -0.3406 -0.1164
vn -0.6636 0.0331 -0.7474
vn -0.3729 0.0206 -0.9276
vn -0.8653 0.0354 0.5001
vn 0.9928 0.0502 0.1089
vn 0.9909 0.0717 -0.1143
vn -0.4989 -0.8578 -0.1234
vn -0.2838 -0.9278 -0.2421
vn 0.0871 -0.9424 -0.3229
vn 0.0109 -0.9693 -0.2457
vn -0.1821 -0.9693 -0.1652
vn 0.6563 -0.7539 -0.0287
vn 0.6545 -0.7528 -0.0704
vn 0.1291 -0.9791 -0.1569
vn 0.1524 0.7010 -0.6967
vn 0.0275 0.7774 -0.6284
vn 0.3386 0.1188 -0.9334
vn 0.2266 0.1801 -0.9572
vn 0.2639 0.1651 -0.9503
vn 0.3349 0.0884 -0.9381
vn 0.2339 -0.1088 0.9661
vn -0.0461 0.9687 -0.2439
vn 0.2413 -0.9686 0.0602
vn -0.2366 -0.9687 0.0756
vn 0.4733 -0.7228 0.5035
vn 0.6251 -0.3783 -0.6827
vn 0.7897 -0.3780 0.4832
vn 0.6548 -0.7233 -0.2193
vn -0.0954 -0.9759 -0.1962
vn 0.0989 -0.7439 0.6609
vn 0.2605 -0.7662 0.5874
vn 0.3133 -0.6680 0.6750
vn 0.2292 -0.4667 0.8542
vn 0.2745 -0.5778 0.7686
vn 0.6264 -0.7661 -0.1435
vn 0.7225 -0.6680 -0.1781
vn 0.8824 -0.4665 -0.0613
vn 0.8068 -0.5778 -0.1228
vn 0.9623 0.2623 0.0719
vn -0.3392 0.5631 -0.7535
vn -0.1018 0.2957 -0.9498
vn -0.1457 -0.8558 -0.4963
vn -0.1303 -0.8355 -0.5338
vn -0.2961 -0.7687 -0.5669
vn -0.0094 -0.9746 0.2239
vn -0.8279 0.3429 0.4439
vn -0.9011 0.3013 0.3118
vn -0.9030 0.3295 0.2756
vn -0.4844 -0.7643 -0.4256
vn -0.5803 -0.6272 -0.5195
vn -0.5144 -0.1709 0.8404
vn -0.8948 -0.4089 0.1791
vn -0.7635 -0.6374 0.1041
vn 0.4346 -0.4424 -0.7845
vn 0.4016 -0.6602 -0.6347
vn 0.7090 -0.6726 0.2121
vn 0.7051 -0.6748 0.2176
vn 0.5364 -0.6728 0.5095
vn 0.5307 -0.6750 0.5126
vn -0.3275 -0.6687 -0.6675
vn -0.3826 -0.7517 -0.5372
vn 0.6252 -0.4873 0.6096
vn 0.4773 -0.7296 0.4897
vn 0.4881 -0.8048 0.3378
vn -0.1397 -0.7009 0.6994
vn -0.1192 -0.0371 0.9922
vn 0.0039 -0.0969 0.9953
vn -0.3290 -0.5059 -0.7974
vn -0.2436 -0.7378 -0.6295
vn -0.4190 -0.8081 0.4140
vn -0.2084 -0.7324 0.6482
vn -0.2513 -0.8669 0.4304
vn -0.2685 -0.8552 0.4433
vn -0.1789 -0.7863 0.5914
vn -0.0379 -0.4451 0.8947
vn -0.0720 -0.6688 0.7400
vn -0.7408 -0.4044 -0.5363
vn -0.8446 -0.4113 -0.3426
vn 0.1030 0.8048 -0.5846
vn 0.2448 0.7300 -0.6381
vn 0.2271 0.5725 -0.7878
vn -0.9850 -0.1456 -0.0928
vn -0.4448 -0.0857 0.8915
vn 0.8782 -0.2835 -0.3853
vn -0.6215 -0.5629 0.5448
vn 0.3088 -0.9082 0.2826
vn 0.3428 -0.1468 0.9279
vn 0.8620 -0.0286 0.5061
vn 0.1953 -0.9624 -0.1890
vn -0.7574 -0.3983 0.5174
vn -0.6863 -0.6111 0.3945
vn -0.5454 -0.7216 0.4264
vn -0.2532 0.9624 -0.0986
vn -0.3852 -0.8369 -0.3888
vn -0.3920 -0.8838 -0.2553
vn 0.1995 0.9613 0.1898
vn -0.2562 -0.9612 0.1019
vn 0.0279 0.8919 -0.4514
vn 0.0438 0.9509 -0.3062
vn -0.7055 -0.5657 -0.4269
vn 0.1437 0.7440 -0.6525
vn 0.1538 0.7421 -0.6524
vn -0.2498 -0.9628 -0.1035
vn -0.4664 -0.8710 0.1546
vn -0.4888 -0.8618 0.1355
vn -0.5642 -0.7793 0.2728
vn 0.0810 -0.7524 -0.6537
vn -0.3619 -0.8443 -0.3951
vn 0.7579 -0.6461 0.0901
vn 0.9876 -0.1159 0.1062
vn 0.9341 -0.1273 0.3337
vn -0.6480 -0.5044 -0.5707
vn -0.5143 -0.3758 -0.7709
vn 0.2581 -0.7752 0.5766
vn -0.3551 -0.7791 0.5167
vn 0.4987 -0.7588 -0.4190
vn -0.6236 -0.7644 0.1635
vn -0.7555 -0.6271 0.1897
vn -0.2793 -0.7644 -0.5811
vn -0.3304 -0.6271 -0.7054
vn -0.5047 -0.3475 -0.7902
vn -0.6349 -0.2070 -0.7443
vn -0.8719 -0.3476 0.3449
vn -0.8518 -0.2070 0.4812
vn 0.0763 -0.6839 0.7256
vn 0.1077 -0.6309 0.7684
vn 0.0671 -0.5794 0.8123
vn 0.2730 -0.8762 -0.3973
vn -0.1313 -0.8762 -0.4637
vn 0.5792 0.0169 0.8150
vn 0.6408 0.0270 0.7672
vn 0.4720 -0.6314 0.6153
vn 0.5580 -0.7871 0.2630
vn -0.7875 -0.0353 -0.6153
vn -0.6632 -0.0881 -0.7432
vn -0.6953 -0.0752 -0.7147
vn -0.8107 -0.0234 -0.5850
vn 0.3276 -0.8790 0.3465
vn -0.4605 -0.8791 -0.1227
vn 0.4693 -0.7662 0.4390
vn 0.5517 -0.6682 0.4991
vn 0.5664 -0.5618 0.6030
vn 0.1780 0.8787 -0.4429
vn 0.5204 -0.7662 -0.3770
vn 0.5952 -0.6682 -0.4464
vn 0.6999 -0.5617 -0.4412
vn 0.6088 0.7911 0.0597
vn -0.4858 0.5868 -0.6478
vn 0.4454 -0.8754 0.1880
vn 0.4132 -0.9086 0.0603
vn -0.0154 0.8753 -0.4833
vn -0.1179 0.9086 -0.4008
vn 0.0494 -0.7785 0.6256
vn -0.5100 0.0264 0.8598
vn -0.2952 -0.0202 0.9552
vn 0.9382 0.1082 0.3288
vn -0.0347 0.7842 0.6195
vn -0.3575 -0.5686 0.7409
vn 0.2635 -0.9518 -0.1570
vn 0.3634 -0.9072 0.2119
vn -0.7246 0.0959 0.6824
vn -0.3627 -0.5549 -0.7487
vn -0.3544 -0.5527 -0.7543
vn -0.2818 -0.4633 -0.8402
vn -0.1936 0.8677 0.4579
vn -0.6463 -0.7615 0.0497
vn -0.5980 -0.7966 -0.0880
vn -0.5701 -0.8182 0.0750
vn 0.1731 -0.8585 0.4828
vn 0.5072 -0.8583 -0.0776
vn 0.3607 -0.9327 -0.0003
vn 0.4782 -0.8220 -0.3092
vn 0.4149 -0.5944 -0.6888
vn -0.0325 -0.8460 -0.5322
vn -0.1242 -0.9095 -0.3967
vn -0.2497 0.8948 -0.3702
vn 0.4403 -0.8949 -0.0722
vn 0.7318 -0.2084 -0.6489
vn -0.2732 -0.1198 -0.9545
vn -0.1496 -0.1863 -0.9710
vn -0.0412 0.9111 0.4100
vn 0.0898 0.8965 0.4339
vn -0.4315 -0.8966 -0.0996
vn 0.9877 -0.0262 -0.1540
vn 0.0681 0.5324 0.8437
vn -0.6692 -0.7346 -0.1118
vn -0.6569 -0.7346 -0.1698
vn -0.7711 -0.6364 0.0192
vn 0.4096 -0.9105 0.0569
vn 0.2068 -0.8864 -0.4141
vn -0.9854 -0.1102 0.1296
vn -0.9927 0.0250 0.1184
vn -0.2452 -0.6330 0.7343
vn 0.0143 -0.6813 -0.7319
vn -0.7313 -0.6699 0.1283
vn 0.3069 -0.8328 0.4606
vn -0.9114 -0.2065 -0.3560
vn -0.2081 -0.7968 0.5672
vn -0.5082 -0.8380 0.1985
vn -0.5848 -0.7863 0.1994
vn -0.6924 -0.4620 -0.5542
vn 0.2048 -0.4067 -0.8903
vn 0.2163 -0.4022 -0.8896
vn -0.0234 -0.9793 -0.2012
vn -0.2016 -0.9794 -0.0152
vn 0.4364 -0.8584 -0.2697
vn -0.6827 -0.7307 -0.0067
vn 0.3482 -0.8583 0.3770
vn 0.4115 -0.0553 -0.9098
vn -0.5152 -0.6212 0.5905
vn -0.6914 -0.4407 0.5726
vn 0.4319 -0.6654 0.6088
vn 0.6461 -0.1487 0.7486
vn 0.6181 -0.1652 0.7686
vn 0.9473 -0.0449 -0.3172
vn -0.1727 -0.2011 -0.9642
vn 0.9122 -0.0098 -0.4095
vn -0.6832 -0.6608 -0.3107
vn -0.7856 -0.5462 -0.2907
vn -0.2052 -0.9682 -0.1429
vn 0.7649 -0.5751 0.2902
vn 0.9842 0.0314 -0.1745
vn -0.4897 -0.8016 0.3428
vn 0.1719 -0.7492 0.6396
vn 0.5636 0.0997 0.8200
vn 0.5937 0.2015 0.7790
vn 0.7188 0.1917 0.6683
vn 0.8172 0.0308 0.5755
vn -0.5246 -0.6493 -0.5507
vn -0.4494 -0.7095 0.5429
vn 0.7905 0.0181 0.6122
vn 0.7686 -0.2010 -0.6074
vn -0.5885 0.7930 -0.1575
vn -0.4970 -0.6266 -0.6002
vn -0.6382 -0.7556 0.1475
vn -0.7282 -0.0699 0.6818
vn -0.1534 -0.7725 0.6162
vn -0.9384 -0.1961 -0.2844
vn 0.3553 -0.9240 -0.1417
vn 0.2509 -0.9433 -0.2175
vn 0.4580 -0.8859 0.0737
vn -0.3291 -0.5738 0.7499
vn -0.2734 -0.9476 0.1654
vn -0.1460 -0.9877 -0.0559
vn 0.2490 -0.5287 -0.8115
vn 0.2084 -0.2975 -0.9317
vn -0.7847 -0.4315 -0.4451
vn -0.7730 -0.4789 -0.4160
vn -0.7872 -0.3931 -0.4752
vn 0.8045 -0.5936 0.0212
vn 0.9947 -0.0868 0.0558
vn -0.1720 0.3686 0.9135
vn -0.2048 0.1070 0.9729
vn 0.5426 -0.5840 0.6038
vn 0.7221 -0.5729 -0.3876
vn -0.9836 -0.1165 0.1378
vn -0.0408 -0.5726 0.8188
vn -0.0392 -0.7446 0.6663
vn 0.0928 -0.9016 0.4224
vn -0.0663 -0.8040 0.5909
vn -0.8118 -0.5825 -0.0424
vn -0.9034 -0.4283 -0.0203
vn -0.8668 -0.3525 0.3528
vn -0.5225 -0.5505 -0.6511
vn 0.6682 -0.0811 0.7396
vn -0.7036 -0.0578 -0.7083
vn -0.4368 0.6244 -0.6476
vn -0.3938 -0.8873 0.2401
vn -0.2381 -0.8826 0.4053
vn -0.5137 -0.8510 0.1092
vn -0.5551 -0.7632 -0.3309
vn -0.0852 -0.9451 0.3154
vn 0.2423 -0.8985 -0.3661
vn 0.0367 -0.8910 -0.4526
vn 0.9641 -0.0548 -0.2598
vn 0.9718 -0.0703 -0.2251
vn -0.7409 -0.5638 -0.3650
vn -0.9015 0.0589 -0.4287
vn -0.0648 -0.9491 -0.3083
vn 0.7096 -0.0086 0.7045
vn 0.4723 -0.5839 -0.6603
vn -0.3999 0.0134 -0.9165
vn -0.1081 -0.9639 0.2433
vn 0.6667 -0.6972 -0.2635
vn 0.7298 -0.5818 -0.3590
vn -0.2807 -0.1849 -0.9418
vn -0.3362 -0.1447 -0.9306
vn -0.4069 -0.1036 -0.9076
vn 0.5161 -0.8463 -0.1318
vn -0.0224 -0.9548 0.2963
vn -0.1492 -0.1353 0.9795
vn -0.1722 0.0125 0.9850
vn -0.5912 -0.0599 0.8043
vn 0.0569 -0.9793 -0.1943
vn 0.5836 -0.1519 -0.7977
vn 0.7488 0.1228 0.6514
vn 0.9899 -0.1414 -0.0087
vn 0.9626 -0.1864 0.1968
vn -0.2582 -0.8378 0.4810
vn -0.3948 -0.9069 0.1469
vn -0.1089 -0.1810 -0.9774
vn 0.8967 -0.3835 -0.2212
vn 0.3888 -0.3835 0.8377
vn 0.7294 0.3260 0.6014
vn 0.9672 -0.1026 0.2324
vn -0.2307 -0.9177 -0.3235
vn 0.1018 -0.9176 -0.3844
vn 0.7184 -0.0032 -0.6957
vn 0.7194 -0.4256 -0.5489
vn 0.3533 -0.9183 0.1785
vn 0.6759 -0.4257 0.6017
vn 0.0145 0.9183 -0.3956
vn -0.3940 -0.9185 0.0338
vn 0.9941 0.0718 -0.0809
vn 0.2016 -0.0431 -0.9785
vn 0.6533 -0.0991 -0.7506
vn 0.6329 -0.6173 -0.4674
vn 0.5815 -0.5392 -0.6092
vn 0.6074 0.1537 0.7794
vn -0.2632 -0.0150 -0.9646
vn 0.9643 0.1444 -0.2218
vn 0.9905 0.1317 -0.0384
vn 0.9891 0.1464 0.0152
vn -0.4837 -0.6269 0.6108
vn -0.8215 0.0307 0.5693
vn -0.8717 -0.0787 0.4837
vn -0.3154 0.9208 -0.2294
vn 0.2527 0.0547 -0.9660
vn 0.2238 -0.1694 -0.9598
vn 0.3402 -0.9208 -0.1908
vn 0.2986 -0.8247 0.4803
vn 0.3618 -0.7644 0.5337
vn -0.3875 -0.9207 0.0467
vn 0.2042 0.9210 0.3319
vn 0.4536 -0.8801 0.1401
vn 0.2950 0.9552 -0.0241
vn -0.3722 -0.7773 -0.5072
vn 0.5691 -0.6648 -0.4839
vn -0.2057 -0.6294 0.7493
vn 0.5971 -0.0129 -0.8021
vn -0.9154 -0.1037 -0.3890
vn -0.9581 -0.0893 -0.2723
vn -0.9509 -0.2496 -0.1831
vn -0.8281 -0.0788 -0.5550
vn 0.7679 0.0237 -0.6402
vn 0.4608 -0.8868 -0.0354
vn 0.8020 0.0182 -0.5971
vn -0.6544 -0.7456 0.1261
vn -0.9007 -0.4073 0.1512
vn -0.5126 0.8376 -0.1887
vn -0.7957 -0.0049 -0.6057
vn -0.8006 -0.0038 -0.5991
vn 0.9748 0.1164 0.1904
vn -0.7429 -0.0854 0.6640
vn 0.6379 -0.7649 0.0899
vn 0.2936 0.2003 -0.9347
vn 0.3227 0.0751 -0.9435
vn 0.9629 -0.2152 -0.1625
vn 0.0540 0.0239 0.9983
vn -0.4481 -0.3683 -0.8146
vn -0.6718 -0.7406 -0.0115
vn 0.6848 -0.7045 0.1863
vn -0.0757 -0.6418 0.7631
vn 0.5264 -0.7048 0.4756
vn -0.4123 -0.6418 0.6467
vn -0.1433 -0.2275 -0.9632
vn 0.1228 0.7719 -0.6238
vn 0.6995 0.7056 0.1131
vn 0.0838 -0.1587 0.9838
vn -0.6996 -0.2017 -0.6855
vn -0.8065 -0.2018 0.5558
vn -0.4698 -0.8456 -0.2532
vn 0.3623 0.0596 -0.9302
vn 0.5957 -0.0716 0.8000
vn 0.6054 -0.7261 -0.3261
vn -0.3780 -0.7747 -0.5069
vn 0.5861 -0.0771 -0.8066
vn 0.4526 -0.0771 -0.8884
vn 0.4536 -0.0383 -0.8904
vn 0.5874 -0.0382 -0.8084
vn -0.0000 -0.0771 0.9970
vn -0.1560 -0.0771 0.9847
vn -0.1543 -0.1615 0.9747
vn 0.0000 -0.1615 0.9869
vn -0.4481 -0.1615 -0.8793
vn -0.5801 -0.1615 -0.7983
vn -0.5861 -0.0771 -0.8066
vn -0.4526 -0.0771 -0.8884
vn 0.9386 -0.1615 0.3050
vn 0.9747 -0.1615 0.1544
vn 0.9848 -0.0770 0.1560
vn 0.9482 -0.0770 0.3081
vn -0.9847 -0.0771 -0.1560
vn -0.9482 -0.0771 -0.3081
vn -0.9386 -0.1615 -0.3050
vn -0.9747 -0.1615 -0.1544
vn -0.0507 0.9973 0.0529
vn -0.0713 0.9958 0.0570
vn 0.0012 1.0000 0.0019
vn -0.0001 -1.0000 -0.0001
vn 0.0000 -1.0000 -0.0000
vn -0.0001 -1.0000 0.0002
vn -0.9304 -0.2073 0.3022
vn -0.8717 -0.2073 0.4441
vn -0.8793 -0.1615 0.4480
vn -0.9386 -0.1615 0.3050
vn 0.1056 0.9938 0.0359
vn 0.1477 0.9867 0.0676
vn 0.1613 0.9851 0.0603
vn 0.1229 0.9924 -0.0009
vn 0.5861 -0.0771 0.8066
vn 0.4526 -0.0771 0.8884
vn 0.4481 -0.1615 0.8793
vn 0.5800 -0.1615 0.7984
vn 0.4479 -0.1615 -0.8794
vn 0.3050 -0.1615 -0.9386
vn 0.3080 -0.0771 -0.9482
vn -0.0002 -1.0000 0.0002
vn 0.1546 -0.1615 0.9747
vn 0.3050 -0.1615 0.9386
vn 0.3080 -0.0771 0.9482
vn 0.1560 -0.0771 0.9847
vn 0.0001 -1.0000 -0.0002
vn -0.0328 0.9986 -0.0415
vn -0.0710 0.9968 -0.0354
vn -0.0796 0.9963 -0.0308
vn -0.0109 0.9953 -0.0960
vn -0.1560 -0.0771 -0.9847
vn -0.0000 -0.0771 -0.9970
vn -0.0000 -0.1615 -0.9869
vn -0.1544 -0.1615 -0.9747
vn 0.1213 0.9926 -0.0081
vn 0.1578 0.9836 -0.0871
vn 0.1589 0.9859 -0.0517
vn 0.1703 0.9854 -0.0006
vn 0.9847 -0.0770 -0.1560
vn 0.9870 -0.0382 -0.1564
vn 0.9993 -0.0382 0.0000
vn 0.9970 -0.0771 0.0000
vn -0.8903 -0.0382 0.4538
vn -0.8883 -0.0771 0.4527
vn -0.8066 -0.0771 0.5861
vn -0.8084 -0.0382 0.5874
vn -0.1090 0.9912 0.0752
vn -0.0688 0.9894 0.1279
vn -0.0669 0.9959 0.0602
vn -0.1251 0.9915 0.0348
vn -0.4417 -0.7810 0.4416
vn -0.5054 -0.7809 0.3672
vn 0.7984 -0.1615 -0.5801
vn 0.6979 -0.1615 -0.6977
vn 0.7051 -0.0771 -0.7049
vn 0.8066 -0.0771 -0.5861
vn 0.6246 -0.7809 0.0000
vn 0.6170 -0.7808 0.0978
vn 0.6170 -0.7809 0.0978
vn 0.0765 0.9844 -0.1583
vn 0.0363 0.9922 -0.1196
vn 0.0234 0.9874 -0.1566
vn 0.0502 0.9824 -0.1797
vn 0.0129 0.9919 -0.1260
vn -0.0434 0.9856 -0.1635
vn -0.0709 0.9842 -0.1624
vn -0.0496 0.9945 -0.0921
vn 0.0976 -0.7811 0.6168
vn 0.0975 -0.7811 0.6168
vn 0.1929 -0.7810 0.5940
vn 0.1931 -0.7809 0.5941
vn 0.9304 -0.2073 0.3022
vn -0.8793 -0.1615 -0.4480
vn -0.8883 -0.0771 -0.4527
vn -0.4417 -0.7809 -0.4418
vn -0.4418 -0.7808 -0.4418
vn -0.3670 -0.7810 -0.5053
vn -0.3671 -0.7810 -0.5053
vn 0.8884 -0.0771 0.4527
vn 0.8793 -0.1615 0.4480
vn -0.9870 -0.0383 -0.1562
vn -0.9503 -0.0383 -0.3088
vn -0.1044 0.9897 0.0979
vn -0.1144 0.9895 0.0882
vn 0.7914 -0.2073 -0.5751
vn 0.4441 -0.2073 -0.8717
vn 0.3025 -0.2073 -0.9303
vn -0.2837 -0.7808 -0.5566
vn 0.2836 -0.7808 -0.5567
vn 0.1930 -0.7809 -0.5941
vn 0.1930 -0.7810 -0.5940
vn 0.1178 0.9822 0.1466
vn 0.1039 0.9845 0.1412
vn 0.0585 0.9814 0.1827
vn 0.0662 0.9853 0.1572
vn -0.0027 0.9876 0.1573
vn 0.0492 0.9853 0.1637
vn 0.0780 0.9864 0.1448
vn -0.6978 -0.1615 0.6978
vn -0.5800 -0.1615 0.7984
vn -0.5860 -0.0771 0.8066
vn -0.7051 -0.0771 0.7049
vn -0.3525 -0.7890 0.5032
vn -0.3673 -0.7807 0.5055
vn -0.7051 -0.0771 -0.7049
vn -0.6978 -0.1615 -0.6978
vn -0.4537 -0.0383 -0.8904
vn -0.3088 -0.0383 -0.9504
vn -0.3081 -0.0771 -0.9482
vn -0.9993 -0.0383 -0.0000
vn -0.9970 -0.0771 0.0000
vn -0.9848 -0.0771 0.1559
vn -0.9870 -0.0383 0.1562
vn -0.9503 -0.0383 0.3088
vn -0.9482 -0.0771 0.3081
vn 0.6978 -0.1615 0.6978
vn 0.7984 -0.1615 0.5801
vn 0.8066 -0.0771 0.5861
vn 0.7051 -0.0771 0.7049
vn 0.3673 -0.7807 0.5055
vn 0.3672 -0.7810 0.5053
vn 0.4416 -0.7810 0.4416
vn 0.4417 -0.7809 0.4416
vn 0.1146 0.9926 -0.0410
vn 0.1659 0.9858 -0.0273
vn 0.7066 -0.0383 -0.7066
vn 0.8084 -0.0383 -0.5874
vn -0.9869 -0.1615 -0.0000
vn -0.9662 -0.2073 -0.1532
vn -0.9783 -0.2073 -0.0000
vn 0.0001 -1.0000 0.0005
vn 0.0005 -1.0000 -0.0002
vn 0.0005 -1.0000 0.0001
vn 0.9747 -0.1615 -0.1545
vn 0.9386 -0.1615 -0.3050
vn 0.9482 -0.0771 -0.3081
vn 0.9662 -0.2073 0.1531
vn 0.9783 -0.2073 0.0000
vn 0.9869 -0.1615 -0.0000
vn -0.0667 0.9953 0.0698
vn -0.0651 0.9873 0.1451
vn -0.1162 0.9889 0.0921
vn -0.3081 -0.0771 0.9482
vn -0.4526 -0.0771 0.8884
vn -0.4481 -0.1615 0.8793
vn -0.3050 -0.1615 0.9386
vn 0.5055 -0.7809 0.3671
vn 0.5054 -0.7809 0.3671
vn -0.0003 -1.0000 -0.0001
vn -0.0003 -1.0000 -0.0002
vn -0.1931 -0.7810 0.5940
vn -0.2000 -0.7889 0.5810
vn -0.0977 -0.7810 0.6168
vn 0.0001 -0.7810 0.6246
vn 0.0294 0.9940 -0.1058
vn 0.0759 0.9965 -0.0340
vn 0.0039 0.9988 -0.0484
vn -0.0461 0.9941 -0.0980
vn 0.0485 0.9956 0.0808
vn 0.0549 0.9962 0.0678
vn -0.1377 0.9880 -0.0697
vn -0.1738 0.9788 -0.1083
vn -0.1690 0.9851 -0.0336
vn -0.1481 0.9886 -0.0274
vn -0.1754 0.9845 -0.0080
vn -0.1582 0.9874 -0.0030
vn -0.1974 0.9802 -0.0176
vn -0.1728 0.9849 -0.0082
vn 0.1560 -0.0771 -0.9847
vn 0.1545 -0.1615 -0.9747
vn 0.0264 0.9898 -0.1399
vn 0.0757 0.9838 -0.1628
vn -0.7066 -0.0383 -0.7066
vn -0.5874 -0.0383 -0.8084
vn -0.8903 -0.0383 -0.4538
vn -0.8084 -0.0383 -0.5874
vn -0.8066 -0.0771 -0.5861
vn -0.3050 -0.1615 -0.9386
vn -0.0976 -0.7810 -0.6168
vn -0.1930 -0.7810 -0.5940
vn -0.1931 -0.7809 -0.5941
vn -0.5055 -0.7807 -0.3673
vn -0.5056 -0.7807 -0.3672
vn -0.5566 -0.7809 -0.2836
vn -0.5564 -0.7810 -0.2836
vn -0.6170 -0.7809 -0.0978
vn -0.6246 -0.7809 -0.0000
vn -0.6247 -0.7809 -0.0000
vn 0.0190 0.9986 0.0499
vn 0.0732 0.9959 0.0526
vn -0.0202 0.9878 0.1541
vn 0.0227 0.9997 0.0110
vn 0.0036 0.9989 0.0464
vn 0.0082 0.9925 0.1222
vn -0.0057 0.9803 0.1973
vn 0.5566 -0.7809 -0.2835
vn 0.5565 -0.7810 -0.2834
vn 0.5054 -0.7808 -0.3674
vn 0.5055 -0.7807 -0.3674
vn 0.3672 -0.7810 -0.5052
vn 0.3672 -0.7810 -0.5053
vn 0.4418 -0.7809 -0.4417
vn 0.4418 -0.7808 -0.4418
vn -0.0867 0.9950 -0.0490
vn -0.1111 0.9926 -0.0492
vn -0.0123 0.9967 -0.0796
vn 0.0056 0.9952 -0.0977
vn -0.9747 -0.1615 0.1544
vn -0.9662 -0.2073 0.1532
vn -0.6918 -0.2073 0.6917
vn -0.5750 -0.2073 0.7915
vn -0.7984 -0.1615 0.5801
vn 0.1152 0.9870 0.1124
vn 0.1368 0.9790 0.1511
vn 0.1519 0.9826 0.1066
vn 0.1331 0.9871 0.0890
vn -0.7067 -0.0382 0.7065
vn -0.1303 0.9871 0.0930
vn -0.1114 0.9865 0.1198
vn 0.1373 0.9866 -0.0887
vn 0.1397 0.9861 -0.0896
vn 0.1872 0.9811 -0.0493
vn 0.1243 0.9911 -0.0467
vn -0.5940 -0.7810 0.1930
vn -0.5941 -0.7809 0.1931
vn -0.5566 -0.7810 0.2834
vn -0.5566 -0.7809 0.2835
vn -0.6170 -0.7808 0.0979
vn -0.6170 -0.7809 0.0978
vn 0.5565 -0.7810 0.2836
vn 0.5940 -0.7810 0.1931
vn 0.5941 -0.7809 0.1930
vn -0.0714 0.9771 -0.2003
vn -0.0622 0.9833 -0.1709
vn -0.1066 0.9811 -0.1612
vn -0.1057 0.9890 -0.1038
vn 0.1629 0.9831 0.0834
vn 0.0836 0.9963 0.0201
vn 0.9870 -0.0382 0.1564
vn 0.0004 -1.0000 0.0004
vn 0.0007 -1.0000 0.0007
vn 0.0005 -1.0000 0.0008
vn -0.4442 -0.2073 -0.8716
vn -0.5750 -0.2073 -0.7915
vn -0.7914 -0.2073 -0.5751
vn -0.8716 -0.2073 -0.4442
vn -0.7984 -0.1615 -0.5801
vn -0.0547 0.9905 0.1263
vn -0.1034 0.9847 0.1402
vn -0.0420 0.9841 0.1724
vn -0.0576 0.9830 0.1741
vn -0.0770 0.9829 0.1675
vn -0.0395 0.9906 0.1307
vn 0.8883 -0.0771 -0.4527
vn 0.8793 -0.1615 -0.4480
vn 0.9503 -0.0384 -0.3089
vn -0.3024 -0.2072 0.9304
vn -0.1530 -0.2072 0.9663
vn 0.5750 -0.2073 0.7915
vn 0.6915 -0.2073 0.6920
vn 0.9662 -0.2073 -0.1532
vn 0.9304 -0.2073 -0.3022
vn 0.8716 -0.2073 -0.4442
vn 0.5801 -0.1615 -0.7984
vn 0.8717 -0.2073 0.4441
vn -0.1564 -0.0383 -0.9870
vn -0.0000 -0.0383 -0.9993
vn 0.0233 0.9858 -0.1663
vn -0.0198 0.9945 -0.1027
vn -0.0162 0.9960 -0.0884
vn 0.0763 0.9958 0.0505
vn 0.0233 0.9991 0.0343
vn 0.0956 0.9945 0.0433
vn 0.0621 0.9949 0.0796
vn -0.0270 0.9993 -0.0277
vn -0.0045 0.9989 -0.0460
vn -0.6918 -0.2073 -0.6916
vn 0.0882 0.9961 -0.0005
vn 0.0803 0.9967 -0.0078
vn 0.0517 0.9977 0.0448
vn 0.1108 0.9906 -0.0807
vn 0.0167 0.9981 -0.0590
vn 0.0095 0.9938 0.1111
vn -0.0491 0.9968 0.0628
vn -0.1184 0.9918 -0.0471
vn -0.0361 0.9979 0.0534
vn -0.0435 0.9988 -0.0224
vn -0.1106 0.9920 -0.0607
vn 0.1358 0.9801 -0.1447
vn 0.0687 0.9963 -0.0513
vn 0.1064 0.9939 -0.0299
vn 0.1134 0.9867 -0.1168
vn -0.1302 0.9831 -0.1288
vn -0.1490 0.9848 -0.0894
vn -0.1035 0.9893 -0.1030
vn -0.0596 0.9974 -0.0410
vn 0.0977 -0.7808 -0.6170
vn 0.0977 -0.7811 -0.6168
vn -0.5939 -0.7810 -0.1930
vn -0.5940 -0.7810 -0.1930
vn 0.0010 -1.0000 0.0003
vn 0.0009 -1.0000 0.0005
vn 0.0005 -1.0000 0.0003
vn 0.0005 -1.0000 0.0002
vn 0.2837 -0.7808 0.5566
vn -0.0000 -1.0000 -0.0002
vn 0.5940 -0.7810 -0.1930
vn -0.4536 -0.0383 0.8904
vn -0.5874 -0.0383 0.8084
vn -0.1529 -0.2073 -0.9662
vn -0.3024 -0.2073 -0.9304
vn 0.1530 -0.2073 -0.9662
vn -0.0000 -0.2074 -0.9783
vn 0.5874 -0.0382 0.8084
vn 0.4537 -0.0383 0.8904
vn 0.3087 -0.0383 0.9504
vn 0.1562 -0.0382 0.9870
vn 0.6915 -0.2073 -0.6920
vn 0.5750 -0.2074 -0.7915
vn -0.2083 0.9748 0.0804
vn -0.1567 0.9844 0.0801
vn 0.1564 -0.0383 -0.9870
vn 0.3088 -0.0383 -0.9504
vn 0.8904 -0.0383 -0.4536
vn -0.1562 -0.0383 0.9870
vn -0.3088 -0.0383 0.9504
vn 0.0141 0.9964 0.0835
vn -0.0824 0.9928 0.0866
vn -0.1156 0.9931 -0.0188
vn -0.0825 0.9965 0.0129
vn -0.0001 -0.0382 0.9993
vn 0.9504 -0.0382 0.3087
vn 0.8903 -0.0382 0.4537
vn 0.8084 -0.0382 0.5874
vn 0.7067 -0.0382 0.7065
vn -0.4441 -0.2073 0.8717
vn 0.4441 -0.2072 0.8717
vn 0.1529 -0.2072 0.9663
vn 0.3025 -0.2073 0.9304
vn -0.9304 -0.2073 -0.3023
vn -0.0033 0.9991 -0.0431
vn -0.0766 0.9939 -0.0795
vn -0.0837 0.9943 -0.0664
vn -0.0610 0.9980 -0.0146
vn -0.0877 0.9944 -0.0586
vn -0.0660 0.9970 0.0402
vn -0.0776 0.9945 0.0702
vn -0.0822 0.9960 -0.0341
vn 0.6170 -0.7809 -0.0979
vn -0.0001 -0.7810 -0.6246
vn -0.1935 0.9810 0.0136
vn -0.1925 0.9812 -0.0160
vn -0.0049 0.9971 0.0753
vn 0.0177 0.9959 0.0893
vn 0.0352 0.9960 0.0827
vn 0.1691 0.9850 -0.0334
vn 0.0629 0.9967 -0.0506
vn 0.0561 0.9936 -0.0975
vn 0.0205 0.9964 -0.0825
vn 0.0001 -1.0000 -0.0001
vn -0.2739 -0.7975 0.5375
vn 0.0407 0.9841 0.1731
vn 0.0326 0.9940 0.1048
vn 0.0646 0.9971 0.0407
vn 0.0680 0.9976 0.0116
vn 0.0420 0.9939 -0.1023
vn 0.0627 0.9970 -0.0459
vn 0.0638 0.9960 0.0629
vn 0.0242 0.9940 0.1066
vn -0.0386 0.9992 0.0134
vn -0.1032 0.9947 0.0005
vn 0.2015 0.9780 0.0548
vn 0.2150 0.9765 -0.0160
vn 0.1273 0.5978 -0.7915
vn 0.2579 0.5389 -0.8019
vn 0.2580 0.5396 -0.8014
vn 0.1271 0.5981 -0.7913
vn -0.6634 0.6733 0.3264
vn -0.6453 0.7354 0.2067
vn -0.6438 0.7368 0.2066
vn -0.6683 0.6670 0.3294
vn -0.0599 0.9959 -0.0684
vn -0.0770 0.9959 -0.0474
vn -0.6032 0.7975 -0.0092
vn -0.7567 0.6436 -0.1149
vn -0.7515 0.6498 -0.1138
vn -0.6048 0.7963 -0.0084
vn 0.7914 -0.2073 0.5750
vn 0.1235 0.9920 0.0240
vn -0.0603 0.9956 0.0710
vn -0.0479 0.9803 -0.1915
vn 0.0165 0.9798 -0.1993
vn 0.0264 0.9997 -0.0002
vn 0.0648 0.9924 0.1048
vn 0.0000 -0.2072 0.9783
vn -0.7914 -0.2073 0.5750
vn 0.1141 0.9847 -0.1318
vn -0.0001 -1.0000 -0.0006
vn 0.1145 0.9822 -0.1488
vn 0.0096 0.9981 -0.0609
vn -0.0416 0.9910 0.1270
vn 0.0057 0.9993 0.0366
vn -0.0833 0.9962 0.0250
vn -0.0025 0.5575 -0.8302
vn -0.0026 0.5570 -0.8305
vn -0.1234 0.6261 -0.7699
vn -0.1236 0.6239 -0.7717
vn -0.4778 0.5847 0.6556
vn -0.3793 0.5517 0.7428
vn -0.3791 0.5526 0.7422
vn -0.4779 0.5851 0.6552
vn -0.5831 0.5650 0.5837
vn -0.5816 0.5678 0.5826
vn 0.5944 0.7997 -0.0847
vn 0.8062 0.5916 -0.0073
vn 0.8068 0.5908 -0.0069
vn 0.5943 0.7997 -0.0856
vn 0.7586 0.6032 -0.2464
vn 0.7560 0.6066 -0.2459
vn 0.0003 -1.0000 -0.0003
vn 0.0002 -1.0000 -0.0001
vn -0.7140 0.4648 0.5236
vn -0.7131 0.4664 0.5235
vn 0.0642 0.9979 0.0034
vn 0.0803 0.9964 0.0264
vn -0.7880 0.6019 0.1295
vn -0.7874 0.6026 0.1298
vn -0.0001 -1.0000 0.0007
vn -0.5288 0.4457 -0.7224
vn -0.6036 0.5251 -0.5999
vn -0.6050 0.5215 -0.6016
vn -0.5284 0.4491 -0.7205
vn -0.2938 0.7349 -0.6112
vn -0.2977 0.7291 -0.6163
vn -0.8238 0.5025 -0.2623
vn -0.8248 0.5008 -0.2625
vn -0.7305 0.5704 -0.3754
vn -0.7317 0.5683 -0.3763
vn 0.5511 0.8285 0.0994
vn 0.5500 0.8294 0.0980
vn -0.6509 0.5927 -0.4743
vn -0.6517 0.5917 -0.4746
vn 0.8076 0.5329 0.2528
vn 0.8048 0.5375 0.2518
vn -0.2327 0.6665 -0.7082
vn -0.2333 0.6645 -0.7100
vn 0.7130 0.6019 -0.3596
vn 0.7137 0.6006 -0.3603
vn 0.6839 0.5317 -0.4995
vn 0.6837 0.5322 -0.4993
vn 0.3742 0.5688 -0.7324
vn 0.3756 0.5650 -0.7347
vn 0.0011 -1.0000 0.0000
vn 0.0010 -1.0000 0.0002
vn 0.0008 -1.0000 0.0006
vn 0.6438 0.6042 0.4695
vn 0.7319 0.5690 0.3749
vn 0.7311 0.5706 0.3741
vn 0.6428 0.6060 0.4686
vn 0.5312 0.6576 0.5342
vn 0.5320 0.6564 0.5349
vn -0.0001 -1.0000 -0.0002
vn -0.0003 -1.0000 0.0001
vn -0.1491 0.9873 0.0540
vn 0.5714 0.5824 -0.5782
vn 0.5695 0.5862 -0.5762
vn 0.4098 0.7258 -0.5525
vn 0.4100 0.7263 -0.5516
vn 0.3794 0.5594 0.7370
vn 0.2617 0.5367 0.8022
vn 0.2617 0.5363 0.8024
vn 0.3786 0.5622 0.7353
vn 0.4418 0.6594 0.6082
vn 0.4427 0.6576 0.6096
vn -0.2570 0.5333 0.8059
vn -0.2574 0.5310 0.8073
vn -0.1235 0.6637 0.7377
vn -0.1231 0.6632 0.7382
vn 0.0021 0.5254 0.8509
vn 0.0023 0.5272 0.8497
vn -0.0003 -1.0000 -0.0000
vn 0.0003 -1.0000 0.0010
vn 0.1258 0.5788 0.8057
vn 0.1257 0.5789 0.8056
vn 0.0010 -1.0000 -0.0002
vn -0.0002 -1.0000 -0.0002
vn 0.0001 -1.0000 0.0010
vn 0.8907 -0.0236 0.4539
vn 0.8903 -0.0381 0.4538
vn 0.9504 -0.0375 0.3088
vn 0.9509 -0.0200 0.3090
vn -0.9870 -0.0381 -0.1563
vn -0.9860 -0.0588 -0.1561
vn -0.9983 -0.0588 -0.0000
vn -0.9993 -0.0375 -0.0000
vn -0.9848 0.0771 0.1559
vn -0.9747 0.1616 0.1544
vn -0.9869 0.1616 -0.0000
vn -0.9970 0.0771 -0.0000
vn 0.8884 0.0771 -0.4526
vn 0.8793 0.1616 -0.4481
vn 0.9386 0.1616 -0.3049
vn 0.9482 0.0771 -0.3081
vn 0.9862 -0.1658 -0.0000
vn 0.9907 -0.1362 -0.0000
vn 0.9785 -0.1362 0.1549
vn 0.9740 -0.1658 0.1546
vn -0.9379 -0.1658 0.3048
vn -0.8787 -0.1659 0.4477
vn -0.8827 -0.1361 0.4498
vn -0.9422 -0.1362 0.3060
vn 0.4496 0.1387 0.8824
vn 0.5822 0.1388 0.8011
vn 0.5794 0.1682 0.7975
vn 0.4477 0.1682 0.8782
vn -0.8053 0.0965 -0.5850
vn -0.7028 0.1100 -0.7028
vn -0.7039 0.0965 -0.7037
vn -0.4523 0.0771 0.8885
vn -0.5860 0.0771 0.8067
vn -0.5874 0.0383 0.8084
vn -0.4537 0.0383 0.8904
vn 0.3088 -0.0375 -0.9504
vn 0.1564 -0.0380 -0.9870
vn 0.1563 -0.0236 -0.9874
vn 0.3089 -0.0201 -0.9509
vn 0.1545 0.1616 0.9747
vn 0.1559 0.0771 0.9848
vn 0.3081 0.0771 0.9482
vn 0.3050 0.1616 0.9385
vn -0.4480 0.1616 -0.8793
vn -0.4526 0.0771 -0.8884
vn -0.5859 0.0771 -0.8067
vn -0.5801 0.1616 -0.7984
vn -0.3019 0.2127 0.9293
vn -0.4436 0.2127 0.8706
vn -0.4451 0.1974 0.8734
vn -0.3030 0.1974 0.9323
vn 0.8735 0.1974 -0.4450
vn 0.7931 0.1974 -0.5762
vn 0.7904 0.2127 -0.5744
vn 0.8706 0.2127 -0.4437
vn 0.5842 0.1100 -0.8041
vn 0.5820 0.1388 -0.8012
vn 0.7002 0.1388 -0.7003
vn 0.7028 0.1100 -0.7028
vn 0.8066 0.0771 -0.5861
vn 0.7983 0.1616 -0.5802
vn 0.0000 1.0000 -0.0000
vn 0.3081 0.0771 -0.9482
vn 0.3050 0.1616 -0.9385
vn 0.4480 0.1616 -0.8793
vn 0.4526 0.0771 -0.8884
vn -0.4536 -0.0381 0.8904
vn -0.4532 -0.0589 0.8895
vn -0.3085 -0.0588 0.9494
vn -0.3087 -0.0375 0.9504
vn -0.4495 0.1388 -0.8824
vn -0.5820 0.1388 -0.8012
vn -0.5794 0.1681 -0.7975
vn -0.4474 0.1681 -0.8784
vn 0.5843 -0.1072 -0.8044
vn 0.5859 -0.0817 -0.8063
vn 0.7048 -0.0817 -0.7047
vn 0.7031 -0.1072 -0.7030
vn -0.5843 0.1100 0.8041
vn -0.5822 0.1388 0.8011
vn -0.7002 0.1387 0.7003
vn -0.7028 0.1100 0.7028
vn 0.3121 -0.9447 0.1003
vn 0.3048 -0.1658 0.9379
vn 0.3061 -0.1362 0.9422
vn 0.1550 -0.1361 0.9785
vn 0.1544 -0.1658 0.9740
vn -0.4536 -0.0381 -0.8904
vn -0.4530 -0.0588 -0.8896
vn -0.5868 -0.0588 -0.8076
vn -0.5874 -0.0375 -0.8084
vn 0.7050 0.0771 0.7050
vn 0.6978 0.1616 0.6978
vn 0.5800 0.1616 0.7985
vn 0.5861 0.0771 0.8066
vn -0.7978 -0.1658 -0.5796
vn -0.8787 -0.1659 -0.4477
vn -0.8827 -0.1361 -0.4498
vn -0.8014 -0.1361 -0.5824
vn -0.3134 -0.9441 -0.1019
vn -0.3082 0.0771 -0.9482
vn -0.3050 0.1616 -0.9385
vn -0.1543 0.1616 -0.9747
vn -0.1561 0.0771 -0.9847
vn 0.7069 -0.0236 0.7069
vn 0.5876 -0.0201 0.8089
vn 0.5874 -0.0375 0.8084
vn 0.7067 -0.0381 0.7065
vn -0.8793 0.1616 0.4481
vn -0.8884 0.0771 0.4526
vn -0.8066 0.0771 0.5861
vn -0.7985 0.1616 0.5800
vn -0.9375 0.1681 -0.3046
vn -0.9736 0.1681 -0.1541
vn -0.9683 0.1974 -0.1534
vn -0.9324 0.1974 -0.3029
vn 0.7905 0.2127 0.5743
vn 0.6908 0.2127 0.6911
vn 0.6931 0.1974 0.6933
vn 0.7931 0.1974 0.5763
vn -0.0003 1.0000 -0.0000
vn -0.4498 -0.1361 -0.8827
vn -0.4476 -0.1658 -0.8787
vn -0.5796 -0.1658 -0.7978
vn -0.5823 -0.1361 -0.8015
vn -0.0000 -0.1658 -0.9862
vn 0.0000 -0.1361 -0.9907
vn 0.1549 -0.1361 -0.9785
vn 0.1542 -0.1658 -0.9740
vn 0.9939 0.1100 0.0000
vn 0.9903 0.1387 0.0000
vn 0.9781 0.1388 0.1549
vn 0.9817 0.1100 0.1555
vn 0.5868 -0.0588 -0.8076
vn 0.5874 -0.0374 -0.8084
vn 0.7066 -0.0381 -0.7066
vn 0.7060 -0.0588 -0.7058
vn 0.8793 0.1616 0.4480
vn 0.8884 0.0771 0.4526
vn 0.9482 0.0771 0.3081
vn 0.9386 0.1616 0.3050
vn -0.5877 -0.0200 -0.8089
vn -0.4538 -0.0236 -0.8908
vn -0.9494 -0.0588 -0.3085
vn -0.9504 -0.0375 -0.3088
vn -0.1550 -0.1361 0.9785
vn -0.1555 -0.1072 0.9820
vn -0.3073 -0.1072 0.9456
vn -0.3061 -0.1362 0.9422
vn -0.0075 -0.9988 0.0476
vn -0.1491 -0.9446 0.2924
vn -0.1941 -0.9444 0.2654
vn 0.4498 -0.1362 0.8827
vn 0.4514 -0.1071 0.8859
vn 0.3073 -0.1072 0.9456
vn 0.9690 -0.1937 0.1535
vn 0.9811 -0.1937 -0.0000
vn -0.7067 -0.0381 0.7065
vn -0.8085 -0.0374 0.5873
vn -0.8076 -0.0588 0.5868
vn -0.7059 -0.0588 0.7059
vn 0.9785 -0.1362 -0.1549
vn 0.9740 -0.1658 -0.1541
vn 0.9379 -0.1658 -0.3046
vn 0.9422 -0.1362 -0.3060
vn 0.3520 0.8008 -0.4845
vn 0.2717 0.8012 -0.5332
vn 0.2721 0.8007 -0.5337
vn -0.0000 0.2128 -0.9771
vn 0.1529 0.2128 -0.9651
vn 0.1534 0.1974 -0.9683
vn -0.0000 0.1974 -0.9803
vn -0.6433 -0.6919 -0.3278
vn -0.5842 -0.6918 -0.4244
vn -0.5843 -0.6917 -0.4244
vn -0.9939 0.1099 0.0000
vn -0.9903 0.1388 0.0000
vn -0.9781 0.1388 -0.1548
vn -0.9817 0.1099 -0.1555
vn -0.8884 0.0771 -0.4526
vn -0.8793 0.1616 -0.4481
vn -0.7984 0.1616 -0.5801
vn -0.8066 0.0771 -0.5861
vn -0.7978 -0.1658 0.5797
vn -0.6973 -0.1658 0.6973
vn -0.7006 -0.1361 0.7005
vn -0.8016 -0.1363 0.5822
vn -0.5741 -0.2153 0.7900
vn -0.4432 -0.2152 0.8702
vn -0.4454 -0.1937 0.8741
vn -0.5767 -0.1937 0.7936
vn 0.2319 -0.9447 -0.2319
vn 0.2652 -0.9448 -0.1927
vn -0.1549 0.1388 -0.9781
vn -0.1543 0.1681 -0.9736
vn 0.0000 0.1681 -0.9858
vn 0.0000 0.1387 -0.9903
vn 0.4244 -0.6920 0.5840
vn 0.3278 -0.6919 0.6433
vn 0.1550 0.1387 0.9781
vn 0.1540 0.1681 0.9737
vn 0.0000 0.1681 0.9858
vn 0.0000 0.1387 0.9903
vn 0.2837 0.7806 -0.5569
vn 0.3673 0.7807 -0.5056
vn 0.1561 0.0771 -0.9847
vn 0.1543 0.1616 -0.9747
vn 0.9494 -0.0589 -0.3085
vn 0.9504 -0.0375 -0.3088
vn 0.9870 -0.0381 -0.1562
vn 0.9860 -0.0589 -0.1561
vn 0.3085 -0.0588 0.9494
vn 0.4532 -0.0589 0.8895
vn 0.4536 -0.0381 0.8904
vn 0.3087 -0.0375 0.9504
vn -0.1562 -0.0588 0.9860
vn -0.1563 -0.0381 0.9870
vn -0.3673 0.7807 -0.5055
vn -0.2837 0.7806 -0.5569
vn -0.9482 0.0771 -0.3081
vn -0.9386 0.1616 -0.3049
vn -0.9785 -0.1361 0.1549
vn -0.9820 -0.1072 0.1555
vn -0.9942 -0.1072 -0.0000
vn -0.9907 -0.1361 -0.0000
vn -0.8741 -0.1937 -0.4454
vn -0.7937 -0.1938 -0.5767
vn -0.7900 -0.2152 -0.5740
vn -0.8701 -0.2152 -0.4434
vn -0.1545 0.1616 0.9747
vn -0.1560 0.0771 0.9847
vn -0.0000 0.0771 0.9970
vn 0.0000 0.1616 0.9869
vn -0.4418 0.7808 0.4418
vn -0.5055 0.7807 0.3674
vn -0.5055 0.7807 0.3673
vn -0.4418 0.7808 0.4417
vn 0.3048 -0.1658 -0.9379
vn 0.3062 -0.1361 -0.9422
vn 0.4498 -0.1361 -0.8827
vn 0.4478 -0.1658 -0.8786
vn 0.1927 -0.9447 -0.2652
vn 0.1016 -0.9444 -0.3127
vn 0.1492 -0.9445 -0.2928
vn 0.6936 -0.1938 0.6938
vn 0.6906 -0.2152 0.6905
vn 0.7899 -0.2152 0.5742
vn 0.7937 -0.1938 0.5767
vn 0.8076 -0.0588 0.5868
vn 0.8085 -0.0374 0.5873
vn 0.7059 -0.0588 0.7059
vn 0.4826 0.8081 0.3377
vn 0.4845 0.8009 0.3520
vn 0.5161 0.8152 0.2629
vn 0.5509 0.8151 0.1790
vn 0.9858 0.1681 0.0000
vn 0.9736 0.1681 0.1543
vn 0.4496 0.1387 -0.8824
vn 0.3061 0.1387 -0.9418
vn 0.3046 0.1681 -0.9375
vn 0.4475 0.1681 -0.8783
vn 0.9848 0.0771 0.1559
vn 0.9747 0.1616 0.1544
vn -0.8735 0.1974 -0.4450
vn -0.8783 0.1681 -0.4475
vn 0.0000 -0.0589 -0.9983
vn -0.1563 -0.0589 -0.9860
vn -0.1564 -0.0380 -0.9870
vn 0.0000 -0.0374 -0.9993
vn -0.8089 -0.0201 0.5877
vn -0.8909 -0.0188 0.4539
vn -0.8907 -0.0236 0.4539
vn -0.9844 -0.0817 0.1559
vn -0.9860 -0.0588 0.1561
vn -0.9967 -0.0817 0.0000
vn -0.6969 0.1681 0.6972
vn -0.7975 0.1681 0.5794
vn -0.8012 0.1387 0.5820
vn -0.4844 0.8009 0.3521
vn -0.4234 0.8008 0.4236
vn -0.4235 0.8008 0.4236
vn 0.1564 -0.0236 0.9874
vn 0.1563 -0.0381 0.9870
vn 0.3089 -0.0200 0.9509
vn -0.8907 -0.0236 -0.4539
vn -0.8089 -0.0200 -0.5877
vn -0.8085 -0.0374 -0.5874
vn -0.8903 -0.0381 -0.4538
vn -0.9482 0.0771 0.3081
vn -0.9386 0.1616 0.3049
vn 0.9494 -0.0589 0.3085
vn 0.9860 -0.0589 0.1561
vn 0.9870 -0.0381 0.1562
vn 0.9874 -0.0236 -0.1563
vn 0.9998 -0.0200 -0.0000
vn 0.9993 -0.0375 -0.0000
vn 0.9747 0.1616 -0.1543
vn 0.9848 0.0771 -0.1559
vn 0.5569 0.7807 0.2836
vn 0.5941 0.7808 0.1931
vn 0.5942 0.7808 0.1931
vn 0.1500 -0.9445 0.2922
vn 0.8701 -0.2152 0.4434
vn 0.8742 -0.1938 0.4452
vn -0.5106 -0.6919 0.5105
vn -0.5106 -0.6918 0.5106
vn -0.4244 -0.6920 0.5840
vn -0.4244 -0.6921 0.5839
vn -0.1130 -0.6917 0.7133
vn -0.1129 -0.6919 0.7131
vn -0.0000 -0.6921 0.7218
vn 0.0817 0.8080 0.5835
vn -0.0906 0.8151 0.5721
vn 0.0000 0.8152 0.5791
vn 0.0937 0.8008 0.5915
vn 0.1533 0.1974 0.9683
vn -0.0000 0.1974 0.9803
vn 0.9452 0.1099 0.3073
vn 0.9418 0.1388 0.3061
vn 0.8824 0.1387 0.4496
vn 0.8856 0.1100 0.4512
vn 0.5105 -0.6919 0.5106
vn -0.5843 -0.6916 0.4247
vn -0.5842 -0.6916 0.4247
vn -0.7130 -0.6920 -0.1129
vn -0.7131 -0.6920 -0.1129
vn -0.7219 -0.6920 -0.0000
vn 0.1932 0.7806 -0.5944
vn -0.1939 -0.9445 -0.2652
vn -0.0000 0.8007 -0.5991
vn -0.0000 0.8007 -0.5990
vn 0.0937 0.8006 -0.5918
vn 0.0938 0.8006 -0.5918
vn -0.0937 0.8006 -0.5918
vn -0.1851 0.8006 -0.5699
vn -0.1851 0.8007 -0.5698
vn -0.9375 0.1681 0.3045
vn -0.9418 0.1388 0.3061
vn -0.8824 0.1387 0.4496
vn -0.8784 0.1681 0.4475
vn -0.9293 0.2127 0.3019
vn -0.9651 0.2127 0.1529
vn -0.9683 0.1974 0.1533
vn -0.9324 0.1974 0.3029
vn -0.7070 -0.0236 -0.7068
vn -0.7067 -0.0381 -0.7065
vn -0.7006 -0.1361 -0.7005
vn -0.6973 -0.1658 -0.6973
vn 0.7006 -0.1362 -0.7005
vn 0.6973 -0.1658 -0.6973
vn 0.5796 -0.1658 -0.7978
vn 0.5823 -0.1362 -0.8015
vn 0.5739 -0.2152 -0.7901
vn 0.4425 -0.2230 -0.8686
vn 0.4433 -0.2152 -0.8701
vn 0.6970 0.1681 -0.6970
vn 0.7975 0.1681 -0.5794
vn 0.8012 0.1388 -0.5821
vn 0.7131 -0.6919 -0.1130
vn 0.7130 -0.6920 -0.1130
vn 0.7221 -0.6917 -0.0001
vn 0.7221 -0.6918 -0.0001
vn -0.9690 -0.1938 -0.1533
vn -0.9645 -0.2152 -0.1527
vn -0.9766 -0.2152 -0.0000
vn -0.9810 -0.1938 -0.0000
vn -0.2651 -0.9445 0.1939
vn -0.2924 -0.9446 0.1491
vn 0.8894 -0.0589 -0.4532
vn 0.8903 -0.0381 -0.4537
vn 0.1130 -0.6919 -0.7131
vn 0.1130 -0.6920 -0.7130
vn 0.2231 -0.6919 -0.6867
vn -0.1131 -0.6916 -0.7134
vn -0.1129 -0.6920 -0.7130
vn -0.2231 -0.6919 -0.6867
vn 0.5721 0.8151 0.0907
vn 0.5990 0.8007 0.0000
vn 0.5794 0.8150 0.0000
vn 0.5337 0.8007 -0.2719
vn 0.4684 0.8153 -0.3404
vn 0.5200 0.8081 -0.2768
vn -0.5106 -0.6918 -0.5105
vn -0.5106 -0.6919 -0.5105
vn -0.1563 -0.0236 -0.9874
vn 0.0000 -0.0201 -0.9998
vn -0.5800 0.1616 0.7985
vn -0.4480 0.1616 0.8793
vn -0.4442 0.2074 0.8716
vn -0.3050 0.1616 0.9386
vn -0.3021 0.2075 0.9304
vn -0.5743 0.2127 0.7905
vn -0.6908 0.2127 0.6911
vn -0.6931 0.1974 0.6933
vn -0.5762 0.1974 0.7931
vn 0.1535 -0.1937 0.9690
vn 0.1529 -0.2152 0.9645
vn 0.3019 -0.2152 0.9287
vn 0.3031 -0.1937 0.9331
vn -0.3019 -0.2152 0.9287
vn -0.3031 -0.1937 0.9331
vn -0.8824 0.1387 -0.4496
vn -0.7975 0.1681 -0.5794
vn -0.8012 0.1388 -0.5820
vn -0.5744 0.2127 -0.7904
vn -0.4436 0.2127 -0.8706
vn -0.4451 0.1974 -0.8734
vn -0.5762 0.1974 -0.7931
vn 0.5568 0.7807 -0.2837
vn 0.5055 0.7809 -0.3671
vn 0.5055 0.7808 -0.3671
vn 0.6085 0.7889 -0.0854
vn 0.6035 0.7974 0.0000
vn 0.6171 0.7808 -0.0978
vn -0.5696 0.8009 0.1850
vn -0.5832 0.8082 0.0816
vn -0.5914 0.8009 0.0939
vn -0.4846 0.8007 -0.3522
vn -0.5335 0.8009 -0.2719
vn -0.5337 0.8007 -0.2720
vn 0.1930 0.7808 0.5942
vn 0.0978 0.7806 0.6173
vn 0.0977 0.7806 0.6173
vn 0.1929 0.7808 0.5942
vn 0.8066 0.0771 0.5861
vn 0.7984 0.1616 0.5801
vn -0.8042 0.1099 0.5841
vn -0.8856 0.1099 0.4513
vn -0.6433 -0.6920 0.3277
vn -0.6433 -0.6920 0.3276
vn 0.3073 -0.1072 -0.9456
vn 0.4513 -0.1072 -0.8859
vn 0.3085 -0.0588 -0.9494
vn 0.4536 -0.0381 -0.8904
vn 0.4530 -0.0588 -0.8896
vn 0.4425 -0.2230 0.8686
vn 0.4433 -0.2152 0.8701
vn 0.5767 -0.1938 0.7936
vn 0.5740 -0.2152 0.7900
vn 0.4235 0.8008 0.4235
vn 0.4235 0.8008 0.4236
vn 0.1850 0.8009 0.5695
vn 0.1851 0.8006 0.5698
vn -0.5942 0.7808 -0.1931
vn -0.6170 0.7809 -0.0978
vn -0.6170 0.7808 -0.0978
vn -0.5943 0.7807 -0.1931
vn -0.2837 0.7808 0.5566
vn -0.1929 0.7808 0.5942
vn -0.1797 0.7888 0.5878
vn -0.2837 0.7808 0.5567
vn 0.0000 -0.2153 -0.9766
vn -0.1528 -0.2152 -0.9645
vn -0.1535 -0.1937 -0.9690
vn -0.0000 -0.1937 -0.9811
vn -0.4454 -0.1937 -0.8741
vn -0.4433 -0.2152 -0.8702
vn -0.5739 -0.2152 -0.7901
vn -0.5767 -0.1937 -0.7937
vn 0.5794 0.1681 -0.7975
vn 0.4239 0.8081 -0.4091
vn 0.4234 0.8009 -0.4234
vn 0.3071 0.1100 0.9453
vn 0.4512 0.1100 0.8856
vn 0.3059 0.1387 0.9419
vn 0.2230 -0.6919 0.6867
vn -0.1555 0.1101 0.9817
vn -0.1555 0.0969 0.9831
vn -0.0000 0.0965 0.9953
vn 0.0000 0.1101 0.9939
vn -0.4495 0.1387 0.8824
vn -0.3059 0.1387 0.9419
vn -0.3047 0.1681 0.9375
vn -0.4476 0.1682 0.8783
vn 0.6936 -0.1938 -0.6938
vn 0.6905 -0.2152 -0.6905
vn 0.5766 -0.1938 -0.7937
vn 0.7900 -0.2152 -0.5740
vn 0.7937 -0.1938 -0.5766
vn 0.8742 -0.1938 -0.4453
vn 0.8701 -0.2152 -0.4434
vn 0.7131 -0.6919 0.1131
vn 0.7130 -0.6920 0.1131
vn 0.6432 -0.6920 0.3277
vn 0.6433 -0.6920 0.3276
vn 0.6866 -0.6920 0.2231
vn -0.7049 0.0771 -0.7051
vn -0.6978 0.1616 -0.6978
vn -0.5867 -0.0589 0.8076
vn -0.5874 -0.0375 0.8084
vn -0.3048 -0.1658 0.9379
vn -0.4498 -0.1361 0.8827
vn -0.4476 -0.1658 0.8787
vn -0.6145 0.7889 0.0107
vn -0.6247 0.7809 0.0000
vn -0.5963 0.7972 0.0945
vn -0.5878 0.7888 0.1797
vn -0.5568 0.7807 0.2838
vn -0.5568 0.7807 0.2837
vn 0.9781 0.1388 -0.1549
vn 0.9418 0.1388 -0.3061
vn 0.9375 0.1681 -0.3046
vn 0.9736 0.1681 -0.1543
vn 0.8856 0.1100 -0.4512
vn 0.8869 0.0966 -0.4517
vn 0.8053 0.0966 -0.5850
vn 0.8042 0.1100 -0.5841
vn -0.0000 -0.2152 0.9766
vn -0.0000 -0.1937 0.9811
vn -0.1535 -0.1937 0.9690
vn -0.1528 -0.2172 0.9641
vn 0.1014 -0.9447 0.3120
vn -0.9494 -0.0588 0.3085
vn -0.8894 -0.0588 0.4532
vn -0.8903 -0.0381 0.4538
vn -0.9504 -0.0375 0.3088
vn -0.0978 0.7806 -0.6174
vn -0.1932 0.7806 -0.5944
vn -0.0978 0.7806 -0.6173
vn 0.3072 0.1100 -0.9453
vn 0.4511 0.1100 -0.8856
vn 0.0000 0.1101 -0.9939
vn -0.1555 0.1101 -0.9817
vn -0.4090 0.8081 -0.4240
vn -0.4237 0.8006 -0.4237
vn -0.2720 0.8008 -0.5337
vn -0.3403 0.8153 -0.4684
vn -0.2768 0.8082 -0.5198
vn 0.5053 0.7809 0.3673
vn 0.5054 0.7809 0.3672
vn 0.4419 0.7807 0.4419
vn 0.5105 -0.6919 -0.5106
vn 0.5105 -0.6919 -0.5105
vn 0.4243 -0.6920 -0.5840
vn 0.3278 -0.6919 -0.6433
vn -0.9862 -0.1658 -0.0000
vn -0.9785 -0.1361 -0.1549
vn -0.9740 -0.1658 -0.1543
vn -0.9422 -0.1362 -0.3060
vn -0.9379 -0.1658 -0.3048
vn 0.7978 -0.1658 0.5797
vn 0.8014 -0.1361 0.5824
vn 0.7006 -0.1361 0.7005
vn 0.6973 -0.1658 0.6973
vn 0.9456 -0.1071 0.3072
vn 0.9820 -0.1071 0.1555
vn 0.9844 -0.0817 0.1560
vn 0.9479 -0.0817 0.3079
vn -0.0000 -0.0588 0.9983
vn 0.1562 -0.0588 0.9860
vn -0.0000 -0.0375 0.9993
vn 0.0000 -0.1361 0.9907
vn -0.0000 -0.1658 0.9862
vn 0.5843 0.1100 0.8041
vn 0.7028 0.1100 0.7028
vn 0.7002 0.1387 0.7003
vn 0.8012 0.1387 0.5821
vn 0.7974 0.1681 0.5795
vn 0.6969 0.1681 0.6971
vn -0.9870 -0.0381 0.1563
vn 0.7050 0.0771 -0.7050
vn 0.6978 0.1616 -0.6978
vn -0.7130 -0.6920 0.1129
vn -0.7131 -0.6919 0.1130
vn -0.0000 0.0771 -0.9970
vn -0.0000 0.1616 -0.9869
vn 0.0000 -0.0200 0.9998
vn -0.1565 -0.0188 0.9875
vn -0.1564 -0.0236 0.9874
vn -0.9628 -0.2233 0.1522
vn -0.9645 -0.2153 0.1527
vn -0.9748 -0.2230 0.0000
vn -0.9288 -0.2153 0.3017
vn -0.8701 -0.2152 0.4434
vn -0.8741 -0.1938 0.4454
vn -0.9330 -0.1938 0.3032
vn 0.5631 0.8083 -0.1720
vn 0.5721 0.8151 -0.0907
vn 0.5696 0.8008 -0.1851
vn -0.3085 -0.0588 -0.9494
vn -0.3088 -0.0375 -0.9504
vn -0.1550 -0.1362 -0.9785
vn -0.1544 -0.1658 -0.9740
vn -0.3048 -0.1658 -0.9379
vn -0.3062 -0.1362 -0.9422
vn 0.9683 0.1974 0.1534
vn 0.9803 0.1974 0.0000
vn 0.9771 0.2127 0.0000
vn 0.9651 0.2127 0.1529
vn 0.8735 0.1974 0.4449
vn 0.8707 0.2127 0.4435
vn 0.8827 -0.1362 -0.4498
vn 0.8787 -0.1659 -0.4477
vn 0.7978 -0.1658 -0.5796
vn 0.8014 -0.1361 -0.5824
vn 0.8880 -0.0817 -0.4525
vn 0.8063 -0.0817 -0.5858
vn 0.8076 -0.0589 -0.5867
vn 0.4539 -0.0236 -0.8908
vn 0.5823 -0.1361 0.8015
vn 0.5844 -0.1072 0.8044
vn 0.5867 -0.0589 0.8076
vn -0.5056 0.7807 -0.3673
vn -0.5569 0.7806 -0.2837
vn -0.5055 0.7808 -0.3673
vn -0.6936 -0.1937 0.6938
vn -0.7937 -0.1938 0.5767
vn -0.3071 0.1101 -0.9453
vn -0.4512 0.1100 -0.8856
vn -0.3060 0.1388 -0.9419
vn -0.3278 -0.6919 -0.6433
vn -0.4243 -0.6920 -0.5840
vn 0.9766 -0.2152 -0.0000
vn 0.9646 -0.2152 0.1527
vn 0.9288 -0.2153 -0.3017
vn 0.9330 -0.1938 -0.3033
vn 0.9690 -0.1937 -0.1535
vn 0.9645 -0.2152 -0.1527
vn 0.5942 0.7808 -0.1930
vn 0.5943 0.7807 -0.1931
vn 0.5743 0.2127 0.7905
vn 0.5762 0.1974 0.7931
vn 0.3019 0.2127 0.9293
vn 0.1529 0.2128 0.9651
vn 0.3030 0.1975 0.9323
vn -0.1534 0.1974 -0.9683
vn -0.1529 0.2128 -0.9651
vn 0.5861 0.0771 -0.8066
vn 0.5801 0.1616 -0.7984
vn 0.7915 0.2075 -0.5749
vn 0.8717 0.2075 -0.4440
vn -0.9771 0.2127 0.0000
vn -0.9651 0.2127 -0.1526
vn -0.9803 0.1974 0.0000
vn -0.5915 0.8009 -0.0935
vn -0.5790 0.8153 0.0000
vn -0.5832 0.8082 -0.0815
vn -0.1789 0.8153 0.5507
vn -0.2578 0.8082 0.5295
vn -0.2718 0.8008 0.5337
vn -0.3520 0.8009 0.4844
vn -0.3521 0.8007 0.4847
vn 0.5841 -0.6920 -0.4243
vn 0.6433 -0.6919 -0.3277
vn 0.9379 -0.1658 0.3046
vn 0.9422 -0.1362 0.3060
vn 0.8827 -0.1361 0.4498
vn 0.8787 -0.1659 0.4477
vn -0.7049 0.0770 0.7051
vn -0.6978 0.1616 0.6978
vn 0.9869 0.1616 0.0000
vn 0.9970 0.0771 0.0000
vn -0.9847 0.0771 -0.1562
vn -0.9747 0.1616 -0.1543
vn -0.8042 0.1099 -0.5841
vn -0.8856 0.1099 -0.4513
vn -0.6869 -0.6916 -0.2231
vn -0.6868 -0.6918 -0.2231
vn 0.4527 0.0771 0.8883
vn 0.4480 0.1616 0.8793
vn -0.7030 -0.1072 0.7030
vn -0.8043 -0.1072 0.5844
vn -0.5844 -0.1072 0.8044
vn -0.4514 -0.1071 0.8859
vn -0.4524 -0.0817 0.8881
vn -0.5858 -0.0817 0.8064
vn 0.3021 0.2074 0.9304
vn 0.1529 0.2075 0.9662
vn -0.9781 0.1388 0.1548
vn -0.9736 0.1681 0.1541
vn -0.6866 -0.6919 0.2232
vn -0.6866 -0.6919 0.2231
vn 0.9683 0.1974 -0.1534
vn 0.9324 0.1974 -0.3029
vn 0.9293 0.2127 -0.3019
vn 0.9651 0.2127 -0.1529
vn 0.3019 0.2127 -0.9293
vn 0.3030 0.1974 -0.9323
vn 0.4451 0.1974 -0.8734
vn 0.4436 0.2127 -0.8706
vn 0.5744 0.2127 -0.7904
vn 0.5762 0.1974 -0.7931
vn -0.0945 0.7970 0.5965
vn -0.0107 0.7886 0.6148
vn -0.7904 0.2127 0.5745
vn -0.7931 0.1974 0.5763
vn -0.8735 0.1974 0.4449
vn -0.8706 0.2126 0.4436
vn 0.3019 -0.2152 -0.9287
vn 0.3033 -0.1938 -0.9330
vn 0.4454 -0.1938 -0.8741
vn 0.1535 -0.1938 -0.9690
vn 0.1528 -0.2152 -0.9645
vn 0.5842 -0.6918 0.4244
vn -0.7914 0.2076 0.5749
vn -0.8716 0.2075 0.4442
vn -0.5751 0.2075 0.7914
vn -0.8076 -0.0588 -0.5868
vn -0.8894 -0.0589 -0.4532
vn 0.9817 0.1100 -0.1555
vn 0.6866 -0.6920 -0.2231
vn 0.6868 -0.6918 -0.2231
vn -0.4512 0.1100 0.8856
vn -0.3277 -0.6920 0.6432
vn -0.3277 -0.6921 0.6431
vn -0.2230 -0.6919 0.6867
vn -0.2232 -0.6918 0.6867
vn 0.1549 0.1388 -0.9781
vn 0.1555 0.1101 -0.9817
vn 0.0000 -0.6921 -0.7218
vn -0.9288 -0.2153 -0.3017
vn -0.9330 -0.1938 -0.3033
vn -0.2927 -0.9445 -0.1492
vn -0.5683 -0.8018 -0.1847
vn -0.5322 -0.8020 -0.2712
vn -0.5843 -0.1072 -0.8044
vn -0.5859 -0.0817 -0.8063
vn -0.4524 -0.0817 -0.8881
vn -0.4514 -0.1072 -0.8859
vn -0.7048 -0.0817 -0.7047
vn -0.8063 -0.0817 -0.5858
vn -0.7060 -0.0588 -0.7058
vn -0.1013 -0.9447 0.3120
vn 0.9782 0.2075 0.0000
vn 0.9662 0.2076 -0.1531
vn 0.5749 0.2076 -0.7914
vn 0.6919 0.2075 -0.6915
vn 0.4440 0.2076 -0.8716
vn 0.3023 0.2076 -0.9303
vn -0.3081 0.0771 0.9482
vn -0.3089 0.0383 0.9503
vn 0.0000 0.0383 0.9993
vn 0.1563 0.0383 0.9870
vn -0.9782 0.2075 0.0000
vn -0.9662 0.2075 0.1531
vn -0.6932 0.1974 -0.6932
vn -0.7931 0.1974 -0.5762
vn -0.7904 0.2127 -0.5744
vn -0.6909 0.2128 -0.6909
vn 0.0002 1.0000 0.0000
vn -0.3019 -0.2152 -0.9287
vn -0.3033 -0.1937 -0.9330
vn -0.1531 0.2076 -0.9662
vn -0.3023 0.2076 -0.9303
vn -0.1544 -0.1658 0.9740
vn 0.8084 -0.0375 -0.5874
vn 0.8089 -0.0200 -0.5877
vn 0.8909 -0.0188 -0.4539
vn 0.8907 -0.0236 -0.4539
vn 0.9983 -0.0589 -0.0000
vn 0.8894 -0.0588 0.4532
vn 0.8881 -0.0817 0.4524
vn 0.8859 -0.1071 0.4514
vn 0.1563 -0.0589 -0.9860
vn -0.0000 -0.1071 -0.9942
vn 0.0000 -0.0817 -0.9967
vn 0.1559 -0.0817 -0.9844
vn 0.1555 -0.1071 -0.9820
vn -0.9509 -0.0200 0.3090
vn -0.9875 -0.0188 0.1565
vn -0.9874 -0.0236 0.1564
vn -0.1559 -0.0817 0.9844
vn -0.3080 -0.0817 0.9479
vn -0.7900 -0.2152 0.5741
vn -0.6906 -0.2152 0.6904
vn 0.9324 0.1974 0.3029
vn 0.9293 0.2127 0.3019
vn 0.9375 0.1681 0.3045
vn 0.8784 0.1681 0.4475
vn 0.3241 -0.9446 -0.0513
vn 0.3121 -0.9446 -0.1015
vn 0.9628 -0.2230 -0.1527
vn -0.9858 0.1681 0.0000
vn 0.3047 0.1681 0.9375
vn 0.4452 0.1974 0.8734
vn 0.4436 0.2127 0.8706
vn -0.8880 -0.0817 0.4525
vn -0.8063 -0.0817 0.5858
vn 0.9288 -0.2152 0.3017
vn 0.9330 -0.1937 0.3032
vn 0.9628 -0.2231 0.1523
vn 0.9748 -0.2230 -0.0000
vn -0.9418 0.1388 -0.3061
vn -0.9831 0.0967 -0.1557
vn -0.9953 0.0966 0.0000
vn 0.1543 0.1681 -0.9736
vn -0.5730 -0.2230 -0.7886
vn -0.6893 -0.2231 -0.6893
vn -0.6906 -0.2152 -0.6904
vn -0.6936 -0.1937 -0.6938
vn 0.7030 -0.1072 0.7030
vn 0.4525 -0.0817 0.8880
vn 0.3080 -0.0817 0.9479
vn 0.1559 -0.0817 0.9844
vn -0.0000 -0.0817 0.9967
vn -0.3073 -0.1072 -0.9456
vn -0.3079 -0.0817 -0.9479
vn -0.1559 -0.0817 -0.9844
vn -0.1555 -0.1071 -0.9820
vn 0.0000 0.7806 -0.6250
vn 0.0978 0.7806 -0.6173
vn -0.9456 -0.1072 0.3073
vn -0.9479 -0.0817 0.3080
vn 0.6085 0.7889 0.0854
vn 0.6171 0.7808 0.0978
vn 0.9942 -0.1071 -0.0000
vn 0.9874 -0.0236 0.1563
vn -0.4204 0.6989 0.5787
vn -0.5055 0.6993 0.5054
vn -0.5052 0.6997 0.5052
vn -0.4202 0.6992 0.5784
vn 0.0000 0.2076 0.9782
vn -0.1529 0.2076 0.9662
vn 0.6909 0.2128 -0.6909
vn 0.6932 0.1974 -0.6932
vn 0.6916 0.2075 0.6918
vn 0.7914 0.2075 0.5750
vn 0.5751 0.2076 0.7913
vn 0.4442 0.2075 0.8716
vn 0.4538 -0.0236 0.8908
vn 0.2207 0.6995 0.6797
vn 0.1119 0.6990 0.7063
vn 0.1119 0.6987 0.7066
vn 0.2209 0.6995 0.6797
vn 0.0000 -0.9444 -0.3288
vn 0.0513 -0.9446 -0.3241
vn -0.8084 0.0382 -0.5874
vn -0.8903 0.0383 -0.4537
vn -0.5873 0.0383 -0.8084
vn -0.7067 0.0382 -0.7065
vn -0.5797 -0.1658 0.7978
vn -0.5823 -0.1361 0.8015
vn 0.2657 -0.9445 0.1931
vn 0.2316 -0.9445 0.2331
vn 0.8042 0.1100 0.5841
vn 0.1531 0.2075 -0.9662
vn 0.0000 0.2075 -0.9782
vn -0.3071 0.1100 0.9453
vn -0.1550 0.1387 0.9781
vn -0.1533 0.1974 0.9683
vn -0.1541 0.1681 0.9737
vn 0.8824 0.1387 -0.4496
vn -0.7003 0.1388 -0.7003
vn 0.9992 0.0350 -0.0183
vn -0.0008 1.0000 0.0006
vn 0.2720 0.8007 0.5338
vn 0.3521 0.8007 0.4847
vn 0.3520 0.8009 0.4844
vn -0.9303 0.2075 -0.3023
vn -0.8716 0.2075 -0.4441
vn -0.7914 0.2075 -0.5750
vn 0.9303 0.2075 0.3024
vn 0.8717 0.2076 0.4439
vn 0.9662 0.2075 0.1531
vn -0.5749 0.2075 -0.7915
vn -0.4440 0.2075 -0.8716
vn -0.6917 0.2075 -0.6917
vn 0.1851 0.8006 -0.5698
vn 0.1852 0.8006 -0.5698
vn -0.3019 0.2127 -0.9293
vn -0.3030 0.1974 -0.9323
vn -0.5336 0.8008 0.2719
vn 0.5696 0.8008 0.1851
vn 0.8063 -0.0817 0.5858
vn 0.9479 -0.0817 -0.3080
vn 0.3079 -0.0817 -0.9479
vn -0.3088 0.0383 -0.9504
vn -0.1563 0.0383 -0.9870
vn -0.4537 0.0383 -0.8903
vn 0.8084 0.0382 -0.5874
vn 0.7067 0.0383 -0.7065
vn 0.5873 0.0383 -0.8084
vn 0.4536 0.0383 -0.8904
vn -0.9662 0.2074 -0.1532
vn 0.0000 0.2128 0.9771
vn -0.1529 0.2128 0.9651
vn -0.0938 0.8006 0.5918
vn -0.9293 0.2127 -0.3019
vn -0.8706 0.2127 -0.4437
vn -0.5696 0.8008 -0.1850
vn -0.5696 0.8009 -0.1850
vn -0.6802 0.6989 -0.2210
vn -0.7066 0.6987 -0.1118
vn -0.7066 0.6987 -0.1120
vn -0.6799 0.6992 -0.2210
vn -0.0000 0.0383 -0.9993
vn -0.0000 0.6992 0.7149
vn -0.1118 0.6990 0.7063
vn -0.1119 0.6990 0.7063
vn -0.0000 0.6996 0.7145
vn -0.7069 -0.0236 0.7069
vn 0.5055 0.6992 -0.5055
vn 0.5787 0.6988 -0.4204
vn 0.5059 0.6985 -0.5061
vn -0.9453 0.1100 0.3072
vn -0.9817 0.1100 0.1555
vn -0.8868 0.0967 0.4519
vn -0.8052 0.0966 0.5851
vn 0.2925 -0.9446 0.1490
vn -0.1564 0.0383 0.9870
vn -0.0000 0.6989 -0.7152
vn -0.1118 0.6993 -0.7060
vn -0.1118 0.6993 -0.7061
vn -0.0000 0.6991 -0.7150
vn 0.5786 0.6989 0.4204
vn 0.5052 0.6997 0.5052
vn 0.5055 0.6993 0.5055
vn 0.8089 -0.0201 0.5877
vn 0.4454 -0.1937 0.8741
vn 0.4476 -0.1658 0.8787
vn -0.9690 -0.1938 0.1534
vn -0.9740 -0.1658 0.1543
vn -0.0000 -0.1072 0.9942
vn 0.1555 -0.1072 0.9820
vn 0.3088 0.0383 -0.9504
vn 0.1563 0.0383 -0.9870
vn 0.1556 0.1100 0.9817
vn 0.1130 -0.6920 0.7130
vn 0.1130 -0.6919 0.7131
vn 0.4524 -0.0817 -0.8880
vn -0.5793 0.1681 0.7976
vn -0.3046 0.1681 -0.9375
vn -0.3090 -0.0201 -0.9508
vn -0.2208 0.6995 -0.6797
vn -0.2210 0.6994 -0.6797
vn 0.5877 -0.0201 -0.8088
vn 0.3245 0.6993 -0.6369
vn 0.4202 0.6993 -0.5783
vn 0.3246 0.6992 -0.6370
vn -0.9998 -0.0200 -0.0000
vn -0.7150 0.6992 0.0000
vn -0.7147 0.6994 -0.0000
vn -0.7048 -0.0817 0.7047
vn 0.7066 0.6987 -0.1119
vn 0.7152 0.6989 -0.0000
vn 0.7154 0.6988 -0.0000
vn 0.7066 0.6988 -0.1118
vn 0.6803 0.6989 -0.2209
vn 0.6802 0.6989 -0.2210
vn -0.0000 0.7806 0.6250
vn -0.6917 0.2075 0.6917
vn -0.3673 0.7807 0.5055
vn 0.2836 0.7808 0.5567
vn 0.3674 0.7807 0.5055
vn 0.3673 0.7807 0.5055
vn 0.7038 0.0965 -0.7038
vn 0.5850 0.0965 -0.8052
vn -0.5851 0.0966 0.8052
vn -0.7039 0.0965 0.7037
vn 0.4418 0.7807 -0.4420
vn 0.4418 0.7807 -0.4419
vn -0.4518 0.0965 -0.8869
vn -0.5850 0.0965 -0.8052
vn -0.5842 0.1100 -0.8041
vn -0.3076 0.0965 -0.9466
vn -0.1556 0.0968 -0.9831
vn 0.9831 0.0965 -0.1557
vn 0.9466 0.0965 -0.3077
vn 0.9452 0.1099 -0.3073
vn 0.1558 0.0965 -0.9831
vn -0.0000 0.0965 -0.9953
vn -0.9453 0.1099 -0.3072
vn -0.9466 0.0966 -0.3076
vn -0.8868 0.0966 -0.4519
vn 0.8869 0.0967 0.4518
vn 0.9466 0.0966 0.3076
vn -0.4518 0.0966 0.8869
vn -0.3079 0.0966 0.9465
vn 0.9953 0.0965 0.0000
vn 0.9831 0.0965 0.1558
vn -0.3090 -0.0201 0.9509
vn -0.2209 0.6992 0.6799
vn -0.3246 0.6989 0.6373
vn -0.3247 0.6989 0.6373
vn -0.2209 0.6995 0.6796
vn 0.9820 -0.1071 -0.1556
vn 0.9844 -0.0817 -0.1560
vn 0.9967 -0.0817 0.0000
vn -0.8044 -0.1071 -0.5844
vn -0.8859 -0.1071 -0.4514
vn -0.8880 -0.0817 -0.4526
vn -0.7030 -0.1072 -0.7030
vn -0.8859 -0.1071 0.4514
vn 0.3090 0.0382 0.9503
vn 0.4537 0.0383 0.8904
vn 0.5873 0.0383 0.8084
vn 0.7067 0.0382 0.7065
vn 0.9504 0.0383 -0.3088
vn 0.8903 0.0382 -0.4537
vn 0.8084 0.0382 0.5874
vn 0.8903 0.0383 0.4537
vn 0.9504 0.0383 0.3088
vn 0.9870 0.0383 0.1563
vn -0.8084 0.0382 0.5874
vn -0.7067 0.0383 0.7065
vn 0.9993 0.0383 0.0000
vn 0.9870 0.0383 -0.1563
vn -0.9504 0.0383 -0.3088
vn -0.9870 0.0383 -0.1563
vn -0.9993 0.0383 0.0000
vn -0.9870 0.0383 0.1563
vn -0.9504 0.0383 0.3088
vn -0.8903 0.0382 0.4537
vn -0.3286 -0.9445 0.0000
vn -0.3243 -0.9445 0.0514
vn -0.5904 -0.8017 0.0936
vn -0.5973 -0.8020 0.0000
vn -0.5059 0.6987 -0.5058
vn -0.4200 0.6996 -0.5781
vn -0.4202 0.6993 -0.5783
vn -0.5057 0.6989 -0.5057
vn 0.7063 0.6990 0.1118
vn 0.6802 0.6990 0.2210
vn 0.6802 0.6990 0.2209
vn 0.7063 0.6990 0.1119
vn -0.1515 -0.2459 0.9574
vn -0.0363 -0.2338 0.9716
vn -0.2657 -0.2338 0.9353
vn 0.4204 0.6989 0.5786
vn 0.3246 0.6990 0.6372
vn 0.3246 0.6993 0.6369
vn 0.4201 0.6993 0.5783
vn -0.1268 -0.9120 -0.3901
vn -0.0523 -0.9447 -0.3238
vn -0.1484 -0.9444 -0.2933
vn -0.2712 -0.8019 -0.5323
vn -0.4425 -0.2229 -0.8686
vn 0.2208 0.6995 -0.6796
vn 0.2207 0.6995 -0.6797
vn 0.1118 0.6993 -0.7060
vn -0.4417 0.7808 -0.4418
vn -0.4418 0.7808 -0.4418
vn 0.9509 -0.0200 -0.3090
vn 0.6370 0.6992 -0.3246
vn 0.6372 0.6990 -0.3247
vn -0.6970 0.1681 -0.6970
vn 0.8783 0.1681 -0.4475
vn 0.5680 -0.8021 -0.1845
vn 0.5896 -0.8023 -0.0934
vn 0.9456 -0.1071 -0.3072
vn 0.8859 -0.1071 -0.4514
vn 0.8043 -0.1072 0.5844
vn 0.7047 -0.0817 0.7047
vn 0.8044 -0.1071 -0.5844
vn -0.9844 -0.0817 -0.1559
vn -0.9820 -0.1072 -0.1556
vn -0.9456 -0.1072 -0.3072
vn -0.9479 -0.0817 -0.3078
vn -0.2913 -0.9112 -0.2912
vn -0.2649 -0.9446 -0.1937
vn -0.4832 -0.8020 -0.3511
vn -0.0000 -0.9444 0.3288
vn 0.0514 -0.9444 0.3246
vn 0.0935 -0.8020 0.5900
vn 0.0021 -0.8020 0.5974
vn -0.2913 -0.9112 0.2913
vn -0.3510 -0.8021 0.4832
vn -0.6372 0.6990 0.3246
vn -0.6798 0.6993 0.2209
vn -0.6802 0.6990 0.2210
vn -0.6370 0.6992 0.3246
vn -0.6371 0.6991 -0.3247
vn -0.5786 0.6989 -0.4204
vn -0.5786 0.6988 -0.4205
vn -0.6370 0.6992 -0.3246
vn -0.3248 0.6990 -0.6372
vn -0.3247 0.6989 -0.6372
vn 0.2712 -0.8019 -0.5323
vn 0.3511 -0.8019 -0.4833
vn 0.5797 -0.1658 0.7978
vn 0.5857 -0.0817 0.8064
vn 0.0001 1.0000 -0.0000
vn -0.0934 -0.8023 -0.5896
vn 0.0001 -0.8020 -0.5973
vn -0.4830 -0.8023 0.3508
vn -0.5317 -0.8024 0.2710
vn -0.5686 -0.8016 0.1847
vn -0.3130 -0.9443 0.1016
vn 0.5681 -0.8020 0.1846
vn 0.5317 -0.8025 0.2709
vn 0.7069 -0.0236 -0.7069
vn -0.1865 -0.8021 0.5673
vn -0.2712 -0.8019 0.5324
vn 0.4222 -0.8022 -0.4222
vn 0.4833 -0.8020 -0.3511
vn 0.6371 0.6991 0.3246
vn 0.6373 0.6989 0.3247
vn 0.4833 -0.8020 0.3511
vn 0.4223 -0.8021 0.4222
vn -0.9303 0.2075 0.3024
vn 0.9303 0.2076 -0.3023
vn 0.5729 -0.2230 0.7887
vn 0.2412 -0.9120 0.3319
vn -0.5900 -0.8020 -0.0935
vn -0.3240 -0.9447 -0.0513
vn 0.3012 -0.2230 -0.9271
vn 0.0934 -0.8021 -0.5898
vn 0.1846 -0.8021 -0.5680
vn -0.5942 0.7808 0.1931
vn -0.2128 0.7252 -0.6548
vn -0.3125 0.7252 -0.6135
vn -0.3124 0.7256 -0.6131
vn -0.2125 0.7260 -0.6541
vn 0.3126 0.7252 -0.6134
vn 0.2126 0.7257 -0.6544
vn 0.2126 0.7254 -0.6547
vn 0.3123 0.7257 -0.6130
vn -0.9831 0.0966 0.1557
vn -0.9466 0.0965 0.3076
vn 0.3074 0.0966 0.9467
vn 0.4518 0.0966 0.8869
vn 0.4518 0.0965 -0.8869
vn 0.1558 0.0965 0.9831
vn 0.5851 0.0966 0.8052
vn 0.7038 0.0965 0.7038
vn -0.9874 -0.0236 -0.1565
vn -0.9509 -0.0200 -0.3090
vn -0.4538 -0.0236 0.8908
vn -0.5876 -0.0201 0.8089
vn -0.6894 -0.2230 0.6892
vn -0.5729 -0.2230 0.7887
vn -0.0000 0.7255 -0.6882
vn -0.1073 0.7263 -0.6789
vn -0.1076 0.7258 -0.6794
vn -0.5565 0.7259 -0.4043
vn -0.6135 0.7253 -0.3125
vn -0.6134 0.7253 -0.3125
vn -0.5563 0.7260 -0.4042
vn -0.3124 0.7257 0.6130
vn -0.2126 0.7256 0.6545
vn -0.2125 0.7258 0.6542
vn -0.3124 0.7256 0.6131
vn -0.7063 0.6990 0.1120
vn -0.7063 0.6990 0.1119
vn -0.0001 0.7259 0.6878
vn 0.1076 0.7256 0.6796
vn 0.1076 0.7256 0.6797
vn 0.3076 0.0966 -0.9466
vn 0.5973 -0.8021 -0.0000
vn 0.3283 -0.9446 0.0010
vn 0.4070 -0.9112 0.0645
vn 0.8052 0.0966 0.5851
vn 0.5323 -0.8019 -0.2712
vn 0.2928 -0.9445 -0.1492
vn -0.7070 -0.0188 0.7070
vn -0.9875 -0.0188 -0.1565
vn -0.9271 -0.2231 0.3012
vn 0.9271 -0.2231 -0.3012
vn -0.5786 0.6989 0.4204
vn 0.6133 0.7253 -0.3126
vn 0.5565 0.7259 -0.4043
vn 0.5564 0.7260 -0.4042
vn 0.6134 0.7253 -0.3126
vn 0.4866 0.7256 -0.4866
vn 0.4044 0.7258 -0.5566
vn 0.4044 0.7257 -0.5566
vn 0.4868 0.7253 -0.4868
vn -0.4868 0.7253 0.4868
vn -0.4045 0.7255 0.5568
vn -0.4044 0.7257 0.5566
vn -0.4869 0.7251 0.4869
vn 0.3124 0.7257 0.6131
vn 0.4044 0.7257 0.5566
vn 0.4045 0.7256 0.5567
vn 0.3124 0.7256 0.6131
vn 0.6797 0.7255 -0.1076
vn 0.6544 0.7256 -0.2126
vn 0.6545 0.7256 -0.2126
vn 0.6805 0.7248 -0.1078
vn -0.4044 0.7256 -0.5567
vn -0.4869 0.7251 -0.4869
vn -0.4870 0.7251 -0.4870
vn -0.4044 0.7257 -0.5566
vn 0.6798 0.7255 0.1076
vn 0.6878 0.7259 0.0001
vn 0.4870 0.7251 0.4870
vn 0.5566 0.7257 0.4044
vn 0.4864 0.7258 0.4864
vn 0.6135 0.7253 0.3125
vn 0.6541 0.7260 0.2125
vn 0.6540 0.7260 0.2127
vn 0.6132 0.7255 0.3124
vn -0.6797 0.7256 0.1076
vn -0.6541 0.7260 0.2123
vn -0.6544 0.7256 0.2126
vn -0.6804 0.7249 0.1078
vn -0.6796 0.7257 -0.1076
vn -0.6878 0.7259 -0.0001
vn -0.6797 0.7256 -0.1076
vn -0.6134 0.7253 0.3126
vn -0.5565 0.7258 0.4043
vn -0.5562 0.7262 0.4040
vn -0.6134 0.7252 0.3126
vn 0.2710 -0.8022 0.5320
vn 0.1846 -0.8020 0.5681
vn 0.1277 0.1610 -0.9787
vn 0.7070 -0.0188 -0.7070
vn -0.4539 -0.0187 -0.8908
vn -0.4539 -0.0188 0.8909
vn 0.9875 -0.0188 -0.1563
vn 0.7070 -0.0188 0.7070
vn -0.8909 -0.0188 -0.4539
vn 0.1076 0.7257 -0.6796
vn 0.1077 0.7258 -0.6794
vn -0.1076 0.7255 0.6798
vn -0.1076 0.7255 0.6797
vn -0.6544 0.7256 -0.2126
vn -0.6543 0.7257 -0.2126
vn 0.2129 0.7249 0.6552
vn 0.2126 0.7257 0.6544
vn -0.3507 -0.8024 -0.4829
vn -0.9628 -0.2232 -0.1522
vn -0.9271 -0.2231 -0.3012
vn 0.1524 -0.2230 -0.9628
vn 0.0000 -0.2231 -0.9748
vn 0.1524 -0.2232 0.9628
vn 0.3013 -0.2231 0.9271
vn 0.6893 -0.2231 -0.6893
vn 0.5730 -0.2230 -0.7886
vn 0.7886 -0.2231 -0.5730
vn -0.7886 -0.2231 -0.5730
vn 0.7887 -0.2231 0.5729
vn 0.6894 -0.2230 0.6892
vn -0.8686 -0.2231 0.4425
vn -0.7887 -0.2231 0.5729
vn -0.1524 -0.2230 -0.9628
vn -0.3013 -0.2230 -0.9271
vn -0.4425 -0.2231 0.8686
vn 0.8686 -0.2231 -0.4424
vn -0.8684 -0.2231 -0.4427
vn 0.8686 -0.2231 0.4425
vn 0.9271 -0.2232 0.3012
vn 0.4540 -0.0188 -0.8908
vn 0.4539 -0.0188 0.8909
vn -0.7071 -0.0188 -0.7069
vn 0.8909 -0.0188 0.4539
vn 0.9875 -0.0188 0.1563
vn -0.1563 -0.0189 -0.9875
vn 0.1563 -0.0189 -0.9875
vn 0.1564 -0.0188 0.9875
usemtl solid_001_wire.029
s 1
f 1/1/1 2/2/2 3/3/3
f 3/3/3 4/4/4 1/1/1
f 5/5/5 6/6/6 7/7/7
f 6/8/6 8/9/8 9/10/9
f 10/11/10 11/12/11 12/13/12
f 12/13/12 13/14/13 10/11/10
f 14/15/14 15/16/15 16/17/16
f 17/18/17 18/19/18 19/20/19
f 19/20/19 20/21/20 17/18/17
f 21/22/21 22/23/22 23/24/23
f 23/24/23 24/25/24 21/22/21
f 25/26/25 26/27/26 27/28/27
f 28/29/28 29/30/29 30/31/30
f 30/31/30 31/32/31 28/29/28
f 32/33/32 33/34/33 34/35/34
f 34/35/34 35/36/35 32/33/32
f 36/37/36 33/38/37 37/39/38
f 37/39/38 38/40/39 36/37/36
f 39/41/40 40/42/41 41/43/42
f 42/44/43 43/45/44 44/46/45
f 44/46/45 45/47/46 42/44/43
f 46/48/47 44/46/45 47/49/48
f 47/49/48 48/50/49 46/48/47
f 49/51/50 50/52/51 51/53/52
f 51/53/52 52/54/53 49/51/50
f 53/55/54 54/56/55 55/57/56
f 55/57/56 56/58/57 53/55/54
f 30/31/30 57/59/58 58/60/59
f 14/15/14 59/61/60 60/62/61
f 60/62/62 59/61/63 61/63/64
f 61/63/64 62/64/65 60/62/62
f 63/65/66 64/66/67 65/67/68
f 65/67/68 66/68/69 63/65/66
f 67/69/70 68/70/71 69/71/72
f 69/71/72 70/72/73 67/69/70
f 71/73/74 72/74/75 73/75/76
f 74/76/77 75/77/78 76/78/79
f 77/79/80 78/80/81 79/81/82
f 80/82/83 81/83/84 82/84/85
f 82/84/85 83/85/86 80/82/83
f 84/86/87 85/87/88 86/88/89
f 86/88/89 87/89/90 84/86/87
f 88/90/91 89/91/92 90/92/93
f 90/92/93 91/93/94 88/90/91
f 92/94/95 93/95/96 94/96/97
f 94/96/97 95/97/98 92/94/95
f 96/98/99 97/99/100 98/100/101
f 98/100/101 99/101/102 96/98/99
f 100/102/103 101/103/104 102/104/105
f 102/104/105 103/105/106 100/102/103
f 62/106/65 61/107/64 104/108/107
f 104/108/107 105/109/108 62/106/65
f 75/77/78 74/76/77 106/110/109
f 106/110/109 107/111/110 75/77/78
f 108/112/111 71/73/112 109/113/113
f 12/13/12 110/114/114 111/115/115
f 111/115/115 112/116/116 12/13/12
f 12/117/12 112/118/116 113/119/117
f 114/120/118 115/121/119 116/122/120
f 116/122/120 117/123/121 114/120/118
f 31/124/122 118/125/123 119/126/124
f 119/126/124 28/127/125 31/124/122
f 120/128/126 121/129/127 122/130/128
f 122/130/128 123/131/129 120/128/126
f 124/132/130 21/133/21 24/134/24
f 24/134/24 125/135/131 124/132/130
f 126/136/132 127/137/133 128/138/134
f 128/138/134 129/139/135 126/136/132
f 130/140/136 131/141/137 132/142/138
f 132/142/138 133/143/139 130/140/136
f 126/144/132 134/145/140 135/146/141
f 135/146/141 136/147/142 126/144/132
f 137/148/143 44/46/45 138/149/144
f 139/150/145 140/151/146 141/152/147
f 142/153/148 143/154/149 144/155/150
f 144/155/150 145/156/151 142/153/148
f 146/157/152 147/158/153 148/159/154
f 148/159/154 149/160/155 146/157/152
f 150/161/156 151/162/157 152/163/158
f 153/164/159 154/165/160 155/166/161
f 155/166/161 150/161/156 153/164/159
f 5/5/5 156/167/162 157/168/163
f 157/168/163 158/169/164 5/5/5
f 159/170/165 160/171/166 161/172/167
f 161/172/167 162/173/168 159/170/165
f 163/174/169 164/175/170 165/176/171
f 166/177/172 167/178/173 168/179/174
f 168/179/174 169/180/175 166/177/172
f 170/181/176 171/182/177 172/183/178
f 172/183/178 173/184/179 170/181/176
f 174/185/180 24/25/24 23/24/23
f 23/24/23 175/186/181 174/185/180
f 176/187/182 177/188/183 178/189/184
f 178/189/184 179/190/185 176/187/182
f 180/191/186 181/192/187 182/193/188
f 182/193/188 183/194/189 180/191/186
f 184/195/190 185/196/191 186/197/192
f 186/197/192 187/198/193 184/195/190
f 188/199/194 189/200/195 190/201/196
f 190/201/196 191/202/197 188/199/194
f 192/203/198 193/204/199 194/205/200
f 194/205/200 195/206/201 192/203/198
f 42/207/43 196/208/202 43/209/44
f 197/210/203 174/185/204 198/211/205
f 198/211/205 199/212/206 197/210/203
f 200/213/207 201/214/208 202/215/209
f 202/215/209 203/216/210 200/213/207
f 204/217/211 198/211/205 205/218/212
f 205/218/212 206/219/213 204/217/211
f 204/217/214 207/220/215 208/221/216
f 105/109/108 209/222/217 210/223/218
f 210/223/218 62/106/65 105/109/108
f 211/224/219 212/225/220 213/226/221
f 213/226/221 214/227/222 211/224/219
f 215/228/223 216/229/224 217/230/225
f 217/230/225 218/231/226 215/228/223
f 219/232/227 220/233/228 221/234/229
f 221/234/229 222/235/230 219/232/227
f 180/191/186 183/194/189 223/236/231
f 223/236/231 224/237/232 180/191/186
f 1/1/1 4/4/4 156/167/162
f 225/238/233 33/239/234 36/240/235
f 36/240/235 226/241/236 225/238/233
f 227/242/237 228/243/238 229/244/239
f 229/244/239 230/245/240 227/242/237
f 231/246/241 232/247/242 233/248/243
f 233/248/243 234/249/244 231/246/241
f 235/250/245 236/251/246 237/252/247
f 237/252/247 238/253/248 235/250/245
f 239/254/249 240/255/250 241/256/251
f 241/256/251 242/257/252 239/254/249
f 243/258/253 244/259/254 245/260/255
f 245/260/255 246/261/256 243/258/253
f 247/262/257 248/263/258 249/264/259
f 249/264/259 250/265/260 247/262/257
f 251/266/261 252/267/262 253/268/263
f 253/268/263 254/269/264 251/266/261
f 255/270/265 256/271/266 30/31/30
f 30/31/30 29/30/29 255/270/265
f 257/272/267 258/273/268 259/274/269
f 260/275/270 261/276/271 262/277/272
f 262/277/272 263/278/273 260/275/270
f 264/279/274 265/280/275 266/281/276
f 267/282/277 268/283/278 269/284/279
f 269/284/279 270/285/280 267/282/277
f 271/286/281 272/287/282 273/288/283
f 3/289/3 274/290/284 134/145/140
f 134/145/140 275/291/285 3/289/3
f 276/292/286 277/293/287 278/294/288
f 25/26/289 279/295/290 119/126/124
f 280/296/291 281/297/292 282/298/293
f 282/298/293 283/299/294 280/296/291
f 284/300/295 285/301/296 286/302/297
f 286/302/297 287/303/298 284/300/295
f 288/304/299 289/305/300 290/306/301
f 290/306/301 291/307/302 288/304/299
f 292/308/303 293/309/304 294/310/305
f 294/310/305 295/311/306 292/308/303
f 296/312/307 297/313/308 298/314/309
f 298/314/309 299/315/310 296/312/307
f 300/316/311 301/317/312 302/318/313
f 302/318/313 303/319/314 300/316/311
f 304/320/315 34/35/34 33/34/33
f 305/321/316 306/322/317 307/323/318
f 307/323/318 308/324/319 305/321/316
f 309/325/320 116/122/120 310/326/321
f 310/326/321 311/327/322 309/325/320
f 312/328/323 313/329/324 314/330/325
f 314/330/325 315/331/326 312/328/323
f 316/332/327 317/333/328 318/334/329
f 318/334/329 319/335/330 316/332/327
f 320/336/331 321/337/332 322/338/333
f 322/338/333 323/339/334 320/336/331
f 324/340/335 325/341/336 326/342/337
f 326/342/337 327/343/338 324/340/335
f 328/344/339 329/345/340 330/346/341
f 330/346/341 141/152/147 328/344/339
f 282/298/293 14/15/14 283/299/294
f 331/347/342 332/348/343 333/349/344
f 71/73/112 283/299/345 334/350/346
f 334/350/346 109/113/113 71/73/112
f 335/351/347 336/352/348 337/353/349
f 337/353/349 338/354/350 335/351/347
f 339/355/351 340/356/352 341/357/353
f 341/357/353 342/358/354 339/355/351
f 343/359/355 344/360/356 345/361/357
f 345/361/357 346/362/358 343/359/355
f 347/363/359 348/364/360 349/365/361
f 349/365/361 350/366/362 347/363/359
f 351/367/363 352/368/364 353/369/365
f 353/369/365 354/370/366 351/367/363
f 355/371/367 356/372/368 357/373/369
f 357/373/369 358/374/370 355/371/367
f 112/375/116 359/376/371 360/377/372
f 360/377/372 113/378/117 112/375/116
f 361/379/373 362/380/374 363/381/375
f 363/381/375 364/382/376 361/379/373
f 365/383/377 366/384/378 367/385/379
f 367/385/379 368/386/380 365/383/377
f 369/387/381 370/388/382 371/389/383
f 371/389/383 372/390/384 369/387/381
f 130/140/136 373/391/385 374/392/386
f 374/392/386 131/141/137 130/140/136
f 375/393/387 376/394/388 377/395/389
f 377/395/389 378/396/390 375/393/387
f 379/397/391 380/398/392 381/399/393
f 381/399/393 382/400/394 379/397/391
f 301/317/312 300/316/311 383/401/395
f 384/402/396 385/403/397 386/404/398
f 386/404/398 387/405/399 384/402/396
f 388/406/400 389/407/401 390/408/402
f 391/409/403 392/410/404 393/411/405
f 393/411/405 394/412/406 391/409/403
f 395/413/407 396/414/408 397/415/409
f 397/415/409 398/416/410 395/413/407
f 399/417/411 400/418/412 401/419/413
f 401/419/413 402/420/414 399/417/411
f 403/421/415 404/422/416 67/69/417
f 67/69/417 70/72/418 403/421/415
f 405/423/419 406/424/420 407/425/421
f 407/425/421 408/426/422 405/423/419
f 409/427/423 410/428/424 411/429/425
f 411/429/425 412/430/426 409/427/423
f 413/431/427 414/432/428 77/79/80
f 77/79/80 415/433/429 413/431/427
f 416/434/430 417/435/431 64/66/67
f 64/66/67 63/65/66 416/434/430
f 418/436/432 419/437/433 420/438/434
f 420/438/434 421/439/435 418/436/432
f 422/440/436 423/441/437 424/442/438
f 424/442/438 269/443/279 422/440/436
f 425/444/439 426/445/440 427/446/441
f 427/446/441 428/447/442 425/444/439
f 429/448/443 430/449/444 431/450/445
f 431/450/445 432/451/446 429/448/443
f 433/452/447 434/453/448 435/454/449
f 435/454/449 436/455/450 433/452/447
f 437/456/451 438/457/452 439/458/453
f 439/458/453 440/459/454 437/456/451
f 441/460/455 442/461/456 443/462/457
f 443/462/457 444/463/458 441/460/455
f 445/464/459 446/465/460 447/466/461
f 447/466/461 448/467/462 445/464/459
f 449/468/463 450/469/464 451/470/465
f 451/470/465 452/471/466 449/468/463
f 453/472/467 454/473/468 455/474/469
f 455/474/469 456/475/470 453/472/467
f 457/476/471 458/477/472 459/478/473
f 459/478/473 460/479/474 457/476/471
f 461/480/475 88/90/91 462/481/476
f 332/348/343 331/347/342 463/482/477
f 464/483/478 465/484/479 466/485/480
f 466/485/480 467/486/481 464/483/478
f 468/487/482 469/488/483 470/489/484
f 470/489/484 471/490/485 468/487/482
f 472/491/486 473/492/487 474/493/488
f 474/493/488 475/494/489 472/491/486
f 476/495/490 477/496/491 478/497/492
f 478/497/492 479/498/493 476/495/490
f 480/499/494 481/500/495 482/501/496
f 482/501/496 483/502/497 480/499/494
f 53/55/54 56/58/57 484/503/498
f 484/503/498 485/504/499 53/55/54
f 189/200/195 188/199/194 486/505/500
f 486/505/500 487/506/501 189/200/195
f 488/507/502 489/508/503 490/509/504
f 490/509/504 491/510/505 488/507/502
f 492/511/506 108/112/111 109/113/113
f 109/113/113 493/512/507 492/511/506
f 26/27/26 25/26/25 494/513/508
f 95/514/98 9/515/509 8/516/510
f 8/516/510 495/517/511 95/514/98
f 171/182/177 170/181/176 496/518/512
f 496/518/512 497/519/513 171/182/177
f 498/520/514 499/521/515 500/522/516
f 500/522/516 501/523/517 498/520/514
f 502/524/518 503/525/519 504/526/520
f 504/526/520 505/527/521 502/524/518
f 506/528/522 507/529/523 508/530/524
f 508/530/524 509/531/525 506/528/522
f 510/532/526 511/533/527 512/534/528
f 512/534/528 457/535/471 510/532/526
f 513/536/529 514/537/530 515/538/531
f 515/538/531 516/539/532 513/536/529
f 517/540/533 518/541/534 519/542/535
f 519/542/535 520/543/536 517/540/533
f 521/544/537 522/545/538 523/546/539
f 523/546/539 524/547/540 521/544/537
f 525/548/541 526/549/542 527/550/543
f 527/550/543 528/551/544 525/548/541
f 506/552/522 509/553/525 529/554/545
f 529/554/545 530/555/546 506/552/522
f 531/556/547 532/557/548 533/558/549
f 533/558/549 534/559/550 531/556/547
f 535/560/551 536/561/552 537/562/553
f 537/562/553 538/563/554 535/560/551
f 538/563/554 539/564/555 540/565/556
f 540/565/556 541/566/557 538/563/554
f 42/207/43 129/139/135 128/138/134
f 128/138/134 196/208/202 42/207/43
f 542/567/558 543/568/559 544/569/560
f 544/569/560 545/570/561 542/567/558
f 546/571/562 547/572/563 548/573/564
f 548/573/564 549/574/565 546/571/562
f 100/102/103 103/105/106 550/575/566
f 550/575/566 551/576/567 100/102/103
f 448/577/462 447/578/461 552/579/568
f 552/579/568 553/580/569 448/577/462
f 554/581/570 555/582/571 556/583/572
f 556/583/572 557/584/573 554/581/570
f 558/585/574 559/586/575 560/587/576
f 561/588/577 562/589/578 563/590/579
f 563/590/579 564/591/580 561/588/577
f 565/592/581 566/593/582 567/594/583
f 567/594/583 568/595/584 565/592/581
f 569/596/585 570/597/586 571/598/587
f 571/598/587 572/599/588 569/596/585
f 573/600/589 574/601/590 575/602/591
f 575/602/591 576/603/592 573/600/589
f 577/604/593 286/302/594 578/605/595
f 578/605/595 579/606/596 577/604/593
f 580/607/597 581/608/598 582/609/599
f 582/609/599 583/610/600 580/607/597
f 584/611/601 585/612/602 586/613/603
f 586/613/603 587/614/604 584/611/601
f 17/18/605 20/21/606 588/615/607
f 588/615/607 589/616/608 17/18/605
f 590/617/609 591/618/610 592/619/611
f 592/619/611 593/620/612 590/617/609
f 73/621/613 594/622/614 595/623/615
f 595/623/615 71/624/616 73/621/613
f 596/625/617 597/626/618 598/627/619
f 598/627/619 599/628/620 596/625/617
f 252/267/262 251/266/261 600/629/621
f 601/630/622 47/631/623 602/632/624
f 602/632/624 603/633/625 601/630/622
f 604/634/626 605/635/627 606/636/628
f 606/636/628 607/637/629 604/634/626
f 608/638/630 609/639/631 82/84/85
f 82/84/85 610/640/632 608/638/630
f 611/641/633 612/642/634 613/643/635
f 613/643/635 614/644/636 611/641/633
f 615/645/637 616/646/638 617/647/639
f 617/647/639 618/648/640 615/645/637
f 619/649/641 620/650/642 621/651/643
f 621/651/643 622/652/644 619/649/641
f 623/653/645 624/654/646 625/655/647
f 625/655/647 626/656/648 623/653/645
f 627/657/649 628/658/650 629/659/651
f 629/659/651 630/660/652 627/657/649
f 631/661/653 632/662/654 633/663/655
f 633/663/655 634/664/656 631/661/653
f 635/665/657 636/666/658 637/667/659
f 637/667/659 638/668/660 635/665/657
f 639/669/661 640/670/662 641/671/663
f 641/671/663 642/672/664 639/669/661
f 643/673/665 337/353/349 644/674/666
f 644/674/666 645/675/667 643/673/665
f 646/676/668 647/677/669 648/678/670
f 648/678/670 649/679/671 646/676/668
f 650/680/672 651/681/673 652/682/674
f 653/683/675 654/684/676 655/685/677
f 655/685/677 656/686/678 653/683/675
f 657/687/679 658/688/680 659/689/681
f 659/689/681 660/690/682 657/687/679
f 661/691/683 662/692/684 663/693/685
f 663/693/685 664/694/686 661/691/683
f 665/695/687 666/696/688 667/697/689
f 667/697/689 668/698/690 665/695/687
f 669/699/691 670/700/692 671/701/693
f 671/701/693 672/702/694 669/699/691
f 673/703/695 674/704/696 675/705/697
f 675/705/697 676/706/698 673/703/695
f 677/707/699 678/708/700 679/709/701
f 679/709/701 176/187/182 677/707/699
f 680/710/702 681/711/703 682/712/704
f 682/712/704 304/320/315 680/710/702
f 683/713/705 684/714/706 685/715/707
f 686/716/708 687/717/709 688/718/710
f 688/718/710 689/719/711 686/716/708
f 258/273/268 28/29/28 690/720/712
f 690/720/712 691/721/713 258/273/268
f 692/722/714 693/723/715 694/724/716
f 695/725/717 696/726/718 697/727/719
f 697/727/719 698/728/720 695/725/717
f 699/729/721 700/730/722 701/731/723
f 701/731/723 702/732/724 699/729/721
f 703/733/725 704/734/726 705/735/727
f 705/735/727 706/736/728 703/733/725
f 707/737/729 708/738/730 709/739/731
f 709/739/731 710/740/732 707/737/729
f 98/100/101 97/99/100 711/741/733
f 711/741/733 712/742/734 98/100/101
f 713/743/735 714/744/736 715/745/737
f 571/598/587 570/597/586 716/746/738
f 716/746/738 717/747/739 571/598/587
f 308/324/319 718/748/740 719/749/741
f 719/749/741 305/321/316 308/324/319
f 720/750/742 721/751/743 722/752/744
f 722/752/744 723/753/745 720/750/742
f 724/754/746 725/755/747 726/756/748
f 726/756/748 727/757/749 724/754/746
f 728/758/750 729/759/751 730/760/752
f 369/387/381 731/761/753 732/762/754
f 732/762/754 370/388/382 369/387/381
f 733/763/755 734/764/756 735/765/757
f 735/765/757 736/766/758 733/763/755
f 737/767/759 738/768/760 739/769/761
f 516/770/532 515/771/531 740/772/762
f 740/772/762 741/773/763 516/770/532
f 742/774/764 743/775/765 744/776/766
f 745/777/767 746/778/768 747/779/769
f 573/780/589 576/781/592 748/782/770
f 748/782/770 749/783/771 573/780/589
f 132/784/772 16/17/16 15/16/15
f 750/785/773 751/786/774 752/787/775
f 753/788/776 754/789/777 755/790/778
f 312/328/323 315/331/326 756/791/779
f 756/791/779 757/792/780 312/328/323
f 758/793/781 759/794/782 760/795/783
f 760/795/783 761/796/784 758/793/781
f 214/227/222 762/797/785 763/798/786
f 763/798/786 764/799/787 214/227/222
f 765/800/788 766/801/789 767/802/790
f 767/802/790 768/803/791 765/800/788
f 769/804/792 770/805/793 771/806/794
f 84/86/87 87/89/90 772/807/795
f 772/807/795 773/808/796 84/86/87
f 774/809/797 775/810/798 728/811/750
f 728/811/750 730/812/752 774/809/797
f 776/813/799 777/814/800 329/345/340
f 329/345/340 778/815/801 776/813/799
f 779/816/802 780/817/803 216/818/224
f 216/818/224 781/819/804 779/816/802
f 782/820/805 280/821/806 783/822/807
f 783/822/807 169/823/808 782/820/805
f 784/824/809 785/825/810 786/826/811
f 786/826/811 787/827/812 784/824/809
f 788/828/813 789/829/814 790/830/815
f 790/830/815 791/831/816 788/828/813
f 418/832/432 421/833/435 792/834/817
f 792/834/817 793/835/818 418/832/432
f 794/836/819 795/837/820 796/838/821
f 796/838/821 797/839/822 794/836/819
f 405/840/419 408/841/422 798/842/823
f 798/842/823 799/843/824 405/840/419
f 800/844/825 801/845/826 802/846/827
f 802/846/827 803/847/828 800/844/825
f 804/848/829 805/849/830 806/850/831
f 806/850/831 807/851/832 804/848/829
f 426/852/440 808/853/833 427/854/441
f 809/855/834 810/856/835 679/857/836
f 679/857/836 811/858/837 809/855/834
f 612/642/634 812/859/838 613/643/635
f 813/860/839 814/861/840 815/862/841
f 815/862/841 816/863/842 813/860/839
f 817/864/843 818/865/844 819/866/845
f 819/866/845 820/867/846 817/864/843
f 6/6/6 5/5/5 821/868/847
f 822/869/848 823/870/849 824/871/850
f 824/871/850 825/872/851 822/869/848
f 826/873/852 827/874/853 828/875/854
f 828/875/854 829/876/855 826/873/852
f 830/877/856 831/878/857 832/879/858
f 833/880/859 834/881/860 835/882/861
f 836/883/862 648/678/670 647/677/669
f 647/677/669 837/884/863 836/883/862
f 838/885/864 837/884/863 839/886/865
f 839/886/865 840/887/866 838/885/864
f 841/888/867 842/889/868 306/890/317
f 306/890/317 843/891/869 841/888/867
f 844/892/870 558/585/574 560/587/576
f 560/587/576 845/893/871 844/892/870
f 846/894/872 847/895/873 13/896/13
f 13/896/13 113/897/117 846/894/872
f 848/898/874 654/684/676 653/683/675
f 653/683/675 849/899/875 848/898/874
f 850/900/876 851/901/877 852/902/878
f 852/902/878 849/899/875 850/900/876
f 619/903/641 622/904/644 853/905/879
f 853/905/879 854/906/880 619/903/641
f 855/907/881 856/908/882 857/909/883
f 857/909/883 854/910/880 855/907/881
f 627/657/649 630/660/652 858/911/884
f 858/911/884 859/912/885 627/657/649
f 860/913/886 861/914/887 862/915/888
f 862/915/888 859/912/885 860/913/886
f 409/916/423 412/917/426 863/918/889
f 863/918/889 864/919/890 409/916/423
f 865/920/891 866/921/892 867/922/893
f 867/922/893 864/919/890 865/920/891
f 523/546/539 522/545/538 868/923/894
f 868/923/894 869/924/895 523/546/539
f 870/925/896 869/924/895 871/926/897
f 871/926/897 872/927/898 870/925/896
f 873/928/899 562/589/578 561/588/577
f 561/588/577 874/929/900 873/928/899
f 875/930/901 874/929/900 876/931/902
f 876/931/902 877/932/903 875/930/901
f 878/933/904 254/269/264 253/268/263
f 253/268/263 879/934/905 878/933/904
f 580/607/597 583/610/600 880/935/906
f 880/935/906 881/936/907 580/607/597
f 882/937/908 883/938/909 884/939/910
f 884/939/910 881/936/907 882/937/908
f 885/940/911 439/458/453 438/457/452
f 438/457/452 435/454/449 885/940/911
f 886/941/912 887/942/913 888/943/914
f 889/944/915 890/945/916 891/946/917
f 891/946/917 591/618/918 889/944/915
f 591/618/610 892/947/919 592/619/611
f 14/15/14 893/948/920 283/299/294
f 14/15/14 60/62/61 894/949/921
f 894/949/921 110/950/922 14/15/14
f 895/951/923 896/952/924 897/953/925
f 897/953/925 898/954/926 895/951/923
f 899/955/927 900/956/928 901/957/929
f 901/957/929 902/958/930 899/955/927
f 903/959/931 904/960/932 905/961/933
f 906/962/934 907/963/935 908/964/936
f 423/965/937 909/966/938 910/967/939
f 911/968/940 348/364/360 347/363/359
f 347/363/359 912/969/941 911/968/940
f 913/970/942 321/337/332 320/336/331
f 320/336/331 914/971/943 913/970/942
f 455/474/469 454/473/468 915/972/944
f 915/972/944 916/973/945 455/474/469
f 135/146/141 134/145/140 274/290/284
f 669/699/691 672/702/694 917/974/946
f 917/974/946 918/975/947 669/699/691
f 357/373/369 360/976/948 919/977/949
f 40/42/41 39/41/40 920/978/950
f 921/979/951 922/980/952 923/981/953
f 923/981/953 924/982/954 921/979/951
f 925/983/955 926/984/956 927/985/957
f 927/985/957 928/986/958 925/983/955
f 929/987/959 930/988/960 532/557/548
f 532/557/548 931/989/961 929/987/959
f 932/990/962 344/360/356 343/359/355
f 343/359/355 933/991/963 932/990/962
f 313/329/324 934/992/964 314/330/325
f 935/993/965 936/994/966 937/995/967
f 937/995/967 938/996/968 935/993/965
f 939/997/969 635/665/657 940/998/970
f 940/998/970 941/999/971 939/997/969
f 942/1000/972 943/1001/973 634/664/656
f 634/664/656 944/1002/974 942/1000/972
f 945/1003/975 946/1004/976 947/1005/977
f 947/1005/977 481/1006/978 945/1003/975
f 555/582/571 554/581/570 948/1007/979
f 948/1007/979 949/1008/980 555/582/571
f 950/1009/981 951/1010/982 952/1011/983
f 953/1012/984 734/764/756 733/763/755
f 733/763/755 954/1013/985 953/1012/984
f 955/1014/986 956/1015/987 957/1016/988
f 958/1017/989 959/1018/990 960/1019/991
f 961/1020/992 962/1021/993 173/184/179
f 173/184/179 468/1022/994 961/1020/992
f 226/241/236 963/1023/995 917/1024/996
f 917/1024/996 225/238/233 226/241/236
f 671/1025/997 964/1026/998 2/1027/999
f 806/850/831 805/849/830 965/1028/1000
f 965/1028/1000 966/1029/1001 806/850/831
f 389/407/401 388/406/400 967/1030/1002
f 968/1031/1003 969/1032/1004 970/1033/1005
f 779/816/802 971/1034/1006 780/817/803
f 581/608/598 972/1035/1007 582/609/599
f 973/1036/1008 974/1037/1009 975/1038/1010
f 975/1038/1010 976/1039/1011 973/1036/1008
f 499/521/515 498/520/514 976/1040/1011
f 976/1040/1011 975/1041/1010 499/521/515
f 977/1042/1012 978/1043/1013 979/1044/1014
f 979/1044/1014 980/1045/1015 977/1042/1012
f 21/1046/1016 981/1047/1017 982/1048/1018
f 982/1048/1018 22/1049/1019 21/1046/1016
f 20/21/20 19/20/19 91/1050/1020
f 91/1050/1020 983/1051/1021 20/21/20
f 984/1052/1022 138/149/144 44/46/45
f 44/46/45 985/1053/1023 984/1052/1022
f 986/1054/1024 8/9/8 6/8/6
f 299/315/310 987/1055/1025 988/1056/1026
f 988/1056/1026 989/1057/1027 299/315/310
f 990/1058/1028 440/459/1029 439/458/1030
f 439/458/1030 991/1059/1031 990/1058/1028
f 992/1060/1032 993/1061/1033 994/1062/1034
f 817/864/843 376/394/388 375/393/387
f 375/393/387 818/865/844 817/864/843
f 995/1063/1035 261/276/271 260/275/270
f 260/275/270 668/698/690 995/1063/1035
f 28/127/125 119/126/124 279/295/290
f 279/295/290 690/1064/1036 28/127/125
f 996/1065/1037 268/1066/1038 267/1067/1039
f 267/1067/1039 997/1068/1040 996/1065/1037
f 998/1069/1041 546/571/562 999/1070/1042
f 1000/1071/1043 493/1072/1044 1001/1073/1045
f 1002/1074/1046 76/78/79 75/77/78
f 1003/1075/1047 1004/1076/1048 1005/1077/1049
f 1006/1078/1050 757/792/780 1007/1079/1051
f 1007/1079/1051 1008/1080/1052 1006/1078/1050
f 8/9/8 986/1054/1024 155/166/161
f 8/9/8 155/166/161 154/165/160
f 1009/1081/1053 1010/1082/1054 1011/1083/1055
f 1011/1083/1055 132/1084/1056 1009/1081/1053
f 30/31/30 58/60/59 1012/1085/1057
f 1012/1085/1057 31/32/31 30/31/30
f 1013/1086/1058 1014/1087/1059 1015/1088/1060
f 993/1089/1033 1016/1090/1061 1017/1091/1062
f 1017/1091/1062 368/386/380 993/1089/1033
f 66/68/69 1018/1092/1063 1019/1093/1064
f 1019/1093/1064 1020/1094/1065 66/68/69
f 273/288/283 1021/1095/1066 1022/1096/1067
f 1022/1096/1067 271/286/281 273/288/283
f 514/537/530 513/536/529 1023/1097/1068
f 1024/1098/1069 685/715/707 684/714/706
f 178/1099/184 177/1100/183 1025/1101/1070
f 1026/1102/1071 318/334/329 317/333/328
f 317/333/328 1027/1103/1072 1026/1102/1071
f 1028/1104/1073 1029/1105/1074 1030/1106/1075
f 1031/1107/1076 1032/1108/1077 487/506/501
f 487/506/501 486/505/500 1031/1107/1076
f 1033/1109/1078 1034/1110/1079 1035/1111/1080
f 1036/1112/1081 1037/1113/1082 497/519/513
f 497/519/513 496/518/512 1036/1112/1081
f 1038/1114/1083 1039/1115/1084 1040/1116/1085
f 1041/1117/1086 624/654/1087 1042/1118/1088
f 1042/1118/1088 1043/1119/1089 1041/1117/1086
f 1044/1120/1090 18/1121/1091 36/1122/1092
f 36/1122/1092 38/1123/1093 1044/1120/1090
f 265/280/275 264/279/274 1045/1124/1094
f 1045/1124/1094 1046/1125/1095 265/280/275
f 325/341/336 324/340/335 1047/1126/1096
f 1048/1127/1097 494/513/508 25/26/25
f 25/26/25 119/126/1098 1048/1127/1097
f 127/1128/1099 1049/1129/1100 197/1130/1101
f 888/1131/914 887/1132/913 1050/1133/1102
f 1051/1134/1103 354/370/366 353/369/365
f 353/369/365 1052/1135/1104 1051/1134/1103
f 1053/1136/1105 428/447/442 1054/1137/1106
f 1054/1137/1106 1055/1138/1107 1053/1136/1105
f 1056/1139/1108 1057/1140/1109 1058/1141/1110
f 1058/1141/1110 1059/1142/1111 1056/1139/1108
f 951/1010/982 950/1009/981 1060/1143/1112
f 1061/1144/1113 1062/1145/1114 738/1146/760
f 738/1146/760 1063/1147/1115 1061/1144/1113
f 1064/1148/1116 1065/1149/1117 1066/1150/1118
f 393/1151/405 392/1152/404 1067/1153/1119
f 1067/1153/1119 1068/1154/1120 393/1151/405
f 743/775/765 742/774/764 1069/1155/1121
f 1069/1155/1121 1070/1156/1122 743/775/765
f 257/272/267 259/274/269 106/1157/109
f 106/1157/109 74/1158/77 257/272/267
f 1071/1159/1123 970/1033/1005 969/1032/1004
f 628/658/650 1072/1160/1124 629/659/651
f 563/590/579 1073/1161/1125 564/591/580
f 1074/1162/1126 1075/1163/1127 1076/1164/1128
f 1076/1164/1128 1077/1165/1129 1074/1162/1126
f 751/786/774 750/785/773 1078/1166/1130
f 1078/1166/1130 1079/1167/1131 751/786/774
f 1080/1168/1132 362/380/374 361/379/373
f 361/379/373 1081/1169/1133 1080/1168/1132
f 1082/1170/1134 244/259/254 243/258/253
f 243/258/253 759/794/782 1082/1170/1134
f 215/1171/223 1083/1172/1135 1084/1173/1136
f 1084/1173/1136 216/1174/224 215/1171/223
f 54/56/55 1085/1175/1137 149/160/155
f 149/160/155 1086/1176/1138 54/56/55
f 825/872/851 1087/1177/1139 1088/1178/1140
f 1088/1178/1140 822/869/848 825/872/851
f 1089/1179/1141 1090/1180/1142 740/1181/762
f 740/1181/762 515/1182/531 1089/1179/1141
f 267/1067/1039 1091/1183/1143 1092/1184/1144
f 1092/1184/1144 997/1068/1040 267/1067/1039
f 433/1185/1145 1093/1186/1146 1094/1187/1147
f 1094/1187/1147 1095/1188/1148 433/1185/1145
f 235/250/245 1096/1189/1149 1097/1190/1150
f 664/694/686 1098/1191/1151 1099/1192/1152
f 1099/1192/1152 661/691/683 664/694/686
f 1100/1193/1153 373/391/385 1101/1194/1154
f 1101/1194/1154 732/762/754 1100/1193/1153
f 1102/1195/1155 1103/1196/1156 1104/1197/1157
f 1104/1197/1157 1105/1198/1158 1102/1195/1155
f 1106/1199/1159 1107/1200/1160 1101/1194/1154
f 1101/1194/1154 373/391/385 1106/1199/1159
f 144/155/150 1108/1201/1161 1109/1202/1162
f 1109/1202/1162 1110/1203/1163 144/155/150
f 29/30/29 1111/1204/1164 1112/1205/1165
f 1112/1205/1165 255/270/265 29/30/29
f 78/1206/1166 258/273/268 1111/1204/1164
f 1111/1204/1164 29/30/29 78/1206/1166
f 681/1207/1167 680/1208/1168 678/708/700
f 678/708/700 677/707/699 681/1207/1167
f 1113/1209/1169 1114/1210/1170 1115/1211/1171
f 1116/1212/1172 1117/1213/1173 971/1034/1006
f 971/1034/1006 779/816/802 1116/1212/1172
f 1004/1076/1048 1003/1075/1047 1118/1214/1174
f 1118/1214/1174 1119/1215/1175 1004/1076/1048
f 1120/1216/1176 1121/1217/1177 1122/1218/1178
f 1123/1219/1179 1124/1220/1180 1125/1221/1181
f 1125/1221/1181 1126/1222/1182 1123/1219/1179
f 898/954/926 1127/1223/1183 1128/1224/1184
f 1128/1224/1184 895/951/923 898/954/926
f 1129/1225/1185 396/414/408 395/413/407
f 395/413/407 1130/1226/1186 1129/1225/1185
f 1131/1227/1187 1132/1228/1188 1133/1229/1189
f 1133/1229/1189 1134/1230/1190 1131/1227/1187
f 1135/1231/1191 1136/1232/1192 557/584/573
f 557/584/573 556/583/572 1135/1231/1191
f 593/620/612 1137/1233/1193 1138/1234/1194
f 1138/1234/1194 590/617/609 593/620/612
f 1139/1235/1195 1140/1236/1196 1141/1237/1197
f 316/332/327 319/335/330 1142/1238/1198
f 1142/1238/1198 1143/1239/1199 316/332/327
f 1144/1240/1200 444/463/458 443/462/457
f 443/462/457 1145/1241/1201 1144/1240/1200
f 17/18/1202 1146/1242/1202 18/19/1202
f 1147/1243/1203 1148/1244/1204 1149/1245/1205
f 118/125/1206 15/1246/15 281/1247/292
f 281/1247/292 119/126/1207 118/125/1206
f 281/1247/292 1150/1248/1208 119/126/1207
f 1151/1249/1209 1152/1250/1210 489/508/1211
f 489/508/1211 488/507/1212 1151/1249/1209
f 1153/1251/1213 813/860/839 816/863/842
f 533/558/549 530/1252/546 529/1253/545
f 529/1253/545 534/559/550 533/558/549
f 1034/1254/1079 1154/1255/1214 1155/1256/1215
f 650/1257/1216 652/1258/1217 649/679/671
f 649/679/671 1156/1259/1218 650/1257/1216
f 283/299/294 1157/1260/1219 1048/1261/1220
f 1048/1261/1220 280/296/291 283/299/294
f 1158/1262/1221 1104/1197/1157 1103/1196/1156
f 1103/1196/1156 1159/1263/1222 1158/1262/1221
f 478/497/492 477/496/491 1160/1264/1223
f 1160/1264/1223 1161/1265/1224 478/497/492
f 276/292/286 278/294/288 791/831/816
f 791/831/816 1162/1266/1225 276/292/286
f 791/831/816 790/830/815 1162/1266/1225
f 1163/1267/1226 1164/1268/1227 1165/1269/1228
f 1164/1270/1227 1166/1271/1229 1167/1272/1230
f 1168/1273/1231 745/777/767 1169/1274/1232
f 1170/1275/1233 700/730/722 699/729/721
f 699/729/721 706/736/728 1170/1275/1233
f 1171/1276/1234 1172/1277/1235 770/805/793
f 770/805/793 1173/1278/1236 1171/1276/1234
f 1123/1219/1179 403/421/1237 70/72/73
f 70/72/73 1124/1220/1180 1123/1219/1179
f 1174/1279/1238 1175/1280/1239 1176/1281/1240
f 1121/1217/1177 1120/1216/1176 1177/1282/1241
f 1177/1282/1241 1178/1283/1242 1121/1217/1177
f 378/396/390 1179/1284/1243 45/47/46
f 45/47/46 137/148/143 378/396/390
f 1180/1285/1244 1179/1286/1243 542/567/558
f 542/567/558 1181/1287/1245 1180/1285/1244
f 1175/1280/1239 1174/1279/1238 1182/1288/1246
f 1182/1288/1246 1183/1289/1247 1175/1280/1239
f 651/1290/673 650/1291/672 1184/1292/1248
f 1184/1292/1248 1185/1293/1249 651/1290/673
f 247/262/257 250/265/260 1186/1294/1250
f 1186/1294/1250 1187/1295/1251 247/262/257
f 1112/1205/1165 74/1158/77 10/1296/10
f 10/1296/10 255/270/265 1112/1205/1165
f 1188/1297/1252 10/11/10 74/76/77
f 74/76/77 76/78/79 1188/1297/1252
f 1189/1298/1253 719/749/741 718/748/740
f 718/748/740 310/326/321 1189/1298/1253
f 1190/1299/1254 753/788/776 1191/1300/1255
f 946/1004/976 1192/1301/1256 947/1005/977
f 1193/1302/1257 1194/1303/1258 450/469/464
f 450/469/464 1195/1304/1259 1193/1302/1257
f 110/114/114 12/13/12 1196/1305/1260
f 1196/1305/1260 1197/1306/1261 110/114/114
f 1002/1074/1046 1197/1306/1261 76/78/79
f 658/688/1262 1198/1307/1263 1199/1308/1264
f 1199/1308/1264 1200/1309/1265 658/688/1262
f 809/855/834 1201/1310/1266 680/1311/1267
f 680/1311/1267 810/856/835 809/855/834
f 152/163/158 177/188/183 153/164/159
f 153/164/159 150/161/156 152/163/158
f 204/1312/214 208/1313/216 177/1314/1268
f 191/202/197 443/1315/1269 1202/1316/1270
f 1202/1316/1270 1203/1317/1271 191/202/197
f 1204/1318/1272 568/1319/584 567/1320/583
f 567/1320/583 1205/1321/1273 1204/1318/1272
f 14/15/14 16/17/16 59/61/60
f 50/52/51 49/51/50 1206/1322/1274
f 1206/1322/1274 1207/1323/1275 50/52/51
f 1208/1324/1276 1209/1325/1277 1210/1326/1278
f 112/375/1279 1211/1327/1280 1212/1328/1281
f 1212/1328/1281 359/376/1282 112/375/1279
f 894/1329/1283 1213/1330/1284 1039/1331/1084
f 1039/1331/1084 111/1332/1285 894/1329/1283
f 110/114/114 894/1333/1286 111/115/115
f 688/718/710 687/717/709 1214/1334/1287
f 1214/1334/1287 1215/1335/1288 688/718/710
f 475/494/489 474/493/488 1216/1336/1289
f 1216/1336/1289 1217/1337/1290 475/494/489
f 109/1338/1291 1218/1339/1292 493/1340/1044
f 1209/1325/1277 1219/1341/1293 1220/1342/1294
f 1221/1343/1295 957/1344/988 163/174/169
f 163/174/169 165/176/171 1221/1343/1295
f 692/722/714 694/724/716 1222/1345/1296
f 1222/1345/1296 1223/1346/1297 692/722/714
f 1224/1347/1298 657/1348/679 1225/1349/1299
f 1226/1350/1300 424/442/438 423/441/437
f 423/441/437 1227/1351/1301 1226/1350/1300
f 1228/1352/1302 1227/1353/1303 1229/1354/1304
f 1229/1354/1304 1230/1355/1305 1228/1352/1302
f 368/1356/380 367/1357/379 1231/1358/1306
f 1231/1358/1306 1232/1359/1307 368/1356/380
f 660/1360/682 1225/1361/1299 657/1362/679
f 6/6/6 9/1363/9 917/1364/1308
f 917/1364/1308 7/7/7 6/6/6
f 311/327/322 310/326/321 718/748/740
f 718/748/740 1233/1365/1309 311/327/322
f 1234/1366/1310 3/289/3 275/291/285
f 275/291/285 788/828/813 1234/1366/1310
f 382/400/394 381/399/393 157/168/163
f 157/168/163 4/4/4 382/400/394
f 1235/1367/1311 721/751/743 720/750/742
f 720/750/742 727/757/749 1235/1367/1311
f 1236/1368/1312 1237/1369/1313 934/992/964
f 934/992/964 313/329/324 1236/1368/1312
f 1238/1370/1314 1239/1371/1315 587/614/604
f 587/614/604 586/613/603 1238/1370/1314
f 1240/1372/1316 1241/1373/1317 1242/1374/1318
f 1242/1374/1318 1243/1375/1319 1240/1372/1316
f 1244/1376/1320 1245/1377/1321 1246/1378/1322
f 1246/1378/1322 1247/1379/1323 1244/1376/1320
f 948/1007/979 1248/1380/1324 949/1008/980
f 225/1381/1325 1249/1382/1326 33/1383/33
f 33/34/33 8/1384/1327 154/1385/1328
f 154/1385/1328 304/320/315 33/34/33
f 1027/1103/1072 273/288/283 272/287/282
f 272/287/282 1026/1102/1071 1027/1103/1072
f 1250/1386/1329 786/826/811 1251/1387/1330
f 1252/1388/1331 617/647/639 1253/1389/1332
f 1254/1390/1333 1255/1391/1334 1140/1236/1196
f 1256/1392/1335 938/1393/1336 937/1394/1337
f 1064/1148/1116 1066/1150/1118 1257/1395/1338
f 1257/1395/1338 1258/1396/1339 1064/1148/1116
f 1259/1397/1340 1260/1398/1341 288/304/1342
f 288/304/1342 1261/1399/1343 1259/1397/1340
f 967/1030/1002 1262/1400/1344 1263/1401/1345
f 380/398/392 379/397/391 277/1402/287
f 277/1402/287 1264/1403/1346 380/398/392
f 376/394/388 817/864/843 1265/1404/1347
f 1265/1404/1347 1266/1405/1348 376/394/388
f 1267/1406/1349 1268/1407/1350 558/1408/574
f 558/1408/574 844/1409/870 1267/1406/1349
f 1269/1410/1351 1270/1411/1352 1271/1412/1353
f 1272/1413/1354 488/507/1212 1273/1414/1355
f 570/597/586 569/596/585 1274/1415/1356
f 1274/1415/1356 1275/1416/1357 570/597/586
f 763/798/786 1276/1417/1358 764/799/787
f 174/185/1359 175/186/1360 208/221/216
f 208/221/216 207/220/215 174/185/1359
f 1011/1418/1361 748/1419/1362 1277/1420/1363
f 1277/1420/1363 132/784/1364 1011/1418/1361
f 1278/1421/1365 294/310/305 293/309/304
f 1279/1422/1366 1280/1423/1367 240/1424/250
f 240/1424/250 239/1425/249 1279/1422/1366
f 835/1426/861 1281/1427/1368 1282/1428/1369
f 1283/1429/1370 1019/1093/1064 1284/1430/1371
f 1285/1431/1372 1286/1432/1373 339/355/351
f 339/355/351 1287/1433/1374 1285/1431/1372
f 1288/1434/1375 1015/1088/1060 1014/1087/1059
f 1289/1435/1376 443/1315/1269 191/202/197
f 191/202/197 190/201/196 1289/1435/1376
f 288/304/299 1260/1398/1377 1290/1436/1378
f 1290/1436/1378 289/305/300 288/304/299
f 1291/1437/1379 973/1438/1008 1292/1439/1380
f 1292/1439/1380 1293/1440/1381 1291/1437/1379
f 205/218/212 198/211/205 174/185/204
f 174/185/204 203/1441/210 205/218/212
f 1294/1442/1382 984/1443/1383 927/1444/957
f 927/1444/957 926/1445/956 1294/1442/1382
f 539/564/555 1295/1446/1384 1296/1447/1385
f 1296/1447/1385 540/565/556 539/564/555
f 1134/1230/1386 1133/1229/1387 1297/1448/1388
f 1297/1448/1388 1298/1449/1389 1134/1230/1386
f 1299/1450/1390 1300/1451/1391 773/808/796
f 773/808/796 772/807/795 1299/1450/1390
f 164/175/170 163/174/169 1301/1452/1392
f 1302/1453/1393 1303/1454/1394 1304/1455/1395
f 1304/1455/1395 979/1044/1014 1302/1453/1393
f 130/140/136 133/143/139 1012/1456/1396
f 1012/1456/1396 1305/1457/1397 130/140/136
f 527/550/1398 526/549/1399 1254/1458/1400
f 1254/1458/1400 1140/1459/1401 527/550/1398
f 1306/1460/1402 1296/1447/1385 1295/1446/1384
f 1295/1446/1384 1307/1461/1403 1306/1460/1402
f 1308/1462/1404 86/88/89 85/87/88
f 85/87/88 1201/1310/1266 1308/1462/1404
f 72/74/75 71/73/74 108/112/1405
f 339/355/351 1286/1432/1373 1309/1463/1406
f 1309/1463/1406 340/356/352 339/355/351
f 684/714/706 687/717/709 1310/1464/1407
f 1310/1464/1407 1024/1098/1069 684/714/706
f 434/453/1408 1311/1465/1409 1312/1466/1410
f 1312/1466/1410 885/940/1411 434/453/1408
f 1311/1465/1409 434/453/1408 433/452/1145
f 433/452/1145 1095/1467/1148 1311/1465/1409
f 1313/1468/1412 944/1002/974 1314/1469/1413
f 1314/1469/1413 1315/1470/1414 1313/1468/1412
f 184/1471/190 187/1472/193 1316/1473/1415
f 1316/1473/1415 1317/1474/1416 184/1471/190
f 386/404/398 385/403/397 1318/1475/1417
f 1318/1475/1417 1319/1476/1418 386/404/398
f 121/129/127 127/1128/1099 1320/1477/1419
f 1320/1477/1419 122/130/128 121/129/127
f 1321/1478/1420 1244/1376/1320 1322/1479/1421
f 1323/1480/1422 730/760/752 729/759/751
f 1324/1481/1423 1325/1482/1424 1326/1483/1425
f 1327/1484/1426 518/1485/534 1328/1486/1427
f 1328/1486/1427 514/1487/530 1327/1484/1426
f 268/1066/1038 996/1065/1037 1329/1488/1428
f 1329/1488/1428 422/1489/1429 268/1066/1038
f 909/966/938 423/965/937 422/1489/1429
f 422/1489/1429 1329/1488/1428 909/966/938
f 275/291/285 1330/1490/1430 789/829/814
f 789/829/814 788/828/813 275/291/285
f 545/570/561 1331/1491/1431 1181/1287/1245
f 1181/1287/1245 542/567/558 545/570/561
f 1332/1492/1432 1333/1493/1433 228/243/238
f 228/243/238 227/242/237 1332/1492/1432
f 199/212/206 1334/1494/1434 197/210/203
f 127/1495/1435 197/210/1435 1334/1494/1435
f 1335/1496/1436 696/1497/718 695/1498/717
f 695/1498/717 1336/1499/1437 1335/1496/1436
f 95/1500/1438 94/1501/1439 1337/1502/1440
f 458/1503/472 457/1504/471 512/1505/528
f 512/1505/528 1338/1506/1441 458/1503/472
f 1108/1201/1161 201/214/208 200/213/207
f 200/213/207 1109/1202/1162 1108/1201/1161
f 1339/1507/1442 1340/1508/1443 933/991/963
f 1341/1509/1444 1342/1510/1445 912/969/941
f 1343/1511/1446 1052/1135/1104 1344/1512/1447
f 1344/1512/1447 1345/1513/1448 1343/1511/1446
f 1346/1514/1449 1347/1515/1450 603/633/1451
f 603/633/1451 1348/1516/1452 1346/1514/1449
f 1349/1517/1453 544/569/560 543/568/559
f 543/568/559 161/1518/167 1349/1517/1453
f 790/830/815 1349/1519/1453 1162/1266/1225
f 590/617/1454 1138/1234/1455 1350/1520/1456
f 1350/1520/1456 1351/1521/1457 590/617/1454
f 594/622/614 102/104/105 101/103/104
f 101/103/104 595/623/615 594/622/614
f 331/347/342 334/1522/1458 1352/1523/1459
f 1352/1523/1459 1353/1524/1460 331/347/342
f 224/237/232 1354/1525/1461 1355/1526/1462
f 1355/1526/1462 180/191/186 224/237/232
f 1356/1527/1463 1357/1528/1464 914/971/943
f 1358/1529/1465 1359/1530/1466 1360/1531/1467
f 1360/1531/1467 1361/1532/1468 1358/1529/1465
f 169/1533/175 783/1534/1469 119/126/1470
f 119/126/1470 1362/1535/1471 169/1533/175
f 916/973/945 1363/1536/1472 1364/1537/1473
f 1365/1538/1474 192/1539/198 195/1540/201
f 195/1540/201 1098/1191/1151 1365/1538/1474
f 1366/1541/1475 1367/1542/1476 1368/1543/1477
f 1368/1543/1477 827/874/853 1366/1541/1475
f 715/745/737 1369/1544/1478 1370/1545/1479
f 1370/1545/1479 713/743/735 715/745/737
f 551/576/567 550/575/566 1371/1546/1480
f 1371/1546/1480 1372/1547/1481 551/576/567
f 966/1029/1001 1373/1548/1482 1374/1549/1483
f 328/344/339 141/152/147 140/151/146
f 483/502/497 482/501/496 1375/1550/1484
f 1376/1551/1485 1377/1552/1486 903/959/931
f 903/959/931 905/961/933 1376/1551/1485
f 1378/1553/1487 1379/1554/1488 1324/1481/1423
f 1324/1481/1423 813/860/839 1378/1553/1487
f 812/859/838 1325/1482/1424 1324/1481/1423
f 1324/1481/1423 1379/1554/1488 812/859/838
f 1239/1371/1315 1238/1370/1314 1380/1555/1489
f 1381/1556/1490 1382/1557/1491 1383/1558/1492
f 46/48/47 150/161/156 44/46/45
f 1360/1531/1467 1359/1530/1466 1384/1559/1493
f 1384/1559/1493 670/700/692 1360/1531/1467
f 1385/1560/1494 1386/1561/1495 954/1013/985
f 588/615/607 21/133/21 124/132/130
f 124/132/130 589/616/608 588/615/607
f 1387/1562/1496 1388/1563/1497 432/451/446
f 432/451/446 431/450/445 1387/1562/1496
f 468/1022/994 1389/1564/1498 469/1565/1499
f 931/989/961 928/986/958 1390/1566/1500
f 1390/1566/1500 929/987/959 931/989/961
f 460/479/474 461/480/475 462/481/476
f 462/481/476 1391/1567/1501 460/479/474
f 1136/1232/1192 1392/1568/1502 1393/1569/1503
f 1393/1569/1503 557/584/573 1136/1232/1192
f 1268/1407/1350 1392/1570/1502 1394/1571/1504
f 1394/1571/1504 558/1408/574 1268/1407/1350
f 574/1572/590 1395/1573/1505 1275/1416/1357
f 1275/1416/1357 1274/1415/1356 574/1572/590
f 1396/1574/1506 831/878/857 830/877/856
f 830/877/856 1397/1575/1507 1396/1574/1506
f 709/1576/731 708/1577/730 1398/1578/1508
f 1398/1578/1508 1399/1579/1509 709/1576/731
f 388/1580/400 1399/1579/1509 1400/1581/1510
f 1400/1581/1510 967/1582/1002 388/1580/400
f 964/1583/1511 484/503/498 56/58/57
f 56/58/57 2/1584/1512 964/1583/1511
f 1401/1585/1513 1402/1586/1514 1371/1546/1480
f 1371/1546/1480 550/575/566 1401/1585/1513
f 1027/1587/1515 1403/1588/1516 1404/1589/1517
f 1404/1589/1517 273/1590/1518 1027/1587/1515
f 1403/1591/1516 317/1592/1519 316/1593/1520
f 316/1593/1520 1405/1594/1521 1403/1591/1516
f 1406/1595/1522 1407/1596/1523 68/1597/71
f 68/1597/71 67/1598/70 1406/1595/1522
f 80/1599/83 179/190/185 178/189/184
f 178/189/184 81/1600/84 80/1599/83
f 1408/1601/1524 1409/1602/1525 1410/1603/1526
f 1410/1603/1526 841/1604/867 1408/1601/1524
f 603/633/1451 1347/1515/1450 1411/1605/1527
f 1411/1605/1527 601/630/1528 603/633/1451
f 1412/1606/1529 325/341/336 1047/1126/1096
f 1047/1126/1096 1413/1607/1530 1412/1606/1529
f 618/648/640 358/374/370 615/645/637
f 919/977/949 615/645/637 358/374/370
f 358/374/370 357/373/369 919/977/949
f 1073/1608/1125 567/1609/583 566/1610/582
f 566/1610/582 1414/1611/1531 1073/1608/1125
f 787/827/812 415/433/429 784/824/809
f 79/81/82 784/824/809 415/433/429
f 415/433/429 77/79/80 79/81/82
f 1415/1612/1532 960/1019/991 959/1018/990
f 1416/1613/1533 1417/1614/1534 1418/1615/1535
f 503/525/519 502/524/518 1419/1616/1536
f 1419/1616/1536 1420/1617/1537 503/525/519
f 1421/1618/1538 1422/1619/1539 231/246/241
f 231/246/241 234/249/244 1421/1618/1538
f 676/706/698 1423/1620/1540 1424/1621/1541
f 1424/1621/1541 673/703/695 676/706/698
f 577/604/593 1425/1622/1542 287/303/1543
f 287/303/1543 286/302/594 577/604/593
f 1134/1623/1190 287/303/1543 1425/1622/1542
f 1425/1622/1542 1426/1624/1544 1134/1623/1190
f 764/799/787 1276/1417/1358 1427/1625/1545
f 892/947/919 591/618/610 891/946/1546
f 891/946/1546 1428/1626/1547 892/947/919
f 827/874/853 826/873/852 1366/1541/1475
f 28/29/28 1429/1627/1548 29/30/29
f 1430/1628/1549 1042/1118/1550 624/654/646
f 624/654/646 623/653/645 1430/1628/1549
f 1431/1629/1551 1042/1118/1550 1430/1628/1549
f 1430/1628/1549 1432/1630/1552 1431/1629/1551
f 135/146/141 274/290/284 1433/1631/1553
f 1433/1631/1553 589/616/608 135/146/141
f 1434/1632/1554 461/480/475 460/479/474
f 460/479/474 459/478/473 1434/1632/1554
f 1435/1633/1555 907/1634/935 906/1635/934
f 906/1635/934 1436/1636/1556 1435/1633/1555
f 1437/1637/1557 1438/1638/1558 1130/1226/1186
f 1161/1265/1224 1439/1639/1559 478/497/492
f 507/1640/523 506/1641/522 1440/1642/1560
f 1441/1643/1561 530/1252/546 533/558/549
f 533/558/549 930/988/960 1441/1643/1561
f 783/1534/1562 1048/1127/1097 119/126/1098
f 762/797/785 214/227/222 213/226/221
f 213/226/221 1076/1644/1128 762/797/785
f 980/1045/1015 1304/1455/1395 1336/1645/1437
f 1336/1645/1437 695/1646/717 980/1045/1015
f 1442/1647/1563 1443/1648/1564 921/979/951
f 921/979/951 924/982/954 1442/1647/1563
f 1444/1649/1565 1021/1650/1566 273/1590/1518
f 273/1590/1518 1404/1589/1517 1444/1649/1565
f 1445/1651/1567 334/1522/1458 331/347/342
f 331/347/342 333/349/344 1445/1651/1567
f 1280/1423/1367 1279/1422/1366 1446/1652/1568
f 842/1653/868 307/323/318 306/322/317
f 948/1007/979 1447/1654/1569 1448/1655/1570
f 1448/1655/1570 1269/1656/1351 948/1007/979
f 1269/1656/1351 1448/1655/1570 1449/1657/1571
f 1388/1563/1497 1387/1562/1496 1450/1658/1572
f 141/152/147 1451/1659/1573 712/742/734
f 712/742/734 139/150/145 141/152/147
f 643/673/665 1452/1660/1574 338/354/350
f 338/354/350 337/353/349 643/673/665
f 1001/1661/1045 338/354/350 1452/1660/1574
f 1452/1660/1574 1000/1662/1043 1001/1661/1045
f 278/294/288 1234/1366/1310 788/828/813
f 788/828/813 791/831/816 278/294/288
f 1453/1663/1575 1172/1664/1235 1171/1665/1234
f 1171/1665/1234 1454/1666/1576 1453/1663/1575
f 771/1667/794 1455/1668/1577 1456/1669/1578
f 1323/1480/1422 729/759/751 1457/1670/1579
f 152/1671/1580 151/1672/1581 48/1673/1582
f 383/401/395 300/316/311 1458/1674/1583
f 1459/1675/1584 1460/1676/1585 1004/1076/1048
f 1004/1076/1048 1119/1215/1175 1459/1675/1584
f 1398/1578/1508 708/1577/730 145/156/151
f 145/156/151 1110/1203/1163 1398/1578/1508
f 600/629/621 251/266/261 1461/1677/1586
f 1461/1677/1586 1159/1263/1222 600/629/621
f 1462/1678/1587 254/269/264 878/933/904
f 878/933/904 1463/1679/1588 1462/1678/1587
f 1179/1286/1243 1180/1285/1244 45/1680/46
f 532/557/548 531/556/547 1464/1681/1589
f 1464/1681/1589 931/989/961 532/557/548
f 928/986/958 931/989/961 1464/1681/1589
f 1464/1681/1589 925/983/955 928/986/958
f 1465/1682/1590 1466/1683/1591 1467/1684/1592
f 1468/1685/1593 1469/1686/1594 776/813/799
f 776/813/799 778/815/801 1468/1685/1593
f 823/1687/1595 1470/1688/1596 1471/1689/1597
f 1471/1689/1597 291/1690/1598 823/1687/1595
f 291/307/1598 1471/1691/1597 1261/1399/1343
f 1261/1399/1343 288/304/1342 291/307/1598
f 1472/1692/1599 1458/1674/1583 300/316/311
f 300/316/311 303/319/314 1472/1692/1599
f 682/1693/1600 681/1694/1601 1472/1692/1599
f 1472/1692/1599 303/319/314 682/1693/1600
f 393/411/405 1473/1695/1602 1474/1696/1603
f 1474/1696/1603 394/412/406 393/411/405
f 159/170/165 1179/1284/1243 378/396/390
f 378/396/390 377/395/389 159/170/165
f 1475/1697/1604 646/676/668 649/679/671
f 649/679/671 652/1258/1217 1475/1697/1604
f 1476/1698/1605 1477/1699/1606 1124/1220/1180
f 1124/1220/1180 70/72/73 1476/1698/1605
f 1077/1165/1129 213/1700/221 212/1701/220
f 212/1701/220 1478/1702/1607 1077/1165/1129
f 605/635/627 604/634/626 83/85/86
f 83/85/86 609/639/631 605/635/627
f 1479/1703/1608 1217/1337/1609 625/655/1610
f 625/655/1610 1480/1704/1611 1479/1703/1608
f 625/655/1610 624/654/1087 1041/1117/1086
f 1041/1117/1086 1480/1704/1611 625/655/1610
f 1481/1705/1612 439/458/1030 885/940/1411
f 885/940/1411 1312/1466/1410 1481/1705/1612
f 439/458/1030 1481/1705/1612 991/1059/1031
f 181/192/187 180/191/186 1355/1526/1462
f 1355/1526/1462 1482/1706/1613 181/192/187
f 1483/1707/1614 1292/1708/1380 976/1040/1011
f 976/1040/1011 498/520/514 1483/1707/1614
f 1088/1178/1615 1484/1709/1616 1485/1710/1617
f 920/978/950 39/41/40 1486/1711/1618
f 1243/1375/1319 731/761/753 1240/1372/1316
f 833/880/859 508/530/524 507/529/523
f 507/529/523 834/881/860 833/880/859
f 126/144/132 136/147/142 127/1712/133
f 124/1713/1619 1320/1477/1419 127/1128/1099
f 717/747/739 715/745/737 714/744/736
f 714/744/736 571/598/587 717/747/739
f 936/994/966 1487/1714/1620 1237/1715/1313
f 1237/1715/1313 937/995/967 936/994/966
f 356/372/368 360/976/948 357/373/369
f 1488/1716/1621 846/894/872 113/897/117
f 1489/1717/1622 1490/1718/1623 1121/1217/1177
f 1121/1217/1177 1178/1283/1242 1489/1717/1622
f 463/482/477 331/347/342 1491/1719/1624
f 1492/1720/1625 373/391/385 130/140/136
f 130/140/136 1305/1457/1397 1492/1720/1625
f 148/159/154 1493/1721/1626 1086/1176/1138
f 1086/1176/1138 149/160/155 148/159/154
f 1493/1721/1626 148/159/154 1494/1722/1627
f 1427/1625/1545 211/224/219 214/227/222
f 214/227/222 764/799/787 1427/1625/1545
f 1406/1723/1628 404/1724/416 25/26/25
f 25/26/25 27/28/27 1406/1723/1628
f 32/33/32 35/36/35 1495/1725/1629
f 1496/1726/1630 1497/1727/1631 91/93/94
f 1498/1728/1632 1290/1436/1378 1260/1398/1377
f 1260/1398/1377 578/605/1633 1498/1728/1632
f 578/605/1633 286/302/297 285/301/296
f 285/301/296 1498/1728/1632 578/605/1633
f 896/1729/924 1499/1730/1634 1500/1731/1635
f 1500/1731/1635 342/1732/354 896/1729/924
f 342/358/354 1500/1733/1635 1287/1433/1374
f 1287/1433/1374 339/355/351 342/358/354
f 693/723/715 692/722/714 1501/1734/1636
f 1501/1734/1636 1502/1735/1637 693/723/715
f 1503/1736/1638 899/1737/1639 902/1738/1640
f 902/1738/1640 1504/1739/1641 1503/1736/1638
f 1505/1740/1642 201/214/208 1108/1201/1161
f 1108/1201/1161 1506/1741/1643 1505/1740/1642
f 14/15/1644 282/298/1645 39/1742/40
f 39/1742/40 41/1743/42 14/15/1644
f 13/896/13 1267/1744/1349 844/1745/870
f 844/1745/870 256/271/266 13/896/13
f 256/271/266 255/270/265 13/896/13
f 378/396/390 137/148/143 138/149/144
f 138/149/144 375/393/387 378/396/390
f 818/865/844 821/1746/847 1507/1747/1646
f 1507/1747/1646 819/866/845 818/865/844
f 354/1748/366 1051/1749/1103 1508/1750/1647
f 1508/1750/1647 1509/1751/1648 354/1748/366
f 1128/1752/1184 1510/1753/1649 1511/1754/1650
f 91/93/94 90/92/93 983/1755/1651
f 967/1756/1002 1400/1757/1510 1512/1758/1652
f 614/644/636 1038/1114/1083 1040/1116/1085
f 1040/1116/1085 611/641/633 614/644/636
f 844/1745/870 845/1759/871 30/31/30
f 30/31/30 256/271/266 844/1745/870
f 1513/1760/1653 684/1761/706 683/1762/705
f 344/360/356 932/990/962 1514/1763/1654
f 1515/1764/1655 1015/1765/1060 1288/1766/1375
f 348/364/360 911/968/940 1516/1767/1656
f 1140/1236/1196 1139/1235/1195 1517/1768/1657
f 1518/1769/1658 1519/1770/1659 527/550/543
f 527/550/543 1140/1459/1196 1518/1769/1658
f 775/810/798 774/809/797 1299/1450/1390
f 1299/1450/1390 1520/1771/1660 775/810/798
f 33/34/33 1249/1772/1326 8/1384/1327
f 97/1773/100 96/1774/99 1521/1775/1661
f 1521/1775/1661 58/1776/1662 97/1773/100
f 248/263/258 1522/1777/1663 1209/1778/1277
f 1209/1778/1277 1220/1779/1294 248/263/258
f 1523/1780/1664 1309/1463/1406 1286/1432/1373
f 1286/1432/1373 644/674/666 1523/1780/1664
f 644/674/666 337/353/349 336/352/348
f 336/352/348 1523/1780/1664 644/674/666
f 280/1781/291 1150/1248/1208 281/1247/292
f 771/806/794 1524/1782/1665 769/804/792
f 116/122/120 309/325/320 1525/1783/1666
f 1525/1783/1666 117/123/121 116/122/120
f 1188/1784/1667 117/123/121 1525/1783/1666
f 1525/1783/1666 10/1785/1668 1188/1784/1667
f 1154/1255/1214 1034/1254/1079 1033/1786/1078
f 321/337/332 913/970/942 1526/1787/1669
f 12/13/12 11/12/11 1196/1305/1260
f 1016/1788/1061 993/1061/1033 992/1060/1032
f 362/380/374 1080/1168/1132 1527/1789/1670
f 1528/1790/1671 400/418/412 1125/1221/1181
f 1125/1221/1181 1477/1699/1606 1528/1790/1671
f 1125/1221/1181 1124/1220/1180 1477/1699/1606
f 987/1055/1025 299/315/310 298/314/309
f 298/314/309 1529/1791/1672 987/1055/1025
f 1530/1792/1673 1531/1793/1674 515/771/531
f 515/771/531 514/1487/530 1530/1792/1673
f 974/1037/1009 973/1036/1008 1291/1794/1379
f 1291/1794/1379 1532/1795/1675 974/1037/1009
f 952/1011/983 951/1010/982 1533/1796/1676
f 1534/1797/1677 915/972/944 454/473/468
f 401/419/413 400/418/412 1528/1790/1671
f 1528/1790/1671 1454/1666/1576 401/419/413
f 939/997/969 1535/1798/1678 636/666/658
f 636/666/658 635/665/657 939/997/969
f 1536/1799/1679 1537/1800/1680 1113/1209/1169
f 520/543/536 1538/1801/1681 1539/1802/1682
f 1539/1802/1682 517/540/533 520/543/536
f 1440/1642/1560 1540/1803/1683 834/1804/860
f 834/1804/860 507/1640/523 1440/1642/1560
f 835/1426/861 834/1804/860 1540/1803/1683
f 1540/1803/1683 1281/1427/1368 835/1426/861
f 1541/1805/1684 711/741/733 97/99/100
f 58/60/1662 57/59/1685 1541/1806/1684
f 1541/1806/1684 97/1807/100 58/60/1662
f 314/330/325 934/992/964 1542/1808/1686
f 1542/1808/1686 1543/1809/1687 314/330/325
f 1544/1810/1688 1326/1483/1425 1325/1482/1424
f 1325/1482/1424 612/642/634 1544/1810/1688
f 1545/1811/1689 1544/1810/1688 612/642/634
f 612/642/634 611/641/633 1545/1811/1689
f 158/169/164 157/168/163 381/399/393
f 381/399/393 1546/1812/1690 158/169/164
f 597/626/618 596/625/617 1547/1813/1691
f 1548/1814/1692 81/1815/84 178/1816/184
f 178/1816/184 1025/1817/1070 1548/1814/1692
f 81/83/84 1548/1818/1692 610/640/632
f 610/640/632 82/84/85 81/83/84
f 129/139/135 42/207/43 1181/1287/1245
f 1181/1287/1245 1331/1491/1431 129/139/135
f 134/145/140 126/144/132 1330/1490/1430
f 1330/1490/1430 275/291/285 134/145/140
f 414/432/428 78/80/81 77/79/80
f 78/1819/81 414/1820/428 28/1821/1693
f 28/1821/1693 258/1822/1694 78/1819/81
f 1442/1647/1563 924/982/954 606/636/628
f 606/636/628 1549/1823/1695 1442/1647/1563
f 1550/1824/1696 193/1825/199 192/1539/198
f 192/1539/198 1551/1826/1697 1550/1824/1696
f 1552/1827/1698 1553/1828/1699 501/523/517
f 501/523/517 1419/1616/1536 1552/1827/1698
f 1554/1829/1700 1552/1827/1698 1419/1616/1536
f 1419/1616/1536 502/524/518 1554/1829/1700
f 984/1830/1383 1294/1831/1382 6/1832/1701
f 984/1052/1022 6/8/6 821/1746/847
f 821/1746/847 138/149/144 984/1052/1022
f 450/469/464 449/468/463 1555/1833/1702
f 1555/1833/1702 1195/1304/1259 450/469/464
f 1195/1304/1259 1556/1834/1703 1557/1835/1704
f 1557/1835/1704 1193/1302/1257 1195/1304/1259
f 1273/1836/1705 488/1837/502 491/1838/505
f 491/1838/505 1558/1839/1706 1273/1836/1705
f 969/1032/1004 1559/1840/1707 1560/1841/1708
f 1308/1462/1404 811/858/837 1561/1842/1709
f 1561/1842/1709 86/88/89 1308/1462/1404
f 1134/1623/1386 1298/1843/1389 284/300/295
f 284/300/295 287/303/298 1134/1623/1386
f 95/97/98 495/1844/511 1562/1845/1710
f 1562/1845/1710 92/94/95 95/97/98
f 1117/1213/1173 1116/1212/1172 1563/1846/1711
f 1563/1846/1711 221/1847/229 1117/1213/1173
f 222/1848/230 221/1847/229 1563/1846/1711
f 1563/1846/1711 1564/1849/1712 222/1848/230
f 820/1850/846 1565/1851/1713 1264/1403/1346
f 1264/1403/1346 1265/1852/1347 820/1850/846
f 820/1850/846 819/1853/845 1546/1812/1690
f 1546/1812/1690 1565/1851/1713 820/1850/846
f 1217/1337/1609 1479/1703/1608 1566/1854/1714
f 1566/1854/1714 475/494/1715 1217/1337/1609
f 475/494/1715 1566/1854/1714 1567/1855/1716
f 1567/1855/1716 472/491/1717 475/494/1715
f 606/636/628 605/635/627 1549/1823/1695
f 1301/1856/1392 163/1857/169 1568/1858/1718
f 1569/1859/1719 965/1028/1000 805/849/830
f 998/1069/1041 1570/1860/1720 547/572/563
f 547/572/563 546/571/562 998/1069/1041
f 1571/1861/1721 1572/1862/1722 1147/1243/1203
f 1504/1863/1641 902/1864/1640 472/491/1717
f 472/491/1717 1567/1855/1716 1504/1863/1641
f 1248/1380/1324 948/1007/979 1269/1656/1351
f 1302/1453/1393 979/1044/1014 978/1043/1013
f 796/838/821 1573/1865/1723 797/839/822
f 802/1866/827 1574/1867/1724 803/1868/828
f 537/562/553 539/564/555 538/563/554
f 904/960/932 903/959/931 445/464/459
f 445/464/459 448/467/462 904/960/932
f 1559/1840/1707 969/1032/1004 968/1031/1003
f 396/414/408 1129/1225/1185 1575/1869/1725
f 985/1870/1726 1390/1566/1500 928/986/958
f 928/986/958 927/985/957 985/1870/1726
f 927/1871/957 984/1872/1383 985/1873/1726
f 1407/1874/1523 1406/1875/1522 27/1876/1727
f 27/1876/1727 690/1877/712 1407/1874/1523
f 27/28/1727 26/27/1728 690/1064/712
f 1447/1654/1569 554/581/570 557/584/573
f 557/584/573 1393/1569/1503 1447/1654/1569
f 948/1007/979 554/581/570 1447/1654/1569
f 169/180/175 1362/1878/1471 1576/1879/1729
f 1576/1879/1729 166/177/172 169/180/175
f 1226/1880/1300 1227/1881/1301 1228/1882/1730
f 1228/1882/1730 1577/1883/1731 1226/1880/1300
f 1578/1884/1732 1241/1373/1317 1240/1372/1316
f 1579/1885/1733 250/265/1734 249/264/1735
f 249/264/1735 1580/1886/1736 1579/1885/1733
f 1468/1685/1593 778/815/801 328/344/339
f 328/344/339 140/151/146 1468/1685/1593
f 671/1025/997 963/1023/995 226/241/236
f 226/241/236 964/1026/998 671/1025/997
f 199/212/1737 48/1673/1737 47/1887/1737
f 691/1888/713 690/1064/712 26/27/1728
f 170/181/176 173/184/179 962/1021/993
f 962/1021/993 1581/1889/1738 170/181/176
f 1582/1890/1739 738/768/760 737/767/759
f 734/764/756 953/1012/984 1583/1891/1740
f 242/1892/252 241/1893/251 887/942/913
f 887/942/913 886/941/912 242/1892/252
f 40/42/41 920/978/950 234/249/244
f 234/249/244 233/248/243 40/42/41
f 501/523/517 500/522/516 1420/1617/1537
f 1420/1617/1537 1419/1616/1536 501/523/517
f 393/1151/405 1068/1154/1120 1473/1894/1602
f 20/21/20 983/1051/1021 982/1895/1741
f 982/1895/1741 981/1896/1742 20/21/20
f 1334/1897/1743 1348/1516/1744 603/633/1745
f 603/633/1745 602/632/1746 1334/1897/1743
f 1584/1898/1747 1585/1899/1748 1586/1900/1749
f 761/796/784 1587/1901/1750 758/793/781
f 16/17/1751 132/784/1364 1277/1420/1363
f 1391/1567/1501 510/1902/526 457/476/471
f 457/476/471 460/479/474 1391/1567/1501
f 1588/1903/1752 222/1848/230 1564/1849/1712
f 1564/1849/1712 1589/1904/1753 1588/1903/1752
f 24/25/24 174/185/180 197/210/1754
f 197/210/1754 125/1905/131 24/25/24
f 1028/1104/1073 1590/1906/1755 1591/1907/1756
f 550/575/566 103/105/106 1592/1908/1757
f 1592/1908/1757 1401/1585/1513 550/575/566
f 1593/1909/1758 102/104/105 594/622/614
f 594/622/614 1594/1910/1759 1593/1909/1758
f 4/4/4 3/3/3 1234/1911/1310
f 1234/1911/1310 382/400/394 4/4/4
f 851/901/877 1595/1912/1760 852/902/878
f 666/696/688 1596/1913/1761 667/697/689
f 1597/1914/1762 1431/1915/1763 38/1916/39
f 38/1916/39 37/1917/38 1597/1914/1762
f 1431/1629/1763 1597/1918/1762 1043/1119/1089
f 1043/1119/1089 1042/1118/1088 1431/1629/1763
f 1008/1080/1052 1598/1919/1764 1006/1078/1050
f 1599/1920/1765 1600/1921/1766 481/1922/495
f 1601/1923/1767 1599/1924/1768 481/1006/1769
f 481/1006/1769 947/1005/1770 1601/1923/1767
f 1211/1327/1280 894/1925/1771 1212/1328/1281
f 871/926/897 1602/1926/1772 872/927/898
f 704/734/726 1603/1927/1773 705/735/727
f 861/914/887 1604/1928/1774 862/915/888
f 1340/1508/1443 1339/1507/1442 1605/1929/1775
f 856/908/882 1606/1930/1776 857/909/883
f 866/921/892 1607/1931/1777 867/922/893
f 1342/1510/1445 1341/1509/1444 1608/1932/1778
f 1036/1112/1081 1609/1933/1779 1037/1113/1082
f 714/744/736 713/743/735 1610/1934/1780
f 1610/1934/1780 572/599/588 714/744/736
f 1611/1935/1781 1612/1936/1782 792/1937/817
f 792/1937/817 421/439/435 1611/1935/1781
f 1613/1938/1783 796/1939/821 795/1940/820
f 795/1940/820 1614/1941/1784 1613/1938/1783
f 1615/1942/1785 1616/1943/1786 798/1944/823
f 798/1944/823 408/426/422 1615/1942/1785
f 1617/1945/1787 802/1866/827 801/1946/826
f 801/1946/826 1618/1947/1788 1617/1945/1787
f 1619/1948/1789 1022/1096/1067 1021/1095/1066
f 697/727/719 696/726/718 1620/1949/1790
f 1620/1949/1790 1621/1950/1791 697/727/719
f 1622/1951/1792 1623/1952/1793 1624/1953/1794
f 1031/1107/1076 1625/1954/1795 1032/1108/1077
f 399/417/411 1126/1222/1182 1125/1221/1181
f 1125/1221/1181 400/418/412 399/417/411
f 1185/1293/1249 1626/1955/1796 1627/1956/1797
f 1627/1956/1797 1475/1957/1798 651/1290/673
f 651/1290/673 1185/1293/1249 1627/1956/1797
f 1628/1958/1799 1629/1959/1800 465/1960/479
f 465/1960/479 464/1961/478 1628/1958/1799
f 1629/1962/1800 1366/1541/1475 826/873/852
f 826/873/852 465/484/479 1629/1962/1800
f 440/459/1029 990/1058/1028 1630/1963/1801
f 326/342/337 325/341/336 1631/1964/1802
f 1632/1965/1803 1035/1966/1080 1034/1967/1079
f 266/1968/276 265/1969/275 1633/1970/1804
f 1634/1971/1805 1165/1269/1228 1164/1268/1227
f 1091/1972/1806 267/1973/277 270/1974/280
f 270/1974/280 1635/1975/1807 1091/1972/1806
f 1152/1250/1210 1428/1626/1547 891/946/1546
f 891/946/1546 489/508/1211 1152/1250/1210
f 1093/1976/1808 433/1977/447 436/1978/450
f 436/1978/450 1636/1979/1809 1093/1976/1808
f 631/661/653 634/664/656 943/1001/973
f 1637/1980/1810 1638/1981/1811 1072/1160/1124
f 584/1982/601 587/1983/604 1639/1984/1812
f 1640/1985/1813 1641/1986/1814 972/1035/1007
f 1015/1088/1060 351/1987/363 1509/1751/1648
f 1509/1751/1648 1013/1086/1058 1015/1088/1060
f 493/1340/1044 1000/1988/1043 75/1989/1815
f 493/1990/1816 75/77/78 107/111/110
f 107/111/110 492/1991/1817 493/1990/1816
f 752/787/775 751/786/774 1642/1992/1818
f 1643/1993/1819 1191/1300/1255 753/788/776
f 1644/1994/1820 1645/1995/1821 1054/1137/1106
f 1054/1137/1106 428/447/442 1644/1994/1820
f 1646/1996/1822 1647/1997/1823 1648/1998/1824
f 744/776/766 743/775/765 1649/1999/1825
f 1650/2000/1826 1169/1274/1232 745/777/767
f 1651/2001/1827 1652/2002/1828 367/1357/379
f 367/1357/379 366/2003/378 1651/2001/1827
f 1328/1486/1427 1530/1792/1673 514/1487/530
f 1073/1161/1125 1653/2004/1829 1654/2005/1830
f 1655/2006/1831 1205/1321/1273 567/1320/583
f 567/1320/583 1073/2007/1125 1655/2006/1831
f 47/2008/48 196/208/202 602/2009/1832
f 127/2010/1833 1334/2011/1833 128/2012/1833
f 905/2013/933 904/2014/932 553/2015/569
f 553/2015/569 1656/2016/1834 905/2013/933
f 831/2017/857 1396/2018/1506 1657/2019/1835
f 1658/2020/1836 591/618/918 590/617/1454
f 590/617/1454 1351/1521/1457 1658/2020/1836
f 835/2021/861 1659/2022/1837 1660/2023/1838
f 1660/2024/1838 833/2025/859 835/2026/861
f 543/568/559 542/567/558 1179/1286/1243
f 1179/1286/1243 162/2027/168 543/568/559
f 1179/1286/1243 159/2028/165 162/2027/168
f 883/938/909 1661/2029/1839 884/939/910
f 429/448/443 432/451/446 1662/2030/1840
f 1663/2031/1841 1664/2032/1842 808/2033/833
f 876/931/902 1665/2034/1843 877/932/903
f 858/911/884 630/660/652 1666/2035/1844
f 1666/2035/1844 1667/2036/1845 858/911/884
f 629/659/651 1072/1160/1124 1638/1981/1811
f 839/886/865 1668/2037/1846 840/887/866
f 725/755/747 1669/2038/1847 726/756/748
f 1375/1550/1484 482/501/496 1670/2039/1848
f 1671/2040/1849 1160/1264/1223 477/496/491
f 217/2041/225 216/2042/224 780/2043/803
f 780/2043/803 1672/2044/1850 217/2041/225
f 1143/2045/1851 1673/2046/1852 1405/2047/1521
f 1405/2047/1521 316/2048/1520 1143/2045/1851
f 772/807/795 87/89/90 1674/2049/1853
f 1674/2049/1853 1520/1771/1660 772/807/795
f 86/88/89 1561/1842/1709 1674/2049/1853
f 1674/2049/1853 87/89/90 86/88/89
f 1675/2050/1854 1676/2051/1855 1677/2052/1856
f 417/435/431 150/2053/1857 46/2054/1858
f 46/2054/1858 64/66/67 417/435/431
f 302/318/313 1678/2055/1859 682/1693/1600
f 682/1693/1600 303/319/314 302/318/313
f 1029/1105/1074 1028/1104/1073 1679/2056/1860
f 1679/2056/1860 1680/2057/1861 1029/1105/1074
f 1681/2058/1862 1057/2059/1109 1056/2060/1108
f 1056/2060/1108 1682/2061/1863 1681/2058/1862
f 1212/2062/1864 60/2063/62 62/106/65
f 62/106/65 210/223/218 1212/2062/1864
f 1357/1528/1464 1356/1527/1463 1683/2064/1865
f 1684/2065/1866 886/941/912 888/943/914
f 888/943/914 236/2066/246 1684/2065/1866
f 236/251/246 235/250/245 1097/1190/1150
f 1097/1190/1150 1684/2067/1866 236/251/246
f 824/2068/850 823/2069/849 291/307/302
f 291/307/302 290/306/301 824/2068/850
f 385/2070/397 384/2071/396 1685/2072/1867
f 1685/2072/1867 1686/2073/1868 385/2070/397
f 1005/1077/1049 1004/1076/1048 1460/1676/1585
f 187/2074/193 186/2075/192 1687/2076/1869
f 1687/2076/1869 1688/2077/1870 187/2074/193
f 1494/1722/1627 148/159/154 147/158/153
f 1689/2078/1871 1690/2079/1872 641/2080/663
f 641/2080/663 640/2081/662 1689/2078/1871
f 1691/2082/1873 1692/2083/1874 767/2084/790
f 767/2084/790 766/2085/789 1691/2082/1873
f 1227/1353/1303 423/965/937 910/967/939
f 910/967/939 1229/1354/1304 1227/1353/1303
f 730/812/752 1693/2086/1875 1300/1451/1391
f 1300/1451/1391 774/809/797 730/812/752
f 1694/2087/1876 730/2088/752 1323/2089/1422
f 1323/2089/1422 1695/2090/1877 1694/2087/1876
f 1696/2091/1878 851/901/877 850/900/876
f 1697/2092/1879 666/696/688 665/695/687
f 1197/1306/1261 1002/1074/1046 109/2093/1880
f 109/2093/1880 334/2094/1881 1197/1306/1261
f 334/2095/1458 1445/2096/1567 1197/2097/1882
f 1686/2098/1868 1691/2082/1873 1318/2099/1417
f 1318/2099/1417 385/2100/397 1686/2098/1868
f 1688/2101/1870 1689/2102/1871 1316/2103/1415
f 1316/2103/1415 187/198/193 1688/2101/1870
f 848/898/874 1698/2104/1883 1224/2105/1298
f 1224/2105/1298 654/684/676 848/898/874
f 1698/2104/1883 657/2106/679 1224/2105/1298
f 1246/1378/1322 120/128/126 1247/1379/1323
f 498/520/514 501/523/517 1553/1828/1699
f 1553/1828/1699 1483/1707/1614 498/520/514
f 1699/2107/1884 1186/2108/1885 250/2109/1886
f 250/2109/1886 1579/2110/1887 1699/2107/1884
f 868/923/894 522/545/538 1141/1237/1197
f 1141/1237/1197 1255/1391/1334 868/923/894
f 1141/1237/1197 1140/1236/1196 1255/1391/1334
f 1700/2111/1888 704/734/726 703/733/725
f 1701/2112/1889 861/914/887 860/913/886
f 1702/2113/1890 1703/2114/1891 863/2115/889
f 863/2115/889 412/430/426 1702/2113/1890
f 1704/2116/1892 866/2117/892 865/2118/891
f 870/925/896 872/927/898 1705/2119/1893
f 1706/2120/1894 1707/2121/1895 853/2122/879
f 853/2122/879 622/652/644 1706/2120/1894
f 1708/2123/1896 856/2124/882 855/2125/881
f 1709/2126/1897 1364/1537/1473 1363/1536/1472
f 1620/2127/1790 1710/2128/1898 1502/2129/1637
f 1502/2129/1637 1501/2130/1636 1620/2127/1790
f 995/1063/1035 1166/1271/1229 1163/2131/1226
f 1163/2131/1226 261/276/271 995/1063/1035
f 1166/1271/1229 1164/1270/1227 1163/2131/1226
f 880/935/906 583/610/600 1711/2132/1899
f 1711/2132/1899 1712/2133/1900 880/935/906
f 582/609/599 972/1035/1007 1641/1986/1814
f 1713/2134/1901 562/589/578 873/928/899
f 873/928/899 1714/2135/1902 1713/2134/1901
f 1653/2004/1829 1073/1161/1125 563/590/579
f 1170/1275/1233 746/778/768 1168/1273/1231
f 1168/1273/1231 700/730/722 1170/1275/1233
f 746/778/768 745/777/767 1168/1273/1231
f 160/171/166 377/395/389 376/394/388
f 376/394/388 1266/1405/1348 160/171/166
f 633/663/655 1314/1469/1413 944/1002/974
f 944/1002/974 634/664/656 633/663/655
f 1438/1638/1558 1437/1637/1557 1715/2136/1903
f 136/147/142 1716/2137/1904 127/1712/133
f 1215/1335/1288 1717/2138/1905 688/718/710
f 1718/2139/1906 1508/1750/1647 1343/2140/1446
f 1343/2140/1446 1345/2141/1448 1718/2139/1906
f 202/215/209 201/214/208 1505/1740/1642
f 1505/1740/1642 206/2142/213 202/215/209
f 1719/2143/1907 1374/1549/1483 1373/1548/1482
f 907/1634/935 1435/1633/1555 1720/2144/1908
f 1721/2145/1909 716/746/738 570/597/586
f 570/597/586 1275/1416/1357 1721/2145/1909
f 1443/1648/1564 1722/2146/1910 921/979/951
f 958/1017/989 960/1019/991 955/1014/986
f 955/1014/986 957/1016/988 958/1017/989
f 1221/1343/1295 1723/2147/1911 958/2148/989
f 958/2148/989 957/1344/988 1221/1343/1295
f 676/706/698 231/246/241 1422/1619/1539
f 1422/1619/1539 1423/1620/1540 676/706/698
f 676/706/698 675/705/697 232/247/242
f 232/247/242 231/246/241 676/706/698
f 1108/1201/1161 143/154/149 1506/1741/1643
f 143/154/149 1108/1201/1161 144/155/150
f 1623/1952/1793 1622/1951/1792 1096/1189/1149
f 149/160/155 1085/1175/1137 485/504/499
f 485/504/499 146/157/152 149/160/155
f 1470/2149/1596 823/870/1595 822/869/1912
f 822/869/1912 1724/2150/1913 1470/2149/1596
f 1088/1178/1615 1725/2151/1914 1724/2150/1913
f 1724/2150/1913 822/869/1912 1088/1178/1615
f 177/188/183 176/187/182 679/709/701
f 1122/1218/1178 1121/1217/1177 1490/1718/1623
f 1090/1180/1142 1467/2152/1592 1466/2153/1591
f 1156/1259/1218 649/679/671 648/678/670
f 648/678/670 1726/2154/1915 1156/1259/1218
f 360/976/948 356/372/368 1488/2155/1916
f 1207/1323/1275 175/2156/1917 23/2157/1918
f 23/2157/1918 50/52/51 1207/1323/1275
f 897/2158/925 896/2159/924 342/358/354
f 342/358/354 341/357/353 897/2158/925
f 420/438/434 1727/2160/1919 1611/1935/1781
f 1611/1935/1781 421/439/435 420/438/434
f 1284/1430/1371 1019/1093/1064 1018/1092/1063
f 407/425/421 1728/2161/1920 1615/1942/1785
f 1615/1942/1785 408/426/422 407/425/421
f 1176/1281/1240 1175/1280/1239 1729/2162/1921
f 735/765/757 734/764/756 737/767/759
f 737/767/759 739/769/761 735/765/757
f 1365/1538/1474 663/693/685 1551/1826/1697
f 1551/1826/1697 192/1539/198 1365/1538/1474
f 1647/1997/1823 1646/1996/1822 1055/1138/1107
f 1105/1198/1158 598/627/619 597/626/618
f 597/626/618 1730/2163/1922 1105/1198/1158
f 1408/1601/1524 1731/2164/1923 1409/1602/1525
f 559/586/575 558/585/574 1394/2165/1504
f 1441/2166/1561 1440/1642/1560 506/1641/522
f 506/1641/522 530/2167/546 1441/2166/1561
f 1732/2168/1924 1733/2169/1925 308/324/319
f 308/324/319 307/323/318 1732/2168/1924
f 1732/2168/1924 307/323/318 842/1653/868
f 842/1653/868 1410/2170/1526 1732/2168/1924
f 1644/1994/1820 428/447/442 427/446/441
f 427/446/441 1664/2171/1842 1644/1994/1820
f 875/930/901 877/932/903 1734/2172/1926
f 1735/2173/1927 883/938/909 882/937/908
f 1376/2174/1485 1736/2175/1928 1377/2176/1486
f 32/2177/32 1495/2178/1629 18/2179/18
f 1010/1082/1054 1009/1081/1053 1012/2180/1929
f 1012/2180/1929 1521/1775/1930 1010/1082/1054
f 335/351/347 338/354/350 1001/1661/1045
f 1001/1661/1045 1218/2181/1292 335/351/347
f 836/883/862 1737/2182/1931 1726/2154/1915
f 1726/2154/1915 648/678/670 836/883/862
f 838/885/864 840/887/866 1738/2183/1932
f 1739/2184/1933 725/755/747 724/754/746
f 71/73/1934 1157/1260/1219 283/299/294
f 1331/1491/1431 545/570/561 789/2185/814
f 789/2185/814 1330/2186/1430 1331/1491/1431
f 790/2187/815 789/2185/814 545/570/561
f 545/570/561 544/569/560 790/2187/815
f 1245/1377/1321 1244/1376/1320 1321/1478/1420
f 741/773/763 740/772/762 1466/1683/1591
f 1466/1683/1591 1465/1682/1590 741/773/763
f 941/999/971 1114/1210/1170 1113/1209/1169
f 1113/1209/1169 939/997/969 941/999/971
f 1740/2188/1935 1533/1796/1676 951/1010/982
f 951/1010/982 451/2189/465 1740/2188/1935
f 451/470/465 450/469/464 1194/1303/1258
f 1194/1303/1258 1740/2190/1935 451/470/465
f 1741/2191/1936 1742/2192/1937 1743/2193/1938
f 218/231/226 1743/2193/1938 1742/2192/1937
f 1742/2192/1937 215/228/223 218/231/226
f 1469/1686/1594 1744/2194/1939 776/813/799
f 1594/1910/1759 594/622/614 73/621/613
f 73/621/613 1048/2195/1940 1594/1910/1759
f 1745/2196/1941 1631/1964/1802 325/341/336
f 1745/2196/1941 325/341/336 1412/1606/1529
f 1412/1606/1529 1746/2197/1942 1745/2196/1941
f 1039/2198/1084 1038/2199/1083 112/116/1943
f 112/116/1943 111/115/1285 1039/2198/1084
f 1499/1730/1634 896/1729/924 895/2200/923
f 1128/1752/1184 1511/1754/1650 1499/1730/1634
f 1499/1730/1634 895/2200/923 1128/1752/1184
f 1072/1160/1124 628/658/650 1747/2201/1944
f 1082/1170/1134 1219/1341/1293 1208/1324/1276
f 1208/1324/1276 244/259/254 1082/1170/1134
f 1219/1341/1293 1209/1325/1277 1208/1324/1276
f 1424/1621/1541 1748/2202/1945 1333/2203/1433
f 1333/2203/1433 673/703/695 1424/1621/1541
f 1386/1561/1495 1385/1560/1494 1749/2204/1946
f 1742/2205/1937 1741/2206/1936 1083/1172/1135
f 1368/1543/1477 1367/1542/1476 1750/2207/1947
f 1370/1545/1479 1369/1544/1478 1751/2208/1948
f 123/131/129 1322/1479/1421 1244/1376/1320
f 1244/1376/1320 1247/1379/1323 123/131/129
f 1247/1379/1323 120/128/126 123/131/129
f 1138/1234/1194 1137/1233/1193 21/2209/1949
f 21/2209/1949 588/2210/1950 1138/1234/1194
f 1275/1416/1357 1395/1573/1505 749/783/771
f 749/783/771 1721/2145/1909 1275/1416/1357
f 1752/2211/1951 1672/2044/1850 971/2212/1006
f 971/2213/1006 1117/2214/1173 220/233/228
f 220/233/228 1752/2215/1951 971/2213/1006
f 1484/1709/1952 1088/1178/1140 1753/2216/1953
f 786/826/811 1250/1386/1329 1754/2217/1954
f 1754/2217/1954 787/827/812 786/826/811
f 413/431/427 415/433/429 787/827/812
f 787/827/812 1754/2217/1954 413/431/427
f 617/647/639 1252/1388/1331 1755/2218/1955
f 1755/2218/1955 618/648/640 617/647/639
f 355/371/367 358/374/370 618/648/640
f 618/648/640 1755/2218/1955 355/371/367
f 621/651/643 1756/2219/1956 1706/2120/1894
f 1706/2120/1894 622/652/644 621/651/643
f 1253/1389/1332 617/647/639 616/646/638
f 65/67/68 64/66/67 46/2054/1858
f 46/2054/1858 48/2220/1957 65/67/68
f 411/429/425 1757/2221/1958 1702/2113/1890
f 1702/2113/1890 412/430/426 411/429/425
f 1251/1387/1330 786/826/811 785/825/810
f 1079/1167/1131 1078/1166/1130 1758/2222/1959
f 1063/2223/1115 1759/2224/1960 1760/2225/1961
f 1760/2226/1961 1257/2227/1338 1066/2228/1118
f 1066/2228/1118 1063/2229/1115 1760/2226/1961
f 1237/2230/1313 1236/2231/1312 1761/2232/1962
f 1761/2233/1963 1256/1392/1335 937/1394/1337
f 937/1394/1337 1237/2234/1964 1761/2233/1963
f 1180/1285/1244 42/207/43 45/1680/46
f 1046/1125/1095 1045/1124/1094 1762/2235/1965
f 1235/1367/1311 754/789/777 1190/1299/1254
f 1190/1299/1254 721/751/743 1235/1367/1311
f 754/789/777 753/788/776 1190/1299/1254
f 810/2236/1966 154/165/160 153/164/159
f 153/164/159 679/709/701 810/2236/1966
f 810/2237/1967 680/2238/702 154/2239/1328
f 1763/2240/1968 994/2241/1034 993/2242/1033
f 993/2243/1033 368/1356/380 1764/2244/1969
f 1764/2244/1969 1763/2245/1968 993/2243/1033
f 121/129/127 1765/2246/1970 1049/1129/1100
f 1049/1129/1100 127/1128/1099 121/129/127
f 1198/1307/1971 658/688/680 657/687/679
f 657/687/679 1698/2247/1883 1198/1307/1971
f 1679/2056/1860 1028/1104/1073 1766/2248/1972
f 1766/2248/1972 662/692/684 1679/2056/1860
f 22/2249/1973 51/53/52 50/52/51
f 50/52/51 23/2157/1918 22/2249/1973
f 972/1035/1007 581/608/598 1767/2250/1974
f 1233/1365/1309 718/748/740 308/324/319
f 308/324/319 1733/2169/1925 1233/1365/1309
f 36/2251/1975 18/2252/1976 964/2253/1977
f 964/2253/1977 226/2254/1978 36/2251/1975
f 310/326/321 116/122/120 115/121/119
f 115/121/119 1189/1298/1253 310/326/321
f 1497/1727/1631 462/481/476 88/90/91
f 88/90/91 91/93/94 1497/1727/1631
f 1074/1162/1126 1768/2255/1979 1075/1163/1127
f 738/768/760 1582/1890/1739 1769/2256/1980
f 1759/2224/1960 1063/2223/1115 738/2257/760
f 738/2257/760 1769/2258/1980 1759/2224/1960
f 363/381/375 362/380/374 992/1060/1032
f 992/1060/1032 994/1062/1034 363/381/375
f 99/101/102 1451/1659/1573 141/152/147
f 141/152/147 330/346/341 99/101/102
f 1659/2259/1837 835/1426/861 1282/1428/1369
f 1495/1725/1629 1496/2260/1981 91/2261/1020
f 91/2261/1020 19/2262/19 1495/1725/1629
f 345/361/357 344/360/356 683/2263/705
f 683/2263/705 685/2264/707 345/361/357
f 349/365/361 348/364/360 1288/2265/1375
f 1288/2265/1375 1014/2266/1059 349/365/361
f 453/472/467 950/1009/981 952/1011/983
f 952/1011/983 454/473/468 453/472/467
f 1276/1417/1358 763/798/786 209/222/217
f 209/222/217 105/109/108 1276/1417/1358
f 1736/2267/1928 1376/2268/1485 1770/2269/1982
f 1656/2016/1834 1770/2269/1982 1376/2268/1485
f 1376/2268/1485 905/2013/933 1656/2016/1834
f 1771/2270/1983 478/497/492 1439/1639/1559
f 999/1070/1042 1148/1244/1204 1147/1243/1203
f 1147/1243/1203 998/1069/1041 999/1070/1042
f 322/338/333 321/337/332 1033/1786/1078
f 1033/1786/1078 1035/2271/1080 322/338/333
f 1768/2255/1979 1074/1162/1126 1772/2272/1984
f 1478/2273/1607 1772/2274/1984 1074/2275/1126
f 1074/2275/1126 1077/2276/1129 1478/2273/1607
f 397/415/409 396/414/408 968/1031/1003
f 968/1031/1003 970/1033/1005 397/415/409
f 29/2277/1985 79/81/82 78/80/81
f 1545/1811/1689 611/641/633 1040/1116/1085
f 1040/1116/1085 1213/2278/1284 1545/1811/1689
f 1070/2279/1122 1069/2280/1121 1773/2281/1986
f 1751/2208/1948 1774/2282/1987 1370/1545/1479
f 1610/1934/1780 713/743/735 1370/1545/1479
f 1370/1545/1479 1774/2282/1987 1610/1934/1780
f 1750/2207/1947 1775/2283/1988 1368/1543/1477
f 828/875/854 827/874/853 1368/1543/1477
f 1368/1543/1477 1775/2283/1988 828/875/854
f 1414/2284/1531 564/591/580 1073/1161/1125
f 228/243/238 1333/1493/1433 1748/2285/1945
f 1776/2286/1989 1777/2287/1990 1008/1080/1052
f 1008/1080/1052 1007/1079/1051 1776/2286/1989
f 1778/2288/1991 1776/2286/1989 756/791/779
f 756/791/779 315/331/326 1778/2288/1991
f 687/717/709 1779/2289/1992 1214/1334/1287
f 104/108/107 1427/1625/1545 1276/1417/1358
f 1276/1417/1358 105/109/108 104/108/107
f 1510/2290/1649 1128/1224/1184 1127/1223/1183
f 246/261/256 1780/2291/1993 761/796/784
f 761/796/784 760/795/783 246/261/256
f 605/635/627 609/639/631 608/638/630
f 608/638/630 1781/2292/1994 605/635/627
f 1781/2292/1994 1549/1823/1695 605/635/627
f 1782/2293/1995 1050/1133/1102 887/1132/913
f 887/1132/913 241/256/251 1783/2294/1996
f 1783/2294/1996 1782/2293/1995 887/1132/913
f 1503/2295/1638 1784/2296/1997 1383/1558/1998
f 1383/1558/1998 899/955/1639 1503/2295/1638
f 1785/2297/1999 1383/1558/1998 1784/2296/1997
f 576/781/592 1277/2298/2000 748/782/770
f 404/1724/416 1406/1723/1628 67/2299/417
f 1778/2288/1991 315/331/326 314/330/325
f 314/330/325 1543/1809/1687 1778/2288/1991
f 5/5/5 7/7/7 156/167/162
f 672/2300/2001 156/167/162 7/7/7
f 7/7/7 917/1364/1308 672/2300/2001
f 519/542/535 1786/2301/2002 1787/2302/2003
f 1787/2302/2003 520/543/536 519/542/535
f 1327/2303/1426 514/537/530 1023/1097/1068
f 1023/1097/1068 1786/2301/2002 1327/2303/1426
f 1232/1359/1307 1764/2244/1969 368/1356/380
f 352/2304/364 351/2305/363 1015/1765/1060
f 1015/1765/1060 1788/2306/2004 352/2304/364
f 1015/1765/1060 1515/1764/1655 1788/2306/2004
f 169/2307/808 168/2308/2005 782/2309/805
f 602/2009/1832 196/208/202 1334/2310/2006
f 237/252/247 236/251/246 888/2311/914
f 888/2311/914 1050/2312/1102 237/252/247
f 1457/2313/1579 1789/2314/2007 1323/2089/1422
f 359/2315/2008 919/977/949 360/976/948
f 1263/2316/1345 389/2317/401 967/2318/1002
f 1076/1644/1128 213/226/221 1077/2319/1129
f 504/526/520 1586/1900/1749 505/527/521
f 1067/2320/1119 392/410/404 969/2321/1004
f 969/2321/1004 1560/2322/1708 1067/2320/1119
f 392/410/404 391/409/403 1071/2323/1123
f 1071/2323/1123 969/2321/1004 392/410/404
f 114/120/118 117/123/121 1188/1784/1667
f 1188/1784/1667 1196/2324/2009 114/120/118
f 1779/2289/1992 687/717/709 684/714/706
f 684/714/706 1513/2325/1653 1779/2289/1992
f 1300/1451/1391 1299/1450/1390 774/809/797
f 708/1577/730 707/2326/729 142/153/148
f 142/153/148 145/156/151 708/1577/730
f 56/58/57 55/57/56 17/2327/2010
f 17/2327/2010 2/1584/1512 56/58/57
f 1790/2328/2011 1791/2329/2012 1418/1615/1535
f 1418/1615/1535 229/2330/239 1790/2328/2011
f 1792/2331/2013 1418/1615/1535 1791/2329/2012
f 1793/2332/2014 1210/1326/1278 1209/1325/1277
f 1209/1325/1277 1522/2333/1663 1793/2332/2014
f 1794/2334/2015 1639/2335/1812 587/614/604
f 587/614/604 1239/1371/1315 1794/2334/2015
f 804/848/829 164/2336/170 1301/1856/1392
f 1301/1856/1392 805/849/830 804/848/829
f 58/1776/59 1521/1775/2016 1012/2180/1057
f 808/853/833 426/852/440 430/449/444
f 430/449/444 429/448/443 808/853/833
f 481/1922/495 480/2337/494 945/2338/2017
f 486/505/500 188/199/194 1795/2339/2018
f 1795/2339/2018 1796/2340/2019 486/505/500
f 1797/2341/2020 1795/2339/2018 188/199/194
f 163/174/169 957/1344/988 956/2342/987
f 956/2342/987 1568/2343/1718 163/174/169
f 1271/2344/1353 1248/1380/1324 1269/1656/1351
f 1119/1215/1175 383/401/395 1458/1674/1583
f 1458/1674/1583 1459/1675/1584 1119/1215/1175
f 301/317/312 383/401/395 1119/1215/1175
f 1119/1215/1175 1118/1214/1174 301/317/312
f 443/1315/1269 1289/1435/1376 1145/2345/2021
f 533/558/549 532/557/548 930/988/960
f 1421/1618/1538 234/249/244 920/978/950
f 920/978/950 1486/1711/1618 1421/1618/1538
f 1796/2340/2019 1798/2346/2022 1031/1107/1076
f 1031/1107/1076 486/505/500 1796/2340/2019
f 496/518/512 170/181/176 1799/2347/2023
f 1799/2347/2023 1800/2348/2024 496/518/512
f 1581/1889/1738 1799/2347/2023 170/181/176
f 494/2349/508 1048/1261/1097 72/74/75
f 1801/2350/2025 1802/2351/2026 468/487/482
f 468/487/482 471/490/485 1801/2350/2025
f 188/199/194 191/202/197 1203/1317/1271
f 1203/1317/1271 1797/2341/2020 188/199/194
f 1803/2352/2027 940/998/970 635/665/657
f 635/665/657 638/668/660 1803/2352/2027
f 219/232/227 222/235/230 1588/2353/1752
f 1588/2353/1752 1804/2354/2028 219/232/227
f 1800/2348/2024 1805/2355/2029 1036/1112/1081
f 1036/1112/1081 496/518/512 1800/2348/2024
f 1197/2356/2030 893/948/920 14/15/14
f 14/15/14 110/950/922 1197/2356/2030
f 1731/2357/1923 1408/2358/1524 1806/2359/2031
f 843/891/869 1806/2359/2031 1408/2358/1524
f 1408/2358/1524 841/888/867 843/891/869
f 1185/1293/1249 1184/1292/1248 1626/1955/1796
f 942/1000/972 944/1002/974 1313/1468/1412
f 1313/1468/1412 1807/2360/2032 942/1000/972
f 476/495/490 483/502/497 1375/1550/1484
f 1375/1550/1484 477/496/491 476/495/490
f 1529/1791/1672 1808/2361/2033 1278/1421/1365
f 1278/1421/1365 987/1055/1025 1529/1791/1672
f 1808/2361/2033 294/310/305 1278/1421/1365
f 350/2362/362 1608/2363/1778 1341/2364/1444
f 1341/2364/1444 347/2365/359 350/2362/362
f 346/2366/358 1605/2367/1775 1339/2368/1442
f 1339/2368/1442 343/2369/355 346/2366/358
f 639/669/661 1317/1474/1416 1316/1473/1415
f 1316/1473/1415 640/670/662 639/669/661
f 765/800/788 1319/2370/1418 1318/2371/1417
f 1318/2371/1417 766/801/789 765/800/788
f 1809/2372/2034 1486/1711/1618 39/41/40
f 1809/2373/2034 39/1742/40 282/298/1645
f 282/298/1645 281/297/2035 1809/2373/2034
f 1810/2374/2036 1642/1992/1818 751/786/774
f 751/786/774 1079/1167/1131 1810/2374/2036
f 133/2375/2037 118/125/123 31/124/122
f 31/124/122 1012/2376/2038 133/2375/2037
f 132/784/772 15/16/15 118/2377/1206
f 1676/2051/1855 1675/2050/1854 1081/1169/1133
f 1001/1661/1045 493/2378/1044 1218/2181/1292
f 364/382/376 1677/2052/1856 1676/2051/1855
f 1676/2051/1855 361/379/373 364/382/376
f 13/14/13 12/13/12 113/2379/117
f 1645/1995/1821 1648/1998/1824 1647/1997/1823
f 1647/1997/1823 1054/1137/1106 1645/1995/1821
f 1524/2380/1665 771/1667/794 1456/1669/1578
f 890/945/916 490/509/504 489/508/503
f 489/508/503 891/946/917 890/945/916
f 674/2381/696 673/2382/695 1333/1493/1433
f 1333/1493/1433 1332/1492/1432 674/2381/696
f 323/339/334 1683/2064/1865 1356/1527/1463
f 1356/1527/1463 320/336/331 323/339/334
f 1487/2383/1620 1542/2384/1686 934/2385/964
f 934/2385/964 1237/2230/1313 1487/2383/1620
f 398/416/410 1715/2136/1903 1437/1637/1557
f 1437/1637/1557 395/413/407 398/416/410
f 1402/2386/1514 999/1070/1042 546/571/562
f 546/571/562 549/574/565 1402/2386/1514
f 814/861/840 813/860/839 1324/1481/1423
f 1324/1481/1423 1326/1483/1425 814/861/840
f 520/543/536 1787/2302/2003 1538/1801/1681
f 597/626/618 1811/2387/2039 1730/2163/1922
f 482/501/496 481/500/495 1600/2388/1766
f 1600/2388/1766 1670/2039/1848 482/501/496
f 539/564/555 537/562/553 1812/2389/2040
f 1812/2389/2040 1295/1446/1384 539/564/555
f 456/475/470 455/474/469 1364/1537/1473
f 1364/1537/1473 1709/2126/1897 456/475/470
f 1813/2390/2041 1649/1999/1825 743/775/765
f 1813/2390/2041 743/775/765 1070/1156/1122
f 1070/1156/1122 1814/2391/2042 1813/2390/2041
f 1187/1295/1251 1793/2392/2014 1522/1777/1663
f 1522/1777/1663 247/262/257 1187/1295/1251
f 986/1054/1024 44/46/45 150/161/156
f 150/161/156 155/166/161 986/1054/1024
f 1115/1211/1171 1536/1799/1679 1113/1209/1169
f 1304/1455/1395 980/1045/1015 979/1044/1014
f 1410/2170/1526 842/1653/868 841/2393/867
f 173/184/179 172/183/178 1389/1564/1498
f 1389/1564/1498 468/1022/994 173/184/179
f 1717/2138/1905 1215/1335/1288 1815/2394/2043
f 52/54/53 1729/2162/1921 1175/1280/1239
f 1175/1280/1239 1183/1289/1247 52/54/53
f 1816/2395/2044 1020/1094/1065 1019/1093/1064
f 1019/1093/1064 1283/1429/1370 1816/2395/2044
f 505/527/521 1586/1900/1749 1585/1899/1748
f 505/527/521 1585/1899/1748 1554/1829/1700
f 1554/1829/1700 502/524/518 505/527/521
f 1817/2396/2045 1633/1970/1804 265/1969/275
f 265/1969/275 1046/2397/1095 1817/2396/2045
f 60/62/61 1212/2398/2046 894/949/921
f 770/805/793 1172/1277/1235 771/806/794
f 771/2399/794 1172/1664/1235 1453/1663/1575
f 1453/1663/1575 1455/2400/1577 771/2399/794
f 262/277/272 261/276/271 1163/2131/1226
f 1163/2131/1226 1165/2401/1228 262/277/272
f 238/253/248 1624/1953/1794 1623/1952/1793
f 1623/1952/1793 235/250/245 238/253/248
f 1818/2402/2047 659/689/2048 658/688/1262
f 658/688/1262 1200/1309/1265 1818/2402/2047
f 521/544/537 1139/1235/1195 1141/1237/1197
f 1141/1237/1197 522/545/538 521/544/537
f 701/731/723 700/730/722 1168/1273/1231
f 1168/1273/1231 1169/1274/1232 701/731/723
f 1666/2035/1844 630/660/652 629/659/651
f 629/659/651 1638/1981/1811 1666/2035/1844
f 74/2403/2049 1463/1679/1588 878/933/904
f 878/933/904 257/2404/2050 74/2403/2049
f 1353/1524/1460 1491/1719/1624 331/347/342
f 780/2405/803 971/2406/1006 1672/2407/1850
f 1222/1345/1296 694/724/716 1819/2408/2051
f 296/312/307 299/315/310 989/1057/1027
f 989/1057/1027 1397/2409/1507 296/312/307
f 368/386/380 1017/1091/1062 365/383/377
f 30/31/30 847/895/873 846/894/872
f 846/894/872 57/59/58 30/31/30
f 802/1866/827 1617/1945/1787 1820/2410/2052
f 1574/1867/1724 802/1866/827 1820/2410/2052
f 796/1939/821 1613/1938/1783 1821/2411/2053
f 1573/2412/1723 796/1939/821 1821/2411/2053
f 1620/1949/1790 1501/1734/1636 1621/1950/1791
f 1621/1950/1791 1501/1734/1636 692/722/714
f 692/722/714 1223/1346/1297 1621/1950/1791
f 1149/1245/1205 1571/1861/1721 1147/1243/1203
f 1515/2413/1655 1288/2265/1375 348/364/360
f 348/364/360 1516/1767/1656 1515/2413/1655
f 1513/2414/1653 683/2263/705 344/360/356
f 344/360/356 1514/1763/1654 1513/2414/1653
f 807/851/832 806/850/831 1374/1549/1483
f 1374/1549/1483 1719/2143/1907 807/851/832
f 652/2415/674 651/1290/673 1475/1957/1798
f 18/2416/1976 1146/2417/2054 964/2418/1977
f 655/685/677 654/684/676 1224/2105/1298
f 1224/2105/1298 1225/2419/1299 655/685/677
f 419/437/433 1283/1429/1370 1284/1430/1371
f 1284/1430/1371 420/438/434 419/437/433
f 406/424/420 1174/1279/1238 1176/1281/1240
f 1176/1281/1240 407/425/421 406/424/420
f 1/1/1 156/167/162 672/2300/2001
f 672/2300/2001 671/2420/2055 1/1/1
f 1590/1906/1755 1028/1104/1073 1030/1106/1075
f 1033/1786/1078 321/337/332 1526/1787/1669
f 1526/1787/1669 1154/1255/1214 1033/1786/1078
f 952/1011/983 1533/1796/1676 1534/1797/1677
f 1534/1797/1677 454/473/468 952/1011/983
f 73/75/76 72/74/75 1048/1261/1097
f 992/1060/1032 362/380/374 1527/1789/1670
f 1527/1789/1670 1016/1788/1061 992/1060/1032
f 1711/2132/1899 583/610/600 582/609/599
f 582/609/599 1641/1986/1814 1711/2132/1899
f 1713/2134/1901 1653/2004/1829 563/590/579
f 563/590/579 562/589/578 1713/2134/1901
f 710/740/732 709/739/731 388/406/400
f 388/406/400 390/408/402 710/740/732
f 388/1580/400 709/1576/731 1399/1579/1509
f 452/2421/466 451/2422/465 951/2423/982
f 951/2423/982 1060/2424/1112 452/2421/466
f 69/71/72 1476/1698/1605 70/72/73
f 722/752/744 721/751/743 1190/1299/1254
f 1190/1299/1254 1191/1300/1255 722/752/744
f 666/696/688 1697/2092/1879 1822/2425/2056
f 1596/1913/1761 666/696/688 1822/2425/2056
f 819/1853/845 1507/2426/1646 158/169/164
f 158/169/164 1546/1812/1690 819/1853/845
f 851/901/877 1696/2091/1878 1823/2427/2057
f 1595/1912/1760 851/901/877 1823/2427/2057
f 568/1319/584 1204/1318/1272 1824/2428/2058
f 427/2429/441 808/2033/833 1664/2032/1842
f 856/2430/882 1708/2431/1896 1825/2432/2059
f 1606/2433/1776 856/2434/882 1825/2435/2059
f 704/734/726 1700/2111/1888 1826/2436/2060
f 1603/1927/1773 704/734/726 1826/2436/2060
f 866/2117/892 1704/2116/1892 1827/2437/2061
f 1607/2438/1777 866/2117/892 1827/2437/2061
f 1828/2439/2062 1705/2119/1893 872/927/898
f 1828/2439/2062 872/927/898 1602/1926/1772
f 861/914/887 1701/2112/1889 1829/2440/2063
f 1604/1928/1774 861/914/887 1829/2440/2063
f 34/35/34 304/320/315 682/712/704
f 682/712/704 1678/2441/2064 34/35/34
f 1262/2442/1344 967/1756/1002 1512/1758/1652
f 133/2375/2065 132/2443/2065 118/125/2065
f 379/2444/391 278/2445/288 277/2446/287
f 278/2447/288 379/397/391 382/400/394
f 382/400/394 1234/1911/1310 278/2447/288
f 9/2448/9 225/2449/2066 917/2450/1308
f 9/515/2067 95/514/1438 1337/2451/1440
f 1337/2451/1440 225/2452/2068 9/515/2067
f 736/766/758 1749/2204/1946 1385/1560/1494
f 1385/1560/1494 733/763/755 736/766/758
f 535/560/551 538/563/554 541/566/557
f 541/566/557 1436/2453/1556 535/560/551
f 1830/2454/2069 1794/2334/2015 1239/1371/1315
f 750/785/773 752/787/775 753/2455/776
f 753/2455/776 755/2456/778 750/785/773
f 753/2455/776 752/787/775 1642/1992/1818
f 1642/1992/1818 1643/2457/1819 753/2455/776
f 585/612/602 584/611/601 972/2458/1007
f 972/2458/1007 1767/2459/1974 585/612/602
f 972/2460/1007 584/1982/601 1639/1984/1812
f 1639/1984/1812 1640/2461/1813 972/2460/1007
f 1113/1209/1169 1537/1800/1680 1535/1798/1678
f 1535/1798/1678 939/997/969 1113/1209/1169
f 466/485/480 465/484/479 826/873/852
f 826/873/852 829/876/855 466/485/480
f 742/2462/764 744/2463/766 745/2464/767
f 745/2464/767 747/2465/769 742/2462/764
f 745/2466/767 744/776/766 1649/1999/1825
f 1649/1999/1825 1650/2467/1826 745/2466/767
f 808/853/833 429/448/443 1662/2030/1840
f 1662/2030/1840 1663/2468/1841 808/853/833
f 264/279/274 266/281/276 1164/2469/1227
f 1164/2469/1227 1167/2470/1230 264/279/274
f 1164/2471/1227 266/1968/276 1633/1970/1804
f 1633/1970/1804 1634/2472/1805 1164/2471/1227
f 632/662/654 631/661/653 1072/2473/1124
f 1072/2473/1124 1747/2474/1944 632/662/654
f 1072/2473/1124 631/661/653 943/1001/973
f 943/1001/973 1637/2475/1810 1072/2473/1124
f 327/343/338 326/342/337 1034/1967/1079
f 1034/1967/1079 1155/2476/1215 327/343/338
f 1034/1967/1079 326/342/337 1631/1964/1802
f 1631/1964/1802 1632/1965/1803 1034/1967/1079
f 373/391/385 1492/1720/1625 1106/1199/1159
f 1811/2387/2039 597/626/618 1547/1813/1691
f 902/958/930 901/957/929 473/2477/487
f 473/2477/487 472/2478/486 902/958/930
f 821/1746/847 5/2479/5 1507/1747/1646
f 1771/2270/1983 479/498/493 478/497/492
f 43/45/44 47/49/48 44/46/45
f 196/208/202 47/2008/48 43/209/44
f 1831/2480/2070 1810/2374/2036 1079/1167/1131
f 620/650/642 1252/1388/1331 1253/1389/1332
f 1253/1389/1332 621/651/643 620/650/642
f 1559/1840/1707 968/1031/1003 396/414/408
f 396/414/408 1575/1869/1725 1559/1840/1707
f 410/428/424 1250/1386/1329 1251/1387/1330
f 1251/1387/1330 411/429/425 410/428/424
f 185/2481/191 1493/1721/1626 1494/1722/1627
f 1494/1722/1627 186/2075/192 185/2481/191
f 387/2482/399 1003/1075/1047 1005/1077/1049
f 1005/1077/1049 384/2071/396 387/2482/399
f 1832/2483/2071 528/551/544 527/550/543
f 527/550/543 1519/1770/1659 1832/2483/2071
f 528/551/544 1833/2484/2072 1834/2485/2073
f 1834/2485/2073 525/548/541 528/551/544
f 805/849/830 1301/1856/1392 1568/1858/1718
f 1568/1858/1718 1569/1859/1719 805/849/830
f 138/149/144 821/1746/847 818/865/844
f 818/865/844 375/393/387 138/149/144
f 1657/2486/1835 1835/2487/2074 831/878/857
f 1835/2487/2074 832/879/858 831/878/857
f 257/272/267 1111/1204/1164 258/273/268
f 1040/1116/1085 1039/1115/1084 1213/2278/1284
f 259/274/269 258/273/268 691/721/713
f 369/387/381 1240/1372/1316 731/761/753
f 1240/1372/1316 369/387/381 372/390/384
f 372/390/384 1578/1884/1732 1240/1372/1316
f 1099/1192/1152 1680/2057/1861 1679/2056/1860
f 1679/2056/1860 661/691/683 1099/1192/1152
f 662/692/684 661/691/683 1679/2056/1860
f 973/1438/1008 976/2488/1011 1292/1439/1380
f 1598/1919/1764 1008/1080/1052 1777/2287/1990
f 434/453/448 885/940/911 435/454/449
f 268/2489/278 422/440/436 269/443/279
f 245/260/255 244/259/254 1208/1324/1276
f 1208/1324/1276 1210/1326/1278 245/260/255
f 1587/1901/1750 761/796/784 1780/2291/1993
f 737/767/759 734/764/756 1583/1891/1740
f 1583/1891/1740 1582/1890/1739 737/767/759
f 135/146/141 589/616/608 1716/2137/1904
f 1836/2490/2075 1837/2491/2076 1388/1563/1497
f 1293/1440/1381 1532/2492/1675 1291/1437/1379
f 1837/2491/2076 1662/2030/1840 432/451/446
f 432/451/446 1388/1563/1497 1837/2491/2076
f 1765/2246/1970 121/129/127 120/128/126
f 120/128/126 1246/1378/1322 1765/2246/1970
f 1838/2493/2077 1734/2172/1926 877/932/903
f 1838/2493/2077 877/932/903 1665/2034/1843
f 1839/2494/2078 1840/2495/2079 240/255/250
f 240/255/250 1280/2496/1367 1839/2494/2078
f 1403/1588/1516 1027/1587/1515 317/2497/1519
f 1147/1243/1203 1572/1862/1722 1570/1860/1720
f 1570/1860/1720 998/1069/1041 1147/1243/1203
f 883/938/909 1735/2173/1927 1841/2498/2080
f 1661/2029/1839 883/938/909 1841/2498/2080
f 360/2499/372 1488/1716/1621 113/897/117
f 686/716/708 1310/1464/1407 687/717/709
f 20/2500/2081 1350/1520/1456 1138/1234/1455
f 1138/1234/1455 588/2210/2082 20/2500/2081
f 89/91/92 88/90/91 461/480/475
f 461/480/475 1434/1632/1554 89/91/92
f 572/599/588 571/598/587 714/744/736
f 904/2014/932 448/2501/462 553/2015/569
f 1496/2260/1981 1495/1725/1629 35/36/35
f 373/391/385 1100/1193/1153 374/392/386
f 725/755/747 1739/2184/1933 1842/2502/2083
f 1669/2038/1847 725/755/747 1842/2502/2083
f 1843/2503/2084 1738/2183/1932 840/887/866
f 1843/2503/2084 840/887/866 1668/2037/1846
f 1462/1678/1587 1461/1677/1586 251/266/261
f 251/266/261 254/269/264 1462/1678/1587
f 93/95/96 295/311/306 294/310/305
f 294/310/305 1808/2361/2033 93/95/96
f 1330/2186/1430 126/136/132 1331/1491/1431
f 1270/2504/1352 1269/2505/1351 1449/2506/1571
f 1844/2507/2085 922/980/952 921/979/951
f 921/979/951 1722/2146/1910 1844/2507/2085
f 14/15/14 1845/2508/2086 281/297/292
f 281/297/292 15/16/15 14/15/14
f 182/193/188 1384/1559/1493 1359/1530/1466
f 1359/1530/1466 183/194/189 182/193/188
f 1685/2072/1867 384/2071/396 1005/1077/1049
f 1005/1077/1049 1460/1676/1585 1685/2072/1867
f 1687/2076/1869 186/2075/192 1494/1722/1627
f 1494/1722/1627 147/158/153 1687/2076/1869
f 1846/2509/2087 1272/1413/1354 1273/1414/1355
f 1847/2510/2088 1273/1836/1705 1558/1839/1706
f 1848/2511/2089 908/964/936 907/963/935
f 1720/2512/1908 1848/2511/2089 907/963/935
f 1840/2495/2079 1783/2294/1996 241/256/251
f 241/256/251 240/255/250 1840/2495/2079
f 1849/2513/2090 1817/2396/2045 1046/2397/1095
f 1349/1517/1453 790/2187/815 544/569/560
f 274/290/284 3/289/3 2/2514/2
f 2/2514/2 1433/1631/1553 274/290/284
f 467/2515/481 1120/1216/1176 1122/1218/1178
f 1122/1218/1178 464/1961/478 467/2515/481
f 1195/1304/1259 1555/1833/1702 1556/1834/1703
f 1850/2516/2091 1851/2517/2092 444/463/458
f 444/463/458 1144/1240/1200 1850/2516/2091
f 1851/2517/2092 441/460/455 444/463/458
f 688/718/710 1717/2138/1905 689/719/711
f 1375/1550/1484 1670/2039/1848 1671/2040/1849
f 1671/2040/1849 477/496/491 1375/1550/1484
f 1158/1262/1221 599/628/620 598/627/619
f 598/627/619 1104/1197/1157 1158/1262/1221
f 1105/1198/1158 1104/1197/1157 598/627/619
f 1852/2518/2093 1025/2519/2094 208/221/216
f 208/1313/216 1025/1817/2094 177/1314/1268
f 1057/1140/1109 512/534/528 511/533/527
f 511/533/527 1058/1141/1110 1057/1140/1109
f 512/1505/528 1057/2059/1109 1681/2058/1862
f 1681/2058/1862 1338/1506/1441 512/1505/528
f 1178/1283/1242 1177/1282/1241 332/348/343
f 332/348/343 463/482/477 1178/1283/1242
f 1359/1530/1466 1358/1529/1465 223/236/231
f 223/236/231 183/194/189 1359/1530/1466
f 1625/1954/1795 1031/1107/1076 1798/2346/2022
f 568/595/584 1824/2520/2058 1853/2521/2095
f 1853/2521/2095 565/592/581 568/595/584
f 766/2085/789 1318/2099/1417 1691/2082/1873
f 640/2081/662 1316/2522/1415 1689/2078/1871
f 1491/1719/1624 1489/1717/1622 1178/1283/1242
f 1178/1283/1242 463/482/477 1491/1719/1624
f 1854/2523/2096 777/814/800 776/813/799
f 776/813/799 1744/2194/1939 1854/2523/2096
f 167/178/173 1307/1461/1403 1295/1446/1384
f 1295/1446/1384 1812/2389/2040 167/178/173
f 1789/2314/2007 1695/2090/1877 1323/2089/1422
f 1609/1933/1779 1036/1112/1081 1805/2355/2029
f 732/762/754 1101/1194/1154 370/388/382
f 370/388/382 1101/1194/1154 1107/1200/1160
f 1107/1200/1160 371/389/383 370/388/382
f 145/156/151 144/155/150 1110/1203/1163
f 1628/1958/1799 464/1961/478 1122/1218/1178
f 1122/1218/1178 1490/1718/1623 1628/1958/1799
f 783/2524/2097 280/296/291 1048/1261/1220
f 1652/2002/1828 1231/1358/1306 367/1357/379
f 442/2525/2098 1202/1316/1270 443/1315/1269
f 1383/1558/1492 1785/2297/2099 1381/1556/1490
f 4/4/4 157/168/163 156/167/162
f 978/1043/1013 1855/2526/2100 1302/1453/1393
f 1303/1454/1394 1302/1453/1393 1855/2526/2100
f 1612/2527/1782 1614/1941/1784 795/1940/820
f 795/1940/820 792/2528/817 1612/2527/1782
f 1616/2529/1786 1618/1947/1788 801/1946/826
f 801/1946/826 798/2530/823 1616/2529/1786
f 1066/1150/1118 1065/1149/1117 1061/1144/1113
f 1061/1144/1113 1063/1147/1115 1066/1150/1118
f 1432/2531/1552 1044/1120/1090 38/1123/1093
f 38/1123/1093 1431/2532/1551 1432/2531/1552
f 198/211/2101 152/1671/1580 48/1673/1582
f 48/1673/1582 199/212/2102 198/211/2101
f 45/47/46 44/46/45 137/148/143
f 988/1056/1026 987/1055/1025 1278/1421/1365
f 1278/1421/1365 293/309/304 988/1056/1026
f 194/2533/200 193/2534/199 1347/1515/1450
f 1347/1515/1450 1346/1514/1449 194/2533/200
f 1355/2535/1462 1354/2536/1461 1803/2537/2027
f 1803/2537/2027 638/2538/660 1355/2535/1462
f 1482/2539/1613 1355/2540/1462 638/668/660
f 638/668/660 637/667/659 1482/2539/1613
f 1550/2541/1696 1411/1605/1527 1347/1515/1450
f 1347/1515/1450 193/2534/199 1550/2541/1696
f 1173/1278/1236 402/2542/414 401/2543/413
f 401/2543/413 1171/1276/1234 1173/1278/1236
f 1856/2544/2103 1584/1898/1747 1586/1900/1749
f 1586/1900/1749 504/526/520 1856/2544/2103
f 576/603/592 575/602/591 1277/2545/2000
f 1102/1195/1155 252/267/262 600/629/621
f 600/629/621 1103/1196/1156 1102/1195/1155
f 552/579/568 447/578/461 1321/2546/1420
f 1321/2546/1420 1322/2547/1421 552/579/568
f 177/188/183 679/709/701 153/164/159
f 1183/1289/1247 49/51/50 52/54/53
f 1206/1322/1274 49/51/50 1183/1289/1247
f 1183/1289/1247 1182/1288/1246 1206/1322/1274
f 1020/1094/1065 63/65/66 66/68/69
f 416/434/430 63/65/66 1020/1094/1065
f 1020/1094/1065 1816/2395/2044 416/434/430
f 216/1174/224 1084/1173/1136 781/2548/804
f 54/56/55 53/55/54 1085/1175/1137
f 1085/1175/1137 53/55/54 485/504/499
f 102/104/105 1593/1909/1758 1592/1908/1757
f 1592/1908/1757 103/105/106 102/104/105
f 1531/2549/1674 1089/1179/1141 515/1182/531
f 1790/2328/2011 229/2330/239 228/2550/238
f 228/2550/238 1748/2551/1945 1790/2328/2011
f 579/606/596 578/605/595 1260/1398/1341
f 1260/1398/1341 1259/1397/1340 579/606/596
f 959/2552/990 1723/2553/1911 1857/2554/2104
f 1418/1615/1535 1792/2331/2013 1416/1613/1533
f 283/2555/2105 1352/1523/1459 334/1522/1458
f 656/686/678 1696/2091/1878 850/900/876
f 850/900/876 653/683/675 656/686/678
f 446/2556/460 1245/2557/1321 1321/2546/1420
f 1321/2546/1420 447/578/461 446/2556/460
f 263/278/273 1697/2092/1879 665/695/687
f 665/695/687 260/275/270 263/278/273
f 1667/2036/1845 1701/2112/1889 860/913/886
f 860/913/886 858/911/884 1667/2036/1845
f 702/732/724 1700/2111/1888 703/733/725
f 703/733/725 699/729/721 702/732/724
f 1062/2558/1114 739/769/761 738/768/760
f 1703/2559/1891 1704/2116/1892 865/2118/891
f 865/2118/891 863/2560/889 1703/2559/1891
f 1707/2561/1895 1708/2431/1896 855/2562/881
f 855/2562/881 853/905/879 1707/2561/1895
f 870/925/896 1705/2119/1893 524/547/540
f 524/547/540 523/546/539 870/925/896
f 626/656/648 625/655/647 1217/1337/1290
f 1217/1337/1290 1216/1336/1289 626/656/648
f 1171/1665/1234 401/419/413 1454/1666/1576
f 830/2563/856 832/2564/858 297/313/308
f 297/313/308 296/312/307 830/2563/856
f 1852/2518/2093 208/221/216 175/186/1360
f 1466/2153/1591 740/1181/762 1090/1180/1142
f 1083/1172/1135 215/1171/223 1742/2205/1937
f 1858/2565/2106 1839/2494/2078 1280/2496/1367
f 1299/1450/1390 772/807/795 1520/1771/1660
f 248/263/258 247/262/257 1522/1777/1663
f 549/574/565 1371/2566/1480 1402/2386/1514
f 1372/2567/1481 1371/2568/1480 549/2569/565
f 549/2569/565 548/2570/564 1372/2567/1481
f 1192/1301/2107 1601/1923/1767 947/1005/1770
f 1723/2571/1911 959/2572/990 958/2573/989
f 1859/2574/2108 1818/2402/2047 1200/1309/1265
f 10/1296/10 13/896/13 255/270/265
f 793/2575/818 792/2576/817 795/2577/820
f 795/2577/820 794/2578/819 793/2575/818
f 1860/2579/2109 689/719/711 1717/2138/1905
f 799/843/824 798/842/823 801/845/826
f 801/845/826 800/844/825 799/843/824
f 42/207/43 1180/1285/1244 1181/1287/1245
f 912/969/941 347/363/359 1341/1509/1444
f 1056/1139/1108 1861/2580/2110 1682/2581/1863
f 1861/2580/2110 1056/1139/1108 1059/1142/1111
f 663/693/685 1365/1538/1474 664/694/686
f 664/694/686 1365/1538/1474 1098/1191/1151
f 933/991/963 343/359/355 1339/1507/1442
f 980/2582/1015 695/725/717 698/728/720
f 698/728/720 977/2583/1012 980/2582/1015
f 380/398/392 1565/1851/1713 1546/1812/1690
f 1546/1812/1690 381/399/393 380/398/392
f 1565/1851/1713 380/398/392 1264/1403/1346
f 645/675/667 644/674/666 1286/1432/1373
f 1286/1432/1373 1285/1431/1372 645/675/667
f 18/19/18 1495/2584/1629 19/20/19
f 528/551/544 1832/2483/2071 1833/2484/2072
f 607/637/629 606/636/628 924/982/954
f 924/982/954 923/981/953 607/637/629
f 1096/1189/1149 235/250/245 1623/1952/1793
f 875/930/901 1734/2172/1926 1714/2135/1902
f 1714/2135/1902 873/928/899 875/930/901
f 1712/2133/1900 1735/2173/1927 882/937/908
f 882/937/908 880/935/906 1712/2133/1900
f 559/586/575 1394/2165/1504 1136/1232/1192
f 1136/1232/1192 1135/1231/1191 559/586/575
f 1136/2585/1192 1394/1571/1504 1392/1570/1502
f 1862/2586/2111 1153/1251/1213 816/863/842
f 838/885/864 1738/2183/1932 1737/2182/1931
f 1737/2182/1931 836/883/862 838/885/864
f 906/2587/934 908/2588/936 536/561/552
f 536/561/552 535/560/551 906/2587/934
f 1658/2020/1836 889/944/915 591/618/918
f 723/753/745 1739/2184/1933 724/754/746
f 724/754/746 720/750/742 723/753/745
f 1284/1430/1371 1018/1092/1063 1727/2160/1919
f 1727/2160/1919 420/438/434 1284/1430/1371
f 1176/1281/1240 1729/2162/1921 1728/2161/1920
f 1728/2161/1920 407/425/421 1176/1281/1240
f 428/447/442 1053/1136/1105 425/444/439
f 158/169/164 1507/2426/1646 5/5/5
f 126/136/132 129/139/135 1331/1491/1431
f 1635/2589/1807 1863/2590/2112 1091/2591/1806
f 1091/1183/1143 1863/2592/2113 1092/1184/1144
f 1636/1979/1809 1864/2593/2114 1093/1976/1808
f 1093/1186/1146 1864/2594/2115 1094/1187/1147
f 1222/1345/1296 1819/2408/2051 1865/2595/2116
f 900/956/928 899/955/927 1383/1558/1492
f 1383/1558/1492 1382/1557/1491 900/956/928
f 849/899/875 653/683/675 850/900/876
f 668/698/690 260/275/270 665/695/687
f 1143/2596/1851 1866/2597/2117 1673/2598/1852
f 1142/2599/1198 1866/2600/2118 1143/2601/1199
f 1/2602/2119 671/2603/2119 2/2604/2119
f 859/912/885 858/911/884 860/913/886
f 706/736/728 699/729/721 703/733/725
f 351/1987/363 354/1748/366 1509/1751/1648
f 870/925/896 523/546/539 869/924/895
f 864/919/890 863/918/889 865/920/891
f 854/910/880 853/2605/879 855/907/881
f 128/138/134 1334/2310/2006 196/208/202
f 574/1572/590 573/780/589 1395/1573/1505
f 1395/1573/1505 573/780/589 749/783/771
f 641/2080/663 1690/2079/1872 1867/2606/2120
f 1867/2607/2120 642/672/664 641/671/663
f 767/2084/790 1692/2083/1874 1868/2608/2121
f 1868/2608/2121 768/2609/791 767/2084/790
f 161/1518/167 543/568/559 162/2027/168
f 1103/1196/1156 600/629/621 1159/1263/1222
f 813/860/839 1153/1251/1213 1378/1553/1487
f 696/1497/718 1335/1496/1436 1710/2128/1898
f 1710/2128/1898 1620/2127/1790 696/1497/718
f 329/345/340 328/344/339 778/815/801
f 1055/1138/1107 1054/1137/1106 1647/1997/1823
f 914/971/943 320/336/331 1356/1527/1463
f 154/2610/1328 680/2611/702 304/2612/315
f 257/2404/2050 878/933/904 879/934/905
f 879/934/905 1111/2613/2122 257/2404/2050
f 230/2614/240 229/2330/239 1418/1615/1535
f 1418/1615/1535 1417/1614/1534 230/2614/240
f 1134/1623/1190 1426/1624/1544 1131/2615/1187
f 1253/1389/1332 616/646/638 1756/2219/1956
f 1756/2219/1956 621/651/643 1253/1389/1332
f 1251/1387/1330 785/825/810 1757/2221/1958
f 1757/2221/1958 411/429/425 1251/1387/1330
f 1374/1549/1483 806/850/831 966/1029/1001
f 1361/1532/1468 1360/1531/1467 669/699/691
f 669/699/691 918/975/947 1361/1532/1468
f 1364/1537/1473 455/474/469 916/973/945
f 1081/1169/1133 361/379/373 1676/2051/1855
f 1117/2214/1173 221/234/229 220/233/228
f 812/859/838 612/642/634 1325/1482/1424
f 135/146/141 1716/2137/1904 136/147/142
f 830/877/856 296/2616/307 1397/1575/1507
f 1130/1226/1186 395/413/407 1437/1637/1557
f 881/936/907 880/935/906 882/937/908
f 875/930/901 873/928/899 874/929/900
f 1196/1305/1260 76/78/79 1197/1306/1261
f 76/78/79 1196/1305/1260 1188/1297/1252
f 93/95/96 92/94/95 295/311/306
f 92/94/95 1562/1845/1710 292/308/303
f 292/308/303 295/311/306 92/94/95
f 1265/1404/1347 817/864/843 820/867/846
f 727/757/749 720/750/742 724/754/746
f 838/885/864 836/883/862 837/884/863
f 160/171/166 159/170/165 377/395/389
f 83/85/86 82/84/85 609/639/631
f 1021/1650/1566 1444/1649/1565 1869/2617/2123
f 1870/2618/2124 437/456/451 440/459/454
f 206/2142/213 205/2619/212 202/215/209
f 202/2620/209 205/2621/212 203/2622/210
f 589/616/608 1433/1631/1553 17/18/605
f 2/2514/2 17/18/605 1433/1631/1553
f 906/1635/934 535/2623/551 1436/1636/1556
f 757/792/780 756/791/779 1007/1079/1051
f 1007/1079/1051 756/791/779 1776/2286/1989
f 954/1013/985 733/763/755 1385/1560/1494
f 167/178/173 166/177/172 1307/1461/1403
f 166/177/172 1576/1879/1729 1306/1460/1402
f 1306/1460/1402 1307/1461/1403 166/177/172
f 1308/1462/1404 809/855/834 811/858/837
f 1201/1310/1266 809/855/834 1308/1462/1404
f 759/794/782 243/258/253 760/795/783
f 760/795/783 243/258/253 246/261/256
f 124/132/130 1716/2137/1904 589/616/608
f 1716/2137/1904 124/132/130 127/1712/133
f 35/36/35 34/35/34 1678/2441/2064
f 1786/2301/2002 519/542/535 1327/2303/1426
f 1327/2303/1426 519/542/535 518/541/534
f 1591/1907/1756 1766/2248/1972 1028/1104/1073
f 1140/1459/1196 1517/2624/1657 1518/1769/1658
f 152/1671/1580 204/217/214 177/2625/1268
f 198/211/2101 204/217/214 152/1671/1580
f 99/101/102 98/100/101 1451/1659/1573
f 1451/1659/1573 98/100/101 712/742/734
f 670/700/692 669/699/691 1360/1531/1467
f 1802/2626/2125 961/1020/992 468/1022/994
f 1073/1608/1125 1654/2627/1830 1655/2628/1831
f 1052/1135/1104 1343/1511/1446 1051/1134/1103
f 1051/1749/1103 1343/2140/1446 1508/1750/1647
f 488/507/1212 1272/1413/1354 1151/1249/1209
f 1088/1178/1140 1087/1177/1139 1753/2216/1953
f 57/59/58 846/894/872 1488/1716/1621
f 1485/1710/1617 1725/2151/1914 1088/1178/1615
f 1273/1414/1355 1847/2629/2126 1846/2509/2087
f 1694/2087/1876 1693/2630/1875 730/2088/752
f 1871/2631/2127 1872/2632/2128 1873/2633/2129
f 1873/2633/2129 1874/2634/2130 1871/2631/2127
f 1875/2635/2131 1876/2636/2132 1877/2637/2133
f 1877/2637/2133 1878/2638/2134 1875/2635/2131
f 1879/2639/2135 1880/2640/2136 1881/2641/2137
f 1881/2641/2137 1882/2642/2138 1879/2639/2135
f 1883/2643/2139 1884/2644/2140 1885/2645/2141
f 1885/2645/2141 1886/2646/2142 1883/2643/2139
f 1887/2647/2143 1888/2648/2144 1889/2649/2145
f 1889/2649/2145 1890/2650/2146 1887/2647/2143
f 1891/2651/2147 1892/2652/2148 1893/2653/2149
f 1894/2654/2150 1895/2655/2151 1896/2656/2152
f 1897/2657/2153 1898/2658/2154 1899/2659/2155
f 1899/2659/2155 1900/2660/2156 1897/2657/2153
f 1901/2661/2157 1902/2662/2158 1903/2663/2159
f 1903/2663/2159 1904/2664/2160 1901/2661/2157
f 1905/2665/2161 1906/2666/2162 1907/2667/2163
f 1907/2667/2163 1908/2668/2164 1905/2665/2161
f 1909/2669/2165 1910/2670/2166 1911/2671/2167
f 1911/2671/2167 1872/2632/2128 1909/2669/2165
f 1912/2672/2152 1895/2655/2151 1913/2673/2168
f 1914/2674/2169 1915/2675/2170 1916/2676/2171
f 1916/2676/2171 1917/2677/2172 1914/2674/2169
f 1918/2678/2173 1895/2655/2151 1894/2654/2150
f 1919/2679/2174 1920/2680/2175 1921/2681/2176
f 1921/2681/2176 1922/2682/2177 1919/2679/2174
f 1923/2683/2178 1924/2684/2179 1925/2685/2180
f 1925/2685/2180 1926/2686/2181 1923/2683/2178
f 1927/2687/2182 1928/2688/2183 1929/2689/2184
f 1929/2689/2184 1930/2690/2185 1927/2687/2182
f 1931/2691/2186 1932/2692/2187 1933/2693/2188
f 1933/2693/2188 1934/2694/2189 1931/2691/2186
f 1935/2695/2190 1936/2696/2191 1937/2697/2192
f 1937/2697/2192 1938/2698/2193 1935/2695/2190
f 1939/2699/2194 1940/2700/2195 1941/2701/2196
f 1941/2701/2196 1942/2702/2197 1939/2699/2194
f 1943/2703/2198 1944/2704/2198 1945/2705/2199
f 1945/2705/2199 1946/2706/2199 1943/2703/2198
f 1947/2707/2200 1948/2708/2201 1949/2709/2202
f 1949/2709/2202 1950/2710/2203 1947/2707/2200
f 1951/2711/2204 1952/2712/2204 1953/2713/2205
f 1953/2713/2205 1954/2714/2206 1951/2711/2204
f 1955/2715/2207 1956/2716/2208 1957/2717/2209
f 1957/2717/2209 1958/2718/2210 1955/2715/2207
f 1959/2719/2211 1960/2720/2212 1961/2721/2213
f 1961/2721/2213 1962/2722/2214 1959/2719/2211
f 1963/2723/2215 1964/2724/2216 1965/2725/2217
f 1965/2725/2217 1966/2726/2218 1963/2723/2215
f 1883/2643/2139 1967/2727/2219 1884/2644/2140
f 1968/2728/2220 1889/2649/2145 1888/2648/2144
f 1888/2648/2144 1969/2729/2221 1968/2728/2220
f 1970/2730/2222 1971/2731/2223 1972/2732/2224
f 1972/2732/2224 1973/2733/2225 1970/2730/2222
f 1886/2646/2142 1974/2734/2226 1975/2735/2227
f 1975/2735/2227 1883/2643/2139 1886/2646/2142
f 1887/2647/2143 1976/2736/2228 1977/2737/2229
f 1977/2737/2229 1888/2648/2144 1887/2647/2143
f 1978/2738/2230 1979/2739/2231 1939/2699/2194
f 1939/2699/2194 1942/2702/2197 1978/2738/2230
f 1947/2707/2200 1980/2740/2232 1948/2708/2201
f 1981/2741/2233 1982/2742/2234 1910/2670/2166
f 1910/2670/2166 1909/2669/2165 1981/2741/2233
f 1983/2743/2235 1984/2744/2235 1973/2733/2225
f 1973/2733/2225 1972/2732/2224 1983/2743/2235
f 1981/2745/2236 1985/2746/2236 1913/2673/2237
f 1913/2673/2237 1982/2747/2238 1981/2745/2236
f 1986/2748/2239 1987/2749/2240 1988/2750/2241
f 1988/2750/2241 1989/2751/2242 1986/2748/2239
f 1990/2752/2243 1991/2753/2244 1992/2754/2245
f 1993/2755/2246 1994/2756/2247 1995/2757/2248
f 1995/2757/2248 1996/2758/2249 1993/2755/2246
f 1944/2704/2198 1943/2703/2198 1997/2759/2250
f 1997/2759/2250 1998/2760/2251 1944/2704/2198
f 1999/2761/2252 1881/2641/2137 1880/2640/2136
f 1880/2640/2136 2000/2762/2253 1999/2761/2252
f 2001/2763/2254 2002/2764/2255 2003/2765/2256
f 2003/2765/2256 1882/2642/2138 2001/2763/2254
f 2004/2766/2257 2005/2767/2258 2006/2768/2259
f 2006/2768/2259 2007/2769/2260 2004/2766/2257
f 1936/2696/2191 1935/2695/2190 2008/2770/2261
f 2008/2770/2261 2009/2771/2262 1936/2696/2191
f 2010/2772/2263 2011/2773/2264 2012/2774/2265
f 2012/2774/2265 2013/2775/2266 2010/2772/2263
f 2014/2776/2267 2015/2777/2268 2016/2778/2269
f 2016/2778/2269 2017/2779/2270 2014/2776/2267
f 2018/2780/2271 1929/2689/2184 1928/2688/2183
f 1928/2688/2183 2019/2781/2272 2018/2780/2271
f 1950/2710/2203 1949/2709/2202 2020/2782/2273
f 2020/2782/2273 2021/2783/2274 1950/2710/2203
f 2022/2784/2275 1890/2650/2146 2023/2785/2276
f 2023/2785/2276 2024/2786/2277 2022/2784/2275
f 2025/2787/2278 2026/2788/2279 2027/2789/2280
f 2028/2790/2281 2029/2791/2282 2030/2792/2283
f 2030/2792/2283 1931/2691/2186 2028/2790/2281
f 1953/2793/2284 1952/2794/2285 2031/2795/2286
f 2031/2795/2286 1884/2644/2140 1953/2793/2284
f 2032/2796/2287 1940/2700/2195 2033/2797/2288
f 2033/2797/2288 2034/2798/2289 2032/2796/2287
f 2035/2799/2290 2036/2800/2291 2037/2801/2292
f 2037/2801/2292 2038/2802/2293 2035/2799/2290
f 2039/2803/2294 2040/2804/2295 2017/2779/2270
f 2017/2779/2270 2016/2778/2269 2039/2803/2294
f 1894/2654/2150 1896/2656/2152 2041/2805/2296
f 2041/2805/2296 2039/2803/2297 1894/2654/2150
f 2042/2806/2298 1918/2678/2299 2043/2807/2300
f 2043/2807/2300 2044/2808/2300 2042/2806/2298
f 2045/2809/2301 2046/2810/2301 2044/2808/2300
f 2044/2808/2300 2043/2807/2300 2045/2809/2301
f 2047/2811/2302 2048/2812/2303 2049/2813/2304
f 2049/2813/2304 2050/2814/2305 2047/2811/2302
f 2051/2815/2306 2052/2816/2307 1893/2653/2149
f 2053/2817/2308 2054/2818/2309 2055/2819/2310
f 2055/2819/2310 2056/2820/2311 2053/2817/2308
f 2057/2821/2312 2058/2822/2313 2059/2823/2314
f 2059/2823/2314 2060/2824/2315 2057/2821/2312
f 2061/2825/2316 1911/2671/2167 1910/2670/2166
f 1910/2670/2166 2062/2826/2317 2061/2825/2316
f 2063/2827/2318 2064/2828/2319 1957/2717/2209
f 1957/2717/2209 1956/2716/2208 2063/2827/2318
f 1999/2761/2252 2065/2829/2320 2066/2830/2321
f 2066/2830/2321 1881/2641/2137 1999/2761/2252
f 2067/2831/2322 2068/2832/2323 2069/2833/2324
f 2069/2833/2324 1969/2729/2221 2067/2831/2322
f 1926/2686/2181 2070/2834/2325 2003/2765/2256
f 2003/2765/2256 1923/2683/2178 1926/2686/2181
f 2071/2835/2326 2072/2836/2326 2073/2837/2327
f 2073/2837/2327 2074/2838/2328 2071/2835/2326
f 2075/2839/2329 2076/2840/2330 2077/2841/2331
f 2077/2841/2331 2078/2842/2332 2075/2839/2329
f 2023/2843/2333 2079/2844/2333 2080/2845/2334
f 2080/2845/2334 2024/2846/2335 2023/2843/2333
f 2081/2847/2336 1901/2661/2157 2082/2848/2337
f 2082/2848/2337 2052/2816/2307 2081/2847/2336
f 2083/2849/2338 2084/2850/2339 2085/2851/2340
f 2085/2851/2340 2086/2852/2341 2083/2849/2338
f 1991/2753/2244 1990/2752/2243 2087/2853/2342
f 2088/2854/2343 2089/2855/2344 1912/2672/2345
f 1912/2672/2345 1980/2856/2346 2088/2854/2343
f 2090/2857/2347 2091/2858/2348 2092/2859/2349
f 2092/2859/2349 2093/2860/2350 2090/2857/2347
f 2094/2861/2351 2095/2862/2352 1893/2653/2149
f 2096/2863/2353 2097/2864/2354 1893/2653/2149
f 2098/2865/2355 2099/2866/2356 1900/2660/2156
f 1944/2867/2357 1998/2868/2358 1994/2756/2247
f 1994/2756/2247 1993/2755/2246 1944/2867/2357
f 1899/2659/2155 1898/2658/2154 2100/2869/2359
f 2101/2870/2360 2102/2871/2361 2103/2872/2362
f 2103/2872/2362 2104/2873/2363 2101/2870/2360
f 1996/2874/2249 2105/2875/2364 1938/2698/2193
f 1938/2698/2193 1937/2697/2192 1996/2874/2249
f 1939/2699/2194 2106/2876/2365 2107/2877/2366
f 2107/2877/2366 1940/2700/2195 1939/2699/2194
f 2108/2878/2367 2109/2879/2368 2110/2880/2369
f 2110/2880/2369 2111/2881/2370 2108/2878/2367
f 1897/2882/2371 2112/2883/2372 2113/2884/2373
f 2113/2884/2373 1898/2885/2374 1897/2882/2371
f 2114/2886/2375 2099/2887/2376 2024/2846/2335
f 2024/2846/2335 2080/2845/2334 2114/2886/2375
f 2115/2888/2377 2041/2805/2377 2116/2889/2378
f 2116/2889/2378 1967/2890/2379 2115/2888/2377
f 2062/2826/2317 1925/2685/2180 1924/2684/2179
f 1924/2684/2179 2061/2825/2316 2062/2826/2317
f 2117/2891/2380 1961/2721/2213 1960/2720/2212
f 1960/2720/2212 2118/2892/2381 2117/2891/2380
f 2054/2818/2309 2053/2817/2308 2119/2893/2382
f 2119/2893/2382 2120/2894/2383 2054/2818/2309
f 2121/2895/2384 2122/2896/2385 1904/2664/2160
f 1904/2664/2160 1903/2663/2159 2121/2895/2384
f 2123/2897/2386 1885/2645/2141 1934/2694/2189
f 1934/2694/2189 1933/2693/2188 2123/2897/2386
f 2124/2898/2387 1970/2730/2388 1973/2733/2389
f 1973/2733/2389 2025/2787/2278 2124/2898/2387
f 1880/2640/2136 1879/2639/2135 1983/2899/2390
f 1983/2899/2390 1972/2900/2391 1880/2640/2136
f 2075/2901/2392 2078/2902/2393 1968/2728/2220
f 1968/2728/2220 2125/2903/2394 2075/2901/2392
f 2126/2904/2395 2033/2797/2288 1940/2700/2195
f 1940/2700/2195 2127/2905/2396 2126/2904/2395
f 2128/2906/2397 2129/2907/2398 2130/2908/2399
f 2130/2908/2399 2131/2909/2400 2128/2906/2397
f 2132/2910/2401 2030/2792/2283 2029/2791/2282
f 2029/2791/2282 2133/2911/2402 2132/2910/2401
f 2030/2792/2283 2134/2912/2403 1932/2692/2187
f 2042/2913/2404 2044/2914/2405 1877/2637/2133
f 1877/2637/2133 2038/2802/2293 2042/2913/2404
f 2014/2915/2406 2017/2916/2407 2010/2917/2263
f 2010/2917/2263 1908/2668/2164 2014/2915/2406
f 2029/2791/2282 2028/2790/2281 2135/2918/2408
f 2135/2918/2408 2136/2919/2409 2029/2791/2282
f 2088/2920/2410 1980/2740/2232 1947/2707/2200
f 1947/2707/2200 2133/2911/2402 2088/2920/2410
f 1872/2632/2128 1871/2631/2127 2137/2921/2411
f 2137/2921/2411 1909/2669/2165 1872/2632/2128
f 2010/2772/2263 2017/2922/2407 2011/2773/2264
f 2115/2923/2412 1967/2727/2219 1883/2643/2139
f 1883/2643/2139 1975/2735/2227 2115/2923/2412
f 1923/2683/2178 2138/2924/2413 2139/2925/2414
f 2139/2925/2414 1924/2684/2179 1923/2683/2178
f 2140/2926/2415 1960/2720/2212 2141/2927/2416
f 2141/2927/2416 2142/2928/2417 2140/2926/2415
f 2143/2929/2418 2081/2847/2336 2144/2930/2419
f 2144/2930/2419 2145/2931/2420 2143/2929/2418
f 1988/2750/2241 1987/2749/2240 2145/2931/2420
f 2145/2931/2420 2146/2932/2421 1988/2750/2241
f 1962/2722/2214 2147/2933/2422 2148/2934/2423
f 2148/2934/2423 1959/2719/2211 1962/2722/2214
f 2097/2864/2354 2096/2863/2353 2148/2934/2423
f 2148/2934/2423 2147/2933/2422 2097/2864/2354
f 2125/2903/2394 2000/2935/2253 1971/2936/2424
f 1971/2936/2424 2075/2901/2392 2125/2903/2394
f 2000/2935/2253 2125/2903/2394 2069/2833/2324
f 2069/2833/2324 1999/2937/2252 2000/2935/2253
f 2057/2821/2312 2060/2824/2315 2056/2820/2311
f 2056/2820/2311 2055/2819/2310 2057/2821/2312
f 2149/2938/2425 2150/2939/2426 1893/2653/2149
f 2151/2940/2427 1930/2690/2185 2152/2941/2428
f 2152/2941/2428 2153/2942/2429 2151/2940/2427
f 1942/2702/2197 2154/2943/2430 2155/2944/2431
f 2155/2944/2431 1978/2738/2230 1942/2702/2197
f 2156/2945/2432 2157/2946/2433 2158/2947/2434
f 2158/2947/2434 2159/2948/2435 2156/2945/2432
f 2160/2949/2436 2161/2950/2437 2162/2951/2438
f 2162/2951/2438 2163/2952/2439 2160/2949/2436
f 1874/2634/2130 2020/2953/2273 1949/2954/2202
f 1949/2954/2202 1871/2631/2127 1874/2634/2130
f 2164/2955/2440 2165/2956/2441 2166/2957/2442
f 2166/2957/2442 2167/2958/2443 2164/2955/2440
f 1913/2673/2168 1895/2655/2151 2025/2787/2278
f 2168/2959/2444 2169/2960/2445 1982/2747/2238
f 1982/2747/2238 1913/2673/2237 2168/2959/2444
f 2170/2961/2446 2171/2962/2447 2078/2842/2332
f 2078/2842/2332 2077/2841/2331 2170/2961/2446
f 2170/2961/2448 2077/2841/2449 2172/2963/2450
f 2172/2963/2450 2173/2964/2451 2170/2961/2448
f 2174/2965/2452 2175/2966/2452 1966/2726/2218
f 1966/2726/2218 1965/2725/2217 2174/2965/2452
f 1918/2678/2173 1894/2654/2150 1964/2724/2453
f 1964/2724/2453 2045/2809/2151 1918/2678/2173
f 2089/2855/2344 2088/2854/2343 2136/2967/2454
f 2136/2967/2454 2176/2968/2454 2089/2855/2344
f 1896/2656/2152 1895/2655/2151 1912/2672/2152
f 2036/2800/2291 2177/2969/2455 2178/2970/2456
f 2105/2971/2364 1996/2758/2249 1995/2757/2248
f 1995/2757/2248 2178/2970/2456 2105/2971/2364
f 2071/2972/2457 2074/2973/2458 2070/2834/2325
f 2070/2834/2325 1926/2686/2181 2071/2972/2457
f 1925/2685/2180 2062/2826/2317 2169/2974/2459
f 2169/2974/2459 2179/2975/2460 1925/2685/2180
f 1906/2666/2162 1905/2665/2161 2180/2976/2461
f 2180/2976/2461 2181/2977/2462 1906/2666/2162
f 1917/2677/2172 1916/2676/2171 2182/2978/2463
f 2182/2978/2463 2183/2979/2464 1917/2677/2172
f 2092/2980/2465 2091/2981/2466 2137/2921/2411
f 2137/2921/2411 1948/2982/2201 2092/2980/2465
f 2184/2983/2467 2106/2876/2365 1979/2739/2231
f 1979/2739/2231 2185/2984/2468 2184/2983/2467
f 2007/2769/2260 2006/2768/2259 2009/2771/2262
f 2009/2771/2262 2008/2770/2261 2007/2769/2260
f 2061/2825/2316 2186/2985/2469 2187/2986/2470
f 2187/2986/2470 1911/2671/2167 2061/2825/2316
f 1873/2633/2129 1872/2632/2128 2187/2986/2470
f 2030/2792/2283 2132/2910/2401 2188/2987/2471
f 1950/2710/2203 2021/2783/2274 2188/2987/2471
f 2189/2988/2472 2190/2989/2473 2035/2799/2290
f 2035/2799/2290 1876/2636/2132 2189/2988/2472
f 2036/2800/2291 2035/2799/2290 2190/2989/2473
f 2190/2989/2473 2177/2969/2455 2036/2800/2291
f 2191/2990/2474 2192/2991/2475 1892/2652/2148
f 1892/2652/2148 2154/2943/2430 2191/2990/2474
f 2034/2798/2289 2193/2992/2476 2194/2993/2477
f 2194/2993/2477 2032/2796/2287 2034/2798/2289
f 2183/2979/2464 2195/2994/2478 1875/2635/2131
f 1875/2635/2131 1917/2677/2172 2183/2979/2464
f 1876/2636/2132 1875/2635/2131 2195/2994/2478
f 2195/2994/2478 2189/2988/2472 1876/2636/2132
f 1974/2734/2226 1886/2646/2142 2196/2995/2479
f 2196/2995/2479 2197/2996/2480 1974/2734/2226
f 2198/2997/2481 2199/2998/2482 2013/2775/2266
f 2013/2775/2266 2012/2774/2265 2198/2997/2481
f 2038/2802/2293 2037/2801/2292 2200/2999/2483
f 2200/2999/2483 2042/2913/2404 2038/2802/2293
f 1908/2668/2164 1907/2667/2163 2175/3000/2484
f 2175/3000/2484 2014/2915/2406 1908/2668/2164
f 1915/2675/2170 1914/2674/2169 1963/3001/2485
f 1963/3001/2485 1966/3002/2486 1915/2675/2170
f 1931/2691/2186 1934/2694/2189 2031/2795/2286
f 2031/2795/2286 2028/2790/2281 1931/2691/2186
f 1877/2637/2133 2044/2914/2405 1878/2638/2134
f 1969/2729/2221 2069/2833/2324 2125/2903/2394
f 2125/2903/2394 1968/2728/2220 1969/2729/2221
f 1882/2642/2138 2003/2765/2256 2070/2834/2325
f 2070/2834/2325 1879/2639/2135 1882/2642/2138
f 1889/2649/2145 1968/2728/2220 2078/2902/2393
f 2078/2902/2393 2171/3003/2487 1889/2649/2145
f 1886/2646/2142 1885/2645/2141 2123/2897/2386
f 1996/2874/2249 1937/2697/2192 2100/2869/2359
f 2100/2869/2359 1993/3004/2246 1996/2874/2249
f 1899/2659/2155 2100/2869/2359 1937/2697/2192
f 1937/2697/2192 1936/2696/2191 1899/2659/2155
f 2186/2985/2469 2061/2825/2316 1924/2684/2179
f 1924/2684/2179 2139/2925/2414 2186/2985/2469
f 2162/2951/2438 2161/2950/2437 2201/3005/2488
f 2006/2768/2259 2005/2767/2258 2022/2784/2275
f 2022/2784/2275 2098/2865/2355 2006/2768/2259
f 1890/2650/2146 2022/2784/2275 2005/2767/2258
f 2005/2767/2258 1887/2647/2143 1890/2650/2146
f 1936/2696/2191 2009/2771/2262 1900/2660/2156
f 1900/2660/2156 1899/2659/2155 1936/2696/2191
f 2098/2865/2355 1900/2660/2156 2009/2771/2262
f 2009/2771/2262 2006/2768/2259 2098/2865/2355
f 2165/2956/2441 2164/2955/2440 2202/3006/2489
f 2202/3006/2489 2203/3007/2490 2165/2956/2441
f 2203/3007/2490 2202/3006/2489 2204/3008/2491
f 2205/3009/2492 2206/3010/2493 2207/3011/2494
f 2207/3011/2494 2208/3012/2495 2205/3009/2492
f 1891/2651/2147 2208/3012/2495 2155/2944/2431
f 2155/2944/2431 1892/2652/2148 1891/2651/2147
f 2135/3013/2496 2209/3014/2496 2176/2968/2454
f 2176/2968/2454 2136/2967/2454 2135/3013/2496
f 2169/2960/2445 2168/2959/2444 2210/3015/2497
f 2210/3015/2497 2179/3016/2497 2169/2960/2445
f 2211/3017/2498 2212/3018/2499 2059/2823/2314
f 2059/2823/2314 2058/2822/2313 2211/3017/2498
f 2184/2983/2467 2185/2984/2468 2212/3018/2499
f 2212/3018/2499 2211/3017/2498 2184/2983/2467
f 2213/3019/2500 2214/3020/2501 2085/2851/2340
f 2085/2851/2340 2215/3021/2502 2213/3019/2500
f 2213/3019/2500 2215/3021/2502 1893/2653/2149
f 2216/3022/2503 1928/2688/2183 1927/2687/2182
f 1927/2687/2182 2122/2896/2385 2216/3022/2503
f 2201/3005/2488 2217/3023/2504 2218/3024/2505
f 2218/3024/2505 2162/2951/2438 2201/3005/2488
f 2217/3023/2504 2219/3025/2506 1893/2653/2149
f 1918/2678/2173 1943/2703/2151 1946/2706/2507
f 1997/2759/2250 1918/2678/2299 2200/3026/2508
f 2200/3026/2508 1998/2760/2251 1997/2759/2250
f 2181/2977/2462 2182/2978/2463 1916/2676/2171
f 1916/2676/2171 1906/2666/2162 2181/2977/2462
f 2220/3027/2509 2221/3028/2510 1989/2751/2242
f 1989/2751/2242 1988/2750/2241 2220/3027/2509
f 2119/2893/2382 1920/2680/2175 2202/3006/2489
f 2202/3006/2489 2164/2955/2440 2119/2893/2382
f 2069/2833/2324 2068/2832/2323 2065/3029/2320
f 2150/2939/2426 2149/2938/2425 2222/3030/2511
f 2223/3031/2512 2222/3030/2511 2149/2938/2425
f 2140/2926/2415 2142/2928/2417 2224/3032/2513
f 2224/3032/2513 2064/2828/2319 2140/2926/2415
f 2048/2812/2303 2047/2811/2302 2224/3032/2513
f 2224/3032/2513 2225/3033/2514 2048/2812/2303
f 2214/3020/2501 2226/3034/2515 2227/3035/2516
f 1884/2644/2140 2031/2795/2286 1934/2694/2189
f 1934/2694/2189 1885/2645/2141 1884/2644/2140
f 1948/2982/2201 2137/2921/2411 1871/2631/2127
f 1871/2631/2127 1949/2954/2202 1948/2982/2201
f 2206/3010/2493 2205/3009/2492 2228/3036/2517
f 2228/3036/2517 2229/3037/2518 2206/3010/2493
f 2121/2895/2384 2230/3038/2519 2231/3039/2520
f 2231/3039/2520 2216/3022/2503 2121/2895/2384
f 1928/2688/2183 2216/3022/2503 2231/3039/2520
f 2231/3039/2520 2019/2781/2272 1928/2688/2183
f 2063/3040/2521 1956/3041/2522 2187/2986/2523
f 2187/2986/2523 2186/2985/2524 2063/3040/2521
f 2232/3042/2525 2184/3043/2526 2008/3044/2527
f 2008/3044/2527 1935/3045/2528 2232/3042/2525
f 2147/2933/2422 1962/2722/2214 2203/3007/2490
f 2203/3007/2490 2204/3008/2491 2147/2933/2422
f 2233/3046/2529 2234/3047/2530 1893/2653/2149
f 1976/2736/2228 1887/2647/2143 2005/2767/2258
f 2005/2767/2258 2004/2766/2257 1976/2736/2228
f 2058/2822/2531 2057/2821/2532 1976/3048/2533
f 1976/3048/2533 2004/3049/2534 2058/2822/2531
f 2036/2800/2291 2178/2970/2456 1995/2757/2248
f 2036/2800/2291 1995/2757/2248 1994/2756/2247
f 1994/2756/2247 2037/2801/2292 2036/2800/2291
f 1975/2735/2227 2011/2773/2264 2040/3050/2535
f 2040/3050/2535 2115/2923/2412 1975/2735/2227
f 2011/2773/2264 1975/2735/2227 1974/2734/2226
f 1974/2734/2226 2012/2774/2265 2011/2773/2264
f 2133/2911/2402 2029/2791/2282 2136/2919/2409
f 2136/2919/2409 2088/2920/2410 2133/2911/2402
f 2218/3024/2505 2217/3023/2504 2153/2942/2429
f 2153/2942/2429 2152/2941/2428 2218/3024/2505
f 2230/3038/2519 2121/2895/2384 1903/2663/2159
f 1903/2663/2159 2235/3051/2536 2230/3038/2519
f 2196/2995/2479 1886/2646/2142 2123/2897/2386
f 2236/3052/2537 2192/2991/2475 2194/2993/2477
f 2194/2993/2477 2193/2992/2476 2236/3052/2537
f 2192/2991/2475 2236/3052/2537 1893/2653/2149
f 2237/3053/2538 1960/2720/2212 2140/2926/2415
f 2140/2926/2415 2238/3054/2539 2237/3053/2538
f 2003/2765/2256 2002/2764/2255 2138/2924/2413
f 2191/2990/2474 2194/2993/2477 2192/2991/2475
f 1917/2677/2172 1875/2635/2131 1878/2638/2134
f 1878/2638/2134 1914/2674/2169 1917/2677/2172
f 2012/2774/2265 1974/2734/2226 2197/2996/2480
f 2197/2996/2480 2198/2997/2481 2012/2774/2265
f 1906/2666/2162 1916/2676/2171 1915/2675/2170
f 1915/2675/2170 1907/2667/2163 1906/2666/2162
f 1905/2665/2161 2013/3055/2266 2199/3056/2482
f 2199/3056/2482 2180/2976/2461 1905/2665/2161
f 2013/3055/2266 1905/2665/2161 1908/2668/2164
f 1908/2668/2164 2010/2917/2263 2013/3055/2266
f 1876/2636/2132 2035/2799/2290 2038/2802/2293
f 2038/2802/2293 1877/2637/2133 1876/2636/2132
f 1988/2750/2241 2146/2932/2421 2083/2849/2338
f 2083/2849/2338 2220/3027/2509 1988/2750/2241
f 2146/2932/2421 2239/3057/2540 2084/2850/2339
f 2084/2850/2339 2083/2849/2338 2146/2932/2421
f 2157/2946/2433 2156/2945/2432 2229/3037/2518
f 2229/3037/2518 2228/3036/2517 2157/2946/2433
f 2094/2861/2351 2157/2946/2433 2228/3036/2517
f 2228/3036/2517 2095/2862/2352 2094/2861/2351
f 1901/2661/2157 2081/2847/2336 2240/3058/2541
f 1901/2661/2157 2240/3058/2541 2104/2873/2363
f 2104/2873/2363 1902/2662/2158 1901/2661/2157
f 2028/2790/2281 2031/2795/2286 1952/2794/2285
f 1952/2794/2285 2135/2918/2408 2028/2790/2281
f 2000/2762/2253 1880/2640/2136 1972/2900/2391
f 1972/2900/2391 1971/3059/2424 2000/2762/2253
f 1914/2674/2169 1878/2638/2134 2046/3060/2542
f 2046/3060/2542 1963/3001/2485 1914/2674/2169
f 1879/2639/2135 2070/2834/2325 2074/2973/2458
f 2074/2973/2458 1983/2899/2390 1879/2639/2135
f 2062/2826/2317 1910/2670/2166 1982/2742/2234
f 1982/2742/2234 2169/2974/2459 2062/2826/2317
f 1926/2686/2181 1925/2685/2180 2179/2975/2460
f 2179/2975/2460 2071/2972/2457 1926/2686/2181
f 1907/2667/2163 1915/2675/2170 1966/3002/2486
f 1966/3002/2486 2175/3000/2484 1907/2667/2163
f 1993/3004/2246 2100/2869/2359 1945/3061/2543
f 1945/3061/2543 1944/3062/2357 1993/3004/2246
f 1909/2669/2165 2137/2921/2411 2091/2981/2466
f 2091/2981/2466 1981/2741/2233 1909/2669/2165
f 1890/2650/2146 1889/2649/2145 2171/3003/2487
f 2171/3003/2487 2023/2785/2276 1890/2650/2146
f 2037/2801/2292 1994/2756/2247 1998/2868/2358
f 1998/2868/2358 2200/2999/2483 2037/2801/2292
f 2109/2879/2368 2108/2878/2367 2241/3063/2544
f 2241/3063/2544 2163/2952/2439 2109/2879/2368
f 2067/2831/2322 1969/2729/2221 1977/2737/2229
f 2164/2955/2440 2167/2958/2443 2120/2894/2383
f 2120/2894/2383 2119/2893/2382 2164/2955/2440
f 2040/3050/2535 2011/2773/2264 2017/2922/2407
f 1945/3061/2543 2100/2869/2359 1898/2658/2154
f 1898/2885/2374 2113/2884/2373 1946/2706/2199
f 1946/2706/2199 1945/2705/2199 1898/2885/2374
f 2046/3060/2542 1878/2638/2134 2044/2914/2405
f 2134/2912/2403 2030/2792/2283 2188/2987/2471
f 2111/2881/2370 2110/2880/2369 1929/2689/2184
f 1929/2689/2184 2018/2780/2271 2111/2881/2370
f 2025/2787/2278 1895/2655/2151 2242/3064/2545
f 2041/2805/2296 1896/2656/2152 2116/2889/2296
f 1955/2715/2207 1958/2718/2210 2160/2949/2436
f 2160/2949/2436 2243/3065/2546 1955/2715/2207
f 1991/2753/2244 2221/3028/2510 2220/3027/2509
f 2220/3027/2509 1992/2754/2245 1991/2753/2244
f 2217/3023/2504 2201/3005/2488 2049/2813/2304
f 2049/2813/2304 2219/3025/2506 2217/3023/2504
f 2048/2812/2303 2225/3033/2514 2219/3025/2506
f 2223/3031/2512 2122/2896/2385 1927/2687/2182
f 1927/2687/2182 2222/3030/2511 2223/3031/2512
f 2131/2909/2400 2130/2908/2399 2033/2797/2288
f 2033/2797/2288 2126/2904/2395 2131/2909/2400
f 1872/2632/2128 1911/2671/2167 2187/2986/2470
f 1969/2729/2221 1888/2648/2144 1977/2737/2229
f 1882/2642/2138 1881/2641/2137 2066/2830/2321
f 2227/3035/2516 2129/2907/2398 1990/2752/2243
f 1990/2752/2243 2214/3020/2501 2227/3035/2516
f 1992/2754/2245 2086/2852/2341 2214/3020/2501
f 2214/3020/2501 1990/2752/2243 1992/2754/2245
f 2102/2871/2361 2101/2870/2360 1987/2749/2240
f 1987/2749/2240 1986/2748/2239 2102/2871/2361
f 2238/3054/2539 2140/2926/2415 2064/2828/2319
f 2064/2828/2319 2063/2827/2318 2238/3054/2539
f 2001/2763/2254 1882/2642/2138 2066/2830/2321
f 2166/2957/2442 2165/2956/2441 1961/2721/2213
f 1961/2721/2213 2117/2891/2380 2166/2957/2442
f 1920/2680/2175 2119/2893/2382 2053/2817/2308
f 2053/2817/2308 1921/2681/2176 1920/2680/2175
f 2052/2816/2307 2051/2815/2306 2144/2930/2419
f 2144/2930/2419 2081/2847/2336 2052/2816/2307
f 2128/2906/2397 2087/2853/2342 1990/2752/2243
f 2185/2984/2468 1979/2739/2231 1978/2738/2230
f 1978/2738/2230 2207/3011/2494 2185/2984/2468
f 1959/2719/2211 2141/2927/2416 1960/2720/2212
f 2244/3066/2547 2148/2934/2423 2096/2863/2353
f 2206/3010/2493 2212/3018/2499 2185/2984/2468
f 2185/2984/2468 2207/3011/2494 2206/3010/2493
f 2024/2786/2277 2099/2866/2356 2098/2865/2355
f 2098/2865/2355 2022/2784/2275 2024/2786/2277
f 2133/2911/2402 1947/2707/2200 1950/2710/2203
f 1950/2710/2203 2132/2910/2401 2133/2911/2402
f 2152/2941/2428 2110/2880/2369 2109/2879/2368
f 2109/2879/2368 2218/3024/2505 2152/2941/2428
f 2193/2992/2476 2034/2798/2289 2245/3067/2548
f 2245/3067/2548 2246/3068/2549 2193/2992/2476
f 2236/3052/2537 2213/3019/2500 1893/2653/2149
f 2069/2833/2324 2065/3029/2320 1999/2937/2252
f 2030/2792/2283 1932/2692/2187 1931/2691/2186
f 1950/2710/2203 2188/2987/2471 2132/2910/2401
f 2003/2765/2256 2138/2924/2413 1923/2683/2178
f 2129/2907/2398 2227/3035/2516 2245/3067/2548
f 2245/3067/2548 2130/2908/2399 2129/2907/2398
f 2208/3012/2495 1891/2651/2147 2247/3069/2550
f 2247/3069/2550 2205/3009/2492 2208/3012/2495
f 2050/2814/2305 2049/2813/2304 2201/3005/2488
f 2201/3005/2488 2161/2950/2437 2050/2814/2305
f 2161/2950/2437 2160/2949/2436 1958/2718/2210
f 1958/2718/2210 2050/2814/2305 2161/2950/2437
f 1930/2690/2185 2151/2940/2427 2222/3030/2511
f 2222/3030/2511 1927/2687/2182 1930/2690/2185
f 2186/2985/2524 2139/2925/2551 2238/3070/2552
f 2238/3070/2552 2063/3040/2521 2186/2985/2524
f 2139/2925/2551 2138/2924/2553 2237/3071/2554
f 2237/3071/2554 2238/3070/2552 2139/2925/2551
f 2178/3072/2555 2177/3073/2556 2126/3074/2557
f 2126/3074/2557 2127/3075/2558 2178/3072/2555
f 2127/3075/2558 2107/3076/2559 2105/3077/2560
f 2105/3077/2560 2178/3072/2555 2127/3075/2558
f 2019/3078/2561 2231/3079/2562 1933/2693/2563
f 1933/2693/2563 1932/2692/2564 2019/3078/2561
f 1932/3080/2564 2134/3081/2565 2018/3082/2566
f 2018/3082/2566 2019/3083/2561 1932/3080/2564
f 1902/2662/2158 2235/3051/2536 1903/2663/2159
f 2112/2883/2567 1895/2655/2151 2113/2884/2568
f 1946/2706/2507 1895/2655/2151 1918/2678/2173
f 1912/2672/2152 2090/2857/2151 2093/2860/2151
f 2093/2860/2350 2092/2859/2349 1980/2856/2346
f 1980/2856/2346 1912/2672/2345 2093/2860/2350
f 1912/2672/2152 1913/2673/2168 1985/2746/2151
f 1935/2695/2528 1938/2698/2569 2106/3084/2570
f 2106/3084/2570 2232/3085/2525 1935/2695/2528
f 1938/3086/2569 2105/3077/2560 2107/3076/2559
f 2107/3076/2559 2106/3087/2570 1938/3086/2569
f 2145/2931/2420 1987/2749/2240 2101/2870/2360
f 2101/2870/2360 2143/2929/2418 2145/2931/2420
f 2104/2873/2363 2240/3058/2541 2143/2929/2418
f 2143/2929/2418 2101/2870/2360 2104/2873/2363
f 2237/3053/2538 2118/2892/2381 1960/2720/2212
f 2091/2858/2348 2090/2857/2347 1985/2746/2236
f 1985/2746/2236 1981/2745/2236 2091/2858/2348
f 2171/2962/2447 2170/2961/2446 2079/2844/2333
f 2079/2844/2333 2023/2843/2333 2171/2962/2447
f 1901/2661/2157 2248/3088/2571 2082/2848/2337
f 1901/2661/2157 1904/2664/2160 2248/3088/2571
f 1897/2657/2153 1900/2660/2156 2099/2866/2356
f 2099/2887/2376 2114/2886/2375 2112/2883/2372
f 2112/2883/2372 1897/2882/2371 2099/2887/2376
f 1953/2793/2284 1884/2644/2140 1967/2727/2219
f 1967/2890/2379 2116/2889/2378 1954/2714/2206
f 1954/2714/2206 1953/2713/2205 1967/2890/2379
f 2042/2806/2298 2200/3026/2508 1918/2678/2299
f 2046/2810/2301 2045/2809/2301 1964/2724/2216
f 1964/2724/2216 1963/2723/2215 2046/2810/2301
f 2249/3089/2572 2151/2940/2427 2153/2942/2429
f 2153/2942/2429 2217/3023/2504 2249/3089/2572
f 2249/3089/2572 2217/3023/2504 1893/2653/2149
f 2179/3016/2497 2210/3015/2497 2072/2836/2326
f 2072/2836/2326 2071/2835/2326 2179/3016/2497
f 2092/3090/2465 1948/2708/2201 1980/2740/2232
f 1971/2731/2223 1970/2730/2222 2076/2840/2330
f 2076/2840/2330 2075/2839/2329 1971/2731/2223
f 1952/2712/2204 1951/2711/2204 2209/3014/2496
f 2209/3014/2496 2135/3013/2496 1952/2712/2204
f 2040/2804/2295 2039/2803/2294 2041/2805/2377
f 2041/2805/2377 2115/2888/2377 2040/2804/2295
f 2074/2838/2328 2073/2837/2327 1984/2744/2235
f 1984/2744/2235 1983/2743/2235 2074/2838/2328
f 2064/2828/2319 2224/3032/2513 2047/2811/2302
f 2047/2811/2302 1957/2717/2209 2064/2828/2319
f 2191/2990/2474 1941/2701/2196 2032/2796/2287
f 2032/2796/2287 2194/2993/2477 2191/2990/2474
f 2032/2796/2287 1941/2701/2196 1940/2700/2195
f 2175/2966/2452 2174/2965/2452 2015/2777/2268
f 2015/2777/2268 2014/2776/2267 2175/2966/2452
f 2239/3057/2540 2051/2815/2306 2215/3021/2502
f 2215/3021/2502 2084/2850/2339 2239/3057/2540
f 2004/2766/2534 2007/2769/2573 2211/3091/2574
f 2211/3091/2574 2058/3092/2531 2004/2766/2534
f 2007/2769/2573 2008/2770/2527 2184/3093/2526
f 2184/3093/2526 2211/3091/2574 2007/2769/2573
f 2244/3066/2547 2142/2928/2417 2141/2927/2416
f 2141/2927/2416 2148/2934/2423 2244/3066/2547
f 2142/2928/2417 2244/3066/2547 2225/3033/2514
f 2225/3033/2514 2224/3032/2513 2142/2928/2417
f 1913/2673/2168 2025/2787/2278 2210/3015/2575
f 2233/3046/2529 2204/3008/2491 1919/2679/2174
f 1919/2679/2174 2234/3047/2530 2233/3046/2529
f 1919/2679/2174 1922/2682/2177 2234/3047/2530
f 2066/3094/2576 2065/3095/2577 2167/3096/2578
f 2167/3096/2578 2166/3097/2579 2066/3094/2576
f 2166/3098/2579 2117/3099/2580 2001/2763/2581
f 2001/2763/2581 2066/2830/2576 2166/3098/2579
f 2246/3068/2549 2245/3067/2548 2227/3035/2516
f 2227/3035/2516 2226/3034/2515 2246/3068/2549
f 2246/3068/2549 2213/3019/2500 2236/3052/2537
f 2236/3052/2537 2193/2992/2476 2246/3068/2549
f 1977/2737/2582 1976/2736/2533 2057/3100/2532
f 2057/3100/2532 2055/3101/2583 1977/2737/2582
f 2055/3101/2583 2054/3102/2584 2067/2831/2585
f 2067/2831/2585 1977/2737/2582 2055/3101/2583
f 2025/2787/2278 1973/2733/2389 1984/2744/2389
f 1961/2721/2213 2165/2956/2441 2203/3007/2490
f 2203/3007/2490 1962/2722/2214 1961/2721/2213
f 2231/3079/2562 2230/3103/2586 2123/2897/2587
f 2123/2897/2587 1933/2693/2563 2231/3079/2562
f 2065/3095/2577 2068/3104/2588 2120/3105/2589
f 2120/3105/2589 2167/3096/2578 2065/3095/2577
f 2230/3103/2586 2235/3106/2590 2196/2995/2591
f 2196/2995/2591 2123/2897/2587 2230/3103/2586
f 2138/2924/2553 2002/2764/2592 2118/3107/2593
f 2118/3107/2593 2237/3071/2554 2138/2924/2553
f 2111/3108/2594 2018/3109/2566 2134/2912/2565
f 2134/2912/2565 2188/2987/2595 2111/3108/2594
f 2188/3110/2595 2021/3111/2596 2108/3112/2597
f 2108/3112/2597 2111/3113/2594 2188/3110/2595
f 2207/3011/2494 1978/2738/2230 2155/2944/2431
f 2155/2944/2431 2208/3012/2495 2207/3011/2494
f 2141/2927/2416 1959/2719/2211 2148/2934/2423
f 1956/3041/2522 1955/3114/2598 1873/2633/2599
f 1873/2633/2599 2187/2986/2523 1956/3041/2522
f 2080/2845/2600 2079/2844/2601 2027/2789/2280
f 2027/2789/2280 2026/2788/2279 2080/2845/2600
f 2052/2816/2307 2082/2848/2337 1893/2653/2149
f 2056/2820/2311 2159/2948/2435 1921/2681/2176
f 1921/2681/2176 2053/2817/2308 2056/2820/2311
f 2155/2944/2431 2154/2943/2430 1892/2652/2148
f 2127/2905/2396 1940/2700/2195 2107/2877/2366
f 2172/2963/2450 2077/2841/2449 2076/2840/2602
f 2198/3115/2603 2197/3116/2604 1902/3117/2605
f 1902/3117/2605 2103/3118/2606 2198/3115/2603
f 2103/3118/2606 2102/3119/2607 2199/3120/2608
f 2199/3120/2608 2198/3115/2603 2103/3118/2606
f 2163/2952/2439 2162/2951/2438 2218/3024/2505
f 2218/3024/2505 2109/2879/2368 2163/2952/2439
f 2212/3018/2499 2206/3010/2493 2229/3037/2518
f 2229/3037/2518 2059/2823/2314 2212/3018/2499
f 2121/2895/2384 2216/3022/2503 2122/2896/2385
f 2151/2940/2427 2249/3089/2572 2150/2939/2426
f 2150/2939/2426 2222/3030/2511 2151/2940/2427
f 2034/2798/2289 2033/2797/2288 2130/2908/2399
f 2130/2908/2399 2245/3067/2548 2034/2798/2289
f 1894/2654/2150 1965/2725/2609 1964/2724/2453
f 2158/2947/2434 2157/2946/2433 2094/2861/2351
f 2094/2861/2351 2234/3047/2530 2158/2947/2434
f 2243/3065/2546 2160/2949/2436 2163/2952/2439
f 2163/2952/2439 2241/3063/2544 2243/3065/2546
f 2145/2931/2420 2144/2930/2419 2239/3057/2540
f 2239/3057/2540 2146/2932/2421 2145/2931/2420
f 1912/2672/2152 2089/2855/2151 2176/2968/2610
f 2047/2811/2302 2050/2814/2305 1958/2718/2210
f 1958/2718/2210 1957/2717/2209 2047/2811/2302
f 2184/2983/2467 2232/3121/2611 2106/2876/2365
f 2241/3122/2612 2108/3112/2597 2021/3111/2596
f 2021/3111/2596 2020/3123/2613 2241/3122/2612
f 2020/3123/2613 1874/3124/2614 2243/3125/2615
f 2243/3125/2615 2241/3122/2612 2020/3123/2613
f 2205/3009/2492 2247/3069/2550 2095/2862/2352
f 2095/2862/2352 2228/3036/2517 2205/3009/2492
f 2220/3027/2509 2083/2849/2338 2086/2852/2341
f 2086/2852/2341 1992/2754/2245 2220/3027/2509
f 1941/2701/2196 2191/2990/2474 2154/2943/2430
f 2154/2943/2430 1942/2702/2197 1941/2701/2196
f 1989/3126/2616 2221/3127/2617 2182/2978/2618
f 2182/2978/2618 2181/2977/2619 1989/3126/2616
f 2181/3128/2619 2180/3129/2620 1986/3130/2621
f 1986/3130/2621 1989/3131/2616 2181/3128/2619
f 2097/2864/2354 2233/3046/2529 1893/2653/2149
f 2177/2969/2556 2190/2989/2622 2131/3132/2623
f 2131/3132/2623 2126/3133/2557 2177/2969/2556
f 2247/3069/2550 1891/2651/2147 1893/2653/2149
f 2197/2996/2604 2196/2995/2591 2235/3106/2590
f 2235/3106/2590 1902/3134/2605 2197/2996/2604
f 2128/3135/2624 2131/3132/2623 2190/2989/2622
f 2190/2989/2622 2189/2988/2625 2128/3135/2624
f 2189/2988/2625 2195/2994/2626 2087/3136/2627
f 2087/3136/2627 2128/3135/2624 2189/2988/2625
f 2173/2964/2451 2027/2789/2280 2079/2844/2601
f 2079/2844/2601 2170/2961/2448 2173/2964/2451
f 1912/2672/2152 1985/2746/2151 2090/2857/2151
f 1918/2678/2173 1997/2759/2151 1943/2703/2151
f 1954/2714/2628 2176/2968/2610 2209/3014/2151
f 2209/3014/2151 1951/2711/2151 1954/2714/2628
f 2025/2787/2278 1984/2744/2389 2073/2837/2629
f 2180/3137/2620 2199/3120/2608 2102/3119/2607
f 2102/3119/2607 1986/3138/2621 2180/3137/2620
f 1920/2680/2175 1919/2679/2174 2204/3008/2491
f 2204/3008/2491 2202/3006/2489 1920/2680/2175
f 2129/2907/2398 2128/2906/2397 1990/2752/2243
f 1902/2662/2158 2104/2873/2363 2103/2872/2362
f 1874/3124/2614 1873/3139/2599 1955/3140/2598
f 1955/3140/2598 2243/3125/2615 1874/3124/2614
f 2195/2994/2626 2183/2979/2630 1991/3141/2631
f 1991/3141/2631 2087/3136/2627 2195/2994/2626
f 1892/2652/2148 2192/2991/2475 1893/2653/2149
f 2049/2813/2304 2048/2812/2303 2219/3025/2506
f 2110/2880/2369 2152/2941/2428 1930/2690/2185
f 1930/2690/2185 1929/2689/2184 2110/2880/2369
f 1918/2678/2173 2045/2809/2151 2043/2807/2151
f 2114/2886/2632 2080/2845/2600 2026/2788/2279
f 2026/2788/2279 2112/2883/2567 2114/2886/2632
f 2242/3064/2545 1895/2655/2151 2112/2883/2567
f 2060/2824/2315 2156/2945/2432 2159/2948/2435
f 2159/2948/2435 2056/2820/2311 2060/2824/2315
f 2117/3142/2580 2118/3143/2593 2002/3144/2592
f 2002/3144/2592 2001/3145/2581 2117/3142/2580
f 2183/2979/2630 2182/2978/2618 2221/3127/2617
f 2221/3127/2617 1991/3141/2631 2183/2979/2630
f 2054/3146/2584 2120/3147/2589 2068/3148/2588
f 2068/3148/2588 2067/3149/2585 2054/3146/2584
f 2234/3047/2530 2094/2861/2351 1893/2653/2149
f 2113/2884/2568 1895/2655/2151 1946/2706/2507
f 1913/2673/2168 2210/3015/2575 2168/2959/2151
f 2122/2896/2385 2223/3031/2512 2248/3088/2571
f 2248/3088/2571 1904/2664/2160 2122/2896/2385
f 2159/2948/2435 2158/2947/2434 1922/2682/2177
f 1922/2682/2177 1921/2681/2176 2159/2948/2435
f 2076/2840/2602 1970/2730/2388 2124/2898/2387
f 2124/2898/2387 2172/2963/2450 2076/2840/2602
f 2016/2778/2633 1894/2654/2150 2039/2803/2297
f 2214/3020/2501 2086/2852/2341 2085/2851/2340
f 1939/2699/2194 1979/2739/2231 2106/2876/2365
f 1922/2682/2177 2158/2947/2434 2234/3047/2530
f 1965/2725/2609 1894/2654/2150 2015/2777/2633
f 2015/2777/2633 2174/2965/2151 1965/2725/2609
f 1894/2654/2150 2016/2778/2633 2015/2777/2633
f 2219/3025/2506 2225/3033/2514 2244/3066/2547
f 2244/3066/2547 2096/2863/2353 2219/3025/2506
f 2219/3025/2506 2096/2863/2353 1893/2653/2149
f 2147/2933/2422 2204/3008/2491 2233/3046/2529
f 2233/3046/2529 2097/2864/2354 2147/2933/2422
f 2082/2848/2337 2248/3088/2571 2223/3031/2512
f 2223/3031/2512 2149/2938/2425 2082/2848/2337
f 2082/2848/2337 2149/2938/2425 1893/2653/2149
f 2143/2929/2418 2240/3058/2541 2081/2847/2336
f 1896/2656/2152 1954/2714/2628 2116/2889/2296
f 2239/3057/2540 2144/2930/2419 2051/2815/2306
f 2059/2823/2314 2229/3037/2518 2156/2945/2432
f 2156/2945/2432 2060/2824/2315 2059/2823/2314
f 2226/3034/2515 2214/3020/2501 2213/3019/2500
f 2246/3068/2549 2226/3034/2515 2213/3019/2500
f 2215/3021/2502 2051/2815/2306 1893/2653/2149
f 2095/2862/2352 2247/3069/2550 1893/2653/2149
f 1896/2656/2152 1912/2672/2152 2176/2968/2610
f 1896/2656/2152 2176/2968/2610 1954/2714/2628
f 2025/2787/2278 2073/2837/2629 2072/2836/2634
f 2072/2836/2634 2210/3015/2575 2025/2787/2278
f 2025/2787/2278 2027/2789/2280 2173/2964/2451
f 2025/2787/2278 2173/2964/2451 2172/2963/2450
f 2025/2787/2278 2172/2963/2450 2124/2898/2387
f 2085/2851/2340 2084/2850/2339 2215/3021/2502
f 2242/3064/2545 2112/2883/2567 2026/2788/2279
f 2026/2788/2279 2025/2787/2278 2242/3064/2545
f 2150/2939/2426 2249/3089/2572 1893/2653/2149
f 2250/3150/2635 2251/3151/2636 2252/3152/2637
f 2252/3152/2637 2253/3153/2638 2250/3150/2635
f 2254/3154/2639 2255/3155/2640 2256/3156/2641
f 2256/3156/2641 2257/3157/2642 2254/3154/2639
f 2258/3158/2643 2259/3159/2644 2260/3160/2645
f 2260/3160/2645 2261/3161/2646 2258/3158/2643
f 2262/3162/2647 2263/3163/2648 2264/3164/2649
f 2264/3164/2649 2265/3165/2650 2262/3162/2647
f 2266/3166/2651 2267/3167/2652 2268/3168/2653
f 2268/3168/2653 2269/3169/2654 2266/3166/2651
f 2270/3170/2655 2271/3171/2656 2272/3172/2657
f 2272/3172/2657 2273/3173/2658 2270/3170/2655
f 2274/3174/2659 2275/3175/2660 2276/3176/2661
f 2276/3176/2661 2277/3177/2662 2274/3174/2659
f 2278/3178/2663 2279/3179/2664 2280/3180/2665
f 2281/3181/2666 2282/3182/2667 2283/3183/2668
f 2283/3183/2668 2284/3184/2669 2281/3181/2666
f 2285/3185/2670 2286/3186/2671 2287/3187/2672
f 2287/3187/2672 2288/3188/2673 2285/3185/2670
f 2289/3189/2674 2290/3190/2675 2291/3191/2676
f 2291/3191/2676 2292/3192/2677 2289/3189/2674
f 2293/3193/2678 2294/3194/2679 2295/3195/2680
f 2295/3195/2680 2296/3196/2681 2293/3193/2678
f 2297/3197/2682 2298/3198/2683 2299/3199/2684
f 2299/3199/2684 2300/3200/2685 2297/3197/2682
f 2301/3201/2686 2302/3202/2687 2303/3203/2688
f 2303/3203/2688 2304/3204/2689 2301/3201/2686
f 2305/3205/2151 2306/3206/2151 2307/3207/2151
f 2308/3208/2690 2309/3209/2691 2310/3210/2692
f 2310/3210/2692 2311/3211/2693 2308/3208/2690
f 2263/3163/2648 2262/3162/2647 2312/3212/2694
f 2312/3212/2694 2313/3213/2695 2263/3163/2648
f 2314/3214/2696 2315/3215/2696 2316/3216/2696
f 2317/3217/2697 2318/3218/2698 2319/3219/2699
f 2319/3219/2699 2320/3220/2700 2317/3217/2697
f 2321/3221/2701 2322/3222/2702 2323/3223/2703
f 2323/3223/2703 2324/3224/2704 2321/3221/2701
f 2325/3225/2696 2326/3226/2696 2327/3227/2696
f 2328/3228/2705 2329/3229/2706 2330/3230/2707
f 2330/3230/2707 2331/3231/2708 2328/3228/2705
f 2332/3232/2709 2333/3233/2710 2334/3234/2711
f 2334/3234/2711 2335/3235/2712 2332/3232/2709
f 2336/3236/2151 2337/3237/2151 2338/3238/2151
f 2339/3239/2151 2306/3206/2151 2340/3240/2151
f 2341/3241/2713 2342/3242/2714 2343/3243/2715
f 2343/3243/2715 2344/3244/2716 2341/3241/2713
f 2337/3237/2151 2345/3245/2717 2338/3238/2151
f 2346/3246/2718 2347/3247/2719 2348/3248/2720
f 2348/3248/2720 2349/3249/2721 2346/3246/2718
f 2350/3250/2722 2351/3251/2723 2352/3252/2724
f 2352/3252/2724 2353/3253/2725 2350/3250/2722
f 2354/3254/2726 2355/3255/2727 2356/3256/2728
f 2356/3256/2728 2357/3257/2729 2354/3254/2726
f 2358/3258/2730 2359/3259/2731 2360/3260/2732
f 2360/3260/2732 2361/3261/2733 2358/3258/2730
f 2362/3262/2734 2363/3263/2151 2338/3238/2151
f 2364/3264/2735 2365/3265/2736 2366/3266/2737
f 2366/3266/2737 2367/3267/2738 2364/3264/2735
f 2368/3268/2739 2369/3269/2740 2370/3270/2741
f 2370/3270/2741 2371/3271/2742 2368/3268/2739
f 2372/3272/2696 2373/3273/2696 2316/3216/2696
f 2374/3274/2743 2375/3275/2744 2376/3276/2745
f 2376/3276/2745 2377/3277/2746 2374/3274/2743
f 2378/3278/2696 2326/3226/2696 2379/3279/2696
f 2380/3280/2747 2381/3281/2748 2382/3282/2749
f 2382/3282/2749 2383/3283/2750 2380/3280/2747
f 2384/3284/2751 2385/3285/2752 2386/3286/2753
f 2386/3286/2753 2387/3287/2754 2384/3284/2751
f 2388/3288/2755 2326/3226/2696 2389/3289/2696
f 2390/3290/2756 2391/3291/2757 2392/3292/2758
f 2392/3292/2758 2393/3293/2759 2390/3290/2756
f 2394/3294/2760 2395/3295/2761 2396/3296/2762
f 2396/3296/2762 2397/3297/2763 2394/3294/2760
f 2398/3298/2151 2399/3299/2151 2400/3300/2151
f 2401/3301/2764 2402/3302/2765 2403/3303/2766
f 2403/3303/2766 2404/3304/2767 2401/3301/2764
f 2405/3305/2696 2406/3306/2696 2407/3307/2696
f 2407/3307/2696 2408/3308/2696 2405/3305/2696
f 2409/3309/2768 2410/3310/2769 2411/3311/2770
f 2411/3311/2770 2412/3312/2771 2409/3309/2768
f 2413/3313/2772 2414/3314/2773 2415/3315/2774
f 2415/3315/2774 2416/3316/2775 2413/3313/2772
f 2417/3317/2696 2418/3318/2696 2314/3214/2696
f 2353/3253/2725 2419/3319/2776 2420/3320/2777
f 2420/3320/2777 2350/3250/2722 2353/3253/2725
f 2421/3321/2778 2255/3155/2640 2254/3154/2639
f 2254/3154/2639 2422/3322/2779 2421/3321/2778
f 2423/3323/2780 2424/3324/2781 2425/3325/2782
f 2425/3325/2782 2426/3326/2783 2423/3323/2780
f 2427/3327/2784 2428/3328/2785 2429/3329/2786
f 2429/3329/2786 2362/3262/2734 2427/3327/2784
f 2430/3330/2787 2431/3331/2788 2432/3332/2789
f 2432/3332/2789 2347/3247/2719 2430/3330/2787
f 2433/3333/2790 2434/3334/2791 2266/3166/2651
f 2266/3166/2651 2269/3169/2654 2433/3333/2790
f 2435/3335/2792 2436/3336/2793 2437/3337/2794
f 2437/3337/2794 2438/3338/2795 2435/3335/2792
f 2439/3339/2696 2440/3340/2696 2441/3341/2696
f 2441/3341/2696 2442/3342/2696 2439/3339/2696
f 2443/3343/2796 2444/3344/2797 2445/3345/2798
f 2445/3345/2798 2446/3346/2799 2443/3343/2796
f 2447/3347/2696 2448/3348/2696 2449/3349/2696
f 2449/3349/2696 2407/3307/2696 2447/3347/2696
f 2450/3350/2696 2451/3351/2696 2452/3352/2696
f 2452/3352/2696 2442/3342/2696 2450/3350/2696
f 2453/3353/2696 2454/3354/2696 2455/3355/2696
f 2456/3356/2800 2457/3357/2800 2458/3358/2801
f 2458/3358/2801 2459/3359/2802 2456/3356/2800
f 2460/3360/2803 2461/3361/2804 2462/3362/2805
f 2462/3362/2805 2463/3363/2806 2460/3360/2803
f 2464/3364/2807 2465/3365/2807 2278/3366/2808
f 2278/3366/2808 2466/3367/2809 2464/3364/2807
f 2467/3368/2810 2468/3369/2811 2469/3370/2812
f 2469/3370/2812 2470/3371/2813 2467/3368/2810
f 2471/3372/2696 2472/3373/2696 2473/3374/2696
f 2473/3374/2696 2474/3375/2696 2471/3372/2696
f 2475/3376/2696 2441/3341/2696 2476/3377/2696
f 2477/3378/2696 2478/3379/2696 2479/3380/2696
f 2479/3380/2696 2480/3381/2696 2477/3378/2696
f 2481/3382/2814 2482/3383/2815 2483/3384/2816
f 2483/3384/2816 2484/3385/2817 2481/3382/2814
f 2485/3386/2696 2455/3355/2696 2486/3387/2696
f 2487/3388/2818 2488/3389/2819 2489/3390/2820
f 2489/3390/2820 2490/3391/2821 2487/3388/2818
f 2491/3392/2822 2492/3393/2823 2493/3394/2824
f 2493/3394/2824 2494/3395/2825 2491/3392/2822
f 2495/3396/2826 2496/3397/2827 2497/3398/2151
f 2497/3398/2151 2336/3236/2151 2495/3396/2826
f 2498/3399/2151 2306/3206/2151 2499/3400/2151
f 2500/3401/2828 2501/3402/2829 2502/3403/2830
f 2502/3403/2830 2503/3404/2831 2500/3401/2828
f 2504/3405/2832 2505/3406/2832 2506/3407/2833
f 2506/3407/2833 2507/3408/2833 2504/3405/2832
f 2508/3409/2834 2509/3410/2835 2510/3411/2836
f 2510/3411/2836 2511/3412/2837 2508/3409/2834
f 2512/3413/2838 2513/3414/2839 2514/3415/2839
f 2514/3415/2839 2515/3416/2838 2512/3413/2838
f 2318/3218/2698 2317/3217/2697 2516/3417/2840
f 2516/3417/2840 2517/3418/2841 2318/3218/2698
f 2480/3381/2696 2479/3380/2696 2518/3419/2696
f 2518/3419/2696 2519/3420/2696 2480/3381/2696
f 2520/3421/2696 2521/3422/2696 2522/3423/2696
f 2522/3423/2696 2480/3381/2696 2520/3421/2696
f 2523/3424/2696 2524/3425/2696 2442/3342/2696
f 2525/3426/2842 2526/3427/2843 2527/3428/2844
f 2527/3428/2844 2528/3429/2845 2525/3426/2842
f 2529/3430/2846 2530/3431/2847 2531/3432/2848
f 2531/3432/2848 2532/3433/2849 2529/3430/2846
f 2323/3223/2703 2533/3434/2850 2534/3435/2851
f 2534/3435/2851 2324/3224/2704 2323/3223/2703
f 2535/3436/2852 2536/3437/2853 2537/3438/2853
f 2537/3438/2853 2538/3439/2852 2535/3436/2852
f 2482/3383/2815 2481/3382/2814 2539/3440/2854
f 2539/3440/2854 2540/3441/2855 2482/3383/2815
f 2541/3442/2856 2542/3443/2857 2543/3444/2858
f 2543/3444/2858 2544/3445/2859 2541/3442/2856
f 2545/3446/2860 2546/3447/2861 2547/3448/2862
f 2547/3448/2862 2548/3449/2863 2545/3446/2860
f 2549/3450/2864 2550/3451/2865 2551/3452/2866
f 2551/3452/2866 2552/3453/2867 2549/3450/2864
f 2553/3454/2868 2554/3455/2869 2555/3456/2870
f 2555/3456/2870 2556/3457/2871 2553/3454/2868
f 2557/3458/2872 2558/3459/2873 2559/3460/2874
f 2559/3460/2874 2560/3461/2875 2557/3458/2872
f 2561/3462/2876 2336/3236/2151 2562/3463/2877
f 2562/3463/2877 2563/3464/2878 2561/3462/2876
f 2564/3465/2879 2565/3466/2880 2566/3467/2881
f 2566/3467/2881 2567/3468/2882 2564/3465/2879
f 2568/3469/2883 2569/3470/2884 2371/3471/2742
f 2371/3471/2742 2570/3472/2885 2568/3469/2883
f 2571/3473/2886 2384/3474/2887 2572/3475/2888
f 2572/3475/2888 2573/3476/2889 2571/3473/2886
f 2403/3303/2766 2402/3302/2765 2574/3477/2890
f 2574/3477/2890 2575/3478/2891 2403/3303/2766
f 2576/3479/2151 2306/3206/2151 2398/3298/2151
f 2577/3480/2892 2578/3481/2893 2579/3482/2894
f 2579/3482/2894 2580/3483/2895 2577/3480/2892
f 2581/3484/2896 2582/3485/2897 2416/3316/2775
f 2416/3316/2775 2415/3315/2774 2581/3484/2896
f 2583/3486/2696 2584/3487/2696 2475/3376/2696
f 2475/3376/2696 2476/3377/2696 2583/3486/2696
f 2585/3488/2696 2586/3489/2696 2587/3490/2696
f 2587/3490/2696 2588/3491/2696 2585/3488/2696
f 2380/3280/2747 2383/3283/2750 2589/3492/2898
f 2589/3492/2898 2590/3493/2899 2380/3280/2747
f 2591/3494/2900 2592/3495/2901 2593/3496/2902
f 2593/3496/2902 2594/3497/2903 2591/3494/2900
f 2595/3498/2904 2596/3499/2905 2597/3500/2906
f 2598/3501/2907 2599/3502/2908 2256/3156/2641
f 2256/3156/2641 2600/3503/2909 2598/3501/2907
f 2343/3504/2715 2601/3505/2910 2602/3506/2911
f 2602/3506/2911 2603/3507/2912 2343/3504/2715
f 2604/3508/2913 2605/3509/2913 2606/3510/2914
f 2606/3510/2914 2607/3511/2915 2604/3508/2913
f 2447/3347/2696 2407/3307/2696 2406/3306/2696
f 2608/3512/2696 2486/3387/2696 2447/3347/2696
f 2447/3347/2696 2609/3513/2696 2608/3512/2696
f 2610/3514/2916 2611/3515/2917 2532/3433/2849
f 2532/3433/2849 2612/3516/2918 2610/3514/2916
f 2613/3517/2696 2614/3518/2696 2486/3387/2696
f 2475/3376/2696 2615/3519/2696 2616/3520/2696
f 2617/3521/2919 2618/3522/2920 2619/3523/2921
f 2619/3523/2921 2620/3524/2922 2617/3521/2919
f 2621/3525/2696 2622/3526/2696 2316/3216/2696
f 2259/3159/2644 2258/3158/2643 2623/3527/2923
f 2623/3527/2923 2624/3528/2924 2259/3159/2644
f 2625/3529/2925 2626/3530/2926 2627/3531/2927
f 2627/3531/2927 2252/3152/2637 2625/3529/2925
f 2628/3532/2928 2629/3533/2929 2630/3534/2930
f 2630/3534/2930 2527/3428/2844 2628/3532/2928
f 2631/3535/2931 2632/3536/2932 2265/3165/2650
f 2265/3165/2650 2264/3164/2649 2631/3535/2931
f 2633/3537/2933 2634/3538/2934 2418/3318/2935
f 2418/3318/2935 2635/3539/2933 2633/3537/2933
f 2636/3540/2151 2637/3541/2936 2427/3327/2784
f 2566/3467/2881 2638/3542/2937 2639/3543/2938
f 2639/3543/2938 2567/3468/2882 2566/3467/2881
f 2478/3379/2696 2477/3378/2696 2640/3544/2696
f 2641/3545/2939 2340/3546/2940 2642/3547/2941
f 2642/3547/2941 2643/3548/2942 2641/3545/2939
f 2644/3549/2943 2645/3550/2944 2646/3551/2945
f 2646/3551/2945 2647/3552/2945 2644/3549/2943
f 2325/3225/2946 2648/3553/2947 2649/3554/2948
f 2649/3554/2948 2650/3555/2949 2325/3225/2946
f 2510/3411/2836 2509/3410/2835 2651/3556/2950
f 2651/3556/2950 2652/3557/2951 2510/3411/2836
f 2653/3558/2952 2654/3559/2953 2655/3560/2954
f 2655/3560/2954 2656/3561/2955 2653/3558/2952
f 2505/3406/2832 2504/3405/2832 2657/3562/2956
f 2657/3562/2956 2658/3563/2956 2505/3406/2832
f 2340/3546/2940 2641/3545/2939 2659/3564/2957
f 2659/3564/2957 2660/3565/2958 2340/3546/2940
f 2661/3566/2959 2662/3567/2960 2499/3568/2961
f 2499/3568/2961 2663/3569/2961 2661/3566/2959
f 2515/3416/2838 2664/3570/2962 2665/3571/2962
f 2665/3571/2962 2512/3413/2838 2515/3416/2838
f 2363/3263/2151 2666/3572/2963 2338/3238/2151
f 2460/3573/2964 2667/3574/2965 2668/3575/2966
f 2668/3575/2966 2461/3576/2967 2460/3573/2964
f 2669/3577/2968 2670/3578/2968 2671/3579/2969
f 2671/3579/2969 2672/3580/2970 2669/3577/2968
f 2673/3581/2971 2674/3582/2972 2675/3583/2973
f 2675/3583/2973 2676/3584/2974 2673/3581/2971
f 2677/3585/2975 2678/3586/2976 2679/3587/2977
f 2679/3587/2977 2680/3588/2978 2677/3585/2975
f 2681/3589/2979 2682/3590/2980 2619/3523/2921
f 2619/3523/2921 2618/3522/2920 2681/3589/2979
f 2683/3591/2981 2684/3592/2982 2358/3258/2730
f 2358/3258/2730 2361/3261/2733 2683/3591/2981
f 2685/3593/2983 2686/3594/2984 2687/3595/2985
f 2687/3595/2985 2688/3596/2986 2685/3593/2983
f 2689/3597/2987 2690/3598/2988 2691/3599/2989
f 2310/3600/2692 2692/3601/2990 2693/3602/2991
f 2693/3602/2991 2694/3603/2992 2310/3600/2692
f 2399/3604/2993 2695/3605/2994 2696/3606/2995
f 2696/3606/2995 2400/3607/2996 2399/3604/2993
f 2697/3608/2997 2698/3609/2998 2699/3610/2999
f 2699/3610/2999 2700/3611/3000 2697/3608/2997
f 2701/3612/3001 2702/3613/3002 2703/3614/2151
f 2703/3614/2151 2362/3262/2734 2701/3612/3001
f 2525/3426/2842 2704/3615/3003 2705/3616/3004
f 2705/3616/3004 2526/3427/2843 2525/3426/2842
f 2521/3422/2696 2520/3421/2696 2706/3617/2696
f 2706/3617/2696 2707/3618/2696 2521/3422/2696
f 2708/3619/3005 2709/3620/3006 2710/3621/3007
f 2710/3621/3007 2711/3622/3007 2708/3619/3005
f 2712/3623/3008 2713/3624/3009 2714/3625/3010
f 2714/3625/3010 2715/3626/3010 2712/3623/3008
f 2716/3627/3011 2717/3628/3012 2718/3629/3013
f 2304/3630/3014 2303/3631/3015 2719/3632/3016
f 2280/3633/3017 2720/3634/3018 2466/3367/2809
f 2466/3367/2809 2278/3366/2808 2280/3633/3017
f 2474/3375/2696 2721/3635/2696 2640/3544/2696
f 2640/3544/2696 2477/3378/2696 2474/3375/2696
f 2594/3497/2903 2593/3496/2902 2722/3636/3019
f 2722/3636/3019 2723/3637/3020 2594/3497/2903
f 2724/3638/3021 2282/3182/2667 2281/3181/2666
f 2281/3181/2666 2725/3639/3022 2724/3638/3021
f 2726/3640/3023 2725/3639/3022 2727/3641/3024
f 2727/3641/3024 2728/3642/3025 2726/3640/3023
f 2729/3643/3026 2606/3644/3027 2730/3645/3028
f 2730/3645/3028 2731/3646/3029 2729/3643/3026
f 2732/3647/3030 2733/3648/3031 2734/3649/3032
f 2734/3649/3032 2735/3650/3033 2732/3647/3030
f 2493/3394/2824 2492/3393/2823 2736/3651/3034
f 2736/3651/3034 2737/3652/3035 2493/3394/2824
f 2738/3653/3036 2590/3493/2899 2739/3654/3037
f 2739/3654/3037 2740/3655/3038 2738/3653/3036
f 2741/3656/3039 2742/3657/3040 2743/3658/3041
f 2743/3658/3041 2744/3659/3042 2741/3656/3039
f 2745/3660/3043 2746/3661/3044 2747/3662/3045
f 2747/3662/3045 2748/3663/3043 2745/3660/3043
f 2315/3215/3046 2749/3664/3047 2750/3665/3048
f 2677/3666/3049 2751/3667/3049 2752/3668/3050
f 2752/3668/3050 2678/3669/3051 2677/3666/3049
f 2753/3670/3052 2754/3671/3052 2755/3672/3053
f 2755/3672/3053 2586/3489/3054 2753/3670/3052
f 2756/3673/3055 2757/3674/3056 2758/3675/3057
f 2758/3675/3057 2759/3676/3058 2756/3673/3055
f 2355/3677/2727 2354/3678/2726 2760/3679/3059
f 2760/3679/3059 2761/3680/3060 2355/3677/2727
f 2762/3681/3061 2603/3507/2912 2675/3583/2973
f 2675/3583/2973 2763/3682/3062 2762/3681/3061
f 2764/3683/3063 2339/3684/3064 2660/3685/2958
f 2660/3685/2958 2659/3686/2957 2764/3683/3063
f 2559/3460/2874 2558/3459/2873 2765/3687/3065
f 2765/3687/3065 2766/3688/3066 2559/3460/2874
f 2767/3689/3067 2285/3185/2670 2768/3690/3068
f 2768/3690/3068 2769/3691/3069 2767/3689/3067
f 2734/3649/3032 2770/3692/3070 2771/3693/3071
f 2564/3694/2879 2772/3695/3072 2773/3696/3073
f 2773/3696/3073 2565/3697/2880 2564/3694/2879
f 2384/3474/2887 2571/3473/2886 2774/3698/3074
f 2774/3698/3074 2385/3699/3075 2384/3474/2887
f 2775/3700/3076 2776/3701/3077 2325/3225/2946
f 2325/3225/2946 2650/3555/2949 2775/3700/3076
f 2777/3702/3078 2778/3703/3079 2779/3704/3080
f 2779/3704/3080 2780/3705/3081 2777/3702/3078
f 2726/3706/3082 2728/3707/3083 2781/3708/3084
f 2781/3708/3084 2782/3709/3085 2726/3706/3082
f 2783/3710/3086 2784/3711/3087 2785/3712/3088
f 2785/3712/3088 2786/3713/3089 2783/3710/3086
f 2787/3714/3090 2788/3715/3091 2789/3716/3092
f 2789/3716/3092 2790/3717/3093 2787/3714/3090
f 2375/3275/2744 2374/3274/2743 2624/3528/2924
f 2624/3528/2924 2623/3527/2923 2375/3275/2744
f 2791/3718/2696 2792/3719/2696 2706/3617/2696
f 2310/3210/2692 2309/3209/2691 2793/3720/3094
f 2793/3720/3094 2692/3721/2990 2310/3210/2692
f 2457/3357/2800 2456/3356/2800 2794/3722/3095
f 2794/3722/3095 2795/3723/3096 2457/3357/2800
f 2796/3724/3097 2797/3725/3098 2274/3174/2659
f 2274/3174/2659 2798/3726/3099 2796/3724/3097
f 2799/3727/3100 2305/3728/3100 2507/3408/2833
f 2507/3408/2833 2506/3407/2833 2799/3727/3100
f 2800/3729/3101 2644/3549/3102 2647/3552/3103
f 2647/3552/3103 2801/3730/3104 2800/3729/3101
f 2802/3731/3105 2803/3732/3106 2804/3733/3107
f 2804/3733/3107 2805/3734/3108 2802/3731/3105
f 2806/3735/3109 2807/3736/3110 2689/3597/2987
f 2689/3597/2987 2808/3737/3111 2806/3735/3109
f 2809/3738/3112 2810/3739/3113 2811/3740/3114
f 2811/3740/3114 2812/3741/3115 2809/3738/3112
f 2813/3742/3116 2814/3743/3117 2400/3607/2996
f 2400/3607/2996 2696/3606/2995 2813/3742/3116
f 2815/3744/3118 2816/3745/3119 2576/3746/3120
f 2576/3746/3120 2817/3747/3120 2815/3744/3118
f 2818/3748/3121 2819/3749/3122 2296/3196/2681
f 2296/3196/2681 2295/3195/2680 2818/3748/3121
f 2820/3750/2696 2485/3386/2696 2486/3387/2696
f 2821/3751/3123 2322/3222/2702 2321/3221/2701
f 2321/3221/2701 2822/3752/3124 2821/3751/3123
f 2823/3753/3125 2426/3326/2783 2824/3754/3126
f 2824/3754/3126 2825/3755/3127 2823/3753/3125
f 2826/3756/3128 2827/3757/3129 2828/3758/3130
f 2828/3758/3130 2622/3526/3131 2826/3756/3128
f 2829/3759/3132 2555/3456/2870 2554/3455/2869
f 2554/3455/2869 2372/3272/3133 2829/3759/3132
f 2830/3760/3134 2831/3761/3135 2832/3762/3136
f 2832/3762/3136 2833/3763/3137 2830/3760/3134
f 2834/3764/3138 2835/3765/3139 2836/3766/3140
f 2836/3766/3140 2837/3767/3141 2834/3764/3138
f 2838/3768/2151 2306/3206/2151 2305/3205/2151
f 2839/3769/3142 2840/3770/3143 2841/3771/3144
f 2841/3771/3144 2842/3772/3145 2839/3769/3142
f 2637/3541/2936 2843/3773/3146 2427/3327/2784
f 2844/3774/3147 2845/3775/3148 2846/3776/3149
f 2846/3776/3149 2847/3777/3150 2844/3774/3147
f 2272/3172/2657 2271/3171/2656 2487/3388/2818
f 2487/3388/2818 2490/3391/2821 2272/3172/2657
f 2848/3778/3151 2849/3779/3152 2850/3780/3152
f 2850/3780/3152 2851/3781/3153 2848/3778/3151
f 2852/3782/3154 2578/3481/2893 2577/3480/2892
f 2577/3480/2892 2853/3783/3155 2852/3782/3154
f 2854/3784/3156 2855/3785/3157 2500/3401/2828
f 2500/3401/2828 2503/3404/2831 2854/3784/3156
f 2754/3671/3052 2753/3670/3052 2856/3786/3158
f 2856/3786/3158 2857/3787/3159 2754/3671/3052
f 2742/3788/3160 2741/3789/3161 2858/3790/3162
f 2635/3539/2933 2417/3317/3163 2859/3791/3164
f 2859/3791/3164 2633/3537/2933 2635/3539/2933
f 2860/3792/3165 2859/3791/3164 2417/3317/3163
f 2417/3317/3163 2861/3793/3165 2860/3792/3165
f 2862/3794/3166 2863/3795/3167 2398/3796/3168
f 2398/3796/3168 2864/3797/3168 2862/3794/3166
f 2865/3798/3169 2866/3799/3169 2711/3622/3007
f 2711/3622/3007 2710/3621/3007 2865/3798/3169
f 2867/3800/3170 2544/3445/2859 2868/3801/3171
f 2868/3801/3171 2869/3802/3172 2867/3800/3170
f 2868/3801/3171 2870/3803/3173 2871/3804/3174
f 2871/3804/3174 2869/3802/3172 2868/3801/3171
f 2872/3805/3175 2873/3806/3176 2874/3807/3177
f 2874/3807/3177 2875/3808/3178 2872/3805/3175
f 2876/3809/3179 2877/3810/3180 2878/3811/3181
f 2878/3811/3181 2879/3812/3182 2876/3809/3179
f 2880/3813/3183 2881/3814/3184 2611/3515/2917
f 2611/3515/2917 2882/3815/3185 2880/3813/3183
f 2348/3248/2720 2883/3816/3186 2884/3817/3187
f 2884/3817/3187 2349/3249/2721 2348/3248/2720
f 2885/3818/3188 2886/3819/3189 2887/3820/3190
f 2887/3820/3190 2275/3175/2660 2885/3818/3188
f 2887/3821/3190 2888/3822/3191 2889/3823/3192
f 2889/3823/3192 2890/3824/3193 2887/3821/3190
f 2256/3156/2641 2599/3502/2908 2891/3825/3194
f 2891/3825/3194 2257/3157/2642 2256/3156/2641
f 2441/3341/2696 2892/3826/2696 2893/3827/2696
f 2893/3827/2696 2442/3342/2696 2441/3341/2696
f 2894/3828/3195 2895/3829/3196 2313/3213/2695
f 2313/3213/2695 2312/3212/2694 2894/3828/3195
f 2896/3830/2696 2897/3831/2696 2442/3342/2696
f 2499/3400/2151 2306/3206/2151 2898/3832/2151
f 2898/3833/3197 2899/3834/3198 2663/3569/2961
f 2663/3569/2961 2499/3568/2961 2898/3833/3197
f 2900/3835/3199 2901/3836/3200 2517/3418/2841
f 2517/3418/2841 2516/3417/2840 2900/3835/3199
f 2902/3837/2696 2451/3351/2696 2450/3350/2696
f 2450/3350/2696 2903/3838/2696 2902/3837/2696
f 2450/3350/2696 2455/3355/2696 2903/3838/2696
f 2904/3839/3201 2905/3840/3202 2906/3841/3203
f 2907/3842/3204 2908/3843/3205 2699/3610/2999
f 2699/3610/2999 2909/3844/3206 2907/3842/3204
f 2910/3845/3207 2911/3846/3208 2912/3847/3209
f 2912/3847/3209 2913/3848/3210 2910/3845/3207
f 2914/3849/3211 2718/3629/3013 2915/3850/3212
f 2915/3850/3212 2916/3851/3213 2914/3849/3211
f 2917/3852/2696 2326/3226/2696 2718/3629/2696
f 2918/3853/3214 2351/3251/2723 2350/3250/2722
f 2350/3250/2722 2919/3854/3215 2918/3853/3214
f 2920/3855/3216 2921/3856/3217 2922/3857/3218
f 2922/3857/3218 2923/3858/3219 2920/3855/3216
f 2924/3859/3220 2925/3860/3221 2717/3861/3222
f 2717/3861/3222 2716/3862/3223 2924/3859/3220
f 2926/3863/3224 2572/3864/3225 2384/3284/2751
f 2384/3284/2751 2387/3287/2754 2926/3863/3224
f 2927/3865/3226 2928/3866/3227 2929/3867/3228
f 2929/3867/3228 2930/3868/3229 2927/3865/3226
f 2931/3869/3230 2932/3870/3231 2933/3871/3232
f 2933/3871/3232 2704/3615/3003 2931/3869/3230
f 2934/3872/3233 2768/3690/3068 2285/3185/2670
f 2285/3185/2670 2288/3188/2673 2934/3872/3233
f 2430/3330/2787 2935/3873/3234 2936/3874/3235
f 2936/3874/3235 2431/3331/2788 2430/3330/2787
f 2371/3271/2742 2370/3270/2741 2937/3875/3236
f 2937/3875/3236 2570/3876/2885 2371/3271/2742
f 2435/3877/2792 2438/3878/2795 2821/3751/3123
f 2821/3751/3123 2822/3752/3124 2435/3877/2792
f 2819/3879/3122 2818/3880/3121 2484/3385/2817
f 2484/3385/2817 2483/3384/2816 2819/3879/3122
f 2938/3881/3237 2939/3882/3238 2940/3883/3238
f 2940/3883/3238 2941/3884/3239 2938/3881/3237
f 2942/3885/3240 2488/3389/2819 2487/3388/2818
f 2487/3388/2818 2943/3886/3241 2942/3885/3240
f 2944/3887/3242 2945/3888/3243 2328/3228/2705
f 2328/3228/2705 2946/3889/3244 2944/3887/3242
f 2947/3890/3245 2948/3891/3245 2949/3892/3246
f 2949/3892/3246 2950/3893/3246 2947/3890/3245
f 2951/3894/3247 2434/3334/2791 2433/3333/2790
f 2433/3333/2790 2952/3895/3248 2951/3894/3247
f 2953/3896/3249 2954/3897/3250 2955/3898/3251
f 2955/3898/3251 2956/3899/3252 2953/3896/3249
f 2957/3900/2696 2958/3901/2696 2316/3216/2696
f 2748/3663/3043 2957/3900/3253 2959/3902/3254
f 2959/3902/3254 2745/3660/3043 2748/3663/3043
f 2386/3903/2753 2385/3904/2752 2960/3905/3255
f 2960/3905/3255 2961/3906/3256 2386/3903/2753
f 2775/3907/3257 2650/3908/3258 2651/3556/2950
f 2651/3556/2950 2962/3909/3259 2775/3907/3257
f 2963/3910/3260 2670/3911/3261 2460/3360/2803
f 2460/3360/2803 2463/3363/2806 2963/3910/3260
f 2895/3912/3196 2894/3913/3195 2964/3914/3262
f 2964/3914/3262 2965/3915/3263 2895/3912/3196
f 2313/3213/2695 2746/3916/3264 2745/3917/3265
f 2745/3917/3265 2263/3163/2648 2313/3213/2695
f 2966/3918/3266 2967/3919/3267 2382/3282/2749
f 2382/3282/2749 2968/3920/3268 2966/3918/3266
f 2967/3921/3269 2966/3922/3270 2969/3923/3271
f 2297/3924/3272 2648/3553/2947 2970/3925/3273
f 2970/3925/3273 2298/3926/3274 2297/3924/3272
f 2729/3927/3275 2971/3928/3276 2607/3511/2915
f 2607/3511/2915 2606/3510/2914 2729/3927/3275
f 2972/3929/3277 2836/3930/3277 2835/3931/3278
f 2835/3931/3278 2973/3932/3278 2972/3929/3277
f 2974/3933/3279 2975/3934/3280 2976/3935/3281
f 2976/3935/3281 2977/3936/3282 2974/3933/3279
f 2978/3937/3283 2979/3938/3284 2377/3277/2746
f 2377/3277/2746 2376/3276/2745 2978/3937/3283
f 2980/3939/2696 2791/3718/2696 2706/3617/2696
f 2706/3617/2696 2520/3421/2696 2980/3939/2696
f 2632/3536/2932 2631/3535/2931 2981/3940/3285
f 2981/3940/3285 2982/3941/3286 2632/3536/2932
f 2414/3314/2773 2413/3313/2772 2761/3680/3060
f 2761/3680/3060 2760/3679/3059 2414/3314/2773
f 2615/3519/2696 2475/3376/2696 2584/3487/2696
f 2983/3942/3287 2984/3943/3288 2540/3441/2855
f 2540/3441/2855 2539/3440/2854 2983/3942/3287
f 2985/3944/2696 2609/3513/2696 2447/3347/2696
f 2447/3347/2696 2406/3306/2696 2985/3944/2696
f 2986/3945/3289 2987/3946/3290 2738/3653/3036
f 2738/3653/3036 2740/3655/3038 2986/3945/3289
f 2465/3365/2807 2464/3364/2807 2988/3947/3291
f 2988/3947/3291 2989/3948/3292 2465/3365/2807
f 2990/3949/3293 2991/3950/3294 2292/3192/2677
f 2292/3192/2677 2291/3191/2676 2990/3949/3293
f 2992/3951/2696 2993/3952/2696 2474/3375/2696
f 2489/3390/2820 2994/3953/3295 2995/3954/3296
f 2995/3954/3296 2490/3391/2821 2489/3390/2820
f 2996/3955/3297 2997/3956/3298 2998/3957/3299
f 2998/3957/3299 2999/3958/3300 2996/3955/3297
f 2991/3950/3294 2990/3949/3293 2357/3257/2729
f 2357/3257/2729 2356/3256/2728 2991/3950/3294
f 2292/3192/2677 2759/3959/3301 2758/3960/3302
f 2758/3960/3302 2289/3189/2674 2292/3192/2677
f 2392/3292/2758 2684/3961/2982 2683/3962/2981
f 2683/3962/2981 2393/3293/2759 2392/3292/2758
f 3000/3963/3303 2674/3582/2972 2673/3581/2971
f 2673/3581/2971 3001/3964/3304 3000/3963/3303
f 2899/3965/3198 2898/3966/3197 3002/3967/3305
f 3002/3967/3305 3003/3968/3306 2899/3965/3198
f 3004/3969/3307 3005/3970/3308 2916/3971/3309
f 2916/3971/3309 2915/3972/3310 3004/3969/3307
f 2462/3362/2805 2461/3361/2804 3006/3973/3311
f 3006/3973/3311 3007/3974/3312 2462/3362/2805
f 3008/3975/3313 2458/3976/3314 2457/3977/3315
f 2457/3977/3315 3009/3978/3316 3008/3975/3313
f 3010/3979/3317 2373/3273/3318 2781/3708/3084
f 2781/3708/3084 2728/3707/3083 3010/3979/3317
f 2553/3454/2696 2373/3273/2696 2372/3272/2696
f 2372/3272/2696 2554/3455/2696 2553/3454/2696
f 2730/3980/3028 2606/3981/3027 2605/3982/3319
f 2605/3982/3319 3011/3983/3320 2730/3980/3028
f 3012/3984/3321 3013/3985/3322 2677/3585/2975
f 2677/3585/2975 2680/3588/2978 3012/3984/3321
f 3014/3986/3323 3015/3987/3324 3016/3988/3325
f 3016/3988/3325 2691/3599/2989 3014/3986/3323
f 3017/3989/3326 3018/3990/3327 2783/3710/3086
f 2783/3710/3086 2786/3713/3089 3017/3989/3326
f 2816/3745/3119 2815/3744/3118 3019/3991/3328
f 3019/3991/3328 3020/3992/3328 2816/3745/3119
f 3020/3993/2151 2306/3206/2151 2576/3479/2151
f 2377/3277/2746 2555/3994/3329 2829/3995/3330
f 2829/3995/3330 2374/3274/2743 2377/3277/2746
f 2725/3639/3022 3021/3996/3331 2724/3638/3021
f 2620/3524/2922 2619/3523/2921 3022/3997/3332
f 3022/3997/3332 3023/3998/3333 2620/3524/2922
f 2401/3301/2764 3024/3999/3334 2830/3760/3134
f 2830/3760/3134 2402/3302/2765 2401/3301/2764
f 2695/4000/2994 2399/4001/2993 3025/4002/3335
f 3025/4002/3335 3026/4003/3336 2695/4000/2994
f 2341/3241/2713 3027/4004/3337 2802/3731/3105
f 2802/3731/3105 2342/3242/2714 2341/3241/2713
f 3028/4005/3338 2838/4006/3339 3029/4007/3340
f 3029/4007/3340 3030/4008/3341 3028/4005/3338
f 2854/3784/3156 2503/3404/2831 3031/4009/3342
f 3031/4009/3342 3032/4010/3343 2854/3784/3156
f 2709/4011/3006 2708/4012/3005 3033/4013/3344
f 3033/4013/3344 3034/4014/3344 2709/4011/3006
f 3035/4015/3345 2698/3609/2998 2697/3608/2997
f 2697/3608/2997 3036/4016/3346 3035/4015/3345
f 3037/4017/3347 2362/3262/2734 3038/4018/3348
f 3038/4018/3348 3039/4019/3349 3037/4017/3347
f 3040/4020/3350 3041/4021/3351 3042/4022/3352
f 3042/4022/3352 3043/4023/3353 3040/4020/3350
f 3044/4024/3354 3045/4025/3355 3022/3997/3332
f 3022/3997/3332 3046/4026/3356 3044/4024/3354
f 2736/3651/3034 2842/3772/3145 2841/3771/3144
f 2841/3771/3144 2737/3652/3035 2736/3651/3034
f 3047/4027/3357 2428/3328/2785 2427/3327/2784
f 2582/3485/2897 2581/3484/2896 2982/3941/3286
f 2982/3941/3286 2981/3940/3285 2582/3485/2897
f 2749/4028/3358 2981/3940/3285 2631/3535/2931
f 2631/3535/2931 2750/4029/3359 2749/4028/3358
f 3048/4030/2696 3049/4031/2696 2588/3491/2696
f 2752/3668/3050 2969/3923/3271 2966/3922/3270
f 2966/3922/3270 2678/3669/3051 2752/3668/3050
f 2965/3915/3263 2514/4032/3360 3050/4033/3361
f 3050/4033/3361 2895/3912/3196 2965/3915/3263
f 2515/4034/3362 2319/3219/2699 2318/3218/2698
f 2318/3218/2698 2664/4035/3363 2515/4034/3362
f 2550/3451/2865 3051/4036/3364 3052/4037/3365
f 2551/3452/2866 3053/4038/3366 3054/4039/3367
f 2984/3943/3288 2983/3942/3287 2261/3161/2646
f 2261/3161/2646 2260/3160/2645 2984/3943/3288
f 2827/4040/3368 2260/3160/2645 2259/3159/2644
f 2259/3159/2644 2828/4041/3369 2827/4040/3368
f 3055/4042/3370 3056/4043/3371 2754/4044/3372
f 2754/4044/3372 2857/4045/3373 3055/4042/3370
f 3057/4046/3374 3058/4047/2151 2338/3238/2151
f 3059/4048/3375 3060/4049/3376 2785/3712/3088
f 2785/3712/3088 2784/3711/3087 3059/4048/3375
f 2517/3418/2841 2664/4035/3363 2318/3218/2698
f 2848/4050/3377 2366/3266/2737 2365/3265/2736
f 2365/3265/2736 2849/4051/3378 2848/4050/3377
f 2884/3817/3187 2883/3816/3186 2423/3323/2780
f 2423/3323/2780 3061/4052/3379 2884/3817/3187
f 2841/3771/3144 2840/3770/3143 2884/3817/3187
f 2884/3817/3187 3061/4052/3379 2841/3771/3144
f 2933/3871/3232 3062/4053/3380 2705/3616/3004
f 2705/3616/3004 2704/3615/3003 2933/3871/3232
f 3063/4054/3381 3064/4055/3382 3065/4056/3383
f 2443/3343/2796 2267/3167/2652 2266/3166/2651
f 2266/3166/2651 2444/3344/2797 2443/3343/2796
f 2527/3428/2844 2630/3534/2930 3066/4057/3384
f 3066/4057/3384 2528/3429/2845 2527/3428/2844
f 2568/3469/2883 3067/4058/3385 2251/3151/2636
f 2251/3151/2636 2569/3470/2884 2568/3469/2883
f 2876/3809/3179 2879/3812/3182 3068/4059/3386
f 3068/4059/3386 3069/4060/3387 2876/3809/3179
f 2767/3689/3067 3070/4061/3388 2286/3186/2671
f 2286/3186/2671 2285/3185/2670 2767/3689/3067
f 3071/4062/3389 3072/4063/3390 3073/4064/3391
f 3073/4064/3391 3074/4065/3392 3071/4062/3389
f 2844/3774/3147 2847/3777/3150 2891/3825/3194
f 2891/3825/3194 2599/3502/2908 2844/3774/3147
f 3075/4066/3393 3076/4067/3394 3077/4068/3395
f 3078/4069/3396 2533/3434/2850 2323/3223/2703
f 2323/3223/2703 3079/4070/3397 3078/4069/3396
f 2880/3813/3183 2882/3815/3185 2534/3435/2851
f 2534/3435/2851 2533/3434/2850 2880/3813/3183
f 2429/3329/2786 2701/3612/3001 2362/3262/2734
f 3080/4071/3398 3081/4072/3399 2942/3885/3240
f 2942/3885/3240 2943/3886/3241 3080/4071/3398
f 2926/3863/3224 3082/4073/3400 3083/4074/3401
f 3083/4074/3401 2572/3864/3225 2926/3863/3224
f 2655/3560/2954 2654/3559/2953 3084/4075/3402
f 3084/4075/3402 3085/4076/3403 2655/3560/2954
f 3086/4077/3404 2336/3236/2151 3087/4078/3405
f 2951/3894/3247 3088/4079/3406 2956/3899/3252
f 2469/3370/2812 2468/3369/2811 3089/4080/3407
f 3089/4080/3407 2381/3281/2748 2469/3370/2812
f 2679/3587/2977 2678/3586/2976 2966/3918/3266
f 2966/3918/3266 2968/3920/3268 2679/3587/2977
f 2508/3409/2834 2798/3726/3099 3090/4081/3408
f 3090/4081/3408 2509/3410/2835 2508/3409/2834
f 3091/4082/3409 3092/4083/3410 2775/3907/3257
f 2775/3907/3257 2962/3909/3259 3091/4082/3409
f 2436/3336/2793 2595/3498/2904 2597/3500/2906
f 2597/3500/2906 2846/3776/3149 2436/3336/2793
f 3093/4084/3411 3094/4085/3412 2437/3337/2794
f 2437/3337/2794 2845/3775/3148 3093/4084/3411
f 3016/3988/3325 3015/3987/3324 2557/3458/2872
f 2557/3458/2872 2560/3461/2875 3016/3988/3325
f 2550/3451/2865 2549/3450/2864 2727/3641/3024
f 2727/3641/3024 3051/4036/3364 2550/3451/2865
f 2441/3341/2696 2475/3376/2696 3095/4086/2696
f 2620/3524/2922 3023/3998/3333 2421/3321/2778
f 2421/3321/2778 2422/3322/2779 2620/3524/2922
f 2639/3543/2938 2638/3542/2937 3096/4087/3413
f 3096/4087/3413 3097/4088/3414 2639/3543/2938
f 2952/3895/3248 3098/4089/3415 3099/4090/3416
f 3099/4090/3416 2951/3894/3247 2952/3895/3248
f 2738/3653/3036 3100/4091/3417 2380/3280/2747
f 2380/3280/2747 2590/3493/2899 2738/3653/3036
f 2470/3371/2813 2661/3566/3418 2663/3569/3419
f 2663/3569/3419 2467/3368/2810 2470/3371/2813
f 3031/4009/3342 2503/3404/2831 2502/3403/2830
f 2502/3403/2830 3101/4092/3420 3031/4009/3342
f 3102/4093/2696 2474/3375/2696 2477/3378/2696
f 2477/3378/2696 3103/4094/2696 3102/4093/2696
f 3104/4095/3421 3105/4096/3422 3106/4097/3423
f 3106/4097/3423 2789/3716/3092 3104/4095/3421
f 3107/4098/3424 2790/3717/3093 2789/3716/3092
f 2789/3716/3092 3106/4097/3423 3107/4098/3424
f 2936/3874/3235 2935/3873/3234 2874/4099/3177
f 2874/4099/3177 3108/4100/3425 2936/3874/3235
f 2432/3332/2789 2431/3331/2788 3109/4101/3426
f 3109/4101/3426 3110/4102/3427 2432/3332/2789
f 3111/4103/3428 2881/3814/3184 2880/3813/3183
f 2880/3813/3183 3112/4104/3429 3111/4103/3428
f 3113/4105/3430 3114/4106/3431 3115/4107/3432
f 3115/4107/3432 3116/4108/3433 3113/4105/3430
f 3115/4107/3432 2592/3495/2901 2591/3494/2900
f 2591/3494/2900 3072/4063/3390 3115/4107/3432
f 3117/4109/3434 3118/4110/3435 3119/4111/3435
f 3119/4111/3435 3120/4112/3434 3117/4109/3434
f 2665/3571/2696 3121/4113/2696 2958/3901/2696
f 2958/3901/2696 2513/3414/2696 2665/3571/2696
f 2541/3442/2856 2273/3173/2658 3122/4114/3436
f 3122/4114/3436 2542/3443/2857 2541/3442/2856
f 3093/4084/3411 2845/3775/3148 2844/3774/3147
f 2844/3774/3147 3123/4115/3437 3093/4084/3411
f 3124/4116/2696 2315/3215/2696 2314/3214/2696
f 2749/3664/3047 2315/3215/3046 3124/4116/3438
f 3124/4116/3438 3125/4117/3439 2749/3664/3047
f 2268/3168/2653 2267/3167/2652 3126/4118/3440
f 3126/4118/3440 2877/3810/3180 2268/3168/2653
f 3127/4119/3441 2627/3531/2927 2630/3534/2930
f 2630/3534/2930 2629/3533/2929 3127/4119/3441
f 2252/3152/2637 2627/3531/2927 3127/4119/3441
f 3127/4119/3441 2253/3153/2638 2252/3152/2637
f 2442/4120/3442 3128/4121/3443 3129/4122/3444
f 3129/4122/3444 3130/4123/3445 2442/4120/3442
f 2552/3453/2867 3131/4124/3446 3010/4125/3447
f 3010/4125/3447 2549/3450/2864 2552/3453/2867
f 2457/3977/3315 2795/4126/3448 3132/4127/3449
f 3132/4127/3449 3009/3978/3316 2457/3977/3315
f 2860/4128/3450 2355/3677/2727 2761/3680/3060
f 2761/3680/3060 2859/4129/3451 2860/4128/3450
f 2356/3256/2728 3133/4130/3452 3134/4131/3453
f 3134/4131/3453 2991/3950/3294 2356/3256/2728
f 2532/3433/2849 2531/3432/2848 3135/4132/3454
f 3135/4132/3454 2612/3516/2918 2532/3433/2849
f 2614/4133/3455 2613/4134/3456 3136/4135/3457
f 3136/4135/3457 2612/4136/3458 2614/4133/3455
f 2562/3463/2877 2336/3236/2151 3137/4137/3459
f 3137/4137/3459 3138/4138/3460 2562/3463/2877
f 3014/3986/3323 3018/3990/3327 3017/3989/3326
f 3017/3989/3326 3015/3987/3324 3014/3986/3323
f 2481/3382/2814 2484/3385/2817 3139/4139/3461
f 3139/4139/3461 3140/4140/3462 2481/3382/2814
f 2818/3748/3121 2295/3195/2680 3141/4141/3463
f 3141/4141/3463 3142/4142/3464 2818/3748/3121
f 2942/4143/3240 2494/3395/2825 3143/4144/3465
f 3143/4144/3465 2488/4145/2819 2942/4143/3240
f 2824/3754/3126 3144/4146/3466 3143/4144/3465
f 3143/4144/3465 2825/3755/3127 2824/3754/3126
f 3145/4147/2151 3146/4148/3467 3147/4149/3468
f 3147/4149/3468 2637/3541/2936 3145/4147/2151
f 3148/4150/3469 2888/3822/3191 2887/3821/3190
f 2887/3821/3190 2886/4151/3189 3148/4150/3469
f 2658/3563/2956 2657/3562/2956 3020/3992/3328
f 3020/3992/3328 3019/3991/3328 2658/3563/2956
f 3119/4152/3470 2517/3418/2841 2901/3836/3200
f 2901/3836/3200 3120/4153/3471 3119/4152/3470
f 2685/4154/2983 2930/3868/3229 2929/3867/3228
f 2929/3867/3228 2686/4155/2984 2685/4154/2983
f 2933/3871/3232 2412/4156/2771 2411/4157/2770
f 2411/4157/2770 3062/4053/3380 2933/3871/3232
f 2360/3260/2732 2359/3259/2731 2871/3804/3174
f 2871/3804/3174 2870/3803/3173 2360/3260/2732
f 3149/4158/3472 2800/3729/3101 3150/4159/3473
f 3150/4159/3473 2803/3732/3106 3149/4158/3472
f 2510/3411/2836 2652/3557/2951 3151/4160/3474
f 3151/4160/3474 3152/4161/3475 2510/3411/2836
f 3135/4132/3454 2531/3432/2848 2370/3270/2741
f 2370/3270/2741 2369/3269/2740 3135/4132/3454
f 2837/3767/3141 2694/3603/2992 3153/4162/3476
f 3153/4162/3476 2834/3764/3138 2837/3767/3141
f 2986/3945/3289 2740/3655/3038 3154/4163/3477
f 3154/4163/3477 2279/3179/2664 2986/3945/3289
f 2471/3372/2696 3155/4164/2696 2472/3373/2696
f 2681/4165/2979 2419/3319/2776 2353/3253/2725
f 2353/3253/2725 2682/4166/2980 2681/4165/2979
f 2713/4167/2151 2949/4168/2151 2948/4169/2151
f 2948/4169/2151 2714/4170/2151 2713/4167/2151
f 3156/4171/3478 2326/3226/2696 2970/3925/2696
f 2389/3289/2696 2326/3226/2696 3157/4172/3479
f 3158/4173/3480 3092/4174/3480 2960/4175/3481
f 2960/4175/3481 2389/3289/3482 3158/4173/3480
f 2540/3441/2855 2777/4176/3483 2939/4177/3484
f 2939/4177/3484 2482/3383/2815 2540/3441/2855
f 2938/4178/3485 2483/3384/2816 2482/3383/2815
f 2482/3383/2815 2939/4177/3484 2938/4178/3485
f 2416/3316/2775 2634/4179/3486 2633/4180/3487
f 2633/4180/3487 2413/3313/2772 2416/3316/2775
f 2981/3940/3285 3125/4181/3488 2582/3485/2897
f 2296/3196/2681 2538/4182/3489 2537/4183/3490
f 2537/4183/3490 2293/3193/2678 2296/3196/2681
f 2483/3384/2816 3159/4184/3491 2819/3879/3122
f 2340/3240/2151 2306/3206/2151 2838/3768/2151
f 2838/4006/3339 3028/4005/3338 2643/4185/2942
f 2643/4185/2942 2642/4186/2941 2838/4006/3339
f 3006/3973/3311 2458/3976/3314 3008/3975/3313
f 3008/3975/3313 3007/3974/3312 3006/3973/3311
f 3006/4187/3492 3160/4188/3493 2459/3359/2802
f 2459/3359/2802 2458/3358/2801 3006/4187/3492
f 2960/3905/3255 3092/4083/3410 3091/4082/3409
f 3091/4082/3409 2961/3906/3256 2960/3905/3255
f 2671/4189/3494 2670/3911/3261 2963/3910/3260
f 2963/3910/3260 3161/4190/3495 2671/4189/3494
f 2605/3982/3319 3013/3985/3322 3012/3984/3321
f 3012/3984/3321 3011/3983/3320 2605/3982/3319
f 2605/3509/2913 2604/3508/2913 3162/4191/3496
f 3162/4191/3496 3013/4192/3496 2605/3509/2913
f 2572/3475/2888 3083/4193/3497 2573/3476/2889
f 2398/3298/2151 2972/4194/2151 2973/4195/2151
f 2264/3164/2649 2750/4029/3359 2631/3535/2931
f 2624/3528/2924 2828/4041/3369 2259/3159/2644
f 2976/3935/3281 2873/3806/3176 2872/3805/3175
f 2872/3805/3175 2977/3936/3282 2976/3935/3281
f 3068/4059/3386 3067/4058/3385 2568/3469/2883
f 2568/3469/2883 3163/4196/3498 3068/4059/3386
f 2927/3865/3226 2446/3346/2799 2445/3345/2798
f 2445/3345/2798 2928/3866/3227 2927/3865/3226
f 2931/3869/3230 2704/3615/3003 2525/3426/2842
f 2525/3426/2842 3164/4197/3499 2931/3869/3230
f 2396/3296/2762 2558/3459/2873 2557/3458/2872
f 2557/3458/2872 2397/3297/2763 2396/3296/2762
f 3073/4064/3391 3070/4061/3388 2767/3689/3067
f 2767/3689/3067 3165/4198/3500 3073/4064/3391
f 3166/4199/3501 2364/3264/2735 2367/3267/2738
f 2367/3267/2738 3167/4200/3502 3166/4199/3501
f 3168/4201/3503 3141/4141/3463 2295/3195/2680
f 2295/3195/2680 2294/3194/2679 3168/4201/3503
f 2894/3828/3195 2312/3212/2694 3169/4202/3504
f 3169/4202/3504 3170/4203/3505 2894/3828/3195
f 2964/3914/3262 3171/4204/3506 3172/4205/3507
f 2260/3160/2645 2827/4040/3368 2778/4206/3508
f 2778/4206/3508 2984/3943/3288 2260/3160/2645
f 2777/4176/3483 2984/3943/3288 2778/4206/3508
f 3151/4160/3474 2652/3557/2951 2649/4207/3509
f 2649/4207/3509 3173/4208/3510 3151/4160/3474
f 3173/4209/3511 2649/3554/2948 2648/3553/2947
f 2589/3492/2898 2383/3283/2750 3174/4210/3512
f 3174/4210/3512 2755/4211/3513 2589/3492/2898
f 3174/4212/3514 2587/3490/3515 2586/3489/3054
f 2586/3489/3054 2755/3672/3053 3174/4212/3514
f 3175/4213/3516 3176/4214/3517 3095/4215/3518
f 3095/4215/3518 3177/4216/3519 3175/4213/3516
f 2516/3417/2840 3178/4217/3520 2900/3835/3199
f 2882/3815/3185 2611/3515/2917 2610/3514/2916
f 2610/3514/2916 2904/3839/3201 2882/3815/3185
f 3179/4218/3521 3180/4219/3522 2905/3840/3523
f 2905/3840/3523 2904/3839/3524 3179/4218/3521
f 3181/4220/3525 2595/3498/2904 2436/3336/2793
f 2436/3336/2793 2435/3335/2792 3181/4220/3525
f 3182/4221/2696 3128/4222/2696 2442/3342/2696
f 2522/4223/3526 2521/4224/3527 3063/4225/3527
f 3063/4225/3527 3183/4226/3528 2522/4223/3526
f 3184/4227/3529 2674/3582/2972 3000/3963/3303
f 3000/3963/3303 3185/4228/3530 3184/4227/3529
f 2763/3682/3062 2764/4229/3531 2659/4230/3532
f 2659/4230/3532 2762/3681/3061 2763/3682/3062
f 2345/3245/2717 3186/4231/3533 2338/3238/2151
f 2608/3512/2696 3187/4232/2696 2486/3387/2696
f 3142/4233/3464 3139/4139/3461 2484/3385/2817
f 2484/3385/2817 2818/3880/3121 3142/4233/3464
f 3188/4234/3534 2550/3451/2865 3052/4037/3365
f 2723/3637/3535 3189/4235/3536 3102/4236/3537
f 3102/4236/3537 3103/4237/3538 2723/3637/3535
f 2287/3187/2672 2286/3186/2671 2594/3497/2903
f 2594/3497/2903 2723/3637/3020 2287/3187/2672
f 3190/4238/3539 2486/4239/3540 3191/4240/3541
f 3191/4240/3541 3192/4241/3539 3190/4238/3539
f 2569/3470/2884 2251/3151/2636 2250/3150/2635
f 2250/3150/2635 3192/4242/3542 2569/3470/2884
f 2773/3696/3073 2772/3695/3072 3193/4243/3543
f 3193/4243/3543 2771/3693/3071 2773/3696/3073
f 2346/3246/2718 3194/4244/3544 2430/3330/2787
f 2430/3330/2787 2347/3247/2719 2346/3246/2718
f 2910/3845/3207 2913/3848/3210 3195/4245/3545
f 3195/4245/3545 2908/3843/3205 2910/3845/3207
f 2867/3800/3170 3196/4246/3546 2541/3442/2856
f 2541/3442/2856 2544/3445/2859 2867/3800/3170
f 2423/3323/2780 2883/3816/3186 3197/4247/3547
f 3197/4247/3547 2424/3324/2781 2423/3323/2780
f 3197/4247/3547 3198/4248/3548 3111/4103/3428
f 3111/4103/3428 3112/4104/3429 3197/4247/3547
f 2317/3217/2697 2320/3220/2700 3172/4205/3507
f 3199/4249/3549 3200/4250/3550 2516/3417/2840
f 2516/3417/2840 2317/3217/2697 3199/4249/3549
f 2801/3730/3104 3201/4251/3551 2508/3409/2834
f 2508/3409/2834 2511/3412/2837 2801/3730/3104
f 2647/3552/2945 2646/3551/2945 3202/4252/3552
f 3202/4252/3552 3203/4253/3553 2647/3552/2945
f 2332/3232/2709 2766/3688/3066 3204/4254/3554
f 3204/4254/3554 2333/3233/2710 2332/3232/2709
f 2409/3309/2768 2769/3691/3069 2768/3690/3068
f 2768/3690/3068 2410/3310/2769 2409/3309/2768
f 2343/3243/2715 2342/3242/2714 3205/4255/3555
f 3205/4255/3555 2601/4256/2910 2343/3243/2715
f 2299/3199/2684 2298/3198/2683 2729/3643/3026
f 2729/3643/3026 2731/3646/3029 2299/3199/2684
f 2500/3401/2828 2946/3889/3244 3206/4257/3556
f 3206/4257/3556 2501/3402/2829 2500/3401/2828
f 2743/3658/3041 2742/3657/3040 2671/4189/3494
f 2671/4189/3494 3161/4190/3495 2743/3658/3041
f 3044/4258/3354 3046/4259/3356 2352/3252/2724
f 2352/3252/2724 3041/4021/3351 3044/4258/3354
f 2722/3636/3019 2593/3496/2902 2919/3854/3215
f 2919/3854/3215 3207/4260/3557 2722/3636/3019
f 2474/4261/3558 3102/4262/3537 3189/4263/3536
f 3189/4263/3536 3207/4264/3559 2474/4261/3558
f 2410/3310/2769 2768/3690/3068 2934/3872/3233
f 2934/3872/3233 3208/4265/3560 2410/3310/2769
f 2480/4266/3561 3209/4267/3562 3208/4268/3562
f 3208/4268/3562 3210/4269/3563 2480/4266/3561
f 3211/4270/3564 3077/4068/3395 3076/4067/3394
f 2441/4271/3565 3095/4272/3518 3176/4273/3517
f 3176/4273/3517 3211/4270/3566 2441/4271/3565
f 2996/3955/3297 2999/3958/3300 3212/4274/3567
f 3212/4274/3567 2994/4275/3295 2996/3955/3297
f 2407/4276/3568 3213/4277/3569 2629/3533/3570
f 2629/3533/3570 3214/4278/3571 2407/4276/3568
f 3214/4279/3571 3215/4280/3572 2706/4281/3573
f 2706/4281/3573 2407/4282/3568 3214/4279/3571
f 2390/3290/2756 2923/3858/3219 2922/3857/3218
f 2922/3857/3218 2391/3291/2757 2390/3290/2756
f 3113/4105/3430 3043/4023/3353 3042/4022/3352
f 3042/4022/3352 3114/4106/3431 3113/4105/3430
f 2373/3273/3318 3010/3979/3317 3131/4283/3574
f 2556/4284/3575 2979/4285/3284 2724/3638/3021
f 2724/3638/3021 3021/3996/3331 2556/4284/3575
f 2556/3457/2871 3021/4286/3576 3216/4287/3576
f 3216/4287/3576 2553/3454/2868 2556/3457/2871
f 3134/4288/3577 3133/4289/3578 3217/4290/3579
f 3217/4290/3579 3218/4291/3577 3134/4288/3577
f 2311/3211/2693 2862/4292/3580 2864/4293/3581
f 2864/4293/3581 2308/3208/2690 2311/3211/2693
f 2837/3767/3141 2311/4294/2693 2310/3600/2692
f 2310/3600/2692 2694/3603/2992 2837/3767/3141
f 2643/4295/3582 2344/3244/2716 2641/4296/3583
f 2762/3681/3061 2344/4297/2716 2343/3504/2715
f 2343/3504/2715 2603/3507/2912 2762/3681/3061
f 3050/4298/3584 2514/3415/2839 2513/3414/2839
f 2513/3414/2839 2958/3901/3585 3050/4298/3584
f 2945/3888/3243 2947/4299/3586 2950/4300/3587
f 2950/4300/3587 3219/4301/3588 2945/3888/3243
f 3219/4301/3588 2329/3229/2706 2328/3228/2705
f 2328/3228/2705 2945/3888/3243 3219/4301/3588
f 2944/3887/3242 2946/3889/3244 2500/3401/2828
f 2500/3401/2828 2855/3785/3157 2944/3887/3242
f 2715/4302/3589 2855/3785/3157 2712/4303/3590
f 3024/3999/3334 2695/3605/3591 3026/4304/3592
f 3026/4304/3592 3220/4305/3593 3024/3999/3334
f 3220/4305/3593 2831/3761/3135 2830/3760/3134
f 2830/3760/3134 3024/3999/3334 3220/4305/3593
f 3032/4010/3343 2709/4011/3594 3034/4014/3595
f 3034/4014/3595 2854/3784/3156 3032/4010/3343
f 2852/3782/3154 3032/4010/3343 3031/4009/3342
f 3031/4009/3342 2578/3481/2893 2852/3782/3154
f 3221/4306/3596 3100/4091/3417 2738/3653/3036
f 2738/3653/3036 2987/3946/3290 3221/4306/3596
f 2989/4307/3597 2987/3946/3290 2465/4308/3598
f 2656/3561/2955 2815/4309/3599 2817/4310/3600
f 2817/4310/3600 2653/3558/2952 2656/3561/2955
f 3148/4150/3469 2656/3561/2955 2655/3560/2954
f 2655/3560/2954 2888/3822/3191 3148/4150/3469
f 3027/4004/3337 3028/4311/3601 3030/4312/3602
f 3030/4312/3602 3149/4158/3472 3027/4004/3337
f 3149/4158/3472 2803/3732/3106 2802/3731/3105
f 2802/3731/3105 3027/4004/3337 3149/4158/3472
f 2696/3606/3603 2404/3304/2767 2813/3742/3604
f 2653/3558/2952 2404/3304/2767 2403/3303/2766
f 2403/3303/2766 2654/3559/2953 2653/3558/2952
f 3222/4313/3605 2906/3841/3203 2905/3840/3202
f 2450/4314/3606 3223/4315/3607 3224/4316/3608
f 3224/4316/3608 3222/4317/3609 2450/4314/3606
f 2780/3705/2696 2779/3704/2696 2622/3526/2696
f 3126/4118/3440 3225/4318/3610 3226/4319/3611
f 3226/4319/3611 3227/4320/3612 3126/4118/3440
f 3126/4118/3440 3227/4320/3612 2878/3811/3181
f 2878/3811/3181 2877/3810/3180 3126/4118/3440
f 3228/4321/3613 3229/4322/3614 3230/4323/3615
f 3230/4323/3615 3045/4025/3355 3228/4321/3613
f 3228/4321/3613 3045/4025/3355 3044/4024/3354
f 3044/4024/3354 3231/4324/3616 3228/4321/3613
f 2995/3954/3296 2994/3953/3295 3212/4325/3567
f 3212/4325/3567 3094/4085/3412 2995/3954/3296
f 2995/3954/3296 3094/4085/3412 3093/4084/3411
f 3093/4084/3411 3232/4326/3617 2995/3954/3296
f 2990/3949/3293 2291/3191/2676 3233/4327/3618
f 3233/4327/3618 3234/4328/3619 2990/3949/3293
f 3235/4329/3620 3236/4330/3621 2354/3254/2726
f 2354/3254/2726 2357/3257/2729 3235/4329/3620
f 2262/3162/2647 2265/3165/2650 3237/4331/3622
f 3237/4331/3622 3238/4332/3623 2262/3162/2647
f 2414/3314/2773 2760/3679/3059 3239/4333/3624
f 3239/4333/3624 3240/4334/3625 2414/3314/2773
f 3241/4335/3626 3242/4336/3627 2581/3484/2896
f 2581/3484/2896 2415/3315/2774 3241/4335/3626
f 2978/3937/3283 2376/3276/2745 3243/4337/3628
f 3243/4337/3628 3244/4338/3629 2978/3937/3283
f 2632/3536/2932 2982/3941/3286 3245/4339/3630
f 3245/4339/3630 3246/4340/3631 2632/3536/2932
f 2983/3942/3287 2539/3440/2854 3247/4341/3632
f 3247/4341/3632 3248/4342/3633 2983/3942/3287
f 3249/4343/3634 3250/4344/3635 2258/3158/2643
f 2258/3158/2643 2261/3161/2646 3249/4343/3634
f 3132/4345/3449 2795/4346/3448 2303/3203/2688
f 2303/3203/2688 2302/3202/2687 3132/4345/3449
f 3251/4347/3636 3252/4348/3637 2375/3275/2744
f 2375/3275/2744 2623/3527/2923 3251/4347/3636
f 3253/4349/3638 3254/4350/3639 2907/4351/3640
f 2907/4351/3640 2909/4352/3641 3253/4349/3638
f 2545/3446/2860 2548/3449/2863 3035/4015/3345
f 3035/4015/3345 3036/4016/3346 2545/3446/2860
f 3140/4140/3462 3247/4341/3632 2539/3440/2854
f 2539/3440/2854 2481/3382/2814 3140/4140/3462
f 3155/4353/3642 2471/4354/3643 2419/4355/3644
f 2419/4355/3644 3255/4356/3645 3155/4353/3642
f 2449/4357/3646 2448/4358/3647 2253/4359/3648
f 2253/4359/3648 3256/4360/3649 2449/4357/3646
f 2842/3772/3145 2427/4361/3650 3257/4362/3651
f 3257/4362/3651 2839/3769/3142 2842/3772/3145
f 2842/3772/3145 2736/3651/3034 3258/4363/3652
f 3258/4363/3652 2427/4361/3650 2842/3772/3145
f 3259/4364/3653 3260/4365/3654 3261/4366/3655
f 3261/4366/3655 2369/4367/3656 3259/4364/3653
f 3262/4368/3657 3263/4369/3658 3264/4370/3659
f 3264/4370/3659 3265/4371/3660 3262/4368/3657
f 3104/4095/3421 2789/3716/3092 2788/3715/3091
f 2788/3715/3091 3265/4372/3661 3104/4095/3421
f 3210/4269/3563 2288/4373/3662 3266/4374/3663
f 3266/4374/3663 2480/4266/3561 3210/4269/3563
f 2288/4373/3662 3267/4375/3664 2477/4376/3664
f 2477/4376/3664 3266/4374/3663 2288/4373/3662
f 2941/3884/3239 3268/4377/3665 3159/4378/3666
f 3159/4378/3666 2938/3881/3237 2941/3884/3239
f 2941/3884/2696 2622/3526/2696 2535/3436/2696
f 2535/3436/2696 3268/4377/2696 2941/3884/2696
f 2308/3208/2690 2853/3783/3155 2577/3480/2892
f 2577/3480/2892 2309/3209/2691 2308/3208/2690
f 2864/3797/3168 2398/3796/3168 2866/3799/3169
f 2866/3799/3169 2865/3798/3169 2864/3797/3168
f 2467/3368/2810 3185/4228/3530 3000/3963/3303
f 3000/3963/3303 2468/3369/2811 2467/3368/2810
f 3215/4379/3667 3065/4056/3383 3064/4055/3382
f 3215/4280/3572 3064/4380/3668 2707/4381/3669
f 2707/4381/3669 2706/4281/3573 3215/4280/3572
f 3055/4382/3370 2857/4383/3373 2741/3656/3039
f 2741/3656/3039 2744/3659/3042 3055/4382/3370
f 2330/3230/2707 2329/3229/2706 3154/4384/3477
f 3154/4384/3477 3269/4385/3670 2330/3230/2707
f 3151/4160/3474 3173/4208/3510 2297/3197/2682
f 2297/3197/2682 2300/3200/2685 3151/4160/3474
f 2301/3201/2686 2304/3204/2689 2916/3971/3309
f 2916/3971/3309 3005/3970/3308 2301/3201/2686
f 2832/3762/3136 2831/3761/3135 3153/4162/3476
f 3153/4162/3476 3270/4386/3671 2832/3762/3136
f 3004/3969/3307 2915/3972/3310 2717/3861/3222
f 2717/3861/3222 2925/3860/3221 3004/3969/3307
f 2924/3859/3220 2716/3862/3223 3083/4074/3401
f 3083/4074/3401 3082/4073/3400 2924/3859/3220
f 3086/4077/3404 3087/4078/3405 3271/4387/3672
f 3271/4387/3672 3088/4388/3673 3086/4077/3404
f 2953/3896/3249 2812/3741/3115 2811/3740/3114
f 2811/3740/3114 2954/3897/3250 2953/3896/3249
f 3122/4114/3436 3232/4326/3617 3093/4084/3411
f 3093/4084/3411 3123/4115/3437 3122/4114/3436
f 3040/4020/3350 3231/4389/3616 3044/4258/3354
f 3044/4258/3354 3041/4021/3351 3040/4020/3350
f 2920/3855/3216 2395/3295/2761 2394/3294/2760
f 2394/3294/2760 2921/3856/3217 2920/3855/3216
f 3071/4062/3389 3116/4108/3433 3115/4107/3432
f 3115/4107/3432 3072/4063/3390 3071/4062/3389
f 2432/3332/2789 3110/4102/3427 3111/4103/3428
f 3111/4103/3428 3198/4248/3548 2432/3332/2789
f 2796/3724/3097 2798/3726/3099 2508/3409/2834
f 2508/3409/2834 3201/4251/3551 2796/3724/3097
f 3203/4390/3553 3202/4391/3552 2305/3728/3100
f 2305/3728/3100 2799/3727/3100 3203/4390/3553
f 2885/3818/3188 2275/3175/2660 2274/3174/2659
f 2274/3174/2659 2797/3725/3098 2885/3818/3188
f 3272/4392/3674 3273/4393/3675 2931/3869/3230
f 2931/3869/3230 3164/4197/3499 3272/4392/3674
f 3272/4392/3674 3164/4197/3499 3226/4319/3611
f 3226/4319/3611 3225/4318/3610 3272/4392/3674
f 3274/4394/3676 3069/4060/3387 3068/4059/3386
f 3068/4059/3386 3163/4196/3498 3274/4394/3676
f 3274/4394/3676 3163/4196/3498 3275/4395/3677
f 3275/4395/3677 3108/4396/3425 3274/4394/3676
f 3276/4397/3678 2335/4398/2712 2334/4399/2711
f 2334/4399/2711 2932/3870/3231 3276/4397/3678
f 3276/4397/3678 2932/3870/3231 2931/3869/3230
f 2931/3869/3230 3273/4393/3675 3276/4397/3678
f 2543/3444/2858 2600/3503/2909 3277/4400/3679
f 3277/4400/3679 3278/4401/3680 2543/3444/2858
f 2543/3444/2858 2542/3443/2857 2598/3501/2907
f 2598/3501/2907 2600/3503/2909 2543/3444/2858
f 2765/3687/3065 3074/4065/3392 3073/4064/3391
f 3073/4064/3391 3165/4198/3500 2765/3687/3065
f 2765/3687/3065 3165/4198/3500 3204/4254/3554
f 3204/4254/3554 2766/3688/3066 2765/3687/3065
f 3279/4402/3681 3278/4401/3680 3277/4400/3679
f 3277/4400/3679 3280/4403/3682 3279/4402/3681
f 3279/4402/3681 3280/4403/3682 3230/4323/3615
f 3230/4323/3615 3229/4322/3614 3279/4402/3681
f 2425/3325/2782 2424/3324/2781 3078/4069/3396
f 3078/4069/3396 3079/4070/3397 2425/3325/2782
f 2425/3325/2782 3079/4070/3397 2998/3957/3299
f 2998/3957/3299 2997/3956/3298 2425/3325/2782
f 2547/3448/2862 2546/3447/2861 3107/4404/3424
f 3107/4404/3424 3106/4405/3423 2547/3448/2862
f 3105/4406/3683 2666/3572/2963 3281/4407/3684
f 3281/4407/3684 3282/4408/3685 3105/4406/3683
f 3167/4200/3502 2367/3267/2738 2900/3835/3199
f 2900/3835/3199 3178/4217/3520 3167/4200/3502
f 2903/3838/2696 2455/3355/2696 3283/4409/2696
f 2529/3430/2846 2532/3433/2849 2611/3515/2917
f 2611/3515/2917 2881/3814/3184 2529/3430/2846
f 3111/4103/3428 3110/4102/3427 2529/3430/2846
f 2529/3430/2846 2881/3814/3184 3111/4103/3428
f 2625/3529/2925 2252/3152/2637 2251/3151/2636
f 2251/3151/2636 3067/4058/3385 2625/3529/2925
f 3068/4059/3386 2879/3812/3182 2625/3529/2925
f 2625/3529/2925 3067/4058/3385 3068/4059/3386
f 2918/3853/3214 2919/3854/3215 2593/3496/2902
f 2593/3496/2902 2592/3495/2901 2918/3853/3214
f 3115/4107/3432 3114/4106/3431 2918/3853/3214
f 2918/3853/3214 2592/3495/2901 3115/4107/3432
f 2591/3494/2900 2594/3497/2903 2286/3186/2671
f 2286/3186/2671 3070/4061/3388 2591/3494/2900
f 3073/4064/3391 3072/4063/3390 2591/3494/2900
f 2591/3494/2900 3070/4061/3388 3073/4064/3391
f 3284/4410/3686 3285/4411/3687 3286/4412/3688
f 3286/4412/3688 3257/4413/3689 3284/4410/3686
f 2598/3501/2907 3123/4115/3437 2844/3774/3147
f 2844/3774/3147 2599/3502/2908 2598/3501/2907
f 3122/4114/3436 3123/4115/3437 2598/3501/2907
f 2598/3501/2907 2542/3443/2857 3122/4114/3436
f 3078/4069/3396 3112/4104/3429 2880/3813/3183
f 2880/3813/3183 2533/3434/2850 3078/4069/3396
f 3197/4247/3547 3112/4104/3429 3078/4069/3396
f 3078/4069/3396 2424/3324/2781 3197/4247/3547
f 3150/4159/3473 2511/3412/2837 2510/3411/2836
f 2510/3411/2836 3152/4161/3475 3150/4159/3473
f 2801/3730/3104 2511/3412/2837 3150/4159/3473
f 3150/4159/3473 2800/3729/3101 2801/3730/3104
f 2491/3392/2822 2494/3395/2825 2942/4143/3240
f 2942/4143/3240 3081/4414/3399 2491/3392/2822
f 3287/4415/3690 2701/3612/3001 2429/3329/2786
f 2429/3329/2786 3288/4416/3691 3287/4415/3690
f 2469/3370/2812 2381/3281/2748 2380/3280/2747
f 2380/3280/2747 3100/4091/3417 2469/3370/2812
f 3221/4306/3596 2470/3371/2813 2469/3370/2812
f 2469/3370/2812 3100/4091/3417 3221/4306/3596
f 2893/4417/3692 2892/4418/3693 3075/4419/3694
f 3075/4419/3694 2596/4420/3695 2893/4417/3692
f 3075/4066/3393 2597/3500/2906 2596/3499/2905
f 2475/4421/3696 2616/4422/3697 2618/4423/3698
f 2618/4423/3698 3289/4424/3699 2475/4421/3696
f 3289/4424/3699 3175/4425/3516 3177/4426/3519
f 3177/4426/3519 2475/4421/3696 3289/4424/3699
f 3207/4427/3559 3290/4428/3700 3291/4429/3701
f 3291/4429/3701 2474/4430/3558 3207/4427/3559
f 3290/4428/3700 2419/4355/3644 2471/4354/3643
f 2471/4354/3643 3291/4429/3701 3290/4428/3700
f 2369/4367/3656 3191/4240/3541 2486/4239/3540
f 2486/4239/3540 3259/4364/3653 2369/4367/3656
f 2268/3168/2653 2877/3810/3180 2876/3809/3179
f 2876/3809/3179 2975/3934/3280 2268/3168/2653
f 2974/3933/3279 2269/3169/2654 2268/3168/2653
f 2268/3168/2653 2975/3934/3280 2974/3933/3279
f 2559/3460/2874 2766/3688/3066 2332/3232/2709
f 2332/3232/2709 2688/3596/2986 2559/3460/2874
f 2687/3595/2985 2560/3461/2875 2559/3460/2874
f 2559/3460/2874 2688/3596/2986 2687/3595/2985
f 2489/4431/2820 3144/4146/3466 2996/3955/3297
f 2996/3955/3297 2994/4275/3295 2489/4431/2820
f 3143/4144/3465 3144/4146/3466 2489/4431/2820
f 2489/4431/2820 2488/4145/2819 3143/4144/3465
f 3130/4123/3445 3224/4316/3608 3223/4315/3607
f 3223/4315/3607 2442/4120/3442 3130/4123/3445
f 2291/3191/2676 2290/3190/2675 3054/4039/3367
f 2305/3205/2151 2646/4432/2151 2645/4433/2151
f 2561/3462/2876 2563/3464/2878 2690/4434/3702
f 2690/4434/3702 3292/4435/3703 2561/3462/2876
f 2576/3479/2151 2398/3298/2151 2400/3300/2151
f 2400/3300/2151 2814/4436/2151 2576/3479/2151
f 2814/4437/3117 2813/4438/3116 2817/3747/3120
f 2817/3747/3120 2576/3746/3120 2814/4437/3117
f 2662/4439/2960 2661/4440/2959 2989/3948/3292
f 2989/3948/3292 2988/3947/3291 2662/4439/2960
f 2466/4441/2151 2662/4442/2151 2988/4443/2151
f 2456/3356/2696 2459/3359/2696 3293/4444/2696
f 3293/4444/2696 2917/3852/2696 2456/3356/2696
f 2794/3722/3095 2719/3632/3016 2303/3631/3015
f 2303/3631/3015 2795/3723/3096 2794/3722/3095
f 2898/3832/2151 2306/3206/2151 2339/3239/2151
f 2339/3684/3064 2764/3683/3063 3003/3968/3306
f 3003/3968/3306 3002/3967/3305 2339/3684/3064
f 2823/3753/3125 3061/4052/3379 2423/3323/2780
f 2423/3323/2780 2426/3326/2783 2823/3753/3125
f 2841/3771/3144 3061/4052/3379 2823/3753/3125
f 2823/3753/3125 2737/3652/3035 2841/3771/3144
f 3294/4445/3704 2935/3873/3234 2430/3330/2787
f 2430/3330/2787 3194/4244/3544 3294/4445/3704
f 3193/4243/3543 2772/3695/3072 3294/4445/3704
f 3294/4445/3704 3194/4244/3544 3193/4243/3543
f 2270/3170/2655 2273/3173/2658 2541/3442/2856
f 2541/3442/2856 3196/4246/3546 2270/3170/2655
f 3195/4245/3545 2913/3848/3210 2270/3170/2655
f 2270/3170/2655 3196/4246/3546 3195/4245/3545
f 2725/3639/3022 2281/3181/2666 3051/4036/3364
f 3051/4036/3364 2727/3641/3024 2725/3639/3022
f 2856/3786/3158 2858/3790/3162 2741/3789/3161
f 2741/3789/3161 2857/3787/3159 2856/3786/3158
f 2856/3786/2696 2588/3491/2696 2672/3580/2696
f 2672/3580/2696 2858/3790/2696 2856/3786/2696
f 3204/4254/3554 3165/4198/3500 2767/3689/3067
f 2767/3689/3067 2769/3691/3069 3204/4254/3554
f 3204/4254/3554 2769/3691/3069 2409/3309/2768
f 2409/3309/2768 2333/3233/2710 3204/4254/3554
f 2878/3811/3181 3227/4320/3612 3066/4057/3384
f 3066/4057/3384 2626/3530/2926 2878/3811/3181
f 2878/3811/3181 2626/3530/2926 2625/3529/2925
f 2625/3529/2925 2879/3812/3182 2878/3811/3181
f 3109/4101/3426 3295/4446/3705 2937/3875/3236
f 2937/3875/3236 2530/3431/2847 3109/4101/3426
f 3109/4101/3426 2530/3431/2847 2529/3430/2846
f 2529/3430/2846 3110/4102/3427 3109/4101/3426
f 2806/4447/3109 2810/3739/3113 2809/3738/3112
f 2809/3738/3112 2807/4448/3110 2806/4447/3109
f 2787/3714/3090 3060/4049/3376 3059/4048/3375
f 3059/4048/3375 2788/3715/3091 2787/3714/3090
f 2732/3647/3030 2840/3770/3143 2839/3769/3142
f 2839/3769/3142 2733/3648/3031 2732/3647/3030
f 2912/3847/3209 2911/3846/3208 3080/4071/3398
f 3080/4071/3398 2943/3886/3241 2912/3847/3209
f 2718/3629/2696 2326/3226/2696 3296/4449/3706
f 2573/3476/2889 3083/4193/3497 2716/3627/3011
f 2716/3627/3011 2718/3629/3013 2573/3476/2889
f 2874/4099/3177 2935/3873/3234 3294/4445/3704
f 3294/4445/3704 2875/4450/3178 2874/4099/3177
f 3137/4137/3459 3263/4369/3658 3297/4451/3707
f 3297/4451/3707 3298/4452/3708 3137/4137/3459
f 2951/3894/3247 2956/3899/3252 2955/3898/3251
f 2955/3898/3251 2434/3334/2791 2951/3894/3247
f 3275/4453/3677 3295/4446/3705 2936/3874/3235
f 2936/3874/3235 3108/4100/3425 3275/4453/3677
f 2551/3452/2866 2550/3451/2865 3188/4234/3534
f 3188/4234/3534 3053/4038/3366 2551/3452/2866
f 2964/3914/3262 2894/3913/3195 3170/4454/3505
f 3170/4454/3505 3171/4204/3506 2964/3914/3262
f 2979/3938/3284 2556/4455/3575 2555/3994/3329
f 2555/3994/3329 2377/3277/2746 2979/3938/3284
f 2319/3219/2699 2515/4034/3362 2514/4032/3360
f 2514/4032/3360 2965/3915/3263 2319/3219/2699
f 2965/3915/3263 2964/3914/3262 2320/3220/2700
f 2320/3220/2700 2319/3219/2699 2965/3915/3263
f 3184/4227/3529 2763/3682/3062 2675/3583/2973
f 2675/3583/2973 2674/3582/2972 3184/4227/3529
f 3220/4305/3593 2834/3764/3138 3153/4162/3476
f 3153/4162/3476 2831/3761/3135 3220/4305/3593
f 3219/4301/3588 2279/4456/2664 3154/4384/3477
f 3154/4384/3477 2329/3229/2706 3219/4301/3588
f 2702/3613/3002 2701/3612/3001 3299/4457/3709
f 3299/4457/3709 3300/4458/3710 2702/3613/3002
f 2861/3793/3165 3217/4290/3579 3133/4289/3578
f 3133/4289/3578 2860/3792/3165 2861/3793/3165
f 3217/4290/2696 2861/3793/2696 2314/3214/2696
f 3267/4459/3664 2723/3637/3535 3103/4237/3538
f 3103/4237/3538 2477/4460/3664 3267/4459/3664
f 2589/3492/2898 2755/4211/3513 2754/4044/3372
f 2754/4044/3372 3056/4043/3371 2589/3492/2898
f 2937/3875/3236 3295/4446/3705 3275/4453/3677
f 3275/4453/3677 2570/3876/2885 2937/3875/3236
f 2889/3823/3192 2888/3822/3191 2655/3560/2954
f 2655/3560/2954 3085/4076/3403 2889/3823/3192
f 2276/3176/2661 2275/3175/2660 2887/3820/3190
f 2887/3820/3190 2890/4461/3193 2276/3176/2661
f 3205/4255/3555 2342/3242/2714 2802/3731/3105
f 2802/3731/3105 2805/3734/3108 3205/4255/3555
f 3206/4257/3556 2946/3889/3244 2328/3228/2705
f 2328/3228/2705 2331/3231/2708 3206/4257/3556
f 3153/4162/3476 2694/3603/2992 2693/3602/2991
f 2693/3602/2991 3270/4386/3671 3153/4162/3476
f 2675/3583/2973 2603/3507/2912 2602/3506/2911
f 2602/3506/2911 2676/3584/2974 2675/3583/2973
f 3090/4081/3408 2798/3726/3099 2274/3174/2659
f 2274/3174/2659 2277/3177/2662 3090/4081/3408
f 2574/3477/2890 2402/3302/2765 2830/3760/3134
f 2830/3760/3134 2833/3763/3137 2574/3477/2890
f 2804/3733/3107 2803/3732/3106 3150/4159/3473
f 3150/4159/3473 3152/4161/3475 2804/3733/3107
f 2793/3720/3094 2309/3209/2691 2577/3480/2892
f 2577/3480/2892 2580/3483/2895 2793/3720/3094
f 3154/4163/3477 2740/3655/3038 2739/3654/3037
f 2739/3654/3037 3269/4462/3670 3154/4163/3477
f 3084/4075/3402 2654/3559/2953 2403/3303/2766
f 2403/3303/2766 2575/3478/2891 3084/4075/3402
f 3089/4080/3407 2468/3369/2811 3000/3963/3303
f 3000/3963/3303 3001/3964/3304 3089/4080/3407
f 2579/3482/2894 2578/3481/2893 3031/4009/3342
f 3031/4009/3342 3101/4092/3420 2579/3482/2894
f 3300/4458/3710 3301/4463/3711 3302/4464/3712
f 3302/4464/3712 2702/3613/3002 3300/4458/3710
f 3303/4465/3713 3304/4466/3714 3186/4231/3533
f 3186/4231/3533 2345/3245/2717 3303/4465/3713
f 3096/4087/3413 3098/4089/3415 2952/3895/3248
f 3066/4057/3384 2630/3534/2930 2627/3531/2927
f 2627/3531/2927 2626/3530/2926 3066/4057/3384
f 2352/3252/2724 3046/4259/3356 2682/4166/2980
f 2682/4166/2980 2353/3253/2725 2352/3252/2724
f 2437/3337/2794 2436/3336/2793 2846/3776/3149
f 2846/3776/3149 2845/3775/3148 2437/3337/2794
f 3022/3997/3332 2619/3523/2921 2682/3590/2980
f 2682/3590/2980 3046/4026/3356 3022/3997/3332
f 2410/3310/2769 3208/4265/3560 3305/4467/3715
f 3305/4467/3715 2411/3311/2770 2410/3310/2769
f 2904/3839/3524 3136/4468/3457 2613/4469/3456
f 2613/4469/3456 3179/4218/3521 2904/3839/3524
f 2428/3328/2785 3047/4027/3357 3258/4470/3716
f 3258/4470/3716 3306/4471/3717 2428/3328/2785
f 2496/3397/2827 2495/3396/2826 3307/4472/3718
f 3307/4472/3718 3308/4473/3719 2496/3397/2827
f 3192/4241/3539 3309/4474/3720 2447/4475/3721
f 2447/4475/3721 3190/4238/3539 3192/4241/3539
f 3309/4476/3720 2253/4359/3648 2448/4358/3647
f 2448/4358/3647 2447/4477/3721 3309/4476/3720
f 2734/3649/3032 2771/3693/3071 3193/4243/3543
f 3193/4243/3543 2735/3650/3033 2734/3649/3032
f 3193/4243/3543 3194/4244/3544 2346/3246/2718
f 2346/3246/2718 2735/3650/3033 3193/4243/3543
f 3096/4087/3413 2952/3895/3248 2433/3333/2790
f 2433/3333/2790 3097/4088/3414 3096/4087/3413
f 2433/3333/2790 2269/3169/2654 2974/3933/3279
f 2974/3933/3279 3097/4088/3414 2433/3333/2790
f 3310/4478/3722 3311/4479/3723 3147/4149/3468
f 3147/4149/3468 3146/4148/3467 3310/4478/3722
f 2689/3597/2987 2691/3599/2989 3016/3988/3325
f 3016/3988/3325 2808/3737/3111 2689/3597/2987
f 3016/3988/3325 2560/3461/2875 2687/3595/2985
f 2687/3595/2985 2808/3737/3111 3016/3988/3325
f 2699/3610/2999 2908/3843/3205 3195/4245/3545
f 3195/4245/3545 2700/3611/3000 2699/3610/2999
f 3195/4245/3545 3196/4246/3546 2867/3800/3170
f 2867/3800/3170 2700/3611/3000 3195/4245/3545
f 3233/4327/3618 2291/3191/2676 3054/4039/3367
f 2289/3189/2674 2758/3960/3302 3131/4124/3446
f 3131/4124/3446 2552/3453/2867 2289/3189/2674
f 2552/3453/2867 2551/3452/2866 2290/3190/2675
f 2290/3190/2675 2289/3189/2674 2552/3453/2867
f 2293/3193/2678 2537/4183/3490 2849/4051/3378
f 2849/4051/3378 2365/3265/2736 2293/3193/2678
f 2365/3265/2736 2364/3264/2735 2294/3194/2679
f 2294/3194/2679 2293/3193/2678 2365/3265/2736
f 2374/3274/2743 2829/3995/3330 3312/4480/3724
f 3312/4480/3724 2624/3528/2924 2374/3274/2743
f 2263/3163/2648 2745/3917/3265 2959/4481/3725
f 2959/4481/3725 2264/3164/2649 2263/3163/2648
f 2991/3950/3294 3134/4131/3453 2759/3959/3301
f 2759/3959/3301 2292/3192/2677 2991/3950/3294
f 2366/3266/2737 2848/4050/3377 3120/4153/3471
f 3120/4153/3471 2901/3836/3200 2366/3266/2737
f 2901/3836/3200 2900/3835/3199 2367/3267/2738
f 2367/3267/2738 2366/3266/2737 2901/3836/3200
f 2549/3450/2864 3010/4125/3447 2728/3642/3025
f 2728/3642/3025 2727/3641/3024 2549/3450/2864
f 2413/3313/2772 2633/4180/3487 2859/4129/3451
f 2859/4129/3451 2761/3680/3060 2413/3313/2772
f 2355/3255/2727 2860/4482/3450 3133/4130/3452
f 3133/4130/3452 2356/3256/2728 2355/3255/2727
f 2895/3829/3196 3050/4483/3361 2746/3916/3264
f 2746/3916/3264 2313/3213/2695 2895/3829/3196
f 2636/3540/2151 2427/3327/2784 2338/3238/2151
f 2427/3327/2784 2362/3262/2734 2338/3238/2151
f 2415/3315/2774 2414/3314/2773 3240/4334/3625
f 3240/4334/3625 3241/4335/3626 2415/3315/2774
f 2312/3212/2694 2262/3162/2647 3238/4332/3623
f 3238/4332/3623 3169/4202/3504 2312/3212/2694
f 2760/3679/3059 2354/3678/2726 3236/4484/3621
f 3236/4484/3621 3239/4333/3624 2760/3679/3059
f 2376/3276/2745 2375/3275/2744 3252/4348/3637
f 3252/4348/3637 3243/4337/3628 2376/3276/2745
f 2282/3182/2667 2978/4485/3283 3244/4486/3629
f 3244/4486/3629 2283/3183/2668 2282/3182/2667
f 2282/3182/2667 2724/3638/3021 2979/4285/3284
f 2979/4285/3284 2978/4485/3283 2282/3182/2667
f 2357/3257/2729 2990/3949/3293 3234/4328/3619
f 3234/4328/3619 3235/4329/3620 2357/3257/2729
f 2265/3165/2650 2632/3536/2932 3246/4340/3631
f 3246/4340/3631 3237/4331/3622 2265/3165/2650
f 2261/3161/2646 2983/3942/3287 3248/4342/3633
f 3248/4342/3633 3249/4343/3634 2261/3161/2646
f 2623/3527/2923 2258/3158/2643 3250/4344/3635
f 3250/4344/3635 3251/4347/3636 2623/3527/2923
f 2982/3941/3286 2581/3484/2896 3242/4336/3627
f 3242/4336/3627 3245/4339/3630 2982/3941/3286
f 2771/3693/3071 2770/3692/3070 3313/4487/3726
f 3313/4487/3726 2773/3696/3073 2771/3693/3071
f 3313/4488/3727 2637/3541/2936 3147/4149/3468
f 3147/4149/3468 3311/4479/3723 3313/4488/3727
f 2909/4352/3641 3314/4489/3728 3315/4490/3729
f 3315/4490/3729 3253/4349/3638 2909/4352/3641
f 3314/4489/3728 3038/4018/3348 2362/3262/2734
f 2362/3262/2734 3315/4490/3729 3314/4489/3728
f 2958/3901/2696 2957/3900/2696 2748/3663/2696
f 2958/3901/3585 2747/3662/3045 2746/3661/3044
f 2746/3661/3044 3050/4298/3584 2958/3901/3585
f 2750/4029/3359 2264/3164/2649 2959/4481/3725
f 2750/3665/3048 2959/3902/3254 2957/3900/3253
f 2957/3900/3253 2315/3215/3046 2750/3665/3048
f 2782/3709/3085 3216/4287/3576 3021/4286/3576
f 3021/4286/3576 2726/3706/3082 2782/3709/3085
f 2373/3273/2696 3216/4287/2696 2781/3708/2696
f 2691/3599/2989 2690/3598/2988 3316/4491/3730
f 3316/4491/3730 3014/3986/3323 2691/3599/2989
f 2562/3463/2877 3138/4138/3460 3317/4492/3731
f 3317/4492/3731 3316/4493/3732 2562/3463/2877
f 2828/4041/3369 2624/3528/2924 3312/4480/3724
f 2622/3526/3131 2828/3758/3130 3312/4494/3733
f 3304/4466/3714 3310/4478/3722 3146/4148/3467
f 3146/4148/3467 3186/4231/3533 3304/4466/3714
f 2382/3282/2749 2967/3919/3267 3174/4210/3512
f 3174/4210/3512 2383/3283/2750 2382/3282/2749
f 2967/3921/3269 2969/3923/3271 2587/3490/3515
f 2587/3490/3515 3174/4212/3514 2967/3921/3269
f 2651/3556/2950 2650/3908/3258 2649/4207/3509
f 2649/4207/3509 2652/3557/2951 2651/3556/2950
f 2597/3500/2906 3075/4066/3393 2847/3777/3150
f 2847/3777/3150 2846/3776/3149 2597/3500/2906
f 2847/3777/3150 3075/4066/3393 3077/4068/3395
f 3077/4068/3395 2891/3825/3194 2847/3777/3150
f 2622/3526/2696 2372/3272/2696 2316/3216/2696
f 2372/3272/3133 2622/3526/3131 3312/4494/3733
f 3312/4494/3733 2829/3759/3132 2372/3272/3133
f 3305/4495/3715 3063/4054/3381 3062/4053/3380
f 3062/4053/3380 2411/4157/2770 3305/4495/3715
f 3062/4053/3380 3063/4054/3381 3065/4056/3383
f 3065/4056/3383 2705/3616/3004 3062/4053/3380
f 3168/4201/3503 2294/3194/2679 3166/4199/3501
f 2454/3354/3734 2453/3353/3735 3168/4496/3736
f 3168/4496/3736 3166/4497/3737 2454/3354/3734
f 3199/4249/3549 2317/3217/2697 3172/4205/3507
f 2452/3352/3738 2451/3351/3739 3199/4498/3740
f 3199/4498/3740 3172/4499/3741 2452/3352/3738
f 3185/4228/3530 2467/3368/2810 2663/3569/3419
f 2663/3569/3419 2899/3834/3742 3185/4228/3530
f 2899/3834/3742 3003/4500/3743 3184/4227/3529
f 3184/4227/3529 3185/4228/3530 2899/3834/3742
f 2797/3725/3098 2796/3724/3097 2799/4501/3744
f 2799/4501/3744 2506/4502/3745 2797/3725/3098
f 2797/3725/3098 2506/4502/3745 2885/3818/3188
f 2853/3783/3155 2308/3208/2690 2864/4293/3581
f 2864/4293/3581 2865/4503/3746 2853/3783/3155
f 2853/3783/3155 2865/4503/3746 2852/3782/3154
f 3201/4251/3551 2801/3730/3104 2647/3552/3103
f 2647/3552/3103 3203/4253/3747 3201/4251/3551
f 3201/4251/3551 3203/4253/3747 2796/3724/3097
f 2886/3819/3189 2885/3818/3188 2505/4504/3748
f 2505/4504/3748 2658/4505/3749 2886/3819/3189
f 2886/4151/3189 2658/4506/3749 3148/4150/3469
f 2587/3490/2696 2969/3923/2696 3048/4030/2696
f 3048/4030/2696 2588/3491/2696 2587/3490/2696
f 3318/4507/3750 3175/4508/3751 2422/3322/2779
f 2422/3322/2779 2254/3154/2639 3318/4507/3750
f 2422/3322/2779 3175/4508/3751 2617/3521/2919
f 2617/3521/2919 2620/3524/2922 2422/3322/2779
f 3319/4509/3752 3130/4510/3753 2822/3752/3124
f 2822/3752/3124 2321/3221/2701 3319/4509/3752
f 2822/3752/3124 3130/4510/3753 3181/4511/3525
f 3181/4511/3525 2435/3877/2792 2822/3752/3124
f 3065/4056/3383 3215/4379/3667 2526/3427/2843
f 2526/3427/2843 2705/3616/3004 3065/4056/3383
f 2526/3427/2843 3215/4379/3667 2628/3532/2928
f 2628/3532/2928 2527/3428/2844 2526/3427/2843
f 2569/3470/2884 3192/4242/3542 2368/4512/2739
f 2368/4512/2739 2371/3471/2742 2569/3470/2884
f 2906/3841/3203 3222/4313/3605 2324/3224/2704
f 2324/3224/2704 2534/3435/2851 2906/3841/3203
f 2324/3224/2704 3222/4313/3605 3319/4509/3752
f 3319/4509/3752 2321/3221/2701 2324/3224/2704
f 2420/3320/2777 3207/4260/3557 2919/3854/3215
f 2919/3854/3215 2350/3250/2722 2420/3320/2777
f 2257/3157/2642 3211/4270/3564 3318/4507/3750
f 3318/4507/3750 2254/3154/2639 2257/3157/2642
f 3077/4068/3395 3211/4270/3564 2257/3157/2642
f 2257/3157/2642 2891/3825/3194 3077/4068/3395
f 2882/3815/3185 2904/3839/3201 2906/3841/3203
f 2906/3841/3203 2534/3435/2851 2882/3815/3185
f 3298/4452/3708 3317/4492/3731 3138/4138/3460
f 3138/4138/3460 3137/4137/3459 3298/4452/3708
f 3081/4414/3399 3287/4513/3754 3288/4514/3755
f 3288/4514/3755 2491/3392/2822 3081/4414/3399
f 3080/4071/3398 3287/4515/3754 3081/4072/3399
f 3263/4369/3658 3262/4368/3657 3297/4451/3707
f 2536/3437/2696 3320/4516/2696 2316/3216/2696
f 2516/3417/2840 3200/4250/3550 3178/4217/3520
f 2903/3838/3756 3283/4409/3757 3167/4517/3758
f 3167/4517/3758 3178/4518/3756 2903/3838/3756
f 3039/4019/3349 3282/4408/3685 3281/4407/3684
f 3281/4407/3684 3037/4017/3347 3039/4019/3349
f 3222/4317/3609 2905/4519/3523 3180/4520/3522
f 3180/4520/3522 2450/4314/3606 3222/4317/3609
f 3187/4232/3759 2608/3512/3760 3140/4521/3761
f 3140/4521/3761 3139/4522/3762 3187/4232/3759
f 2519/3420/3763 2518/3419/3764 3052/4523/3765
f 3052/4523/3765 2284/4524/3766 2519/3420/3763
f 2281/3181/2666 2284/3184/2669 3052/4037/3365
f 3211/4270/3566 3076/4067/3767 3321/4525/3768
f 3321/4525/3768 2441/4271/3565 3211/4270/3566
f 3076/4526/3767 3075/4419/3694 2892/4418/3693
f 2892/4418/3693 3321/4527/3768 3076/4526/3767
f 2478/3379/3769 2640/3544/3770 3054/4528/3771
f 3054/4528/3771 3053/4529/3769 2478/3379/3769
f 2294/3194/2679 2364/3264/2735 3166/4199/3501
f 2281/3181/2666 3052/4037/3365 3051/4036/3364
f 2465/4308/3598 2987/3946/3290 2278/3178/2663
f 2713/4167/2151 2306/3206/2151 2949/4168/2151
f 2398/3298/2151 2306/3206/2151 2708/4530/2151
f 2947/4299/3586 2945/3888/3243 2715/4302/3589
f 2715/3626/3010 2714/3625/3010 2948/3891/3245
f 2948/3891/3245 2947/3890/3245 2715/3626/3010
f 2344/4297/2716 2762/3681/3061 2659/4230/3532
f 2659/4230/3532 2641/4531/3583 2344/4297/2716
f 2279/4456/2664 3219/4301/3588 2950/4300/3587
f 2950/4300/3587 2280/4532/2665 2279/4456/2664
f 2950/3893/3246 2949/3892/3246 2720/3634/3018
f 2720/3634/3018 2280/3633/3017 2950/3893/3246
f 2855/3785/3157 2854/3784/3156 3034/4014/3595
f 3034/4014/3595 2712/4303/3590 2855/3785/3157
f 3034/4014/3344 3033/4013/3344 2713/4533/3009
f 2713/4533/3009 2712/4303/3008 3034/4014/3344
f 2661/3566/3418 2470/3371/2813 2989/4307/3597
f 2311/4294/2693 2837/3767/3141 2836/3766/3140
f 2836/3766/3140 2862/4534/3580 2311/4294/2693
f 2836/3930/3277 2972/3929/3277 2863/3795/3167
f 2863/3795/3167 2862/3794/3166 2836/3930/3277
f 2939/3882/3238 2777/3702/3078 2780/3705/3081
f 2780/3705/3081 2940/3883/3238 2939/3882/3238
f 2764/4229/3531 2763/3682/3062 3003/4500/3743
f 2834/3764/3138 3220/4305/3593 3026/4304/3592
f 3026/4304/3592 2835/3765/3139 2834/3764/3138
f 3026/4003/3336 3025/4002/3335 2973/3932/3278
f 2973/3932/3278 2835/3931/3278 3026/4003/3336
f 2695/3605/3591 3024/3999/3334 2696/3606/3603
f 2800/3729/3101 3149/4158/3472 3030/4312/3602
f 3030/4312/3602 2644/3549/3102 2800/3729/3101
f 3030/4008/3341 3029/4007/3340 2645/4535/2944
f 2645/4535/2944 2644/4536/2943 3030/4008/3341
f 3032/4010/3343 2852/3782/3154 2710/4537/3772
f 2710/4537/3772 2709/4011/3594 3032/4010/3343
f 3088/4388/3673 3099/4538/3773 3322/4539/3774
f 3322/4539/3774 3086/4077/3404 3088/4388/3673
f 3322/4539/3774 3099/4538/3773 3098/4540/3775
f 3098/4540/3775 2345/3245/2717 3322/4539/3774
f 2656/3561/2955 3148/4150/3469 3019/4541/3776
f 3019/4541/3776 2815/4309/3599 2656/3561/2955
f 2551/3452/2866 3054/4039/3367 2290/3190/2675
f 3028/4311/3601 3027/4004/3337 2643/4295/3582
f 2404/3304/2767 2653/3558/2952 2817/4310/3600
f 2817/4310/3600 2813/3742/3604 2404/3304/2767
f 2964/3914/3262 3172/4205/3507 2320/3220/2700
f 3308/4473/3719 3323/4542/3777 3324/4543/3778
f 3324/4543/3778 2496/3397/2827 3308/4473/3719
f 3323/4542/3777 3271/4387/3672 3087/4078/3405
f 3087/4078/3405 3324/4543/3778 3323/4542/3777
f 2634/4179/3486 2416/3316/2775 2582/3485/2897
f 2582/3485/2897 3125/4181/3488 2634/4179/3486
f 2634/3538/2934 3125/4117/3439 3124/4116/3438
f 3124/4116/3438 2418/3318/2935 2634/3538/2934
f 3218/4291/3577 2756/3673/3055 2759/3676/3058
f 2759/3676/3058 3134/4288/3577 3218/4291/3577
f 3325/4544/2696 3217/4290/2696 2314/3214/2696
f 2538/4182/3489 2296/3196/2681 2819/3749/3122
f 2819/3749/3122 3159/4545/3491 2538/4182/3489
f 2538/3439/2852 3159/4378/3666 3268/4377/3665
f 3268/4377/3665 2535/3436/2852 2538/3439/2852
f 2595/3498/2904 3181/4220/3525 3129/4546/3779
f 3130/4510/3753 3129/4547/3779 3181/4511/3525
f 3175/4508/3751 3318/4507/3750 3176/4273/3780
f 3211/4270/3564 3176/4273/3780 3318/4507/3750
f 2908/3843/3205 2907/3842/3204 3301/4548/3781
f 3301/4548/3781 2910/3845/3207 2908/3843/3205
f 3301/4463/3711 2907/4351/3640 3254/4350/3639
f 3254/4350/3639 3302/4464/3712 3301/4463/3711
f 2612/4136/3458 3261/4549/3655 3260/4550/3654
f 3260/4550/3654 2614/4133/3455 2612/4136/3458
f 2956/3899/3252 3088/4079/3406 3271/4551/3782
f 3271/4551/3782 2953/3896/3249 2956/3899/3252
f 2345/3245/2717 3098/4540/3775 3303/4465/3713
f 3255/4356/3645 2618/4423/3698 2616/4422/3697
f 2616/4422/3697 3155/4353/3642 3255/4356/3645
f 3256/4552/3649 2629/3533/3570 3213/4277/3569
f 3213/4277/3569 2449/4553/3646 3256/4552/3649
f 2596/4420/3695 2595/4554/3783 3182/4555/3783
f 3182/4555/3783 2893/4417/3692 2596/4420/3695
f 2595/4554/3783 3129/4122/3444 3128/4121/3443
f 3128/4121/3443 3182/4555/3783 2595/4554/3783
f 2984/3943/3288 2777/4176/3483 2540/3441/2855
f 2524/3425/3784 2523/3424/3785 3169/4556/3786
f 3169/4556/3786 3238/4557/3787 2524/3425/3784
f 3183/4226/3528 3208/4268/3562 3209/4267/3562
f 3209/4267/3562 2522/4223/3526 3183/4226/3528
f 2897/3831/3788 2896/3830/3789 3171/4558/3790
f 3171/4558/3790 3170/4559/3791 2897/3831/3788
f 2980/3939/3792 2520/3421/3793 2283/4560/3794
f 2283/4560/3794 3244/4561/3795 2980/3939/3792
f 2993/3952/3796 2992/3951/3797 3235/4562/3798
f 3235/4562/3798 3234/4563/3799 2993/3952/3796
f 2440/3340/3800 2439/3339/3801 3237/4564/3802
f 3237/4564/3802 3246/4565/3803 2440/3340/3800
f 2485/3386/3804 2820/3750/3805 3142/4566/3806
f 3142/4566/3806 3141/4567/3807 2485/3386/3804
f 2583/3486/3808 2476/3377/3809 3245/4568/3809
f 3245/4568/3809 3242/4569/3808 2583/3486/3808
f 2473/3374/3810 2472/3373/3811 3239/4570/3811
f 3239/4570/3811 3236/4571/3812 2473/3374/3810
f 2615/3519/3813 2584/3487/3814 3241/4572/3815
f 3241/4572/3815 3240/4573/3816 2615/3519/3813
f 2405/3305/3817 2408/3308/3818 3251/4574/3819
f 3251/4574/3819 3250/4575/3820 2405/3305/3817
f 2985/3944/3821 2406/3306/3822 3249/4576/3822
f 3249/4576/3822 3248/4577/3823 2985/3944/3821
f 2792/3719/3824 2791/3718/3825 3243/4578/3826
f 3243/4578/3826 3252/4579/3827 2792/3719/3824
f 2717/3628/3012 2915/3850/3212 2718/3629/3013
f 2670/3578/2968 2669/3577/2968 2667/3574/2965
f 2667/3574/2965 2460/3573/2964 2670/3578/2968
f 2385/3699/3075 2774/3698/3074 2389/3289/3482
f 2389/3289/3482 2960/4175/3481 2385/3699/3075
f 2461/3576/2967 2668/3575/2966 3160/4188/3493
f 3160/4188/3493 3006/4187/3492 2461/3576/2967
f 2297/3924/3272 3173/4209/3511 2648/3553/2947
f 2304/3630/3014 2719/3632/3016 2914/3849/3211
f 2914/3849/3211 2916/3851/3213 2304/3630/3014
f 3092/4174/3480 3158/4173/3480 2776/3701/3077
f 2776/3701/3077 2775/3700/3076 3092/4174/3480
f 2742/3788/3160 2858/3790/3162 2672/3580/2970
f 2672/3580/2970 2671/3579/2969 2742/3788/3160
f 3013/4192/3496 3162/4191/3496 2751/3667/3049
f 2751/3667/3049 2677/3666/3049 3013/4192/3496
f 2298/3926/3274 2970/3925/3273 2971/3928/3276
f 2971/3928/3276 2729/3927/3275 2298/3926/3274
f 2843/3773/3146 2637/3541/2936 2770/4580/3828
f 2770/4580/3828 3326/4581/3829 2843/3773/3146
f 3326/4581/3829 3286/4412/3688 3285/4411/3687
f 3285/4411/3687 2843/3773/3146 3326/4581/3829
f 3049/4031/2696 2326/3226/2696 2588/3491/2696
f 2588/3491/2696 2326/3226/2696 3327/4582/3830
f 3063/4054/3381 3305/4495/3715 3183/4583/3831
f 3208/4265/3560 3183/4584/3831 3305/4467/3715
f 3207/4260/3557 2420/3320/2777 3290/4585/3832
f 2419/3319/2776 3290/4585/3832 2420/3320/2777
f 3130/4510/3753 3319/4509/3752 3224/4586/3833
f 3222/4313/3605 3224/4586/3833 3319/4509/3752
f 2629/3533/2929 2628/3532/2928 3214/4278/3834
f 3215/4379/3667 3214/4278/3834 2628/3532/2928
f 2369/3269/2740 2368/3268/2739 3191/4587/3835
f 3192/4242/3542 3191/4588/3835 2368/4512/2739
f 2618/3522/2920 2617/3521/2919 3289/4589/3836
f 3175/4508/3751 3289/4589/3836 2617/3521/2919
f 2637/3541/2936 3313/4488/3727 2770/4580/3828
f 3328/4590/2696 2379/3279/2696 3162/4191/2696
f 3162/4191/2696 2604/3508/2696 3328/4590/2696
f 2645/4433/2151 3029/4591/2151 2838/3768/2151
f 2838/3768/2151 2305/3205/2151 2645/4433/2151
f 3166/4497/3737 3167/4517/3758 3283/4409/3757
f 3283/4409/3757 2454/3354/3734 3166/4497/3737
f 2720/4592/2151 2306/3206/2151 2498/3399/2151
f 3316/4493/3732 2690/4434/3702 2563/3464/2878
f 2563/3464/2878 2562/3463/2877 3316/4493/3732
f 2504/4593/2151 2507/4594/2151 2305/3205/2151
f 2305/3205/2151 3020/3993/2151 2504/4593/2151
f 2955/3898/3251 2954/3897/3250 2445/3345/2798
f 2445/3345/2798 2444/3344/2797 2955/3898/3251
f 2955/3898/3251 2444/3344/2797 2266/3166/2651
f 2266/3166/2651 2434/3334/2791 2955/3898/3251
f 2902/3837/3837 2903/3838/3756 3178/4518/3756
f 3178/4518/3756 3200/4595/3838 2902/3837/3837
f 3306/4471/3717 3288/4416/3691 2429/3329/2786
f 2429/3329/2786 2428/3328/2785 3306/4471/3717
f 2711/4596/2151 2866/4597/2151 2398/3298/2151
f 2398/3298/2151 2708/4530/2151 2711/4596/2151
f 3025/4598/2151 2398/3298/2151 2973/4195/2151
f 3292/4435/3703 3307/4472/3718 2495/3396/2826
f 2495/3396/2826 2561/3462/2876 3292/4435/3703
f 2284/4524/3766 2283/4560/3794 2520/3421/3793
f 2520/3421/3793 2519/3420/3763 2284/4524/3766
f 3053/4529/3769 3188/4599/3839 2479/3380/3840
f 2479/3380/3840 2478/3379/3769 3053/4529/3769
f 3188/4599/3839 3052/4523/3765 2518/3419/3764
f 2518/3419/3764 2479/3380/3840 3188/4599/3839
f 3240/4573/3816 3239/4570/3811 2472/3373/3811
f 2472/3373/3811 2615/3519/3813 3240/4573/3816
f 3170/4559/3791 3169/4556/3786 2523/3424/3785
f 2523/3424/3785 2897/3831/3788 3170/4559/3791
f 3139/4522/3762 3142/4566/3806 2820/3750/3805
f 2820/3750/3805 3187/4232/3759 3139/4522/3762
f 3172/4499/3741 3171/4558/3790 2896/3830/3789
f 2896/3830/3789 2452/3352/3738 3172/4499/3741
f 3236/4571/3812 3235/4562/3798 2992/3951/3797
f 2992/3951/3797 2473/3374/3810 3236/4571/3812
f 3248/4577/3823 3247/4600/3841 2609/3513/3842
f 2609/3513/3842 2985/3944/3821 3248/4577/3823
f 3247/4600/3841 3140/4521/3761 2608/3512/3760
f 2608/3512/3760 2609/3513/3842 3247/4600/3841
f 3238/4557/3787 3237/4564/3802 2439/3339/3801
f 2439/3339/3801 2524/3425/3784 3238/4557/3787
f 3141/4567/3807 3168/4496/3736 2453/3353/3735
f 2453/3353/3735 2485/3386/3804 3141/4567/3807
f 3234/4563/3799 3233/4601/3843 2721/3635/3844
f 2721/3635/3844 2993/3952/3796 3234/4563/3799
f 3233/4601/3843 3054/4528/3771 2640/3544/3770
f 2640/3544/3770 2721/3635/3844 3233/4601/3843
f 3200/4595/3838 3199/4498/3740 2451/3351/3739
f 2451/3351/3739 2902/3837/3837 3200/4595/3838
f 3244/4561/3795 3243/4578/3826 2791/3718/3825
f 2791/3718/3825 2980/3939/3792 3244/4561/3795
f 3242/4569/3808 3241/4572/3815 2584/3487/3814
f 2584/3487/3814 2583/3486/3808 3242/4569/3808
f 3252/4579/3827 3251/4574/3819 2408/3308/3818
f 2408/3308/3818 2792/3719/3824 3252/4579/3827
f 3246/4565/3803 3245/4568/3809 2476/3377/3809
f 2476/3377/3809 2440/3340/3800 3246/4565/3803
f 3250/4575/3820 3249/4576/3822 2406/3306/3822
f 2406/3306/3822 2405/3305/3817 3250/4575/3820
f 2272/3172/2657 2490/3391/2821 2995/3954/3296
f 2995/3954/3296 3232/4326/3617 2272/3172/2657
f 2272/3172/2657 3232/4326/3617 3122/4114/3436
f 3122/4114/3436 2273/3173/2658 2272/3172/2657
f 2976/3935/3281 2975/3934/3280 2876/3809/3179
f 2876/3809/3179 3069/4060/3387 2976/3935/3281
f 2976/3935/3281 3069/4060/3387 3274/4394/3676
f 3274/4394/3676 2873/3806/3176 2976/3935/3281
f 2920/3855/3216 2923/3858/3219 3113/4105/3430
f 3113/4105/3430 3116/4108/3433 2920/3855/3216
f 2920/3855/3216 3116/4108/3433 3071/4062/3389
f 3071/4062/3389 2395/3295/2761 2920/3855/3216
f 3058/4047/2151 3057/4046/3374 2666/3572/2963
f 2666/3572/2963 3264/4370/3659 3058/4047/2151
f 3264/4370/3659 2666/3572/2963 3104/4602/3845
f 3104/4602/3845 3265/4371/3660 3264/4370/3659
f 2683/3591/2981 2361/3261/2733 3228/4321/3613
f 3228/4321/3613 3231/4324/3616 2683/3591/2981
f 2683/3962/2981 3231/4389/3616 3040/4020/3350
f 3040/4020/3350 2393/3293/2759 2683/3962/2981
f 2396/3296/2762 2395/3295/2761 3071/4062/3389
f 3071/4062/3389 3074/4065/3392 2396/3296/2762
f 2396/3296/2762 3074/4065/3392 2765/3687/3065
f 2765/3687/3065 2558/3459/2873 2396/3296/2762
f 2348/3248/2720 2347/3247/2719 2432/3332/2789
f 2432/3332/2789 3198/4248/3548 2348/3248/2720
f 2348/3248/2720 3198/4248/3548 3197/4247/3547
f 3197/4247/3547 2883/3816/3186 2348/3248/2720
f 2927/3865/3226 2930/3868/3229 3276/4397/3678
f 3276/4397/3678 3273/4393/3675 2927/3865/3226
f 2927/3865/3226 3273/4393/3675 3272/4392/3674
f 3272/4392/3674 2446/3346/2799 2927/3865/3226
f 2701/3612/3001 3287/4415/3690 3299/4457/3709
f 3159/4184/3491 2483/3384/2816 2938/4178/3485
f 2778/3703/3079 2827/3757/3129 2826/3756/3128
f 2826/3756/3128 2779/3704/3080 2778/3703/3079
f 2418/3318/2696 3124/4116/2696 2314/3214/2696
f 3125/4181/3488 2981/3940/3285 2749/4028/3358
f 2849/3779/3152 2537/3438/2853 2536/3437/2853
f 2536/3437/2853 2850/3780/3152 2849/3779/3152
f 3033/4603/2151 2306/3206/2151 2713/4167/2151
f 3131/4283/3574 2758/3675/3057 2757/3674/3056
f 2757/3674/3056 2373/3273/3318 3131/4283/3574
f 2664/4035/3363 2517/3418/2841 3119/4152/3470
f 2664/3570/2962 3119/4111/3435 3118/4110/3435
f 3118/4110/3435 2665/3571/2962 2664/3570/2962
f 3157/4172/3479 2776/3701/2696 2389/3289/2696
f 3120/4112/3434 2848/3778/3151 2851/3781/3153
f 2851/3781/3153 3117/4109/3434 3120/4112/3434
f 2521/4224/3527 2707/4381/3669 3064/4380/3668
f 3064/4380/3668 3063/4225/3527 2521/4224/3527
f 3021/3996/3331 2725/3639/3022 2726/3640/3023
f 2958/3901/2696 3121/4113/2696 2316/3216/2696
f 3121/4113/2696 2536/3437/2696 2316/3216/2696
f 2614/3518/2696 3260/4604/2696 2486/3387/2696
f 3177/4605/2696 3095/4086/2696 2475/3376/2696
f 2449/3349/2696 3213/4606/2696 2407/3307/2696
f 2522/3423/2696 3209/4607/2696 2480/3381/2696
f 2893/3827/2696 3182/4221/2696 2442/3342/2696
f 2616/3520/2696 2615/3519/2696 2472/3373/2696
f 2472/3373/2696 3155/4164/2696 2616/3520/2696
f 3266/4608/2696 2477/3378/2696 2480/3381/2696
f 3190/4609/2696 2447/3347/2696 2486/3387/2696
f 2613/3517/2696 2486/3387/2696 2455/3355/2696
f 2455/3355/2696 3179/4610/2696 2613/3517/2696
f 2455/3355/2696 2450/3350/2696 3180/4611/2696
f 3180/4611/2696 3179/4610/2696 2455/3355/2696
f 2471/3372/2696 2474/3375/2696 3291/4612/2696
f 2940/3883/2696 2780/3705/2696 2622/3526/2696
f 3260/4604/2696 3259/4613/2696 2486/3387/2696
f 2665/3571/2696 3118/4110/2696 3121/4113/2696
f 3321/4614/2696 2892/3826/2696 2441/3341/2696
f 2588/3491/2696 2917/3852/2696 3293/4444/2696
f 3302/4464/3712 3254/4350/3639 2362/3262/2734
f 2774/3698/2696 2573/3476/2696 2389/3289/2696
f 2315/3215/2696 2957/3900/2696 2316/3216/2696
f 2874/3807/3177 2873/3806/3176 3274/4394/3676
f 3274/4394/3676 3108/4396/3425 2874/3807/3177
f 2706/3617/2696 2792/3719/2696 2408/3308/2696
f 2408/3308/2696 2407/3307/2696 2706/3617/2696
f 2824/3754/3126 2426/3326/2783 2425/3325/2782
f 2425/3325/2782 2997/3956/3298 2824/3754/3126
f 2824/3754/3126 2997/3956/3298 2996/3955/3297
f 2996/3955/3297 3144/4146/3466 2824/3754/3126
f 2816/4615/2151 3020/3993/2151 2576/3479/2151
f 2390/3290/2756 2393/3293/2759 3040/4020/3350
f 3040/4020/3350 3043/4023/3353 2390/3290/2756
f 2390/3290/2756 3043/4023/3353 3113/4105/3430
f 3113/4105/3430 2923/3858/3219 2390/3290/2756
f 2443/3343/2796 2446/3346/2799 3272/4392/3674
f 3272/4392/3674 3225/4318/3610 2443/3343/2796
f 2443/3343/2796 3225/4318/3610 3126/4118/3440
f 3126/4118/3440 2267/3167/2652 2443/3343/2796
f 2868/3801/3171 2544/3445/2859 2543/3444/2858
f 2543/3444/2858 3278/4401/3680 2868/3801/3171
f 2868/3801/3171 3278/4401/3680 3279/4402/3681
f 3279/4402/3681 2870/3803/3173 2868/3801/3171
f 2685/3593/2983 2688/3596/2986 2332/3232/2709
f 2332/3232/2709 2335/3235/2712 2685/3593/2983
f 2685/4154/2983 2335/4398/2712 3276/4397/3678
f 3276/4397/3678 2930/3868/3229 2685/4154/2983
f 2360/3260/2732 2870/3803/3173 3279/4402/3681
f 3279/4402/3681 3229/4322/3614 2360/3260/2732
f 2360/3260/2732 3229/4322/3614 3228/4321/3613
f 3228/4321/3613 2361/3261/2733 2360/3260/2732
f 2672/3580/2696 2588/3491/2696 2667/3574/2696
f 2667/3574/2696 2669/3577/2696 2672/3580/2696
f 2588/3491/2696 2668/3575/2696 2667/3574/2696
f 2949/4168/2151 2306/3206/2151 2720/4592/2151
f 2974/3933/3279 2977/3936/3282 2639/3543/2938
f 2639/3543/2938 3097/4088/3414 2974/3933/3279
f 2871/3804/3174 3036/4016/3346 2697/3608/2997
f 2697/3608/2997 2869/3802/3172 2871/3804/3174
f 2871/3804/3174 2359/3259/2731 2545/3446/2860
f 2545/3446/2860 3036/4016/3346 2871/3804/3174
f 2346/3246/2718 2349/3249/2721 2732/3647/3030
f 2732/3647/3030 2735/3650/3033 2346/3246/2718
f 2970/3925/2696 2326/3226/2696 2378/3278/2696
f 2557/3458/2872 3015/3987/3324 3017/3989/3326
f 3017/3989/3326 2397/3297/2763 2557/3458/2872
f 3329/4616/2151 3253/4349/3638 3315/4490/3729
f 3315/4490/3729 2362/3262/2734 3329/4616/2151
f 2394/3294/2760 2786/3713/3089 2785/3712/3088
f 2785/3712/3088 2921/3856/3217 2394/3294/2760
f 2394/3294/2760 2397/3297/2763 3017/3989/3326
f 3017/3989/3326 2786/3713/3089 2394/3294/2760
f 2687/3595/2985 2686/3594/2984 2806/3735/3109
f 2806/3735/3109 2808/3737/3111 2687/3595/2985
f 2838/3768/2151 2642/4617/2151 2340/3240/2151
f 2450/3350/2696 2442/3342/2696 3223/4618/2696
f 2929/3867/3228 2810/3739/3113 2806/4447/3109
f 2806/4447/3109 2686/4155/2984 2929/3867/3228
f 2929/3867/3228 2928/3866/3227 2811/3740/3114
f 2811/3740/3114 2810/3739/3113 2929/3867/3228
f 2823/3753/3125 2825/3755/3127 2493/3394/2824
f 2493/3394/2824 2737/3652/3035 2823/3753/3125
f 2358/3258/2730 2546/3447/2861 2545/3446/2860
f 2545/3446/2860 2359/3259/2731 2358/3258/2730
f 2358/3258/2730 2684/3592/2982 3107/4404/3424
f 3107/4404/3424 2546/3447/2861 2358/3258/2730
f 3258/4470/3716 3047/4027/3357 2427/3327/2784
f 2922/3857/3218 3060/4049/3376 2787/3714/3090
f 2787/3714/3090 2391/3291/2757 2922/3857/3218
f 2922/3857/3218 2921/3856/3217 2785/3712/3088
f 2785/3712/3088 3060/4049/3376 2922/3857/3218
f 2884/3817/3187 2840/3770/3143 2732/3647/3030
f 2732/3647/3030 2349/3249/2721 2884/3817/3187
f 3143/4144/3465 2494/3395/2825 2493/3394/2824
f 2493/3394/2824 2825/3755/3127 3143/4144/3465
f 3294/4445/3704 2772/3695/3072 2564/3694/2879
f 2564/3694/2879 2875/4450/3178 3294/4445/3704
f 2445/3345/2798 2954/3897/3250 2811/3740/3114
f 2811/3740/3114 2928/3866/3227 2445/3345/2798
f 2872/3805/3175 2567/3468/2882 2639/3543/2938
f 2639/3543/2938 2977/3936/3282 2872/3805/3175
f 2872/3805/3175 2875/3808/3178 2564/3465/2879
f 2564/3465/2879 2567/3468/2882 2872/3805/3175
f 2392/3292/2758 2790/3717/3093 3107/4098/3424
f 3107/4098/3424 2684/3961/2982 2392/3292/2758
f 2392/3292/2758 2391/3291/2757 2787/3714/3090
f 2787/3714/3090 2790/3717/3093 2392/3292/2758
f 2487/3388/2818 2271/3171/2656 2912/3847/3209
f 2912/3847/3209 2943/3886/3241 2487/3388/2818
f 2270/3170/2655 2913/3848/3210 2912/3847/3209
f 2912/3847/3209 2271/3171/2656 2270/3170/2655
f 2867/3800/3170 2869/3802/3172 2697/3608/2997
f 2697/3608/2997 2700/3611/3000 2867/3800/3170
f 2917/3852/2696 2588/3491/2696 3327/4582/3830
f 3327/4582/3830 2326/3226/2696 2917/3852/2696
f 2936/3874/3235 3295/4446/3705 3109/4101/3426
f 3109/4101/3426 2431/3331/2788 2936/3874/3235
f 2452/3352/2696 2896/3830/2696 2442/3342/2696
f 2820/3750/2696 2486/3387/2696 3187/4232/2696
f 2454/3354/2696 3283/4409/2696 2455/3355/2696
f 2519/3420/2696 2520/3421/2696 2480/3381/2696
f 2524/3425/2696 2439/3339/2696 2442/3342/2696
f 2897/3831/2696 2523/3424/2696 2442/3342/2696
f 2476/3377/2696 2441/3341/2696 2440/3340/2696
f 2851/3781/2696 2850/3780/2696 2536/3437/2696
f 2993/3952/2696 2721/3635/2696 2474/3375/2696
f 3002/4619/2151 2898/3832/2151 2339/3239/2151
f 2473/3374/2696 2992/3951/2696 2474/3375/2696
f 2485/3386/2696 2453/3353/2696 2455/3355/2696
f 2305/3205/2151 3202/4620/2151 2646/4432/2151
f 2398/3298/2151 2863/4621/2151 2972/4194/2151
f 2466/4441/2151 2988/4443/2151 2464/4622/2151
f 3020/3993/2151 2657/4623/2151 2504/4593/2151
f 2398/3298/2151 3025/4598/2151 2399/3299/2151
f 3132/4127/3449 2692/3721/2990 2793/3720/3094
f 2793/3720/3094 3009/3978/3316 3132/4127/3449
f 3132/4345/3449 2302/3202/2687 2693/3602/2991
f 2693/3602/2991 2692/3601/2990 3132/4345/3449
f 2743/3658/3041 2331/3231/2708 2330/3230/2707
f 2330/3230/2707 2744/3659/3042 2743/3658/3041
f 2743/3658/3041 3161/4190/3495 3206/4257/3556
f 3206/4257/3556 2331/3231/2708 2743/3658/3041
f 2589/3492/2898 3056/4043/3371 2739/3654/3037
f 2739/3654/3037 2590/3493/2899 2589/3492/2898
f 3091/4082/3409 2277/3177/2662 2276/3176/2661
f 2276/3176/2661 2961/3906/3256 3091/4082/3409
f 3091/4082/3409 2962/3909/3259 3090/4081/3408
f 3090/4081/3408 2277/3177/2662 3091/4082/3409
f 2382/3282/2749 2381/3281/2748 3089/4080/3407
f 3089/4080/3407 2968/3920/3268 2382/3282/2749
f 2963/3910/3260 2501/3402/2829 3206/4257/3556
f 3206/4257/3556 3161/4190/3495 2963/3910/3260
f 2963/3910/3260 2463/3363/2806 2502/3403/2830
f 2502/3403/2830 2501/3402/2829 2963/3910/3260
f 3008/3975/3313 2580/3483/2895 2579/3482/2894
f 2579/3482/2894 3007/3974/3312 3008/3975/3313
f 3008/3975/3313 3009/3978/3316 2793/3720/3094
f 2793/3720/3094 2580/3483/2895 3008/3975/3313
f 2730/3645/3028 2601/4256/2910 3205/4255/3555
f 3205/4255/3555 2731/3646/3029 2730/3645/3028
f 2730/3980/3028 3011/3983/3320 2602/3506/2911
f 2602/3506/2911 2601/3505/2910 2730/3980/3028
f 2386/3286/2753 2890/3824/3193 2889/3823/3192
f 2889/3823/3192 2387/3287/2754 2386/3286/2753
f 2386/3903/2753 2961/3906/3256 2276/3176/2661
f 2276/3176/2661 2890/4461/3193 2386/3903/2753
f 2301/3201/2686 3270/4386/3671 2693/3602/2991
f 2693/3602/2991 2302/3202/2687 2301/3201/2686
f 2301/3201/2686 3005/3970/3308 2832/3762/3136
f 2832/3762/3136 3270/4386/3671 2301/3201/2686
f 3055/4042/3370 3269/4462/3670 2739/3654/3037
f 2739/3654/3037 3056/4043/3371 3055/4042/3370
f 3055/4382/3370 2744/3659/3042 2330/3230/2707
f 2330/3230/2707 3269/4385/3670 3055/4382/3370
f 2502/3403/2830 2463/3363/2806 2462/3362/2805
f 2462/3362/2805 3101/4092/3420 2502/3403/2830
f 3012/3984/3321 2676/3584/2974 2602/3506/2911
f 2602/3506/2911 3011/3983/3320 3012/3984/3321
f 3012/3984/3321 2680/3588/2978 2673/3581/2971
f 2673/3581/2971 2676/3584/2974 3012/3984/3321
f 2924/3859/3220 2575/3478/2891 2574/3477/2890
f 2574/3477/2890 2925/3860/3221 2924/3859/3220
f 2924/3859/3220 3082/4073/3400 3084/4075/3402
f 3084/4075/3402 2575/3478/2891 2924/3859/3220
f 3090/4081/3408 2962/3909/3259 2651/3556/2950
f 2651/3556/2950 2509/3410/2835 3090/4081/3408
f 2804/3733/3107 3152/4161/3475 3151/4160/3474
f 3151/4160/3474 2300/3200/2685 2804/3733/3107
f 2804/3733/3107 2300/3200/2685 2299/3199/2684
f 2299/3199/2684 2805/3734/3108 2804/3733/3107
f 2889/3823/3192 3085/4076/3403 2926/3863/3224
f 2926/3863/3224 2387/3287/2754 2889/3823/3192
f 3004/3969/3307 2833/3763/3137 2832/3762/3136
f 2832/3762/3136 3005/3970/3308 3004/3969/3307
f 3004/3969/3307 2925/3860/3221 2574/3477/2890
f 2574/3477/2890 2833/3763/3137 3004/3969/3307
f 2299/3199/2684 2731/3646/3029 3205/4255/3555
f 3205/4255/3555 2805/3734/3108 2299/3199/2684
f 2579/3482/2894 3101/4092/3420 2462/3362/2805
f 2462/3362/2805 3007/3974/3312 2579/3482/2894
f 2673/3581/2971 2680/3588/2978 2679/3587/2977
f 2679/3587/2977 3001/3964/3304 2673/3581/2971
f 2926/3863/3224 3085/4076/3403 3084/4075/3402
f 3084/4075/3402 3082/4073/3400 2926/3863/3224
f 2679/3587/2977 2968/3920/3268 3089/4080/3407
f 3089/4080/3407 3001/3964/3304 2679/3587/2977
f 2660/4624/2151 2339/3239/2151 2340/3240/2151
f 2914/3849/2696 2719/3632/2696 2718/3629/2696
f 2917/3852/2696 2719/3632/2696 2794/3722/2696
f 2719/3632/2696 2917/3852/2696 2718/3629/2696
f 3226/4319/3611 3164/4197/3499 2525/3426/2842
f 2525/3426/2842 2528/3429/2845 3226/4319/3611
f 3226/4319/3611 2528/3429/2845 3066/4057/3384
f 3066/4057/3384 3227/4320/3612 3226/4319/3611
f 3230/4323/3615 3280/4403/3682 2421/3321/2778
f 2421/3321/2778 3023/3998/3333 3230/4323/3615
f 3230/4323/3615 3023/3998/3333 3022/3997/3332
f 3022/3997/3332 3045/4025/3355 3230/4323/3615
f 2998/3957/3299 3079/4070/3397 2323/3223/2703
f 2323/3223/2703 2322/3222/2702 2998/3957/3299
f 2998/3957/3299 2322/3222/2702 2821/3751/3123
f 2821/3751/3123 2999/3958/3300 2998/3957/3299
f 3042/4022/3352 3041/4021/3351 2352/3252/2724
f 2352/3252/2724 2351/3251/2723 3042/4022/3352
f 3042/4022/3352 2351/3251/2723 2918/3853/3214
f 2918/3853/3214 3114/4106/3431 3042/4022/3352
f 3275/4395/3677 3163/4196/3498 2568/3469/2883
f 2568/3469/2883 2570/3472/2885 3275/4395/3677
f 2334/3234/2711 2333/3233/2710 2409/3309/2768
f 2409/3309/2768 2412/3312/2771 2334/3234/2711
f 2334/4399/2711 2412/4156/2771 2933/3871/3232
f 2933/3871/3232 2932/3870/3231 2334/4399/2711
f 3212/4274/3567 2999/3958/3300 2821/3751/3123
f 2821/3751/3123 2438/3878/2795 3212/4274/3567
f 3212/4325/3567 2438/3338/2795 2437/3337/2794
f 2437/3337/2794 3094/4085/3412 3212/4325/3567
f 3277/4400/3679 2600/3503/2909 2256/3156/2641
f 2256/3156/2641 2255/3155/2640 3277/4400/3679
f 3277/4400/3679 2255/3155/2640 2421/3321/2778
f 2421/3321/2778 3280/4403/3682 3277/4400/3679
f 3324/4543/3778 3087/4078/3405 2336/3236/2151
f 3218/4291/2696 3217/4290/2696 3325/4544/2696
f 3325/4544/2696 2756/3673/2696 3218/4291/2696
f 2917/3852/2696 2794/3722/2696 2456/3356/2696
f 2909/3844/3206 2698/3609/2998 3314/4625/3846
f 3314/4625/3846 2698/3609/2998 3038/4626/3847
f 3018/3990/3327 3317/4627/3848 3298/4628/3849
f 3298/4628/3849 2783/3710/3086 3018/3990/3327
f 3018/3990/3327 3014/3986/3323 3316/4491/3730
f 3316/4491/3730 3317/4627/3848 3018/3990/3327
f 2937/3875/3236 2370/3270/2741 2531/3432/2848
f 2531/3432/2848 2530/3431/2847 2937/3875/3236
f 2733/3648/3031 3286/4629/3850 3326/4630/3851
f 3326/4630/3851 2734/3649/3032 2733/3648/3031
f 2733/3648/3031 2839/3769/3142 3257/4362/3651
f 3257/4362/3651 3286/4629/3850 2733/3648/3031
f 2553/3454/2696 3216/4287/2696 2373/3273/2696
f 2807/3736/3110 3307/4631/3852 3292/4632/3853
f 3292/4632/3853 2689/3597/2987 2807/3736/3110
f 3307/4633/3852 2807/4448/3110 3308/4634/3854
f 3106/4405/3423 3105/4635/3422 3282/4636/3855
f 3282/4636/3855 2547/3448/2862 3106/4405/3423
f 2363/3263/2151 3330/4637/2151 3281/4407/3684
f 3281/4407/3684 2666/3572/2963 2363/3263/2151
f 3310/4638/3856 2565/3466/2880 3311/4639/3857
f 2565/3697/2880 2773/3696/3073 3313/4487/3726
f 3313/4487/3726 3311/4640/3857 2565/3697/2880
f 2911/3846/3208 3300/4641/3858 3299/4642/3859
f 3299/4642/3859 3080/4071/3398 2911/3846/3208
f 2911/3846/3208 2910/3845/3207 3301/4548/3781
f 3301/4548/3781 3300/4641/3858 2911/3846/3208
f 2784/3711/3087 3297/4643/3860 3262/4644/3861
f 3262/4644/3861 3059/4048/3375 2784/3711/3087
f 2784/3711/3087 2783/3710/3086 3298/4628/3849
f 3298/4628/3849 3297/4643/3860 2784/3711/3087
f 3157/4172/3479 2326/3226/2696 2325/3225/2696
f 2776/3701/2696 3157/4172/3479 2325/3225/2696
f 2788/3715/3091 3059/4048/3375 3262/4644/3861
f 3262/4644/3861 3265/4372/3661 2788/3715/3091
f 2573/3476/2696 2774/3698/2696 2571/3473/2696
f 2492/3393/2823 3306/4645/3862 3258/4363/3652
f 3258/4363/3652 2736/3651/3034 2492/3393/2823
f 2492/3393/2823 2491/3392/2822 3288/4514/3755
f 3288/4514/3755 3306/4645/3862 2492/3393/2823
f 2362/3262/2734 3330/4637/2151 2363/3263/2151
f 3308/4634/3854 2812/3741/3115 3323/4646/3863
f 3323/4646/3863 2812/3741/3115 3271/4551/3782
f 3038/4626/3847 2548/3449/2863 3039/4647/3864
f 2548/3449/2863 2547/3448/2862 3282/4636/3855
f 3282/4636/3855 3039/4647/3864 2548/3449/2863
f 2958/3901/2696 2748/3663/2696 2747/3662/2696
f 3184/4227/3529 3003/4500/3743 2763/3682/3062
f 2573/3476/2696 2326/3226/2696 3331/4648/2696
f 2389/3289/2696 2573/3476/2696 3331/4648/2696
f 3331/4648/2696 2388/3288/2755 2389/3289/2696
f 3296/4449/3706 2326/3226/2696 2573/3476/2696
f 2718/3629/2696 3296/4449/3706 2573/3476/2696
f 2696/3606/3603 2401/3301/2764 2404/3304/2767
f 2401/3301/2764 2696/3606/3603 3024/3999/3334
f 2782/3709/2696 2781/3708/2696 3216/4287/2696
f 2708/4530/2151 2306/3206/2151 3033/4603/2151
f 2865/4503/3746 2710/4537/3772 2852/3782/3154
f 2944/3887/3242 2715/4302/3589 2945/3888/3243
f 2715/4302/3589 2944/3887/3242 2855/3785/3157
f 2658/4506/3749 3019/4541/3776 3148/4150/3469
f 2986/3945/3289 2278/3178/2663 2987/3946/3290
f 2278/3178/2663 2986/3945/3289 2279/3179/2664
f 3221/4306/3596 2989/4307/3597 2470/3371/2813
f 2989/4307/3597 3221/4306/3596 2987/3946/3290
f 2341/3241/2713 2643/4295/3582 3027/4004/3337
f 2643/4295/3582 2341/3241/2713 2344/3244/2716
f 2506/4502/3745 2505/4504/3748 2885/3818/3188
f 3203/4253/3747 2799/4501/3744 2796/3724/3097
f 2417/3317/2696 2314/3214/2696 2861/3793/2696
f 3332/4649/2696 2326/3226/2696 3049/4031/2696
f 3048/4030/2696 2751/3667/2696 3332/4649/2696
f 3332/4649/2696 3049/4031/2696 3048/4030/2696
f 2638/3542/2937 3304/4650/3865 3303/4651/3866
f 3303/4651/3866 3096/4087/3413 2638/3542/2937
f 3304/4650/3865 2638/3542/2937 3310/4638/3856
f 2389/3289/2696 2776/3701/2696 3158/4173/2696
f 2941/3884/2696 2940/3883/2696 2622/3526/2696
f 3331/4648/2696 2326/3226/2696 2388/3288/2755
f 2535/3436/2696 2622/3526/2696 3320/4516/2696
f 2536/3437/2696 2535/3436/2696 3320/4516/2696
f 3328/4590/2696 2604/3508/2696 2607/3511/2696
f 2607/3511/2696 2971/3928/2696 3328/4590/2696
f 3302/4464/3712 2362/3262/2734 2703/3614/2151
f 2703/3614/2151 2702/3613/3002 3302/4464/3712
f 3058/4047/2151 2336/3236/2151 2338/3238/2151
f 2336/3236/2151 3058/4047/2151 3137/4137/3459
f 3058/4047/2151 3264/4370/3659 3263/4369/3658
f 3137/4137/3459 3058/4047/2151 3263/4369/3658
f 2327/3227/2696 2326/3226/2696 3333/4652/2696
f 2327/3227/2696 3333/4652/2696 2325/3225/2696
f 2779/3704/2696 2826/3756/2696 2622/3526/2696
f 2689/3597/2987 3292/4632/3853 2690/3598/2988
f 2662/4442/2151 2466/4441/2151 2499/3400/2151
f 3096/4087/3413 3303/4651/3866 3098/4089/3415
f 2337/3237/2151 2336/3236/2151 3334/4653/2151
f 2337/3237/2151 3334/4653/2151 3322/4539/3774
f 3322/4539/3774 2345/3245/2717 2337/3237/2151
f 2843/3773/3146 3285/4411/3687 3284/4410/3686
f 3284/4410/3686 2427/3327/2784 2843/3773/3146
f 3320/4516/2696 2621/3525/2696 2316/3216/2696
f 2621/3525/2696 3320/4516/2696 2622/3526/2696
f 2417/3317/2696 2635/3539/2696 2418/3318/2696
f 2812/3741/3115 2953/3896/3249 3271/4551/3782
f 2638/3542/2937 2566/3467/2881 3310/4638/3856
f 2565/3466/2880 3310/4638/3856 2566/3467/2881
f 2698/3609/2998 3035/4015/3345 3038/4626/3847
f 2548/3449/2863 3038/4626/3847 3035/4015/3345
f 3284/4410/3686 3257/4413/3689 2427/3327/2784
f 2951/3894/3247 3099/4090/3416 3088/4079/3406
f 2373/3273/2696 2314/3214/2696 2316/3216/2696
f 2373/3273/2696 2757/3674/2696 2314/3214/2696
f 2757/3674/2696 2756/3673/2696 3325/4544/2696
f 3325/4544/2696 2314/3214/2696 2757/3674/2696
f 2665/3571/2696 2513/3414/2696 2512/3413/2696
f 3086/4077/3404 3334/4653/2151 2336/3236/2151
f 3086/4077/3404 3322/4539/3774 3334/4653/2151
f 2588/3491/2696 3293/4444/2696 2668/3575/2696
f 3160/4188/2696 2668/3575/2696 3293/4444/2696
f 3293/4444/2696 2459/3359/2696 3160/4188/2696
f 3020/3993/2151 2305/3205/2151 2307/3207/2151
f 2307/3207/2151 2306/3206/2151 3020/3993/2151
f 2466/4441/2151 2720/4592/2151 2498/3399/2151
f 2466/4441/2151 2498/3399/2151 2499/3400/2151
f 3048/4030/2696 2969/3923/2696 2752/3668/2696
f 2752/3668/2696 2751/3667/2696 3048/4030/2696
f 3328/4590/2696 2378/3278/2696 2379/3279/2696
f 2378/3278/2696 2971/3928/2696 2970/3925/2696
f 2378/3278/2696 3328/4590/2696 2971/3928/2696
f 3208/4265/3560 2934/3872/3233 3210/4654/3867
f 3210/4654/3867 2934/3872/3233 2288/3188/2673
f 2612/3516/2918 3135/4132/3454 3261/4655/3868
f 3261/4655/3868 3135/4132/3454 2369/3269/2740
f 2807/4448/3110 2809/3738/3112 3308/4634/3854
f 2812/3741/3115 3308/4634/3854 2809/3738/3112
f 2734/3649/3032 3326/4630/3851 2770/3692/3070
f 2419/3319/2776 2681/4165/2979 3255/4656/3869
f 3255/4657/3869 2681/3589/2979 2618/3522/2920
f 2666/3572/2963 3057/4046/3374 2338/3238/2151
f 2666/3572/2963 3105/4406/3683 3104/4602/3845
f 3192/4242/3542 2250/3150/2635 3309/4658/3870
f 3309/4658/3870 2250/3150/2635 2253/3153/2638
f 2253/3153/2638 3127/4119/3441 3256/4552/3871
f 3256/4552/3871 3127/4119/3441 2629/3533/2929
f 2723/3637/3020 2722/3636/3019 3189/4235/3872
f 3189/4235/3872 2722/3636/3019 3207/4260/3557
f 2288/3188/2673 2287/3187/2672 3267/4459/3873
f 3267/4459/3873 2287/3187/2672 2723/3637/3020
f 2904/3839/3201 2610/3514/2916 3136/4468/3874
f 3136/4468/3874 2610/3514/2916 2612/3516/2918
f 2561/3462/2876 2495/3396/2826 2336/3236/2151
f 3080/4071/3398 3299/4642/3859 3287/4515/3754
f 3117/4109/2696 2851/3781/2696 2536/3437/2696
f 2536/3437/2696 3121/4113/2696 3117/4109/2696
f 3118/4110/2696 3117/4109/2696 3121/4113/2696
f 2636/3540/2151 3145/4147/2151 2637/3541/2936
f 3145/4147/2151 2636/3540/2151 3186/4231/3533
f 3186/4231/3533 3146/4148/3467 3145/4147/2151
f 3186/4231/3533 2636/3540/2151 2338/3238/2151
f 2698/3609/2998 2909/3844/3206 2699/3610/2999
f 2379/3279/2696 2326/3226/2696 3332/4649/2696
f 2379/3279/2696 3332/4649/2696 2751/3667/2696
f 2751/3667/2696 3162/4191/2696 2379/3279/2696
f 3330/4637/2151 2362/3262/2734 3037/4017/3347
f 3037/4017/3347 3281/4407/3684 3330/4637/2151
f 3254/4350/3639 3253/4349/3638 3329/4616/2151
f 3329/4616/2151 2362/3262/2734 3254/4350/3639
f 3324/4543/3778 2336/3236/2151 2497/3398/2151
f 2497/3398/2151 2496/3397/2827 3324/4543/3778
f 3333/4652/2696 2326/3226/2696 3156/4171/3478
f 3156/4171/3478 2970/3925/2696 3333/4652/2696
f 2648/3553/2696 2325/3225/2696 3333/4652/2696
f 2648/3553/2696 3333/4652/2696 2970/3925/2696
f 2588/3491/2696 2856/3786/2696 2753/3670/2696
f 2588/3491/2696 3335/4659/2696 2585/3488/2696
f 2585/3488/2696 3335/4659/2696 2753/3670/2696
f 2753/3670/2696 2586/3489/2696 2585/3488/2696
f 2588/3491/2696 2753/3670/2696 3335/4659/2696
